solid OpenSCAD_Model
  facet normal 0.987686 -0 0.156449
    outer loop
      vertex 25.2362 -13.9 47.3641
      vertex 25.6587 13.9 44.6968
      vertex 25.2362 13.9 47.3641
    endloop
  endfacet
  facet normal 0.987686 0 0.156449
    outer loop
      vertex 25.6587 13.9 44.6968
      vertex 25.2362 -13.9 47.3641
      vertex 25.6587 -13.9 44.6968
    endloop
  endfacet
  facet normal 0.99863 -0 0.0523237
    outer loop
      vertex 25.6587 -13.9 44.6968
      vertex 25.8 13.9 42
      vertex 25.6587 13.9 44.6968
    endloop
  endfacet
  facet normal 0.99863 0 0.0523237
    outer loop
      vertex 25.8 13.9 42
      vertex 25.6587 -13.9 44.6968
      vertex 25.8 -13.9 42
    endloop
  endfacet
  facet normal 0.987686 0 -0.156449
    outer loop
      vertex 25.6587 -13.9 39.3032
      vertex 25.2362 13.9 36.6359
      vertex 25.6587 13.9 39.3032
    endloop
  endfacet
  facet normal 0.987686 0 -0.156449
    outer loop
      vertex 25.2362 13.9 36.6359
      vertex 25.6587 -13.9 39.3032
      vertex 25.2362 -13.9 36.6359
    endloop
  endfacet
  facet normal 0.629322 8.48661e-19 -0.777145
    outer loop
      vertex 15.1649 -13.9 21.1274
      vertex 17.2636 13.9 22.8269
      vertex 17.2636 -13.9 22.8269
    endloop
  endfacet
  facet normal 0.629322 8.48661e-19 -0.777145
    outer loop
      vertex 17.2636 13.9 22.8269
      vertex 15.1649 -13.9 21.1274
      vertex 15.1649 13.9 21.1274
    endloop
  endfacet
  facet normal 0.838661 0 -0.544654
    outer loop
      vertex 22.3435 -13.9 29.1
      vertex 20.8726 13.9 26.8351
      vertex 22.3435 13.9 29.1
    endloop
  endfacet
  facet normal 0.838661 0 -0.544654
    outer loop
      vertex 20.8726 13.9 26.8351
      vertex 22.3435 -13.9 29.1
      vertex 20.8726 -13.9 26.8351
    endloop
  endfacet
  facet normal 0.96593 -0 0.258803
    outer loop
      vertex 24.5373 -13.9 49.9726
      vertex 25.2362 13.9 47.3641
      vertex 24.5373 13.9 49.9726
    endloop
  endfacet
  facet normal 0.96593 0 0.258803
    outer loop
      vertex 25.2362 13.9 47.3641
      vertex 24.5373 -13.9 49.9726
      vertex 25.2362 -13.9 47.3641
    endloop
  endfacet
  facet normal 0.93358 -0 0.358369
    outer loop
      vertex 23.5695 -13.9 52.4938
      vertex 24.5373 13.9 49.9726
      vertex 23.5695 13.9 52.4938
    endloop
  endfacet
  facet normal 0.93358 0 0.358369
    outer loop
      vertex 24.5373 13.9 49.9726
      vertex 23.5695 -13.9 52.4938
      vertex 24.5373 -13.9 49.9726
    endloop
  endfacet
  facet normal 0.99863 0 -0.0523237
    outer loop
      vertex 25.8 -13.9 42
      vertex 25.6587 13.9 39.3032
      vertex 25.8 13.9 42
    endloop
  endfacet
  facet normal 0.99863 0 -0.0523237
    outer loop
      vertex 25.6587 13.9 39.3032
      vertex 25.8 -13.9 42
      vertex 25.6587 -13.9 39.3032
    endloop
  endfacet
  facet normal 0.890992 -0 0.45402
    outer loop
      vertex 22.9117 -13.9 53.7847
      vertex 23.5695 13.9 52.4938
      vertex 22.9117 13.9 53.7847
    endloop
  endfacet
  facet normal 0.890992 0 0.45402
    outer loop
      vertex 23.5695 13.9 52.4938
      vertex 22.9117 -13.9 53.7847
      vertex 23.5695 -13.9 52.4938
    endloop
  endfacet
  facet normal 0.89101 0 -0.453985
    outer loop
      vertex 23.5695 -13.9 31.5062
      vertex 22.3435 13.9 29.1
      vertex 23.5695 13.9 31.5062
    endloop
  endfacet
  facet normal 0.89101 0 -0.453985
    outer loop
      vertex 22.3435 13.9 29.1
      vertex 23.5695 -13.9 31.5062
      vertex 22.3435 -13.9 29.1
    endloop
  endfacet
  facet normal 0.96593 0 -0.258803
    outer loop
      vertex 25.2362 -13.9 36.6359
      vertex 24.5373 13.9 34.0274
      vertex 25.2362 13.9 36.6359
    endloop
  endfacet
  facet normal 0.96593 0 -0.258803
    outer loop
      vertex 24.5373 13.9 34.0274
      vertex 25.2362 -13.9 36.6359
      vertex 24.5373 -13.9 34.0274
    endloop
  endfacet
  facet normal 0.544641 1.28524e-18 -0.838669
    outer loop
      vertex 13.9498 -13.9 20.3383
      vertex 15.1649 13.9 21.1274
      vertex 15.1649 -13.9 21.1274
    endloop
  endfacet
  facet normal 0.544641 1.28524e-18 -0.838669
    outer loop
      vertex 15.1649 13.9 21.1274
      vertex 13.9498 -13.9 20.3383
      vertex 13.9498 13.9 20.3383
    endloop
  endfacet
  facet normal 0.93358 0 -0.358369
    outer loop
      vertex 24.5373 -13.9 34.0274
      vertex 23.5695 13.9 31.5062
      vertex 24.5373 13.9 34.0274
    endloop
  endfacet
  facet normal 0.93358 0 -0.358369
    outer loop
      vertex 23.5695 13.9 31.5062
      vertex 24.5373 -13.9 34.0274
      vertex 23.5695 -13.9 31.5062
    endloop
  endfacet
  facet normal 0.707107 0 -0.707107
    outer loop
      vertex 19.1731 -13.9 24.7364
      vertex 17.2636 13.9 22.8269
      vertex 19.1731 13.9 24.7364
    endloop
  endfacet
  facet normal 0.707107 0 -0.707107
    outer loop
      vertex 17.2636 13.9 22.8269
      vertex 19.1731 -13.9 24.7364
      vertex 17.2636 -13.9 22.8269
    endloop
  endfacet
  facet normal 0.777145 0 -0.629322
    outer loop
      vertex 20.8726 -13.9 26.8351
      vertex 19.1731 13.9 24.7364
      vertex 20.8726 13.9 26.8351
    endloop
  endfacet
  facet normal 0.777145 0 -0.629322
    outer loop
      vertex 19.1731 13.9 24.7364
      vertex 20.8726 -13.9 26.8351
      vertex 19.1731 -13.9 24.7364
    endloop
  endfacet
  facet normal 1 -0 0
    outer loop
      vertex 27.8 -16.4 67.65
      vertex 27.8 -13.9 0
      vertex 27.8 -13.9 67.65
    endloop
  endfacet
  facet normal 1 0 0
    outer loop
      vertex 27.8 -13.9 0
      vertex 27.8 -16.4 67.65
      vertex 27.8 -16.4 0
    endloop
  endfacet
  facet normal 0 0 -1
    outer loop
      vertex -5 -16.4 0
      vertex 27.8 -13.9 0
      vertex 27.8 -16.4 0
    endloop
  endfacet
  facet normal -0 0 -1
    outer loop
      vertex 27.8 -13.9 0
      vertex -5 -16.4 0
      vertex -5 -13.9 0
    endloop
  endfacet
  facet normal -1 0 0
    outer loop
      vertex -5 -16.4 0
      vertex -5 -13.9 16.7061
      vertex -5 -13.9 0
    endloop
  endfacet
  facet normal -1 0 0
    outer loop
      vertex -5 -16.4 22.3524
      vertex -5 -13.9 16.7061
      vertex -5 -16.4 0
    endloop
  endfacet
  facet normal -1 0 0
    outer loop
      vertex -5 -13.9 16.7061
      vertex -5 -16.4 22.3524
      vertex -5 -13.9 22.3524
    endloop
  endfacet
  facet normal -1 0 0
    outer loop
      vertex -5 -16.4 61.6476
      vertex -5 -13.9 67.2939
      vertex -5 -13.9 61.6476
    endloop
  endfacet
  facet normal -1 0 0
    outer loop
      vertex -5 -16.4 67.65
      vertex -5 -13.9 67.2939
      vertex -5 -16.4 61.6476
    endloop
  endfacet
  facet normal -1 0 0
    outer loop
      vertex -5 -13.9 67.2939
      vertex -5 -16.4 67.65
      vertex -5 -13.9 67.65
    endloop
  endfacet
  facet normal 0 -1 0
    outer loop
      vertex -5 -13.9 61.6476
      vertex -5.36412 -13.9 67.2362
      vertex -7.97264 -13.9 66.5373
    endloop
  endfacet
  facet normal 0 -1 0
    outer loop
      vertex -6.27304 -13.9 61.3064
      vertex -7.97264 -13.9 66.5373
      vertex -10.4938 -13.9 65.5695
    endloop
  endfacet
  facet normal 0 -1 0
    outer loop
      vertex -8.25675 -13.9 60.545
      vertex -10.4938 -13.9 65.5695
      vertex -12.9 -13.9 64.3435
    endloop
  endfacet
  facet normal 0 -1 0
    outer loop
      vertex -10.15 -13.9 59.5803
      vertex -12.9 -13.9 64.3435
      vertex -15.1649 -13.9 62.8726
    endloop
  endfacet
  facet normal 0 -1 0
    outer loop
      vertex -10.4938 -13.9 65.5695
      vertex -8.25675 -13.9 60.545
      vertex -6.27304 -13.9 61.3064
    endloop
  endfacet
  facet normal 0 -1 0
    outer loop
      vertex -5.36412 -13.9 67.2362
      vertex -5 -13.9 61.6476
      vertex -5 -13.9 67.2939
    endloop
  endfacet
  facet normal 0 -1 0
    outer loop
      vertex -11.932 -13.9 58.423
      vertex -15.1649 -13.9 62.8726
      vertex -17.2636 -13.9 61.1731
    endloop
  endfacet
  facet normal -0 -1 0
    outer loop
      vertex -5 -13.9 61.6476
      vertex -7.97264 -13.9 66.5373
      vertex -6.27304 -13.9 61.3064
    endloop
  endfacet
  facet normal 0 -1 0
    outer loop
      vertex -12.9 -13.9 64.3435
      vertex -10.15 -13.9 59.5803
      vertex -8.25675 -13.9 60.545
    endloop
  endfacet
  facet normal 0 -1 0
    outer loop
      vertex -13.5834 -13.9 57.0858
      vertex -17.2636 -13.9 61.1731
      vertex -19.1731 -13.9 59.2636
    endloop
  endfacet
  facet normal 0 -1 0
    outer loop
      vertex -15.1649 -13.9 62.8726
      vertex -11.932 -13.9 58.423
      vertex -10.15 -13.9 59.5803
    endloop
  endfacet
  facet normal 0 -1 0
    outer loop
      vertex -15.0858 -13.9 55.5834
      vertex -19.1731 -13.9 59.2636
      vertex -20.8726 -13.9 57.1649
    endloop
  endfacet
  facet normal 0 -1 0
    outer loop
      vertex -17.2636 -13.9 61.1731
      vertex -13.5834 -13.9 57.0858
      vertex -11.932 -13.9 58.423
    endloop
  endfacet
  facet normal 0 -1 0
    outer loop
      vertex -19.1731 -13.9 59.2636
      vertex -15.0858 -13.9 55.5834
      vertex -13.5834 -13.9 57.0858
    endloop
  endfacet
  facet normal 0 -1 0
    outer loop
      vertex -16.423 -13.9 53.932
      vertex -20.8726 -13.9 57.1649
      vertex -22.3435 -13.9 54.9
    endloop
  endfacet
  facet normal 0 -1 0
    outer loop
      vertex -20.8726 -13.9 57.1649
      vertex -16.423 -13.9 53.932
      vertex -15.0858 -13.9 55.5834
    endloop
  endfacet
  facet normal 0 -1 0
    outer loop
      vertex -17.5803 -13.9 52.15
      vertex -22.3435 -13.9 54.9
      vertex -23.5695 -13.9 52.4938
    endloop
  endfacet
  facet normal 0 -1 0
    outer loop
      vertex -22.3435 -13.9 54.9
      vertex -17.5803 -13.9 52.15
      vertex -16.423 -13.9 53.932
    endloop
  endfacet
  facet normal 0 -1 0
    outer loop
      vertex -18.545 -13.9 50.2568
      vertex -23.5695 -13.9 52.4938
      vertex -24.2145 -13.9 50.8134
    endloop
  endfacet
  facet normal 0 -1 0
    outer loop
      vertex -23.5695 -13.9 52.4938
      vertex -18.545 -13.9 50.2568
      vertex -17.5803 -13.9 52.15
    endloop
  endfacet
  facet normal -0 -1 0
    outer loop
      vertex -18.545 -13.9 50.2568
      vertex -24.2145 -13.9 50.8134
      vertex -19.0525 -13.9 48.9345
    endloop
  endfacet
  facet normal 0 1 0
    outer loop
      vertex 27.8 -13.9 67.65
      vertex 4.47466 -13.9 67.3771
      vertex 2.75154 -13.9 67.65
    endloop
  endfacet
  facet normal 0 1 0
    outer loop
      vertex 27.8 -13.9 67.65
      vertex 12.6304 -13.9 65.0765
      vertex 4.47466 -13.9 67.3771
    endloop
  endfacet
  facet normal 0 1 0
    outer loop
      vertex 27.8 -13.9 67.65
      vertex 13.6696 -13.9 64.4765
      vertex 12.6304 -13.9 65.0765
    endloop
  endfacet
  facet normal 0 1 -0
    outer loop
      vertex 21.8484 -13.9 56.0575
      vertex 13.6696 -13.9 64.4765
      vertex 27.8 -13.9 67.65
    endloop
  endfacet
  facet normal 0 1 0
    outer loop
      vertex 13.6696 -13.9 64.4765
      vertex 11.932 -13.9 58.423
      vertex 10.6539 -13.9 59.2531
    endloop
  endfacet
  facet normal 0 1 0
    outer loop
      vertex 13.6696 -13.9 64.4765
      vertex 13.5834 -13.9 57.0858
      vertex 11.932 -13.9 58.423
    endloop
  endfacet
  facet normal 0 1 0
    outer loop
      vertex 13.6696 -13.9 64.4765
      vertex 21.8484 -13.9 56.0575
      vertex 13.5834 -13.9 57.0858
    endloop
  endfacet
  facet normal 0 1 0
    outer loop
      vertex 27.8 -13.9 67.65
      vertex 23.0984 -13.9 53.8925
      vertex 21.8484 -13.9 56.0575
    endloop
  endfacet
  facet normal 0 1 0
    outer loop
      vertex 23.0984 -13.9 53.8925
      vertex 23.5695 -13.9 52.4938
      vertex 22.9117 -13.9 53.7847
    endloop
  endfacet
  facet normal 0 1 0
    outer loop
      vertex 27.8 -13.9 67.65
      vertex 23.5695 -13.9 52.4938
      vertex 23.0984 -13.9 53.8925
    endloop
  endfacet
  facet normal 0 1 0
    outer loop
      vertex 27.8 -13.9 67.65
      vertex 24.5373 -13.9 49.9726
      vertex 23.5695 -13.9 52.4938
    endloop
  endfacet
  facet normal 0 1 0
    outer loop
      vertex 27.8 -13.9 67.65
      vertex 25.2362 -13.9 47.3641
      vertex 24.5373 -13.9 49.9726
    endloop
  endfacet
  facet normal 0 1 0
    outer loop
      vertex 27.8 -13.9 67.65
      vertex 25.6587 -13.9 44.6968
      vertex 25.2362 -13.9 47.3641
    endloop
  endfacet
  facet normal 0 1 0
    outer loop
      vertex 27.8 -13.9 67.65
      vertex 25.8 -13.9 42
      vertex 25.6587 -13.9 44.6968
    endloop
  endfacet
  facet normal 0 1 -0
    outer loop
      vertex 27.8 -13.9 0
      vertex 25.8 -13.9 42
      vertex 27.8 -13.9 67.65
    endloop
  endfacet
  facet normal 0 1 0
    outer loop
      vertex 15.1649 -13.9 21.1274
      vertex 14.0575 -13.9 20.1516
      vertex 13.9498 -13.9 20.3383
    endloop
  endfacet
  facet normal 0 1 0
    outer loop
      vertex 27.8 -13.9 0
      vertex 15.1649 -13.9 21.1274
      vertex 17.2636 -13.9 22.8269
    endloop
  endfacet
  facet normal 0 1 0
    outer loop
      vertex 27.8 -13.9 0
      vertex 10.4938 -13.9 18.4305
      vertex 11.8925 -13.9 18.9016
    endloop
  endfacet
  facet normal 0 1 0
    outer loop
      vertex 5.36412 -13.9 16.7638
      vertex -5 -13.9 0
      vertex 2.69683 -13.9 16.3413
    endloop
  endfacet
  facet normal 0 1 0
    outer loop
      vertex 7.97264 -13.9 17.4627
      vertex -5 -13.9 0
      vertex 5.36412 -13.9 16.7638
    endloop
  endfacet
  facet normal 0 1 0
    outer loop
      vertex -5 -13.9 0
      vertex 7.97264 -13.9 17.4627
      vertex 27.8 -13.9 0
    endloop
  endfacet
  facet normal 0 1 0
    outer loop
      vertex 10.4938 -13.9 18.4305
      vertex 27.8 -13.9 0
      vertex 7.97264 -13.9 17.4627
    endloop
  endfacet
  facet normal 0 1 0
    outer loop
      vertex 14.0575 -13.9 20.1516
      vertex 27.8 -13.9 0
      vertex 11.8925 -13.9 18.9016
    endloop
  endfacet
  facet normal 0 1 0
    outer loop
      vertex 15.1649 -13.9 21.1274
      vertex 27.8 -13.9 0
      vertex 14.0575 -13.9 20.1516
    endloop
  endfacet
  facet normal 0 1 0
    outer loop
      vertex 19.1731 -13.9 24.7364
      vertex 27.8 -13.9 0
      vertex 17.2636 -13.9 22.8269
    endloop
  endfacet
  facet normal 0 1 0
    outer loop
      vertex 20.8726 -13.9 26.8351
      vertex 27.8 -13.9 0
      vertex 19.1731 -13.9 24.7364
    endloop
  endfacet
  facet normal 0 1 0
    outer loop
      vertex 22.3435 -13.9 29.1
      vertex 27.8 -13.9 0
      vertex 20.8726 -13.9 26.8351
    endloop
  endfacet
  facet normal 0 1 0
    outer loop
      vertex 23.5695 -13.9 31.5062
      vertex 27.8 -13.9 0
      vertex 22.3435 -13.9 29.1
    endloop
  endfacet
  facet normal 0 1 0
    outer loop
      vertex 24.5373 -13.9 34.0274
      vertex 27.8 -13.9 0
      vertex 23.5695 -13.9 31.5062
    endloop
  endfacet
  facet normal 0 1 0
    outer loop
      vertex 25.2362 -13.9 36.6359
      vertex 27.8 -13.9 0
      vertex 24.5373 -13.9 34.0274
    endloop
  endfacet
  facet normal 0 1 0
    outer loop
      vertex 25.6587 -13.9 39.3032
      vertex 27.8 -13.9 0
      vertex 25.2362 -13.9 36.6359
    endloop
  endfacet
  facet normal 0 1 0
    outer loop
      vertex 25.8 -13.9 42
      vertex 27.8 -13.9 0
      vertex 25.6587 -13.9 39.3032
    endloop
  endfacet
  facet normal 0 1 -0
    outer loop
      vertex 6.27304 -13.9 61.3064
      vertex 4.47466 -13.9 67.3771
      vertex 12.6304 -13.9 65.0765
    endloop
  endfacet
  facet normal 0 1 0
    outer loop
      vertex 4.47466 -13.9 67.3771
      vertex 4.22061 -13.9 61.8564
      vertex 3.52076 -13.9 61.9672
    endloop
  endfacet
  facet normal 0 1 0
    outer loop
      vertex 4.47466 -13.9 67.3771
      vertex 6.27304 -13.9 61.3064
      vertex 4.22061 -13.9 61.8564
    endloop
  endfacet
  facet normal 0 1 0
    outer loop
      vertex 12.6304 -13.9 65.0765
      vertex 8.25675 -13.9 60.545
      vertex 6.27304 -13.9 61.3064
    endloop
  endfacet
  facet normal -0 1 0
    outer loop
      vertex 8.25675 -13.9 60.545
      vertex 12.6304 -13.9 65.0765
      vertex 9.61466 -13.9 59.8531
    endloop
  endfacet
  facet normal 0 1 0
    outer loop
      vertex 21.8484 -13.9 56.0575
      vertex 15.0858 -13.9 55.5834
      vertex 13.5834 -13.9 57.0858
    endloop
  endfacet
  facet normal 0 1 0
    outer loop
      vertex 21.8484 -13.9 56.0575
      vertex 16.423 -13.9 53.932
      vertex 15.0858 -13.9 55.5834
    endloop
  endfacet
  facet normal -0 1 0
    outer loop
      vertex 16.423 -13.9 53.932
      vertex 21.8484 -13.9 56.0575
      vertex 16.8986 -13.9 53.1998
    endloop
  endfacet
  facet normal 0 1 0
    outer loop
      vertex 11.7847 -13.9 19.0883
      vertex 11.8925 -13.9 18.9016
      vertex 10.4938 -13.9 18.4305
    endloop
  endfacet
  facet normal 0 1 0
    outer loop
      vertex 2.69683 -13.9 16.3413
      vertex -5 -13.9 0
      vertex 0 -13.9 16.2
    endloop
  endfacet
  facet normal 0 1 0
    outer loop
      vertex 0 -13.9 16.2
      vertex -5 -13.9 0
      vertex -2.69683 -13.9 16.3413
    endloop
  endfacet
  facet normal 0 1 0
    outer loop
      vertex -2.69683 -13.9 16.3413
      vertex -5 -13.9 0
      vertex -5 -13.9 16.7061
    endloop
  endfacet
  facet normal 0 -1 0
    outer loop
      vertex -7.87607 -13.9 17.4369
      vertex -5 -13.9 22.3524
      vertex -5.99036 -13.9 22.6178
    endloop
  endfacet
  facet normal 0 -1 0
    outer loop
      vertex -5.36412 -13.9 16.7638
      vertex -5 -13.9 22.3524
      vertex -7.87607 -13.9 17.4369
    endloop
  endfacet
  facet normal 0 -1 -0
    outer loop
      vertex -5 -13.9 22.3524
      vertex -5.36412 -13.9 16.7638
      vertex -5 -13.9 16.7061
    endloop
  endfacet
  facet normal 0 1 0
    outer loop
      vertex -2.75154 -13.9 67.65
      vertex -5 -13.9 67.2939
      vertex -5 -13.9 67.65
    endloop
  endfacet
  facet normal 0 -1 -0
    outer loop
      vertex -2.12193 -16.4 21.8112
      vertex -5 -16.4 0
      vertex 0 -16.4 21.7
    endloop
  endfacet
  facet normal 0 -1 -0
    outer loop
      vertex -4.22061 -16.4 22.1436
      vertex -5 -16.4 0
      vertex -2.12193 -16.4 21.8112
    endloop
  endfacet
  facet normal 0 -1 0
    outer loop
      vertex -5 -16.4 0
      vertex -4.22061 -16.4 22.1436
      vertex -5 -16.4 22.3524
    endloop
  endfacet
  facet normal 0 -1 0
    outer loop
      vertex -5 -16.4 67.65
      vertex 12.6304 -16.4 65.0765
      vertex 27.8 -16.4 67.65
    endloop
  endfacet
  facet normal 0 -1 0
    outer loop
      vertex 2.12193 -16.4 62.1888
      vertex -5 -16.4 67.65
      vertex 0 -16.4 62.3
    endloop
  endfacet
  facet normal 0 -1 0
    outer loop
      vertex -5 -16.4 67.65
      vertex -2.12193 -16.4 62.1888
      vertex 0 -16.4 62.3
    endloop
  endfacet
  facet normal 0 -1 0
    outer loop
      vertex -5 -16.4 67.65
      vertex -4.22061 -16.4 61.8564
      vertex -2.12193 -16.4 62.1888
    endloop
  endfacet
  facet normal -0 -1 0
    outer loop
      vertex -4.22061 -16.4 61.8564
      vertex -5 -16.4 67.65
      vertex -5 -16.4 61.6476
    endloop
  endfacet
  facet normal 0 -1 0
    outer loop
      vertex 13.6696 -16.4 64.4765
      vertex 27.8 -16.4 67.65
      vertex 12.6304 -16.4 65.0765
    endloop
  endfacet
  facet normal 0 -1 0
    outer loop
      vertex 11.932 -16.4 58.423
      vertex 13.6696 -16.4 64.4765
      vertex 10.6539 -16.4 59.2531
    endloop
  endfacet
  facet normal 0 -1 0
    outer loop
      vertex 13.5834 -16.4 57.0858
      vertex 13.6696 -16.4 64.4765
      vertex 11.932 -16.4 58.423
    endloop
  endfacet
  facet normal 0 -1 0
    outer loop
      vertex 15.0858 -16.4 55.5834
      vertex 13.6696 -16.4 64.4765
      vertex 13.5834 -16.4 57.0858
    endloop
  endfacet
  facet normal 0 -1 0
    outer loop
      vertex 13.6696 -16.4 64.4765
      vertex 15.0858 -16.4 55.5834
      vertex 27.8 -16.4 67.65
    endloop
  endfacet
  facet normal 0 -1 0
    outer loop
      vertex 16.423 -16.4 53.932
      vertex 27.8 -16.4 67.65
      vertex 15.0858 -16.4 55.5834
    endloop
  endfacet
  facet normal 0 -1 0
    outer loop
      vertex 17.5803 -16.4 52.15
      vertex 27.8 -16.4 67.65
      vertex 16.423 -16.4 53.932
    endloop
  endfacet
  facet normal 0 -1 0
    outer loop
      vertex 18.545 -16.4 50.2568
      vertex 27.8 -16.4 67.65
      vertex 17.5803 -16.4 52.15
    endloop
  endfacet
  facet normal 0 -1 0
    outer loop
      vertex 19.3064 -16.4 48.273
      vertex 27.8 -16.4 67.65
      vertex 18.545 -16.4 50.2568
    endloop
  endfacet
  facet normal 0 -1 0
    outer loop
      vertex 19.8564 -16.4 46.2206
      vertex 27.8 -16.4 67.65
      vertex 19.3064 -16.4 48.273
    endloop
  endfacet
  facet normal 0 -1 0
    outer loop
      vertex 20.1888 -16.4 44.1219
      vertex 27.8 -16.4 67.65
      vertex 19.8564 -16.4 46.2206
    endloop
  endfacet
  facet normal 0 -1 0
    outer loop
      vertex 20.3 -16.4 42
      vertex 27.8 -16.4 67.65
      vertex 20.1888 -16.4 44.1219
    endloop
  endfacet
  facet normal 0 -1 0
    outer loop
      vertex 20.1888 -16.4 39.8781
      vertex 27.8 -16.4 67.65
      vertex 20.3 -16.4 42
    endloop
  endfacet
  facet normal 0 -1 0
    outer loop
      vertex 27.8 -16.4 0
      vertex 20.1888 -16.4 39.8781
      vertex 19.8564 -16.4 37.7794
    endloop
  endfacet
  facet normal 0 -1 0
    outer loop
      vertex -5 -16.4 0
      vertex 2.12193 -16.4 21.8112
      vertex 0 -16.4 21.7
    endloop
  endfacet
  facet normal 0 -1 0
    outer loop
      vertex -5 -16.4 0
      vertex 4.22061 -16.4 22.1436
      vertex 2.12193 -16.4 21.8112
    endloop
  endfacet
  facet normal 0 -1 0
    outer loop
      vertex -5 -16.4 0
      vertex 6.27304 -16.4 22.6936
      vertex 4.22061 -16.4 22.1436
    endloop
  endfacet
  facet normal 0 -1 0
    outer loop
      vertex 27.8 -16.4 0
      vertex 6.27304 -16.4 22.6936
      vertex -5 -16.4 0
    endloop
  endfacet
  facet normal 0 -1 0
    outer loop
      vertex 6.27304 -16.4 22.6936
      vertex 27.8 -16.4 0
      vertex 8.25675 -16.4 23.455
    endloop
  endfacet
  facet normal 0 -1 0
    outer loop
      vertex 8.25675 -16.4 23.455
      vertex 27.8 -16.4 0
      vertex 10.15 -16.4 24.4197
    endloop
  endfacet
  facet normal 0 -1 0
    outer loop
      vertex 10.15 -16.4 24.4197
      vertex 27.8 -16.4 0
      vertex 11.932 -16.4 25.577
    endloop
  endfacet
  facet normal 0 -1 0
    outer loop
      vertex 11.932 -16.4 25.577
      vertex 27.8 -16.4 0
      vertex 13.5834 -16.4 26.9142
    endloop
  endfacet
  facet normal 0 -1 0
    outer loop
      vertex 13.5834 -16.4 26.9142
      vertex 27.8 -16.4 0
      vertex 15.0858 -16.4 28.4166
    endloop
  endfacet
  facet normal 0 -1 0
    outer loop
      vertex 20.1888 -16.4 39.8781
      vertex 27.8 -16.4 0
      vertex 27.8 -16.4 67.65
    endloop
  endfacet
  facet normal 0 -1 0
    outer loop
      vertex 19.3064 -16.4 35.727
      vertex 27.8 -16.4 0
      vertex 19.8564 -16.4 37.7794
    endloop
  endfacet
  facet normal 0 -1 0
    outer loop
      vertex 18.545 -16.4 33.7432
      vertex 27.8 -16.4 0
      vertex 19.3064 -16.4 35.727
    endloop
  endfacet
  facet normal 0 -1 0
    outer loop
      vertex 17.5803 -16.4 31.85
      vertex 27.8 -16.4 0
      vertex 18.545 -16.4 33.7432
    endloop
  endfacet
  facet normal 0 -1 0
    outer loop
      vertex 16.423 -16.4 30.068
      vertex 27.8 -16.4 0
      vertex 17.5803 -16.4 31.85
    endloop
  endfacet
  facet normal 0 -1 0
    outer loop
      vertex 15.0858 -16.4 28.4166
      vertex 27.8 -16.4 0
      vertex 16.423 -16.4 30.068
    endloop
  endfacet
  facet normal 0 -1 0
    outer loop
      vertex -5 -16.4 67.65
      vertex 2.12193 -16.4 62.1888
      vertex 12.6304 -16.4 65.0765
    endloop
  endfacet
  facet normal 0 -1 0
    outer loop
      vertex 4.22061 -16.4 61.8564
      vertex 12.6304 -16.4 65.0765
      vertex 2.12193 -16.4 62.1888
    endloop
  endfacet
  facet normal 0 -1 0
    outer loop
      vertex 6.27304 -16.4 61.3064
      vertex 12.6304 -16.4 65.0765
      vertex 4.22061 -16.4 61.8564
    endloop
  endfacet
  facet normal 0 -1 0
    outer loop
      vertex 8.25675 -16.4 60.545
      vertex 12.6304 -16.4 65.0765
      vertex 6.27304 -16.4 61.3064
    endloop
  endfacet
  facet normal 0 -1 0
    outer loop
      vertex 12.6304 -16.4 65.0765
      vertex 8.25675 -16.4 60.545
      vertex 9.61466 -16.4 59.8531
    endloop
  endfacet
  facet normal 1 -0 0
    outer loop
      vertex 27.8 13.9 67.65
      vertex 27.8 16.4 0
      vertex 27.8 16.4 67.65
    endloop
  endfacet
  facet normal 1 0 0
    outer loop
      vertex 27.8 16.4 0
      vertex 27.8 13.9 67.65
      vertex 27.8 13.9 0
    endloop
  endfacet
  facet normal 0 0 -1
    outer loop
      vertex -5 13.9 0
      vertex 27.8 16.4 0
      vertex 27.8 13.9 0
    endloop
  endfacet
  facet normal -0 0 -1
    outer loop
      vertex 27.8 16.4 0
      vertex -5 13.9 0
      vertex -5 16.4 0
    endloop
  endfacet
  facet normal -1 0 0
    outer loop
      vertex -5 13.9 16.7061
      vertex -5 16.4 0
      vertex -5 13.9 0
    endloop
  endfacet
  facet normal -1 0 0
    outer loop
      vertex -5 16.4 0
      vertex -5 13.9 16.7061
      vertex -5 16.4 22.3524
    endloop
  endfacet
  facet normal -1 -0 0
    outer loop
      vertex -5 16.4 22.3524
      vertex -5 13.9 16.7061
      vertex -5 13.9 22.3524
    endloop
  endfacet
  facet normal -1 0 0
    outer loop
      vertex -5 13.9 67.2939
      vertex -5 16.4 61.6476
      vertex -5 13.9 61.6476
    endloop
  endfacet
  facet normal -1 0 0
    outer loop
      vertex -5 16.4 61.6476
      vertex -5 13.9 67.2939
      vertex -5 16.4 67.65
    endloop
  endfacet
  facet normal -1 -0 0
    outer loop
      vertex -5 16.4 67.65
      vertex -5 13.9 67.2939
      vertex -5 13.9 67.65
    endloop
  endfacet
  facet normal 0 1 0
    outer loop
      vertex -5 16.4 67.65
      vertex 2.12193 16.4 62.1888
      vertex 0 16.4 62.3
    endloop
  endfacet
  facet normal 0 1 0
    outer loop
      vertex 12.6304 16.4 65.0765
      vertex 4.22061 16.4 61.8564
      vertex 2.12193 16.4 62.1888
    endloop
  endfacet
  facet normal 0 1 0
    outer loop
      vertex 12.6304 16.4 65.0765
      vertex 6.27304 16.4 61.3064
      vertex 4.22061 16.4 61.8564
    endloop
  endfacet
  facet normal 0 1 0
    outer loop
      vertex 12.6304 16.4 65.0765
      vertex 8.25675 16.4 60.545
      vertex 6.27304 16.4 61.3064
    endloop
  endfacet
  facet normal -0 1 0
    outer loop
      vertex 8.25675 16.4 60.545
      vertex 12.6304 16.4 65.0765
      vertex 9.61466 16.4 59.8531
    endloop
  endfacet
  facet normal 0 1 0
    outer loop
      vertex 27.8 16.4 67.65
      vertex 12.6304 16.4 65.0765
      vertex -5 16.4 67.65
    endloop
  endfacet
  facet normal 0 1 0
    outer loop
      vertex 27.8 16.4 67.65
      vertex 13.6696 16.4 64.4765
      vertex 12.6304 16.4 65.0765
    endloop
  endfacet
  facet normal 0 1 -0
    outer loop
      vertex 15.0858 16.4 55.5834
      vertex 13.6696 16.4 64.4765
      vertex 27.8 16.4 67.65
    endloop
  endfacet
  facet normal 0 1 0
    outer loop
      vertex 13.6696 16.4 64.4765
      vertex 11.932 16.4 58.423
      vertex 10.6539 16.4 59.2531
    endloop
  endfacet
  facet normal 0 1 0
    outer loop
      vertex 13.6696 16.4 64.4765
      vertex 13.5834 16.4 57.0858
      vertex 11.932 16.4 58.423
    endloop
  endfacet
  facet normal 0 1 0
    outer loop
      vertex 13.6696 16.4 64.4765
      vertex 15.0858 16.4 55.5834
      vertex 13.5834 16.4 57.0858
    endloop
  endfacet
  facet normal 0 1 0
    outer loop
      vertex 27.8 16.4 67.65
      vertex 16.423 16.4 53.932
      vertex 15.0858 16.4 55.5834
    endloop
  endfacet
  facet normal 0 1 0
    outer loop
      vertex 27.8 16.4 67.65
      vertex 17.5803 16.4 52.15
      vertex 16.423 16.4 53.932
    endloop
  endfacet
  facet normal 0 1 0
    outer loop
      vertex 27.8 16.4 67.65
      vertex 18.545 16.4 50.2568
      vertex 17.5803 16.4 52.15
    endloop
  endfacet
  facet normal 0 1 0
    outer loop
      vertex 27.8 16.4 67.65
      vertex 19.3064 16.4 48.273
      vertex 18.545 16.4 50.2568
    endloop
  endfacet
  facet normal 0 1 0
    outer loop
      vertex 27.8 16.4 67.65
      vertex 19.8564 16.4 46.2206
      vertex 19.3064 16.4 48.273
    endloop
  endfacet
  facet normal 0 1 0
    outer loop
      vertex 27.8 16.4 67.65
      vertex 20.1888 16.4 44.1219
      vertex 19.8564 16.4 46.2206
    endloop
  endfacet
  facet normal 0 1 0
    outer loop
      vertex 27.8 16.4 67.65
      vertex 20.3 16.4 42
      vertex 20.1888 16.4 44.1219
    endloop
  endfacet
  facet normal 0 1 0
    outer loop
      vertex 27.8 16.4 67.65
      vertex 20.1888 16.4 39.8781
      vertex 20.3 16.4 42
    endloop
  endfacet
  facet normal 0 1 -0
    outer loop
      vertex 27.8 16.4 0
      vertex 20.1888 16.4 39.8781
      vertex 27.8 16.4 67.65
    endloop
  endfacet
  facet normal 0 1 0
    outer loop
      vertex 4.22061 16.4 22.1436
      vertex -5 16.4 0
      vertex 2.12193 16.4 21.8112
    endloop
  endfacet
  facet normal 0 1 0
    outer loop
      vertex 6.27304 16.4 22.6936
      vertex -5 16.4 0
      vertex 4.22061 16.4 22.1436
    endloop
  endfacet
  facet normal 0 1 0
    outer loop
      vertex -5 16.4 0
      vertex 6.27304 16.4 22.6936
      vertex 27.8 16.4 0
    endloop
  endfacet
  facet normal 0 1 0
    outer loop
      vertex 8.25675 16.4 23.455
      vertex 27.8 16.4 0
      vertex 6.27304 16.4 22.6936
    endloop
  endfacet
  facet normal 0 1 0
    outer loop
      vertex 10.15 16.4 24.4197
      vertex 27.8 16.4 0
      vertex 8.25675 16.4 23.455
    endloop
  endfacet
  facet normal 0 1 0
    outer loop
      vertex 11.932 16.4 25.577
      vertex 27.8 16.4 0
      vertex 10.15 16.4 24.4197
    endloop
  endfacet
  facet normal 0 1 0
    outer loop
      vertex 13.5834 16.4 26.9142
      vertex 27.8 16.4 0
      vertex 11.932 16.4 25.577
    endloop
  endfacet
  facet normal 0 1 0
    outer loop
      vertex 15.0858 16.4 28.4166
      vertex 27.8 16.4 0
      vertex 13.5834 16.4 26.9142
    endloop
  endfacet
  facet normal 0 1 0
    outer loop
      vertex 16.423 16.4 30.068
      vertex 27.8 16.4 0
      vertex 15.0858 16.4 28.4166
    endloop
  endfacet
  facet normal 0 1 0
    outer loop
      vertex 17.5803 16.4 31.85
      vertex 27.8 16.4 0
      vertex 16.423 16.4 30.068
    endloop
  endfacet
  facet normal 0 1 0
    outer loop
      vertex 18.545 16.4 33.7432
      vertex 27.8 16.4 0
      vertex 17.5803 16.4 31.85
    endloop
  endfacet
  facet normal 0 1 0
    outer loop
      vertex 19.3064 16.4 35.727
      vertex 27.8 16.4 0
      vertex 18.545 16.4 33.7432
    endloop
  endfacet
  facet normal 0 1 0
    outer loop
      vertex 19.8564 16.4 37.7794
      vertex 27.8 16.4 0
      vertex 19.3064 16.4 35.727
    endloop
  endfacet
  facet normal 0 1 0
    outer loop
      vertex 20.1888 16.4 39.8781
      vertex 27.8 16.4 0
      vertex 19.8564 16.4 37.7794
    endloop
  endfacet
  facet normal 0 1 -0
    outer loop
      vertex 2.12193 16.4 62.1888
      vertex -5 16.4 67.65
      vertex 12.6304 16.4 65.0765
    endloop
  endfacet
  facet normal 0 1 -0
    outer loop
      vertex -2.12193 16.4 62.1888
      vertex -5 16.4 67.65
      vertex 0 16.4 62.3
    endloop
  endfacet
  facet normal 0 1 -0
    outer loop
      vertex -4.22061 16.4 61.8564
      vertex -5 16.4 67.65
      vertex -2.12193 16.4 62.1888
    endloop
  endfacet
  facet normal 0 1 0
    outer loop
      vertex -5 16.4 67.65
      vertex -4.22061 16.4 61.8564
      vertex -5 16.4 61.6476
    endloop
  endfacet
  facet normal 0 1 0
    outer loop
      vertex 2.12193 16.4 21.8112
      vertex -5 16.4 0
      vertex 0 16.4 21.7
    endloop
  endfacet
  facet normal 0 1 0
    outer loop
      vertex 0 16.4 21.7
      vertex -5 16.4 0
      vertex -2.12193 16.4 21.8112
    endloop
  endfacet
  facet normal 0 1 0
    outer loop
      vertex -2.12193 16.4 21.8112
      vertex -5 16.4 0
      vertex -4.22061 16.4 22.1436
    endloop
  endfacet
  facet normal 0 1 0
    outer loop
      vertex -4.22061 16.4 22.1436
      vertex -5 16.4 0
      vertex -5 16.4 22.3524
    endloop
  endfacet
  facet normal 0 1 -0
    outer loop
      vertex -5 13.9 61.6476
      vertex -5.36412 13.9 67.2362
      vertex -5 13.9 67.2939
    endloop
  endfacet
  facet normal 0 1 0
    outer loop
      vertex -5.36412 13.9 67.2362
      vertex -5 13.9 61.6476
      vertex -7.97264 13.9 66.5373
    endloop
  endfacet
  facet normal 0 1 0
    outer loop
      vertex -7.97264 13.9 66.5373
      vertex -6.27304 13.9 61.3064
      vertex -10.4938 13.9 65.5695
    endloop
  endfacet
  facet normal 0 1 -0
    outer loop
      vertex -8.25675 13.9 60.545
      vertex -10.4938 13.9 65.5695
      vertex -6.27304 13.9 61.3064
    endloop
  endfacet
  facet normal 0 1 0
    outer loop
      vertex -7.97264 13.9 66.5373
      vertex -5 13.9 61.6476
      vertex -6.27304 13.9 61.3064
    endloop
  endfacet
  facet normal 0 1 0
    outer loop
      vertex -10.4938 13.9 65.5695
      vertex -8.25675 13.9 60.545
      vertex -12.9 13.9 64.3435
    endloop
  endfacet
  facet normal 0 1 -0
    outer loop
      vertex -10.15 13.9 59.5803
      vertex -12.9 13.9 64.3435
      vertex -8.25675 13.9 60.545
    endloop
  endfacet
  facet normal 0 1 0
    outer loop
      vertex -12.9 13.9 64.3435
      vertex -10.15 13.9 59.5803
      vertex -15.1649 13.9 62.8726
    endloop
  endfacet
  facet normal 0 1 -0
    outer loop
      vertex -11.932 13.9 58.423
      vertex -15.1649 13.9 62.8726
      vertex -10.15 13.9 59.5803
    endloop
  endfacet
  facet normal 0 1 0
    outer loop
      vertex -15.1649 13.9 62.8726
      vertex -11.932 13.9 58.423
      vertex -17.2636 13.9 61.1731
    endloop
  endfacet
  facet normal 0 1 -0
    outer loop
      vertex -13.5834 13.9 57.0858
      vertex -17.2636 13.9 61.1731
      vertex -11.932 13.9 58.423
    endloop
  endfacet
  facet normal 0 1 0
    outer loop
      vertex -17.2636 13.9 61.1731
      vertex -13.5834 13.9 57.0858
      vertex -19.1731 13.9 59.2636
    endloop
  endfacet
  facet normal 0 1 -0
    outer loop
      vertex -15.0858 13.9 55.5834
      vertex -19.1731 13.9 59.2636
      vertex -13.5834 13.9 57.0858
    endloop
  endfacet
  facet normal 0 1 0
    outer loop
      vertex -19.1731 13.9 59.2636
      vertex -15.0858 13.9 55.5834
      vertex -20.8726 13.9 57.1649
    endloop
  endfacet
  facet normal 0 1 -0
    outer loop
      vertex -16.423 13.9 53.932
      vertex -20.8726 13.9 57.1649
      vertex -15.0858 13.9 55.5834
    endloop
  endfacet
  facet normal 0 1 0
    outer loop
      vertex -20.8726 13.9 57.1649
      vertex -16.423 13.9 53.932
      vertex -22.3435 13.9 54.9
    endloop
  endfacet
  facet normal 0 1 -0
    outer loop
      vertex -17.5803 13.9 52.15
      vertex -22.3435 13.9 54.9
      vertex -16.423 13.9 53.932
    endloop
  endfacet
  facet normal 0 1 0
    outer loop
      vertex -22.3435 13.9 54.9
      vertex -17.5803 13.9 52.15
      vertex -23.5695 13.9 52.4938
    endloop
  endfacet
  facet normal 0 1 -0
    outer loop
      vertex -18.545 13.9 50.2568
      vertex -23.5695 13.9 52.4938
      vertex -17.5803 13.9 52.15
    endloop
  endfacet
  facet normal 0 1 0
    outer loop
      vertex -23.5695 13.9 52.4938
      vertex -18.545 13.9 50.2568
      vertex -24.2145 13.9 50.8134
    endloop
  endfacet
  facet normal 0 1 0
    outer loop
      vertex -24.2145 13.9 50.8134
      vertex -18.545 13.9 50.2568
      vertex -19.0525 13.9 48.9345
    endloop
  endfacet
  facet normal 0 -1 -0
    outer loop
      vertex -2.69683 13.9 16.3413
      vertex -5 13.9 0
      vertex 0 13.9 16.2
    endloop
  endfacet
  facet normal 0 -1 0
    outer loop
      vertex -5 13.9 0
      vertex -2.69683 13.9 16.3413
      vertex -5 13.9 16.7061
    endloop
  endfacet
  facet normal 0 -1 -0
    outer loop
      vertex 11.7847 13.9 19.0883
      vertex 10.4938 13.9 18.4305
      vertex 11.8925 13.9 18.9016
    endloop
  endfacet
  facet normal 0 -1 0
    outer loop
      vertex 15.0858 13.9 55.5834
      vertex 21.8484 13.9 56.0575
      vertex 13.5834 13.9 57.0858
    endloop
  endfacet
  facet normal 0 -1 0
    outer loop
      vertex 16.423 13.9 53.932
      vertex 21.8484 13.9 56.0575
      vertex 15.0858 13.9 55.5834
    endloop
  endfacet
  facet normal 0 -1 0
    outer loop
      vertex 21.8484 13.9 56.0575
      vertex 16.423 13.9 53.932
      vertex 16.8986 13.9 53.1998
    endloop
  endfacet
  facet normal 0 -1 0
    outer loop
      vertex 4.22061 13.9 61.8564
      vertex 4.47466 13.9 67.3771
      vertex 3.52076 13.9 61.9672
    endloop
  endfacet
  facet normal 0 -1 0
    outer loop
      vertex 6.27304 13.9 61.3064
      vertex 4.47466 13.9 67.3771
      vertex 4.22061 13.9 61.8564
    endloop
  endfacet
  facet normal 0 -1 0
    outer loop
      vertex 4.47466 13.9 67.3771
      vertex 6.27304 13.9 61.3064
      vertex 12.6304 13.9 65.0765
    endloop
  endfacet
  facet normal 0 -1 0
    outer loop
      vertex 8.25675 13.9 60.545
      vertex 12.6304 13.9 65.0765
      vertex 6.27304 13.9 61.3064
    endloop
  endfacet
  facet normal 0 -1 0
    outer loop
      vertex 12.6304 13.9 65.0765
      vertex 8.25675 13.9 60.545
      vertex 9.61466 13.9 59.8531
    endloop
  endfacet
  facet normal 0 -1 0
    outer loop
      vertex 4.47466 13.9 67.3771
      vertex 27.8 13.9 67.65
      vertex 2.75154 13.9 67.65
    endloop
  endfacet
  facet normal 0 -1 0
    outer loop
      vertex 12.6304 13.9 65.0765
      vertex 27.8 13.9 67.65
      vertex 4.47466 13.9 67.3771
    endloop
  endfacet
  facet normal 0 -1 0
    outer loop
      vertex 13.6696 13.9 64.4765
      vertex 27.8 13.9 67.65
      vertex 12.6304 13.9 65.0765
    endloop
  endfacet
  facet normal 0 -1 0
    outer loop
      vertex 11.932 13.9 58.423
      vertex 13.6696 13.9 64.4765
      vertex 10.6539 13.9 59.2531
    endloop
  endfacet
  facet normal 0 -1 0
    outer loop
      vertex 13.5834 13.9 57.0858
      vertex 13.6696 13.9 64.4765
      vertex 11.932 13.9 58.423
    endloop
  endfacet
  facet normal 0 -1 0
    outer loop
      vertex 21.8484 13.9 56.0575
      vertex 13.6696 13.9 64.4765
      vertex 13.5834 13.9 57.0858
    endloop
  endfacet
  facet normal 0 -1 0
    outer loop
      vertex 13.6696 13.9 64.4765
      vertex 21.8484 13.9 56.0575
      vertex 27.8 13.9 67.65
    endloop
  endfacet
  facet normal 0 -1 0
    outer loop
      vertex 23.0984 13.9 53.8925
      vertex 27.8 13.9 67.65
      vertex 21.8484 13.9 56.0575
    endloop
  endfacet
  facet normal 0 -1 0
    outer loop
      vertex 23.5695 13.9 52.4938
      vertex 23.0984 13.9 53.8925
      vertex 22.9117 13.9 53.7847
    endloop
  endfacet
  facet normal 0 -1 0
    outer loop
      vertex 23.5695 13.9 52.4938
      vertex 27.8 13.9 67.65
      vertex 23.0984 13.9 53.8925
    endloop
  endfacet
  facet normal 0 -1 0
    outer loop
      vertex 24.5373 13.9 49.9726
      vertex 27.8 13.9 67.65
      vertex 23.5695 13.9 52.4938
    endloop
  endfacet
  facet normal 0 -1 0
    outer loop
      vertex 25.2362 13.9 47.3641
      vertex 27.8 13.9 67.65
      vertex 24.5373 13.9 49.9726
    endloop
  endfacet
  facet normal 0 -1 0
    outer loop
      vertex 25.6587 13.9 44.6968
      vertex 27.8 13.9 67.65
      vertex 25.2362 13.9 47.3641
    endloop
  endfacet
  facet normal 0 -1 0
    outer loop
      vertex 25.8 13.9 42
      vertex 27.8 13.9 67.65
      vertex 25.6587 13.9 44.6968
    endloop
  endfacet
  facet normal 0 -1 0
    outer loop
      vertex 27.8 13.9 0
      vertex 25.8 13.9 42
      vertex 25.6587 13.9 39.3032
    endloop
  endfacet
  facet normal 0 -1 0
    outer loop
      vertex 14.0575 13.9 20.1516
      vertex 15.1649 13.9 21.1274
      vertex 13.9498 13.9 20.3383
    endloop
  endfacet
  facet normal 0 -1 0
    outer loop
      vertex 27.8 13.9 0
      vertex 15.1649 13.9 21.1274
      vertex 14.0575 13.9 20.1516
    endloop
  endfacet
  facet normal 0 -1 0
    outer loop
      vertex 27.8 13.9 0
      vertex 10.4938 13.9 18.4305
      vertex 7.97264 13.9 17.4627
    endloop
  endfacet
  facet normal 0 -1 0
    outer loop
      vertex -5 13.9 0
      vertex 2.69683 13.9 16.3413
      vertex 0 13.9 16.2
    endloop
  endfacet
  facet normal 0 -1 0
    outer loop
      vertex -5 13.9 0
      vertex 5.36412 13.9 16.7638
      vertex 2.69683 13.9 16.3413
    endloop
  endfacet
  facet normal 0 -1 0
    outer loop
      vertex -5 13.9 0
      vertex 7.97264 13.9 17.4627
      vertex 5.36412 13.9 16.7638
    endloop
  endfacet
  facet normal 0 -1 0
    outer loop
      vertex 27.8 13.9 0
      vertex 7.97264 13.9 17.4627
      vertex -5 13.9 0
    endloop
  endfacet
  facet normal 0 -1 0
    outer loop
      vertex 10.4938 13.9 18.4305
      vertex 27.8 13.9 0
      vertex 11.8925 13.9 18.9016
    endloop
  endfacet
  facet normal 0 -1 0
    outer loop
      vertex 11.8925 13.9 18.9016
      vertex 27.8 13.9 0
      vertex 14.0575 13.9 20.1516
    endloop
  endfacet
  facet normal 0 -1 0
    outer loop
      vertex 15.1649 13.9 21.1274
      vertex 27.8 13.9 0
      vertex 17.2636 13.9 22.8269
    endloop
  endfacet
  facet normal 0 -1 0
    outer loop
      vertex 25.8 13.9 42
      vertex 27.8 13.9 0
      vertex 27.8 13.9 67.65
    endloop
  endfacet
  facet normal 0 -1 0
    outer loop
      vertex 25.2362 13.9 36.6359
      vertex 27.8 13.9 0
      vertex 25.6587 13.9 39.3032
    endloop
  endfacet
  facet normal 0 -1 0
    outer loop
      vertex 24.5373 13.9 34.0274
      vertex 27.8 13.9 0
      vertex 25.2362 13.9 36.6359
    endloop
  endfacet
  facet normal 0 -1 0
    outer loop
      vertex 23.5695 13.9 31.5062
      vertex 27.8 13.9 0
      vertex 24.5373 13.9 34.0274
    endloop
  endfacet
  facet normal 0 -1 0
    outer loop
      vertex 22.3435 13.9 29.1
      vertex 27.8 13.9 0
      vertex 23.5695 13.9 31.5062
    endloop
  endfacet
  facet normal 0 -1 0
    outer loop
      vertex 20.8726 13.9 26.8351
      vertex 27.8 13.9 0
      vertex 22.3435 13.9 29.1
    endloop
  endfacet
  facet normal 0 -1 0
    outer loop
      vertex 19.1731 13.9 24.7364
      vertex 27.8 13.9 0
      vertex 20.8726 13.9 26.8351
    endloop
  endfacet
  facet normal 0 -1 0
    outer loop
      vertex 17.2636 13.9 22.8269
      vertex 27.8 13.9 0
      vertex 19.1731 13.9 24.7364
    endloop
  endfacet
  facet normal 0 1 0
    outer loop
      vertex -5 13.9 22.3524
      vertex -7.87607 13.9 17.4369
      vertex -5.99036 13.9 22.6178
    endloop
  endfacet
  facet normal 0 1 0
    outer loop
      vertex -5 13.9 22.3524
      vertex -5.36412 13.9 16.7638
      vertex -7.87607 13.9 17.4369
    endloop
  endfacet
  facet normal -0 1 0
    outer loop
      vertex -5.36412 13.9 16.7638
      vertex -5 13.9 22.3524
      vertex -5 13.9 16.7061
    endloop
  endfacet
  facet normal 0 -1 0
    outer loop
      vertex -5 13.9 67.65
      vertex -5 13.9 67.2939
      vertex -2.75154 13.9 67.65
    endloop
  endfacet
  facet normal 0 0 -1
    outer loop
      vertex 20 -23 0
      vertex 13.7 -20 0
      vertex 20 -17 0
    endloop
  endfacet
  facet normal 0 0 -1
    outer loop
      vertex 20 -23 0
      vertex 13.6907 -20.1777 0
      vertex 13.7 -20 0
    endloop
  endfacet
  facet normal 0 0 -1
    outer loop
      vertex 20 -23 0
      vertex 13.6629 -20.3535 0
      vertex 13.6907 -20.1777 0
    endloop
  endfacet
  facet normal 0 0 -1
    outer loop
      vertex 20 -23 0
      vertex 13.6168 -20.5253 0
      vertex 13.6629 -20.3535 0
    endloop
  endfacet
  facet normal 0 0 -1
    outer loop
      vertex 20 -23 0
      vertex 13.553 -20.6915 0
      vertex 13.6168 -20.5253 0
    endloop
  endfacet
  facet normal 0 0 -1
    outer loop
      vertex 20 -23 0
      vertex 13.4722 -20.85 0
      vertex 13.553 -20.6915 0
    endloop
  endfacet
  facet normal 0 0 -1
    outer loop
      vertex 20 -23 0
      vertex 13.3753 -20.9992 0
      vertex 13.4722 -20.85 0
    endloop
  endfacet
  facet normal 0 0 -1
    outer loop
      vertex 20 -23 0
      vertex 13.2633 -21.1375 0
      vertex 13.3753 -20.9992 0
    endloop
  endfacet
  facet normal 0 0 -1
    outer loop
      vertex 20 -23 0
      vertex 13.1375 -21.2633 0
      vertex 13.2633 -21.1375 0
    endloop
  endfacet
  facet normal 0 0 -1
    outer loop
      vertex 20 -23 0
      vertex 12.9992 -21.3753 0
      vertex 13.1375 -21.2633 0
    endloop
  endfacet
  facet normal 0 0 -1
    outer loop
      vertex 20 -23 0
      vertex 12.85 -21.4722 0
      vertex 12.9992 -21.3753 0
    endloop
  endfacet
  facet normal 0 0 -1
    outer loop
      vertex 20 -23 0
      vertex 12.6915 -21.553 0
      vertex 12.85 -21.4722 0
    endloop
  endfacet
  facet normal 0 0 -1
    outer loop
      vertex 20 -23 0
      vertex 12.5253 -21.6168 0
      vertex 12.6915 -21.553 0
    endloop
  endfacet
  facet normal 0 0 -1
    outer loop
      vertex 20 -23 0
      vertex 12.3534 -21.6628 0
      vertex 12.5253 -21.6168 0
    endloop
  endfacet
  facet normal 0 0 -1
    outer loop
      vertex 20 -23 0
      vertex 12.1777 -21.6907 0
      vertex 12.3534 -21.6628 0
    endloop
  endfacet
  facet normal 0 0 -1
    outer loop
      vertex 20 -23 0
      vertex 12 -21.7 0
      vertex 12.1777 -21.6907 0
    endloop
  endfacet
  facet normal 0 0 -1
    outer loop
      vertex 20 -23 0
      vertex 11.8223 -21.6907 0
      vertex 12 -21.7 0
    endloop
  endfacet
  facet normal 0 0 -1
    outer loop
      vertex -11.8223 -21.6907 0
      vertex 11.8223 -21.6907 0
      vertex 20 -23 0
    endloop
  endfacet
  facet normal 0 0 -1
    outer loop
      vertex 10.3093 -20.1777 0
      vertex -10.3 -20 0
      vertex 10.3 -20 0
    endloop
  endfacet
  facet normal 0 0 -1
    outer loop
      vertex -10.3093 -20.1777 0
      vertex 10.3093 -20.1777 0
      vertex 10.3371 -20.3535 0
    endloop
  endfacet
  facet normal 0 0 -1
    outer loop
      vertex -10.3371 -20.3535 0
      vertex 10.3371 -20.3535 0
      vertex 10.3832 -20.5253 0
    endloop
  endfacet
  facet normal 0 0 -1
    outer loop
      vertex -10.3832 -20.5253 0
      vertex 10.3832 -20.5253 0
      vertex 10.447 -20.6915 0
    endloop
  endfacet
  facet normal 0 0 -1
    outer loop
      vertex -10.447 -20.6915 0
      vertex 10.447 -20.6915 0
      vertex 10.5278 -20.85 0
    endloop
  endfacet
  facet normal 0 0 -1
    outer loop
      vertex -10.5278 -20.85 0
      vertex 10.5278 -20.85 0
      vertex 10.6247 -20.9992 0
    endloop
  endfacet
  facet normal 0 0 -1
    outer loop
      vertex -10.6247 -20.9992 0
      vertex 10.6247 -20.9992 0
      vertex 10.7367 -21.1375 0
    endloop
  endfacet
  facet normal 0 0 -1
    outer loop
      vertex -10.7367 -21.1375 0
      vertex 10.7367 -21.1375 0
      vertex 10.8625 -21.2633 0
    endloop
  endfacet
  facet normal 0 0 -1
    outer loop
      vertex -10.8625 -21.2633 0
      vertex 10.8625 -21.2633 0
      vertex 11.0008 -21.3753 0
    endloop
  endfacet
  facet normal 0 0 -1
    outer loop
      vertex -11.0008 -21.3753 0
      vertex 11.0008 -21.3753 0
      vertex 11.15 -21.4722 0
    endloop
  endfacet
  facet normal 0 0 -1
    outer loop
      vertex -11.15 -21.4722 0
      vertex 11.15 -21.4722 0
      vertex 11.3085 -21.553 0
    endloop
  endfacet
  facet normal 0 0 -1
    outer loop
      vertex -11.3085 -21.553 0
      vertex 11.3085 -21.553 0
      vertex 11.4747 -21.6168 0
    endloop
  endfacet
  facet normal 0 0 -1
    outer loop
      vertex -11.4747 -21.6168 0
      vertex 11.4747 -21.6168 0
      vertex 11.6465 -21.6628 0
    endloop
  endfacet
  facet normal 0 0 -1
    outer loop
      vertex 11.8223 -21.6907 0
      vertex -11.8223 -21.6907 0
      vertex 11.6465 -21.6628 0
    endloop
  endfacet
  facet normal 0 0 -1
    outer loop
      vertex 10.3093 -20.1777 0
      vertex -10.3093 -20.1777 0
      vertex -10.3 -20 0
    endloop
  endfacet
  facet normal 0 0 -1
    outer loop
      vertex 10.3371 -20.3535 0
      vertex -10.3371 -20.3535 0
      vertex -10.3093 -20.1777 0
    endloop
  endfacet
  facet normal 0 0 -1
    outer loop
      vertex 10.3832 -20.5253 0
      vertex -10.3832 -20.5253 0
      vertex -10.3371 -20.3535 0
    endloop
  endfacet
  facet normal 0 0 -1
    outer loop
      vertex 10.447 -20.6915 0
      vertex -10.447 -20.6915 0
      vertex -10.3832 -20.5253 0
    endloop
  endfacet
  facet normal 0 0 -1
    outer loop
      vertex 10.5278 -20.85 0
      vertex -10.5278 -20.85 0
      vertex -10.447 -20.6915 0
    endloop
  endfacet
  facet normal 0 0 -1
    outer loop
      vertex 10.6247 -20.9992 0
      vertex -10.6247 -20.9992 0
      vertex -10.5278 -20.85 0
    endloop
  endfacet
  facet normal 0 0 -1
    outer loop
      vertex 10.7367 -21.1375 0
      vertex -10.7367 -21.1375 0
      vertex -10.6247 -20.9992 0
    endloop
  endfacet
  facet normal 0 0 -1
    outer loop
      vertex 10.8625 -21.2633 0
      vertex -10.8625 -21.2633 0
      vertex -10.7367 -21.1375 0
    endloop
  endfacet
  facet normal 0 0 -1
    outer loop
      vertex 11.0008 -21.3753 0
      vertex -11.0008 -21.3753 0
      vertex -10.8625 -21.2633 0
    endloop
  endfacet
  facet normal 0 0 -1
    outer loop
      vertex 11.15 -21.4722 0
      vertex -11.15 -21.4722 0
      vertex -11.0008 -21.3753 0
    endloop
  endfacet
  facet normal 0 0 -1
    outer loop
      vertex 11.3085 -21.553 0
      vertex -11.3085 -21.553 0
      vertex -11.15 -21.4722 0
    endloop
  endfacet
  facet normal 0 0 -1
    outer loop
      vertex 11.4747 -21.6168 0
      vertex -11.4747 -21.6168 0
      vertex -11.3085 -21.553 0
    endloop
  endfacet
  facet normal 0 0 -1
    outer loop
      vertex 11.6465 -21.6628 0
      vertex -11.6465 -21.6628 0
      vertex -11.4747 -21.6168 0
    endloop
  endfacet
  facet normal -0 0 -1
    outer loop
      vertex 11.6465 -21.6628 0
      vertex -11.8223 -21.6907 0
      vertex -11.6465 -21.6628 0
    endloop
  endfacet
  facet normal 0 0 -1
    outer loop
      vertex -20 -23 0
      vertex -11.8223 -21.6907 0
      vertex 20 -23 0
    endloop
  endfacet
  facet normal -0 0 -1
    outer loop
      vertex -13.6907 -20.1777 0
      vertex -20 -23 0
      vertex -13.7 -20 0
    endloop
  endfacet
  facet normal -0 0 -1
    outer loop
      vertex -13.6629 -20.3535 0
      vertex -20 -23 0
      vertex -13.6907 -20.1777 0
    endloop
  endfacet
  facet normal -0 0 -1
    outer loop
      vertex -13.6168 -20.5253 0
      vertex -20 -23 0
      vertex -13.6629 -20.3535 0
    endloop
  endfacet
  facet normal -0 0 -1
    outer loop
      vertex -13.553 -20.6915 0
      vertex -20 -23 0
      vertex -13.6168 -20.5253 0
    endloop
  endfacet
  facet normal -0 0 -1
    outer loop
      vertex -13.4722 -20.85 0
      vertex -20 -23 0
      vertex -13.553 -20.6915 0
    endloop
  endfacet
  facet normal -0 0 -1
    outer loop
      vertex -13.3753 -20.9992 0
      vertex -20 -23 0
      vertex -13.4722 -20.85 0
    endloop
  endfacet
  facet normal -0 0 -1
    outer loop
      vertex -13.2633 -21.1375 0
      vertex -20 -23 0
      vertex -13.3753 -20.9992 0
    endloop
  endfacet
  facet normal -0 0 -1
    outer loop
      vertex -13.1375 -21.2633 0
      vertex -20 -23 0
      vertex -13.2633 -21.1375 0
    endloop
  endfacet
  facet normal -0 0 -1
    outer loop
      vertex -12.9992 -21.3753 0
      vertex -20 -23 0
      vertex -13.1375 -21.2633 0
    endloop
  endfacet
  facet normal -0 0 -1
    outer loop
      vertex -12.85 -21.4722 0
      vertex -20 -23 0
      vertex -12.9992 -21.3753 0
    endloop
  endfacet
  facet normal -0 0 -1
    outer loop
      vertex -12.6915 -21.553 0
      vertex -20 -23 0
      vertex -12.85 -21.4722 0
    endloop
  endfacet
  facet normal -0 0 -1
    outer loop
      vertex -12.5253 -21.6168 0
      vertex -20 -23 0
      vertex -12.6915 -21.553 0
    endloop
  endfacet
  facet normal -0 0 -1
    outer loop
      vertex -12.3534 -21.6628 0
      vertex -20 -23 0
      vertex -12.5253 -21.6168 0
    endloop
  endfacet
  facet normal -0 0 -1
    outer loop
      vertex -12.1777 -21.6907 0
      vertex -20 -23 0
      vertex -12.3534 -21.6628 0
    endloop
  endfacet
  facet normal -0 0 -1
    outer loop
      vertex -12 -21.7 0
      vertex -20 -23 0
      vertex -12.1777 -21.6907 0
    endloop
  endfacet
  facet normal 0 0 -1
    outer loop
      vertex -11.8223 -21.6907 0
      vertex -20 -23 0
      vertex -12 -21.7 0
    endloop
  endfacet
  facet normal 0 0 -1
    outer loop
      vertex 13.6907 -19.8223 0
      vertex 20 -17 0
      vertex 13.7 -20 0
    endloop
  endfacet
  facet normal 0 0 -1
    outer loop
      vertex 13.6629 -19.6465 0
      vertex 20 -17 0
      vertex 13.6907 -19.8223 0
    endloop
  endfacet
  facet normal 0 0 -1
    outer loop
      vertex 13.6168 -19.4747 0
      vertex 20 -17 0
      vertex 13.6629 -19.6465 0
    endloop
  endfacet
  facet normal 0 0 -1
    outer loop
      vertex 13.553 -19.3085 0
      vertex 20 -17 0
      vertex 13.6168 -19.4747 0
    endloop
  endfacet
  facet normal 0 0 -1
    outer loop
      vertex 13.4722 -19.15 0
      vertex 20 -17 0
      vertex 13.553 -19.3085 0
    endloop
  endfacet
  facet normal 0 0 -1
    outer loop
      vertex 13.3753 -19.0008 0
      vertex 20 -17 0
      vertex 13.4722 -19.15 0
    endloop
  endfacet
  facet normal 0 0 -1
    outer loop
      vertex 13.2633 -18.8625 0
      vertex 20 -17 0
      vertex 13.3753 -19.0008 0
    endloop
  endfacet
  facet normal 0 0 -1
    outer loop
      vertex 13.1375 -18.7367 0
      vertex 20 -17 0
      vertex 13.2633 -18.8625 0
    endloop
  endfacet
  facet normal 0 0 -1
    outer loop
      vertex 12.9992 -18.6247 0
      vertex 20 -17 0
      vertex 13.1375 -18.7367 0
    endloop
  endfacet
  facet normal 0 0 -1
    outer loop
      vertex 12.85 -18.5278 0
      vertex 20 -17 0
      vertex 12.9992 -18.6247 0
    endloop
  endfacet
  facet normal 0 0 -1
    outer loop
      vertex 12.6915 -18.447 0
      vertex 20 -17 0
      vertex 12.85 -18.5278 0
    endloop
  endfacet
  facet normal 0 0 -1
    outer loop
      vertex 12.5253 -18.3832 0
      vertex 20 -17 0
      vertex 12.6915 -18.447 0
    endloop
  endfacet
  facet normal 0 0 -1
    outer loop
      vertex 12.3534 -18.3371 0
      vertex 20 -17 0
      vertex 12.5253 -18.3832 0
    endloop
  endfacet
  facet normal 0 0 -1
    outer loop
      vertex 12.1777 -18.3093 0
      vertex 20 -17 0
      vertex 12.3534 -18.3371 0
    endloop
  endfacet
  facet normal 0 0 -1
    outer loop
      vertex 12 -18.3 0
      vertex 20 -17 0
      vertex 12.1777 -18.3093 0
    endloop
  endfacet
  facet normal 0 0 -1
    outer loop
      vertex 11.8223 -18.3093 0
      vertex 20 -17 0
      vertex 12 -18.3 0
    endloop
  endfacet
  facet normal 0 0 -1
    outer loop
      vertex -11.8223 -18.3093 0
      vertex 11.8223 -18.3093 0
      vertex 11.6465 -18.3371 0
    endloop
  endfacet
  facet normal 0 0 -1
    outer loop
      vertex -10.3 -20 0
      vertex 10.3093 -19.8223 0
      vertex 10.3 -20 0
    endloop
  endfacet
  facet normal 0 0 -1
    outer loop
      vertex -10.3093 -19.8223 0
      vertex 10.3093 -19.8223 0
      vertex -10.3 -20 0
    endloop
  endfacet
  facet normal 0 0 -1
    outer loop
      vertex 10.3093 -19.8223 0
      vertex -10.3093 -19.8223 0
      vertex 10.3371 -19.6465 0
    endloop
  endfacet
  facet normal 0 0 -1
    outer loop
      vertex -10.3371 -19.6465 0
      vertex 10.3371 -19.6465 0
      vertex -10.3093 -19.8223 0
    endloop
  endfacet
  facet normal 0 0 -1
    outer loop
      vertex 10.3371 -19.6465 0
      vertex -10.3371 -19.6465 0
      vertex 10.3832 -19.4747 0
    endloop
  endfacet
  facet normal 0 0 -1
    outer loop
      vertex -10.3832 -19.4747 0
      vertex 10.3832 -19.4747 0
      vertex -10.3371 -19.6465 0
    endloop
  endfacet
  facet normal 0 0 -1
    outer loop
      vertex 10.3832 -19.4747 0
      vertex -10.3832 -19.4747 0
      vertex 10.447 -19.3085 0
    endloop
  endfacet
  facet normal 0 0 -1
    outer loop
      vertex -10.447 -19.3085 0
      vertex 10.447 -19.3085 0
      vertex -10.3832 -19.4747 0
    endloop
  endfacet
  facet normal 0 0 -1
    outer loop
      vertex 10.447 -19.3085 0
      vertex -10.447 -19.3085 0
      vertex 10.5278 -19.15 0
    endloop
  endfacet
  facet normal 0 0 -1
    outer loop
      vertex -10.5278 -19.15 0
      vertex 10.5278 -19.15 0
      vertex -10.447 -19.3085 0
    endloop
  endfacet
  facet normal 0 0 -1
    outer loop
      vertex 10.5278 -19.15 0
      vertex -10.5278 -19.15 0
      vertex 10.6247 -19.0008 0
    endloop
  endfacet
  facet normal 0 0 -1
    outer loop
      vertex -10.6247 -19.0008 0
      vertex 10.6247 -19.0008 0
      vertex -10.5278 -19.15 0
    endloop
  endfacet
  facet normal 0 0 -1
    outer loop
      vertex 10.6247 -19.0008 0
      vertex -10.6247 -19.0008 0
      vertex 10.7367 -18.8625 0
    endloop
  endfacet
  facet normal 0 0 -1
    outer loop
      vertex -10.7367 -18.8625 0
      vertex 10.7367 -18.8625 0
      vertex -10.6247 -19.0008 0
    endloop
  endfacet
  facet normal 0 0 -1
    outer loop
      vertex 10.7367 -18.8625 0
      vertex -10.7367 -18.8625 0
      vertex 10.8625 -18.7367 0
    endloop
  endfacet
  facet normal 0 0 -1
    outer loop
      vertex -10.8625 -18.7367 0
      vertex 10.8625 -18.7367 0
      vertex -10.7367 -18.8625 0
    endloop
  endfacet
  facet normal 0 0 -1
    outer loop
      vertex 10.8625 -18.7367 0
      vertex -10.8625 -18.7367 0
      vertex 11.0008 -18.6247 0
    endloop
  endfacet
  facet normal 0 0 -1
    outer loop
      vertex -11.0008 -18.6247 0
      vertex 11.0008 -18.6247 0
      vertex -10.8625 -18.7367 0
    endloop
  endfacet
  facet normal 0 0 -1
    outer loop
      vertex 11.0008 -18.6247 0
      vertex -11.0008 -18.6247 0
      vertex 11.15 -18.5278 0
    endloop
  endfacet
  facet normal 0 0 -1
    outer loop
      vertex -11.15 -18.5278 0
      vertex 11.15 -18.5278 0
      vertex -11.0008 -18.6247 0
    endloop
  endfacet
  facet normal 0 0 -1
    outer loop
      vertex 11.15 -18.5278 0
      vertex -11.15 -18.5278 0
      vertex 11.3085 -18.447 0
    endloop
  endfacet
  facet normal 0 0 -1
    outer loop
      vertex -11.3085 -18.447 0
      vertex 11.3085 -18.447 0
      vertex -11.15 -18.5278 0
    endloop
  endfacet
  facet normal 0 0 -1
    outer loop
      vertex 11.3085 -18.447 0
      vertex -11.3085 -18.447 0
      vertex 11.4747 -18.3832 0
    endloop
  endfacet
  facet normal 0 0 -1
    outer loop
      vertex -11.4747 -18.3832 0
      vertex 11.4747 -18.3832 0
      vertex -11.3085 -18.447 0
    endloop
  endfacet
  facet normal 0 0 -1
    outer loop
      vertex 11.4747 -18.3832 0
      vertex -11.4747 -18.3832 0
      vertex 11.6465 -18.3371 0
    endloop
  endfacet
  facet normal 0 0 -1
    outer loop
      vertex -11.6465 -18.3371 0
      vertex 11.6465 -18.3371 0
      vertex -11.4747 -18.3832 0
    endloop
  endfacet
  facet normal 0 0 -1
    outer loop
      vertex -11.8223 -18.3093 0
      vertex 11.6465 -18.3371 0
      vertex -11.6465 -18.3371 0
    endloop
  endfacet
  facet normal 0 0 -1
    outer loop
      vertex 11.8223 -18.3093 0
      vertex -11.8223 -18.3093 0
      vertex 20 -17 0
    endloop
  endfacet
  facet normal 0 0 -1
    outer loop
      vertex -20 -17 0
      vertex -11.8223 -18.3093 0
      vertex -12 -18.3 0
    endloop
  endfacet
  facet normal 0 0 -1
    outer loop
      vertex -20 -17 0
      vertex -13.7 -20 0
      vertex -20 -23 0
    endloop
  endfacet
  facet normal 0 0 -1
    outer loop
      vertex -13.7 -20 0
      vertex -20 -17 0
      vertex -13.6907 -19.8223 0
    endloop
  endfacet
  facet normal 0 0 -1
    outer loop
      vertex -13.6907 -19.8223 0
      vertex -20 -17 0
      vertex -13.6629 -19.6465 0
    endloop
  endfacet
  facet normal 0 0 -1
    outer loop
      vertex -13.6629 -19.6465 0
      vertex -20 -17 0
      vertex -13.6168 -19.4747 0
    endloop
  endfacet
  facet normal 0 0 -1
    outer loop
      vertex -13.6168 -19.4747 0
      vertex -20 -17 0
      vertex -13.553 -19.3085 0
    endloop
  endfacet
  facet normal 0 0 -1
    outer loop
      vertex -13.553 -19.3085 0
      vertex -20 -17 0
      vertex -13.4722 -19.15 0
    endloop
  endfacet
  facet normal 0 0 -1
    outer loop
      vertex -13.4722 -19.15 0
      vertex -20 -17 0
      vertex -13.3753 -19.0008 0
    endloop
  endfacet
  facet normal 0 0 -1
    outer loop
      vertex -13.3753 -19.0008 0
      vertex -20 -17 0
      vertex -13.2633 -18.8625 0
    endloop
  endfacet
  facet normal 0 0 -1
    outer loop
      vertex -13.2633 -18.8625 0
      vertex -20 -17 0
      vertex -13.1375 -18.7367 0
    endloop
  endfacet
  facet normal 0 0 -1
    outer loop
      vertex -13.1375 -18.7367 0
      vertex -20 -17 0
      vertex -12.9992 -18.6247 0
    endloop
  endfacet
  facet normal 0 0 -1
    outer loop
      vertex -11.8223 -18.3093 0
      vertex -20 -17 0
      vertex 20 -17 0
    endloop
  endfacet
  facet normal 0 0 -1
    outer loop
      vertex -12.1777 -18.3093 0
      vertex -20 -17 0
      vertex -12 -18.3 0
    endloop
  endfacet
  facet normal 0 0 -1
    outer loop
      vertex -12.3534 -18.3371 0
      vertex -20 -17 0
      vertex -12.1777 -18.3093 0
    endloop
  endfacet
  facet normal 0 0 -1
    outer loop
      vertex -12.5253 -18.3832 0
      vertex -20 -17 0
      vertex -12.3534 -18.3371 0
    endloop
  endfacet
  facet normal 0 0 -1
    outer loop
      vertex -12.6915 -18.447 0
      vertex -20 -17 0
      vertex -12.5253 -18.3832 0
    endloop
  endfacet
  facet normal 0 0 -1
    outer loop
      vertex -12.85 -18.5278 0
      vertex -20 -17 0
      vertex -12.6915 -18.447 0
    endloop
  endfacet
  facet normal 0 0 -1
    outer loop
      vertex -12.9992 -18.6247 0
      vertex -20 -17 0
      vertex -12.85 -18.5278 0
    endloop
  endfacet
  facet normal 0 0 1
    outer loop
      vertex 20 -17 3
      vertex 15.4064 -20 3
      vertex 20 -23 3
    endloop
  endfacet
  facet normal 0 0 1
    outer loop
      vertex 20 -17 3
      vertex 13.7032 -17.05 3
      vertex 15.4064 -20 3
    endloop
  endfacet
  facet normal 0 0 1
    outer loop
      vertex 20 -17 3
      vertex 10.2968 -17.05 3
      vertex 13.7032 -17.05 3
    endloop
  endfacet
  facet normal 0 0 1
    outer loop
      vertex 10.2968 -17.05 3
      vertex -8.59363 -20 3
      vertex 8.59363 -20 3
    endloop
  endfacet
  facet normal 0 0 1
    outer loop
      vertex 10.2968 -17.05 3
      vertex -10.2968 -17.05 3
      vertex -8.59363 -20 3
    endloop
  endfacet
  facet normal 0 0 1
    outer loop
      vertex 20 -17 3
      vertex -10.2968 -17.05 3
      vertex 10.2968 -17.05 3
    endloop
  endfacet
  facet normal 0 0 1
    outer loop
      vertex 20 -17 3
      vertex -13.7032 -17.05 3
      vertex -10.2968 -17.05 3
    endloop
  endfacet
  facet normal 0 0 1
    outer loop
      vertex -13.7032 -17.05 3
      vertex -20 -17 3
      vertex -15.4064 -20 3
    endloop
  endfacet
  facet normal -0 0 1
    outer loop
      vertex -20 -17 3
      vertex -13.7032 -17.05 3
      vertex 20 -17 3
    endloop
  endfacet
  facet normal -0 0 1
    outer loop
      vertex 13.7032 -22.95 3
      vertex 20 -23 3
      vertex 15.4064 -20 3
    endloop
  endfacet
  facet normal -0 0 1
    outer loop
      vertex 10.2968 -22.95 3
      vertex 20 -23 3
      vertex 13.7032 -22.95 3
    endloop
  endfacet
  facet normal -0 0 1
    outer loop
      vertex -8.59363 -20 3
      vertex 10.2968 -22.95 3
      vertex 8.59363 -20 3
    endloop
  endfacet
  facet normal 0 0 1
    outer loop
      vertex -10.2968 -22.95 3
      vertex 10.2968 -22.95 3
      vertex -8.59363 -20 3
    endloop
  endfacet
  facet normal -0 0 1
    outer loop
      vertex -10.2968 -22.95 3
      vertex 20 -23 3
      vertex 10.2968 -22.95 3
    endloop
  endfacet
  facet normal -0 0 1
    outer loop
      vertex -13.7032 -22.95 3
      vertex 20 -23 3
      vertex -10.2968 -22.95 3
    endloop
  endfacet
  facet normal 0 0 1
    outer loop
      vertex -20 -23 3
      vertex -15.4064 -20 3
      vertex -20 -17 3
    endloop
  endfacet
  facet normal 0 0 1
    outer loop
      vertex -13.7032 -22.95 3
      vertex -20 -23 3
      vertex 20 -23 3
    endloop
  endfacet
  facet normal 0 0 1
    outer loop
      vertex -15.4064 -20 3
      vertex -20 -23 3
      vertex -13.7032 -22.95 3
    endloop
  endfacet
  facet normal 0 0 -1
    outer loop
      vertex 20 17 0
      vertex 13.7 20 0
      vertex 20 23 0
    endloop
  endfacet
  facet normal 0 0 -1
    outer loop
      vertex 20 17 0
      vertex 13.6907 19.8223 0
      vertex 13.7 20 0
    endloop
  endfacet
  facet normal 0 0 -1
    outer loop
      vertex 20 17 0
      vertex 13.6629 19.6465 0
      vertex 13.6907 19.8223 0
    endloop
  endfacet
  facet normal 0 0 -1
    outer loop
      vertex 20 17 0
      vertex 13.6168 19.4747 0
      vertex 13.6629 19.6465 0
    endloop
  endfacet
  facet normal 0 0 -1
    outer loop
      vertex 20 17 0
      vertex 13.553 19.3085 0
      vertex 13.6168 19.4747 0
    endloop
  endfacet
  facet normal 0 0 -1
    outer loop
      vertex 20 17 0
      vertex 13.4722 19.15 0
      vertex 13.553 19.3085 0
    endloop
  endfacet
  facet normal 0 0 -1
    outer loop
      vertex 20 17 0
      vertex 13.3753 19.0008 0
      vertex 13.4722 19.15 0
    endloop
  endfacet
  facet normal 0 0 -1
    outer loop
      vertex 20 17 0
      vertex 13.2633 18.8625 0
      vertex 13.3753 19.0008 0
    endloop
  endfacet
  facet normal 0 0 -1
    outer loop
      vertex 20 17 0
      vertex 13.1375 18.7367 0
      vertex 13.2633 18.8625 0
    endloop
  endfacet
  facet normal 0 0 -1
    outer loop
      vertex 20 17 0
      vertex 12.9992 18.6247 0
      vertex 13.1375 18.7367 0
    endloop
  endfacet
  facet normal 0 0 -1
    outer loop
      vertex 20 17 0
      vertex 12.85 18.5278 0
      vertex 12.9992 18.6247 0
    endloop
  endfacet
  facet normal 0 0 -1
    outer loop
      vertex 20 17 0
      vertex 12.6915 18.447 0
      vertex 12.85 18.5278 0
    endloop
  endfacet
  facet normal 0 0 -1
    outer loop
      vertex 20 17 0
      vertex 12.5253 18.3832 0
      vertex 12.6915 18.447 0
    endloop
  endfacet
  facet normal 0 0 -1
    outer loop
      vertex 20 17 0
      vertex 12.3534 18.3371 0
      vertex 12.5253 18.3832 0
    endloop
  endfacet
  facet normal 0 0 -1
    outer loop
      vertex 20 17 0
      vertex 12.1777 18.3093 0
      vertex 12.3534 18.3371 0
    endloop
  endfacet
  facet normal 0 0 -1
    outer loop
      vertex 20 17 0
      vertex 12 18.3 0
      vertex 12.1777 18.3093 0
    endloop
  endfacet
  facet normal 0 0 -1
    outer loop
      vertex 20 17 0
      vertex 11.8223 18.3093 0
      vertex 12 18.3 0
    endloop
  endfacet
  facet normal 0 0 -1
    outer loop
      vertex -11.8223 18.3093 0
      vertex 11.8223 18.3093 0
      vertex 20 17 0
    endloop
  endfacet
  facet normal 0 0 -1
    outer loop
      vertex 10.3093 19.8223 0
      vertex -10.3 20 0
      vertex 10.3 20 0
    endloop
  endfacet
  facet normal 0 0 -1
    outer loop
      vertex -10.3093 19.8223 0
      vertex 10.3093 19.8223 0
      vertex 10.3371 19.6465 0
    endloop
  endfacet
  facet normal 0 0 -1
    outer loop
      vertex -10.3371 19.6465 0
      vertex 10.3371 19.6465 0
      vertex 10.3832 19.4747 0
    endloop
  endfacet
  facet normal 0 0 -1
    outer loop
      vertex -10.3832 19.4747 0
      vertex 10.3832 19.4747 0
      vertex 10.447 19.3085 0
    endloop
  endfacet
  facet normal 0 0 -1
    outer loop
      vertex -10.447 19.3085 0
      vertex 10.447 19.3085 0
      vertex 10.5278 19.15 0
    endloop
  endfacet
  facet normal 0 0 -1
    outer loop
      vertex -10.5278 19.15 0
      vertex 10.5278 19.15 0
      vertex 10.6247 19.0008 0
    endloop
  endfacet
  facet normal 0 0 -1
    outer loop
      vertex -10.6247 19.0008 0
      vertex 10.6247 19.0008 0
      vertex 10.7367 18.8625 0
    endloop
  endfacet
  facet normal 0 0 -1
    outer loop
      vertex -10.7367 18.8625 0
      vertex 10.7367 18.8625 0
      vertex 10.8625 18.7367 0
    endloop
  endfacet
  facet normal 0 0 -1
    outer loop
      vertex -10.8625 18.7367 0
      vertex 10.8625 18.7367 0
      vertex 11.0008 18.6247 0
    endloop
  endfacet
  facet normal 0 0 -1
    outer loop
      vertex -11.0008 18.6247 0
      vertex 11.0008 18.6247 0
      vertex 11.15 18.5278 0
    endloop
  endfacet
  facet normal 0 0 -1
    outer loop
      vertex -11.15 18.5278 0
      vertex 11.15 18.5278 0
      vertex 11.3085 18.447 0
    endloop
  endfacet
  facet normal 0 0 -1
    outer loop
      vertex -11.3085 18.447 0
      vertex 11.3085 18.447 0
      vertex 11.4747 18.3832 0
    endloop
  endfacet
  facet normal 0 0 -1
    outer loop
      vertex -11.4747 18.3832 0
      vertex 11.4747 18.3832 0
      vertex 11.6465 18.3371 0
    endloop
  endfacet
  facet normal 0 0 -1
    outer loop
      vertex 11.8223 18.3093 0
      vertex -11.8223 18.3093 0
      vertex 11.6465 18.3371 0
    endloop
  endfacet
  facet normal 0 0 -1
    outer loop
      vertex 10.3093 19.8223 0
      vertex -10.3093 19.8223 0
      vertex -10.3 20 0
    endloop
  endfacet
  facet normal 0 0 -1
    outer loop
      vertex 10.3371 19.6465 0
      vertex -10.3371 19.6465 0
      vertex -10.3093 19.8223 0
    endloop
  endfacet
  facet normal 0 0 -1
    outer loop
      vertex 10.3832 19.4747 0
      vertex -10.3832 19.4747 0
      vertex -10.3371 19.6465 0
    endloop
  endfacet
  facet normal 0 0 -1
    outer loop
      vertex 10.447 19.3085 0
      vertex -10.447 19.3085 0
      vertex -10.3832 19.4747 0
    endloop
  endfacet
  facet normal 0 0 -1
    outer loop
      vertex 10.5278 19.15 0
      vertex -10.5278 19.15 0
      vertex -10.447 19.3085 0
    endloop
  endfacet
  facet normal 0 0 -1
    outer loop
      vertex 10.6247 19.0008 0
      vertex -10.6247 19.0008 0
      vertex -10.5278 19.15 0
    endloop
  endfacet
  facet normal 0 0 -1
    outer loop
      vertex 10.7367 18.8625 0
      vertex -10.7367 18.8625 0
      vertex -10.6247 19.0008 0
    endloop
  endfacet
  facet normal 0 0 -1
    outer loop
      vertex 10.8625 18.7367 0
      vertex -10.8625 18.7367 0
      vertex -10.7367 18.8625 0
    endloop
  endfacet
  facet normal 0 0 -1
    outer loop
      vertex 11.0008 18.6247 0
      vertex -11.0008 18.6247 0
      vertex -10.8625 18.7367 0
    endloop
  endfacet
  facet normal 0 0 -1
    outer loop
      vertex 11.15 18.5278 0
      vertex -11.15 18.5278 0
      vertex -11.0008 18.6247 0
    endloop
  endfacet
  facet normal 0 0 -1
    outer loop
      vertex 11.3085 18.447 0
      vertex -11.3085 18.447 0
      vertex -11.15 18.5278 0
    endloop
  endfacet
  facet normal 0 0 -1
    outer loop
      vertex 11.4747 18.3832 0
      vertex -11.4747 18.3832 0
      vertex -11.3085 18.447 0
    endloop
  endfacet
  facet normal 0 0 -1
    outer loop
      vertex 11.6465 18.3371 0
      vertex -11.6465 18.3371 0
      vertex -11.4747 18.3832 0
    endloop
  endfacet
  facet normal -0 0 -1
    outer loop
      vertex 11.6465 18.3371 0
      vertex -11.8223 18.3093 0
      vertex -11.6465 18.3371 0
    endloop
  endfacet
  facet normal 0 0 -1
    outer loop
      vertex -20 17 0
      vertex -11.8223 18.3093 0
      vertex 20 17 0
    endloop
  endfacet
  facet normal -0 0 -1
    outer loop
      vertex -13.6907 19.8223 0
      vertex -20 17 0
      vertex -13.7 20 0
    endloop
  endfacet
  facet normal -0 0 -1
    outer loop
      vertex -13.6629 19.6465 0
      vertex -20 17 0
      vertex -13.6907 19.8223 0
    endloop
  endfacet
  facet normal -0 0 -1
    outer loop
      vertex -13.6168 19.4747 0
      vertex -20 17 0
      vertex -13.6629 19.6465 0
    endloop
  endfacet
  facet normal -0 0 -1
    outer loop
      vertex -13.553 19.3085 0
      vertex -20 17 0
      vertex -13.6168 19.4747 0
    endloop
  endfacet
  facet normal -0 0 -1
    outer loop
      vertex -13.4722 19.15 0
      vertex -20 17 0
      vertex -13.553 19.3085 0
    endloop
  endfacet
  facet normal -0 0 -1
    outer loop
      vertex -13.3753 19.0008 0
      vertex -20 17 0
      vertex -13.4722 19.15 0
    endloop
  endfacet
  facet normal -0 0 -1
    outer loop
      vertex -13.2633 18.8625 0
      vertex -20 17 0
      vertex -13.3753 19.0008 0
    endloop
  endfacet
  facet normal -0 0 -1
    outer loop
      vertex -13.1375 18.7367 0
      vertex -20 17 0
      vertex -13.2633 18.8625 0
    endloop
  endfacet
  facet normal -0 0 -1
    outer loop
      vertex -12.9992 18.6247 0
      vertex -20 17 0
      vertex -13.1375 18.7367 0
    endloop
  endfacet
  facet normal -0 0 -1
    outer loop
      vertex -12.85 18.5278 0
      vertex -20 17 0
      vertex -12.9992 18.6247 0
    endloop
  endfacet
  facet normal -0 0 -1
    outer loop
      vertex -12.6915 18.447 0
      vertex -20 17 0
      vertex -12.85 18.5278 0
    endloop
  endfacet
  facet normal -0 0 -1
    outer loop
      vertex -12.5253 18.3832 0
      vertex -20 17 0
      vertex -12.6915 18.447 0
    endloop
  endfacet
  facet normal -0 0 -1
    outer loop
      vertex -12.3534 18.3371 0
      vertex -20 17 0
      vertex -12.5253 18.3832 0
    endloop
  endfacet
  facet normal -0 0 -1
    outer loop
      vertex -12.1777 18.3093 0
      vertex -20 17 0
      vertex -12.3534 18.3371 0
    endloop
  endfacet
  facet normal -0 0 -1
    outer loop
      vertex -12 18.3 0
      vertex -20 17 0
      vertex -12.1777 18.3093 0
    endloop
  endfacet
  facet normal 0 0 -1
    outer loop
      vertex -11.8223 18.3093 0
      vertex -20 17 0
      vertex -12 18.3 0
    endloop
  endfacet
  facet normal 0 0 -1
    outer loop
      vertex 13.6907 20.1777 0
      vertex 20 23 0
      vertex 13.7 20 0
    endloop
  endfacet
  facet normal 0 0 -1
    outer loop
      vertex 13.6629 20.3535 0
      vertex 20 23 0
      vertex 13.6907 20.1777 0
    endloop
  endfacet
  facet normal 0 0 -1
    outer loop
      vertex 13.6168 20.5253 0
      vertex 20 23 0
      vertex 13.6629 20.3535 0
    endloop
  endfacet
  facet normal 0 0 -1
    outer loop
      vertex 13.553 20.6915 0
      vertex 20 23 0
      vertex 13.6168 20.5253 0
    endloop
  endfacet
  facet normal 0 0 -1
    outer loop
      vertex 13.4722 20.85 0
      vertex 20 23 0
      vertex 13.553 20.6915 0
    endloop
  endfacet
  facet normal 0 0 -1
    outer loop
      vertex 13.3753 20.9992 0
      vertex 20 23 0
      vertex 13.4722 20.85 0
    endloop
  endfacet
  facet normal 0 0 -1
    outer loop
      vertex 13.2633 21.1375 0
      vertex 20 23 0
      vertex 13.3753 20.9992 0
    endloop
  endfacet
  facet normal 0 0 -1
    outer loop
      vertex 13.1375 21.2633 0
      vertex 20 23 0
      vertex 13.2633 21.1375 0
    endloop
  endfacet
  facet normal 0 0 -1
    outer loop
      vertex 12.9992 21.3753 0
      vertex 20 23 0
      vertex 13.1375 21.2633 0
    endloop
  endfacet
  facet normal 0 0 -1
    outer loop
      vertex 12.85 21.4722 0
      vertex 20 23 0
      vertex 12.9992 21.3753 0
    endloop
  endfacet
  facet normal 0 0 -1
    outer loop
      vertex 12.6915 21.553 0
      vertex 20 23 0
      vertex 12.85 21.4722 0
    endloop
  endfacet
  facet normal 0 0 -1
    outer loop
      vertex 12.5253 21.6168 0
      vertex 20 23 0
      vertex 12.6915 21.553 0
    endloop
  endfacet
  facet normal 0 0 -1
    outer loop
      vertex 12.3534 21.6628 0
      vertex 20 23 0
      vertex 12.5253 21.6168 0
    endloop
  endfacet
  facet normal 0 0 -1
    outer loop
      vertex 12.1777 21.6907 0
      vertex 20 23 0
      vertex 12.3534 21.6628 0
    endloop
  endfacet
  facet normal 0 0 -1
    outer loop
      vertex 12 21.7 0
      vertex 20 23 0
      vertex 12.1777 21.6907 0
    endloop
  endfacet
  facet normal 0 0 -1
    outer loop
      vertex 11.8223 21.6907 0
      vertex 20 23 0
      vertex 12 21.7 0
    endloop
  endfacet
  facet normal 0 0 -1
    outer loop
      vertex -11.8223 21.6907 0
      vertex 11.8223 21.6907 0
      vertex 11.6465 21.6628 0
    endloop
  endfacet
  facet normal 0 0 -1
    outer loop
      vertex -10.3 20 0
      vertex 10.3093 20.1777 0
      vertex 10.3 20 0
    endloop
  endfacet
  facet normal 0 0 -1
    outer loop
      vertex -10.3093 20.1777 0
      vertex 10.3093 20.1777 0
      vertex -10.3 20 0
    endloop
  endfacet
  facet normal 0 0 -1
    outer loop
      vertex 10.3093 20.1777 0
      vertex -10.3093 20.1777 0
      vertex 10.3371 20.3535 0
    endloop
  endfacet
  facet normal 0 0 -1
    outer loop
      vertex -10.3371 20.3535 0
      vertex 10.3371 20.3535 0
      vertex -10.3093 20.1777 0
    endloop
  endfacet
  facet normal 0 0 -1
    outer loop
      vertex 10.3371 20.3535 0
      vertex -10.3371 20.3535 0
      vertex 10.3832 20.5253 0
    endloop
  endfacet
  facet normal 0 0 -1
    outer loop
      vertex -10.3832 20.5253 0
      vertex 10.3832 20.5253 0
      vertex -10.3371 20.3535 0
    endloop
  endfacet
  facet normal 0 0 -1
    outer loop
      vertex 10.3832 20.5253 0
      vertex -10.3832 20.5253 0
      vertex 10.447 20.6915 0
    endloop
  endfacet
  facet normal 0 0 -1
    outer loop
      vertex -10.447 20.6915 0
      vertex 10.447 20.6915 0
      vertex -10.3832 20.5253 0
    endloop
  endfacet
  facet normal 0 0 -1
    outer loop
      vertex 10.447 20.6915 0
      vertex -10.447 20.6915 0
      vertex 10.5278 20.85 0
    endloop
  endfacet
  facet normal 0 0 -1
    outer loop
      vertex -10.5278 20.85 0
      vertex 10.5278 20.85 0
      vertex -10.447 20.6915 0
    endloop
  endfacet
  facet normal 0 0 -1
    outer loop
      vertex 10.5278 20.85 0
      vertex -10.5278 20.85 0
      vertex 10.6247 20.9992 0
    endloop
  endfacet
  facet normal 0 0 -1
    outer loop
      vertex -10.6247 20.9992 0
      vertex 10.6247 20.9992 0
      vertex -10.5278 20.85 0
    endloop
  endfacet
  facet normal 0 0 -1
    outer loop
      vertex 10.6247 20.9992 0
      vertex -10.6247 20.9992 0
      vertex 10.7367 21.1375 0
    endloop
  endfacet
  facet normal 0 0 -1
    outer loop
      vertex -10.7367 21.1375 0
      vertex 10.7367 21.1375 0
      vertex -10.6247 20.9992 0
    endloop
  endfacet
  facet normal 0 0 -1
    outer loop
      vertex 10.7367 21.1375 0
      vertex -10.7367 21.1375 0
      vertex 10.8625 21.2633 0
    endloop
  endfacet
  facet normal 0 0 -1
    outer loop
      vertex -10.8625 21.2633 0
      vertex 10.8625 21.2633 0
      vertex -10.7367 21.1375 0
    endloop
  endfacet
  facet normal 0 0 -1
    outer loop
      vertex 10.8625 21.2633 0
      vertex -10.8625 21.2633 0
      vertex 11.0008 21.3753 0
    endloop
  endfacet
  facet normal 0 0 -1
    outer loop
      vertex -11.0008 21.3753 0
      vertex 11.0008 21.3753 0
      vertex -10.8625 21.2633 0
    endloop
  endfacet
  facet normal 0 0 -1
    outer loop
      vertex 11.0008 21.3753 0
      vertex -11.0008 21.3753 0
      vertex 11.15 21.4722 0
    endloop
  endfacet
  facet normal 0 0 -1
    outer loop
      vertex -11.15 21.4722 0
      vertex 11.15 21.4722 0
      vertex -11.0008 21.3753 0
    endloop
  endfacet
  facet normal 0 0 -1
    outer loop
      vertex 11.15 21.4722 0
      vertex -11.15 21.4722 0
      vertex 11.3085 21.553 0
    endloop
  endfacet
  facet normal 0 0 -1
    outer loop
      vertex -11.3085 21.553 0
      vertex 11.3085 21.553 0
      vertex -11.15 21.4722 0
    endloop
  endfacet
  facet normal 0 0 -1
    outer loop
      vertex 11.3085 21.553 0
      vertex -11.3085 21.553 0
      vertex 11.4747 21.6168 0
    endloop
  endfacet
  facet normal 0 0 -1
    outer loop
      vertex -11.4747 21.6168 0
      vertex 11.4747 21.6168 0
      vertex -11.3085 21.553 0
    endloop
  endfacet
  facet normal 0 0 -1
    outer loop
      vertex 11.4747 21.6168 0
      vertex -11.4747 21.6168 0
      vertex 11.6465 21.6628 0
    endloop
  endfacet
  facet normal 0 0 -1
    outer loop
      vertex -11.6465 21.6628 0
      vertex 11.6465 21.6628 0
      vertex -11.4747 21.6168 0
    endloop
  endfacet
  facet normal 0 0 -1
    outer loop
      vertex -11.8223 21.6907 0
      vertex 11.6465 21.6628 0
      vertex -11.6465 21.6628 0
    endloop
  endfacet
  facet normal 0 0 -1
    outer loop
      vertex 11.8223 21.6907 0
      vertex -11.8223 21.6907 0
      vertex 20 23 0
    endloop
  endfacet
  facet normal 0 0 -1
    outer loop
      vertex -20 23 0
      vertex -11.8223 21.6907 0
      vertex -12 21.7 0
    endloop
  endfacet
  facet normal 0 0 -1
    outer loop
      vertex -20 23 0
      vertex -13.7 20 0
      vertex -20 17 0
    endloop
  endfacet
  facet normal 0 0 -1
    outer loop
      vertex -13.7 20 0
      vertex -20 23 0
      vertex -13.6907 20.1777 0
    endloop
  endfacet
  facet normal 0 0 -1
    outer loop
      vertex -13.6907 20.1777 0
      vertex -20 23 0
      vertex -13.6629 20.3535 0
    endloop
  endfacet
  facet normal 0 0 -1
    outer loop
      vertex -13.6629 20.3535 0
      vertex -20 23 0
      vertex -13.6168 20.5253 0
    endloop
  endfacet
  facet normal 0 0 -1
    outer loop
      vertex -13.6168 20.5253 0
      vertex -20 23 0
      vertex -13.553 20.6915 0
    endloop
  endfacet
  facet normal 0 0 -1
    outer loop
      vertex -13.553 20.6915 0
      vertex -20 23 0
      vertex -13.4722 20.85 0
    endloop
  endfacet
  facet normal 0 0 -1
    outer loop
      vertex -13.4722 20.85 0
      vertex -20 23 0
      vertex -13.3753 20.9992 0
    endloop
  endfacet
  facet normal 0 0 -1
    outer loop
      vertex -13.3753 20.9992 0
      vertex -20 23 0
      vertex -13.2633 21.1375 0
    endloop
  endfacet
  facet normal 0 0 -1
    outer loop
      vertex -13.2633 21.1375 0
      vertex -20 23 0
      vertex -13.1375 21.2633 0
    endloop
  endfacet
  facet normal 0 0 -1
    outer loop
      vertex -13.1375 21.2633 0
      vertex -20 23 0
      vertex -12.9992 21.3753 0
    endloop
  endfacet
  facet normal 0 0 -1
    outer loop
      vertex -11.8223 21.6907 0
      vertex -20 23 0
      vertex 20 23 0
    endloop
  endfacet
  facet normal 0 0 -1
    outer loop
      vertex -12.1777 21.6907 0
      vertex -20 23 0
      vertex -12 21.7 0
    endloop
  endfacet
  facet normal 0 0 -1
    outer loop
      vertex -12.3534 21.6628 0
      vertex -20 23 0
      vertex -12.1777 21.6907 0
    endloop
  endfacet
  facet normal 0 0 -1
    outer loop
      vertex -12.5253 21.6168 0
      vertex -20 23 0
      vertex -12.3534 21.6628 0
    endloop
  endfacet
  facet normal 0 0 -1
    outer loop
      vertex -12.6915 21.553 0
      vertex -20 23 0
      vertex -12.5253 21.6168 0
    endloop
  endfacet
  facet normal 0 0 -1
    outer loop
      vertex -12.85 21.4722 0
      vertex -20 23 0
      vertex -12.6915 21.553 0
    endloop
  endfacet
  facet normal 0 0 -1
    outer loop
      vertex -12.9992 21.3753 0
      vertex -20 23 0
      vertex -12.85 21.4722 0
    endloop
  endfacet
  facet normal 0 0 1
    outer loop
      vertex 20 23 3
      vertex 15.4064 20 3
      vertex 20 17 3
    endloop
  endfacet
  facet normal 0 0 1
    outer loop
      vertex 20 23 3
      vertex 13.7032 22.95 3
      vertex 15.4064 20 3
    endloop
  endfacet
  facet normal 0 0 1
    outer loop
      vertex 20 23 3
      vertex 10.2968 22.95 3
      vertex 13.7032 22.95 3
    endloop
  endfacet
  facet normal 0 0 1
    outer loop
      vertex 10.2968 22.95 3
      vertex -8.59363 20 3
      vertex 8.59363 20 3
    endloop
  endfacet
  facet normal 0 0 1
    outer loop
      vertex 10.2968 22.95 3
      vertex -10.2968 22.95 3
      vertex -8.59363 20 3
    endloop
  endfacet
  facet normal 0 0 1
    outer loop
      vertex 20 23 3
      vertex -10.2968 22.95 3
      vertex 10.2968 22.95 3
    endloop
  endfacet
  facet normal 0 0 1
    outer loop
      vertex 20 23 3
      vertex -13.7032 22.95 3
      vertex -10.2968 22.95 3
    endloop
  endfacet
  facet normal 0 0 1
    outer loop
      vertex -13.7032 22.95 3
      vertex -20 23 3
      vertex -15.4064 20 3
    endloop
  endfacet
  facet normal -0 0 1
    outer loop
      vertex -20 23 3
      vertex -13.7032 22.95 3
      vertex 20 23 3
    endloop
  endfacet
  facet normal -0 0 1
    outer loop
      vertex 13.7032 17.05 3
      vertex 20 17 3
      vertex 15.4064 20 3
    endloop
  endfacet
  facet normal -0 0 1
    outer loop
      vertex 10.2968 17.05 3
      vertex 20 17 3
      vertex 13.7032 17.05 3
    endloop
  endfacet
  facet normal -0 0 1
    outer loop
      vertex -8.59363 20 3
      vertex 10.2968 17.05 3
      vertex 8.59363 20 3
    endloop
  endfacet
  facet normal 0 0 1
    outer loop
      vertex -10.2968 17.05 3
      vertex 10.2968 17.05 3
      vertex -8.59363 20 3
    endloop
  endfacet
  facet normal -0 0 1
    outer loop
      vertex -10.2968 17.05 3
      vertex 20 17 3
      vertex 10.2968 17.05 3
    endloop
  endfacet
  facet normal -0 0 1
    outer loop
      vertex -13.7032 17.05 3
      vertex 20 17 3
      vertex -10.2968 17.05 3
    endloop
  endfacet
  facet normal 0 0 1
    outer loop
      vertex -20 17 3
      vertex -15.4064 20 3
      vertex -20 23 3
    endloop
  endfacet
  facet normal 0 0 1
    outer loop
      vertex -13.7032 17.05 3
      vertex -20 17 3
      vertex 20 17 3
    endloop
  endfacet
  facet normal 0 0 1
    outer loop
      vertex -15.4064 20 3
      vertex -20 17 3
      vertex -13.7032 17.05 3
    endloop
  endfacet
  facet normal 1 0 0
    outer loop
      vertex 33.8 18.9 70.85
      vertex 33.8 17.9 68.85
      vertex 33.8 18.9 68.85
    endloop
  endfacet
  facet normal 1 0 0
    outer loop
      vertex 33.8 17.9 68.85
      vertex 33.8 12.4 68.85
      vertex 33.8 17.9 67.65
    endloop
  endfacet
  facet normal 1 0 0
    outer loop
      vertex 33.8 18.9 70.85
      vertex 33.8 12.4 68.85
      vertex 33.8 17.9 68.85
    endloop
  endfacet
  facet normal 1 0 0
    outer loop
      vertex 33.8 18.9 70.85
      vertex 33.8 -12.4 68.85
      vertex 33.8 12.4 68.85
    endloop
  endfacet
  facet normal 1 0 0
    outer loop
      vertex 33.8 -12.4 68.85
      vertex 33.8 -17.9 68.85
      vertex 33.8 -12.4 67.65
    endloop
  endfacet
  facet normal 1 -0 0
    outer loop
      vertex 33.8 -18.9 70.85
      vertex 33.8 -12.4 68.85
      vertex 33.8 18.9 70.85
    endloop
  endfacet
  facet normal 1 0 0
    outer loop
      vertex 33.8 -12.4 68.85
      vertex 33.8 -18.9 70.85
      vertex 33.8 -17.9 68.85
    endloop
  endfacet
  facet normal 1 0 0
    outer loop
      vertex 33.8 -17.9 68.85
      vertex 33.8 -18.9 70.85
      vertex 33.8 -18.9 68.85
    endloop
  endfacet
  facet normal 1 0 0
    outer loop
      vertex 33.8 17.9 67.65
      vertex 33.8 12.4 68.85
      vertex 33.8 12.4 67.65
    endloop
  endfacet
  facet normal 1 0 0
    outer loop
      vertex 33.8 -12.4 67.65
      vertex 33.8 -17.9 68.85
      vertex 33.8 -17.9 67.65
    endloop
  endfacet
  facet normal 0 0 -1
    outer loop
      vertex 33.8 -17.9 67.65
      vertex 27.8 -16.4 67.65
      vertex 33.8 -12.4 67.65
    endloop
  endfacet
  facet normal 0 0 -1
    outer loop
      vertex -6 -17.9 67.65
      vertex 27.8 -16.4 67.65
      vertex 33.8 -17.9 67.65
    endloop
  endfacet
  facet normal -0 0 -1
    outer loop
      vertex -5 -16.4 67.65
      vertex -6 -17.9 67.65
      vertex -5 -13.9 67.65
    endloop
  endfacet
  facet normal -0 0 -1
    outer loop
      vertex 27.8 -16.4 67.65
      vertex -6 -17.9 67.65
      vertex -5 -16.4 67.65
    endloop
  endfacet
  facet normal 0 0 -1
    outer loop
      vertex 27.8 -13.9 67.65
      vertex 33.8 -12.4 67.65
      vertex 27.8 -16.4 67.65
    endloop
  endfacet
  facet normal 0 0 -1
    outer loop
      vertex 2.75154 -12.4 67.65
      vertex 27.8 -13.9 67.65
      vertex 2.75154 -13.9 67.65
    endloop
  endfacet
  facet normal 0 0 -1
    outer loop
      vertex 27.8 -13.9 67.65
      vertex 2.75154 -12.4 67.65
      vertex 33.8 -12.4 67.65
    endloop
  endfacet
  facet normal 0 0 -1
    outer loop
      vertex -5 -13.9 67.65
      vertex -2.75154 -12.4 67.65
      vertex -2.75154 -13.9 67.65
    endloop
  endfacet
  facet normal 0 0 -1
    outer loop
      vertex -5 -13.9 67.65
      vertex -6 -12.4 67.65
      vertex -2.75154 -12.4 67.65
    endloop
  endfacet
  facet normal 0 0 -1
    outer loop
      vertex -6 -12.4 67.65
      vertex -5 -13.9 67.65
      vertex -6 -17.9 67.65
    endloop
  endfacet
  facet normal -1 0 0
    outer loop
      vertex -6 -12.4 67.65
      vertex -6 -17.9 67.65
      vertex -6 -12.4 68.85
    endloop
  endfacet
  facet normal -1 0 0
    outer loop
      vertex -6 17.9 67.65
      vertex -6 12.4 67.65
      vertex -6 17.9 68.85
    endloop
  endfacet
  facet normal -1 0 0
    outer loop
      vertex -6 17.9 68.85
      vertex -6 18.9 70.85
      vertex -6 18.9 68.85
    endloop
  endfacet
  facet normal -1 0 0
    outer loop
      vertex -6 12.4 68.85
      vertex -6 17.9 68.85
      vertex -6 12.4 67.65
    endloop
  endfacet
  facet normal -1 0 0
    outer loop
      vertex -6 17.9 68.85
      vertex -6 12.4 68.85
      vertex -6 18.9 70.85
    endloop
  endfacet
  facet normal -1 0 0
    outer loop
      vertex -6 -12.4 68.85
      vertex -6 18.9 70.85
      vertex -6 12.4 68.85
    endloop
  endfacet
  facet normal -1 0 0
    outer loop
      vertex -6 -17.9 68.85
      vertex -6 -12.4 68.85
      vertex -6 -17.9 67.65
    endloop
  endfacet
  facet normal -1 0 0
    outer loop
      vertex -6 -18.9 70.85
      vertex -6 -12.4 68.85
      vertex -6 -17.9 68.85
    endloop
  endfacet
  facet normal -1 0 0
    outer loop
      vertex -6 -18.9 70.85
      vertex -6 -17.9 68.85
      vertex -6 -18.9 68.85
    endloop
  endfacet
  facet normal -1 0 0
    outer loop
      vertex -6 -12.4 68.85
      vertex -6 -18.9 70.85
      vertex -6 18.9 70.85
    endloop
  endfacet
  facet normal 0 1 -0
    outer loop
      vertex 2.69683 -12.4 67.6587
      vertex -6 -12.4 68.85
      vertex 33.8 -12.4 68.85
    endloop
  endfacet
  facet normal 0 1 0
    outer loop
      vertex -6 -12.4 68.85
      vertex 2.69683 -12.4 67.6587
      vertex 0 -12.4 67.8
    endloop
  endfacet
  facet normal 0 1 0
    outer loop
      vertex 2.75154 -12.4 67.65
      vertex 33.8 -12.4 68.85
      vertex 33.8 -12.4 67.65
    endloop
  endfacet
  facet normal 0 1 0
    outer loop
      vertex 33.8 -12.4 68.85
      vertex 2.75154 -12.4 67.65
      vertex 2.69683 -12.4 67.6587
    endloop
  endfacet
  facet normal 0 1 -0
    outer loop
      vertex -2.69683 -12.4 67.6587
      vertex -6 -12.4 68.85
      vertex 0 -12.4 67.8
    endloop
  endfacet
  facet normal 0 1 -0
    outer loop
      vertex -2.75154 -12.4 67.65
      vertex -6 -12.4 68.85
      vertex -2.69683 -12.4 67.6587
    endloop
  endfacet
  facet normal 0 1 0
    outer loop
      vertex -6 -12.4 68.85
      vertex -2.75154 -12.4 67.65
      vertex -6 -12.4 67.65
    endloop
  endfacet
  facet normal 0 -1 0
    outer loop
      vertex -6 -17.9 67.65
      vertex 33.8 -17.9 68.85
      vertex -6 -17.9 68.85
    endloop
  endfacet
  facet normal 0 -1 -0
    outer loop
      vertex 33.8 -17.9 68.85
      vertex -6 -17.9 67.65
      vertex 33.8 -17.9 67.65
    endloop
  endfacet
  facet normal 0 0 -1
    outer loop
      vertex -2.75154 12.4 67.65
      vertex -5 13.9 67.65
      vertex -2.75154 13.9 67.65
    endloop
  endfacet
  facet normal -0 0 -1
    outer loop
      vertex -5 13.9 67.65
      vertex -6 12.4 67.65
      vertex -5 16.4 67.65
    endloop
  endfacet
  facet normal 0 0 -1
    outer loop
      vertex -6 12.4 67.65
      vertex -5 13.9 67.65
      vertex -2.75154 12.4 67.65
    endloop
  endfacet
  facet normal 0 0 -1
    outer loop
      vertex 33.8 12.4 67.65
      vertex 27.8 13.9 67.65
      vertex 33.8 17.9 67.65
    endloop
  endfacet
  facet normal 0 0 -1
    outer loop
      vertex 2.75154 12.4 67.65
      vertex 27.8 13.9 67.65
      vertex 33.8 12.4 67.65
    endloop
  endfacet
  facet normal -0 0 -1
    outer loop
      vertex 27.8 13.9 67.65
      vertex 2.75154 12.4 67.65
      vertex 2.75154 13.9 67.65
    endloop
  endfacet
  facet normal 0 0 -1
    outer loop
      vertex 27.8 16.4 67.65
      vertex 33.8 17.9 67.65
      vertex 27.8 13.9 67.65
    endloop
  endfacet
  facet normal 0 0 -1
    outer loop
      vertex -6 17.9 67.65
      vertex 27.8 16.4 67.65
      vertex -5 16.4 67.65
    endloop
  endfacet
  facet normal 0 0 -1
    outer loop
      vertex 27.8 16.4 67.65
      vertex -6 17.9 67.65
      vertex 33.8 17.9 67.65
    endloop
  endfacet
  facet normal 0 0 -1
    outer loop
      vertex -6 17.9 67.65
      vertex -5 16.4 67.65
      vertex -6 12.4 67.65
    endloop
  endfacet
  facet normal 0 1 -0
    outer loop
      vertex 33.8 17.9 67.65
      vertex -6 17.9 68.85
      vertex 33.8 17.9 68.85
    endloop
  endfacet
  facet normal 0 1 0
    outer loop
      vertex -6 17.9 68.85
      vertex 33.8 17.9 67.65
      vertex -6 17.9 67.65
    endloop
  endfacet
  facet normal 0 -1 0
    outer loop
      vertex 2.69683 12.4 67.6587
      vertex -6 12.4 68.85
      vertex 0 12.4 67.8
    endloop
  endfacet
  facet normal 0 -1 0
    outer loop
      vertex -6 12.4 68.85
      vertex -2.69683 12.4 67.6587
      vertex 0 12.4 67.8
    endloop
  endfacet
  facet normal 0 -1 0
    outer loop
      vertex -2.75154 12.4 67.65
      vertex -6 12.4 68.85
      vertex -6 12.4 67.65
    endloop
  endfacet
  facet normal 0 -1 0
    outer loop
      vertex -6 12.4 68.85
      vertex -2.75154 12.4 67.65
      vertex -2.69683 12.4 67.6587
    endloop
  endfacet
  facet normal 0 -1 0
    outer loop
      vertex -6 12.4 68.85
      vertex 2.69683 12.4 67.6587
      vertex 33.8 12.4 68.85
    endloop
  endfacet
  facet normal 0 -1 0
    outer loop
      vertex 2.75154 12.4 67.65
      vertex 33.8 12.4 68.85
      vertex 2.69683 12.4 67.6587
    endloop
  endfacet
  facet normal 0 -1 -0
    outer loop
      vertex 33.8 12.4 68.85
      vertex 2.75154 12.4 67.65
      vertex 33.8 12.4 67.65
    endloop
  endfacet
  facet normal -0.933589 0 0.358346
    outer loop
      vertex -24.2145 6 50.8134
      vertex -23.5695 13.9 52.4938
      vertex -24.2145 13.9 50.8134
    endloop
  endfacet
  facet normal -0.933589 0 0.358346
    outer loop
      vertex -23.5695 13.9 52.4938
      vertex -24.2145 6 50.8134
      vertex -23.5695 6 52.4938
    endloop
  endfacet
  facet normal -0.933589 0 0.358346
    outer loop
      vertex -24.2145 -13.9 50.8134
      vertex -23.5695 -6 52.4938
      vertex -24.2145 -6 50.8134
    endloop
  endfacet
  facet normal -0.933589 0 0.358346
    outer loop
      vertex -23.5695 -6 52.4938
      vertex -24.2145 -13.9 50.8134
      vertex -23.5695 -13.9 52.4938
    endloop
  endfacet
  facet normal 0.15645 -6.01175e-19 -0.987686
    outer loop
      vertex 2.69683 -13.9 16.3413
      vertex 5.36412 13.9 16.7638
      vertex 5.36412 -13.9 16.7638
    endloop
  endfacet
  facet normal 0.15645 -6.01175e-19 -0.987686
    outer loop
      vertex 5.36412 13.9 16.7638
      vertex 2.69683 -13.9 16.3413
      vertex 2.69683 13.9 16.3413
    endloop
  endfacet
  facet normal 0.45402 -1.48814e-19 -0.890992
    outer loop
      vertex 10.4938 -13.9 18.4305
      vertex 11.7847 13.9 19.0883
      vertex 11.7847 -13.9 19.0883
    endloop
  endfacet
  facet normal 0.45402 -1.48814e-19 -0.890992
    outer loop
      vertex 11.7847 13.9 19.0883
      vertex 10.4938 -13.9 18.4305
      vertex 10.4938 13.9 18.4305
    endloop
  endfacet
  facet normal -0.838658 0 0.544659
    outer loop
      vertex -22.3435 -6 54.9
      vertex -22.3435 -13.9 54.9
      vertex -21 -6 56.9687
    endloop
  endfacet
  facet normal -0.838658 6.18351e-18 0.544659
    outer loop
      vertex -21 6 56.9687
      vertex -22.3435 13.9 54.9
      vertex -22.3435 6 54.9
    endloop
  endfacet
  facet normal -0.838661 -1.98361e-06 0.544654
    outer loop
      vertex -22.3435 13.9 54.9
      vertex -21 6 56.9687
      vertex -20.8726 13.9 57.1649
    endloop
  endfacet
  facet normal -0.838697 0 0.544598
    outer loop
      vertex -21 -6 56.9687
      vertex -20.8726 13.9 57.1649
      vertex -21 6 56.9687
    endloop
  endfacet
  facet normal -0.838697 -1.54718e-19 0.544598
    outer loop
      vertex -21 -6 56.9687
      vertex -20.8726 -13.9 57.1649
      vertex -20.8726 13.9 57.1649
    endloop
  endfacet
  facet normal -0.838661 1.98361e-06 0.544654
    outer loop
      vertex -20.8726 -13.9 57.1649
      vertex -21 -6 56.9687
      vertex -22.3435 -13.9 54.9
    endloop
  endfacet
  facet normal 0.0523231 -2.61282e-19 -0.99863
    outer loop
      vertex 0 -13.9 16.2
      vertex 2.69683 13.9 16.3413
      vertex 2.69683 -13.9 16.3413
    endloop
  endfacet
  facet normal 0.0523231 -2.61282e-19 -0.99863
    outer loop
      vertex 2.69683 13.9 16.3413
      vertex 0 -13.9 16.2
      vertex 0 13.9 16.2
    endloop
  endfacet
  facet normal -0.544654 -2.8021e-18 0.838661
    outer loop
      vertex -15.1649 13.9 62.8726
      vertex -12.9 -13.9 64.3435
      vertex -12.9 13.9 64.3435
    endloop
  endfacet
  facet normal -0.544654 -2.8021e-18 0.838661
    outer loop
      vertex -12.9 -13.9 64.3435
      vertex -15.1649 13.9 62.8726
      vertex -15.1649 -13.9 62.8726
    endloop
  endfacet
  facet normal 0.258801 9.72018e-20 -0.965931
    outer loop
      vertex 5.36412 -13.9 16.7638
      vertex 7.97264 13.9 17.4627
      vertex 7.97264 -13.9 17.4627
    endloop
  endfacet
  facet normal 0.258801 9.72018e-20 -0.965931
    outer loop
      vertex 7.97264 13.9 17.4627
      vertex 5.36412 -13.9 16.7638
      vertex 5.36412 13.9 16.7638
    endloop
  endfacet
  facet normal -0.89101 0 0.453985
    outer loop
      vertex -23.5695 6 52.4938
      vertex -22.3435 13.9 54.9
      vertex -23.5695 13.9 52.4938
    endloop
  endfacet
  facet normal -0.89101 0 0.453985
    outer loop
      vertex -22.3435 13.9 54.9
      vertex -23.5695 6 52.4938
      vertex -22.3435 6 54.9
    endloop
  endfacet
  facet normal -0.89101 0 0.453985
    outer loop
      vertex -23.5695 -13.9 52.4938
      vertex -22.3435 -6 54.9
      vertex -23.5695 -6 52.4938
    endloop
  endfacet
  facet normal -0.89101 0 0.453985
    outer loop
      vertex -22.3435 -6 54.9
      vertex -23.5695 -13.9 52.4938
      vertex -22.3435 -13.9 54.9
    endloop
  endfacet
  facet normal -0.15644 -4.42873e-19 -0.987687
    outer loop
      vertex -5 -13.9 16.7061
      vertex -2.69683 13.9 16.3413
      vertex -2.69683 -13.9 16.3413
    endloop
  endfacet
  facet normal -0.15644 0 -0.987687
    outer loop
      vertex -5 -13.9 16.7061
      vertex -5 13.9 16.7061
      vertex -2.69683 13.9 16.3413
    endloop
  endfacet
  facet normal -0.156511 1.2031e-19 -0.987676
    outer loop
      vertex -5.36412 -13.9 16.7638
      vertex -5 13.9 16.7061
      vertex -5 -13.9 16.7061
    endloop
  endfacet
  facet normal -0.156511 1.2031e-19 -0.987676
    outer loop
      vertex -5 13.9 16.7061
      vertex -5.36412 -13.9 16.7638
      vertex -5.36412 13.9 16.7638
    endloop
  endfacet
  facet normal -0.0523231 -2.92889e-19 0.99863
    outer loop
      vertex -2.69683 12.4 67.6587
      vertex 0 -12.4 67.8
      vertex 0 12.4 67.8
    endloop
  endfacet
  facet normal -0.0523231 -2.92889e-19 0.99863
    outer loop
      vertex 0 -12.4 67.8
      vertex -2.69683 12.4 67.6587
      vertex -2.69683 -12.4 67.6587
    endloop
  endfacet
  facet normal -0.258828 1.1261e-18 -0.965923
    outer loop
      vertex -7.87607 -13.9 17.4369
      vertex -5.36412 13.9 16.7638
      vertex -5.36412 -13.9 16.7638
    endloop
  endfacet
  facet normal -0.258828 1.1261e-18 -0.965923
    outer loop
      vertex -5.36412 13.9 16.7638
      vertex -7.87607 -13.9 17.4369
      vertex -7.87607 13.9 17.4369
    endloop
  endfacet
  facet normal 0.358374 -1.32754e-18 -0.933578
    outer loop
      vertex 7.97264 -13.9 17.4627
      vertex 10.4938 13.9 18.4305
      vertex 10.4938 -13.9 18.4305
    endloop
  endfacet
  facet normal 0.358374 -1.32754e-18 -0.933578
    outer loop
      vertex 10.4938 13.9 18.4305
      vertex 7.97264 -13.9 17.4627
      vertex 7.97264 13.9 17.4627
    endloop
  endfacet
  facet normal -0.156425 -6.4204e-18 0.98769
    outer loop
      vertex -5 13.9 67.2939
      vertex -2.75154 12.4 67.65
      vertex -2.75154 13.9 67.65
    endloop
  endfacet
  facet normal -0.156511 -0.000132027 0.987676
    outer loop
      vertex -5.36412 13.9 67.2362
      vertex -2.75154 12.4 67.65
      vertex -5 13.9 67.2939
    endloop
  endfacet
  facet normal -0.156437 0 0.987688
    outer loop
      vertex -2.75154 12.4 67.65
      vertex -5.36412 13.9 67.2362
      vertex -2.75154 -12.4 67.65
    endloop
  endfacet
  facet normal -0.156425 0 0.98769
    outer loop
      vertex -2.75154 -12.4 67.65
      vertex -5 -13.9 67.2939
      vertex -2.75154 -13.9 67.65
    endloop
  endfacet
  facet normal -0.156437 0 0.987688
    outer loop
      vertex -5.36412 -13.9 67.2362
      vertex -2.75154 -12.4 67.65
      vertex -5.36412 13.9 67.2362
    endloop
  endfacet
  facet normal -0.156511 0.000132027 0.987676
    outer loop
      vertex -2.75154 -12.4 67.65
      vertex -5.36412 -13.9 67.2362
      vertex -5 -13.9 67.2939
    endloop
  endfacet
  facet normal -0.157047 1.93848e-20 0.987591
    outer loop
      vertex -2.75154 12.4 67.65
      vertex -2.69683 -12.4 67.6587
      vertex -2.69683 12.4 67.6587
    endloop
  endfacet
  facet normal -0.157047 1.93848e-20 0.987591
    outer loop
      vertex -2.69683 -12.4 67.6587
      vertex -2.75154 12.4 67.65
      vertex -2.75154 -12.4 67.65
    endloop
  endfacet
  facet normal 0.0523231 2.92889e-19 0.99863
    outer loop
      vertex 0 12.4 67.8
      vertex 2.69683 -12.4 67.6587
      vertex 2.69683 12.4 67.6587
    endloop
  endfacet
  facet normal 0.0523231 2.92889e-19 0.99863
    outer loop
      vertex 2.69683 -12.4 67.6587
      vertex 0 12.4 67.8
      vertex 0 -12.4 67.8
    endloop
  endfacet
  facet normal -0.629322 -3.95918e-19 0.777145
    outer loop
      vertex -17.2636 13.9 61.1731
      vertex -15.1649 -13.9 62.8726
      vertex -15.1649 13.9 62.8726
    endloop
  endfacet
  facet normal -0.629322 -3.95918e-19 0.777145
    outer loop
      vertex -15.1649 -13.9 62.8726
      vertex -17.2636 13.9 61.1731
      vertex -17.2636 -13.9 61.1731
    endloop
  endfacet
  facet normal -0.707107 4.11529e-19 0.707107
    outer loop
      vertex -19.1731 13.9 59.2636
      vertex -17.2636 -13.9 61.1731
      vertex -17.2636 13.9 61.1731
    endloop
  endfacet
  facet normal -0.707107 4.11529e-19 0.707107
    outer loop
      vertex -17.2636 -13.9 61.1731
      vertex -19.1731 13.9 59.2636
      vertex -19.1731 -13.9 59.2636
    endloop
  endfacet
  facet normal -0.453985 2.46137e-18 0.89101
    outer loop
      vertex -12.9 13.9 64.3435
      vertex -10.4938 -13.9 65.5695
      vertex -10.4938 13.9 65.5695
    endloop
  endfacet
  facet normal -0.453985 2.46137e-18 0.89101
    outer loop
      vertex -10.4938 -13.9 65.5695
      vertex -12.9 13.9 64.3435
      vertex -12.9 -13.9 64.3435
    endloop
  endfacet
  facet normal -0.358374 -1.32754e-18 0.933578
    outer loop
      vertex -10.4938 13.9 65.5695
      vertex -7.97264 -13.9 66.5373
      vertex -7.97264 13.9 66.5373
    endloop
  endfacet
  facet normal -0.358374 -1.32754e-18 0.933578
    outer loop
      vertex -7.97264 -13.9 66.5373
      vertex -10.4938 13.9 65.5695
      vertex -10.4938 -13.9 65.5695
    endloop
  endfacet
  facet normal -0.258801 -1.3007e-18 0.965931
    outer loop
      vertex -7.97264 13.9 66.5373
      vertex -5.36412 -13.9 67.2362
      vertex -5.36412 13.9 67.2362
    endloop
  endfacet
  facet normal -0.258801 -1.3007e-18 0.965931
    outer loop
      vertex -5.36412 -13.9 67.2362
      vertex -7.97264 13.9 66.5373
      vertex -7.97264 -13.9 66.5373
    endloop
  endfacet
  facet normal -0.777145 0 0.629322
    outer loop
      vertex -20.8726 -13.9 57.1649
      vertex -19.1731 13.9 59.2636
      vertex -20.8726 13.9 57.1649
    endloop
  endfacet
  facet normal -0.777145 0 0.629322
    outer loop
      vertex -19.1731 13.9 59.2636
      vertex -20.8726 -13.9 57.1649
      vertex -19.1731 -13.9 59.2636
    endloop
  endfacet
  facet normal -0.0523231 2.61282e-19 -0.99863
    outer loop
      vertex -2.69683 -13.9 16.3413
      vertex 0 13.9 16.2
      vertex 0 -13.9 16.2
    endloop
  endfacet
  facet normal -0.0523231 2.61282e-19 -0.99863
    outer loop
      vertex 0 13.9 16.2
      vertex -2.69683 -13.9 16.3413
      vertex -2.69683 13.9 16.3413
    endloop
  endfacet
  facet normal 0.157047 -1.93848e-20 0.987591
    outer loop
      vertex 2.69683 12.4 67.6587
      vertex 2.75154 -12.4 67.65
      vertex 2.75154 12.4 67.65
    endloop
  endfacet
  facet normal 0.157047 -1.93848e-20 0.987591
    outer loop
      vertex 2.75154 -12.4 67.65
      vertex 2.69683 12.4 67.6587
      vertex 2.69683 -12.4 67.6587
    endloop
  endfacet
  facet normal 0.156426 -0 0.98769
    outer loop
      vertex 2.75154 12.4 67.65
      vertex 4.47466 13.9 67.3771
      vertex 2.75154 13.9 67.65
    endloop
  endfacet
  facet normal 0.156426 0 0.98769
    outer loop
      vertex 4.47466 13.9 67.3771
      vertex 2.75154 12.4 67.65
      vertex 4.47466 -13.9 67.3771
    endloop
  endfacet
  facet normal 0.156426 -0 0.98769
    outer loop
      vertex 2.75154 -12.4 67.65
      vertex 4.47466 -13.9 67.3771
      vertex 2.75154 12.4 67.65
    endloop
  endfacet
  facet normal 0.156426 -6.17184e-19 0.98769
    outer loop
      vertex 4.47466 -13.9 67.3771
      vertex 2.75154 -12.4 67.65
      vertex 2.75154 -13.9 67.65
    endloop
  endfacet
  facet normal 0.984808 0 -0.173646
    outer loop
      vertex 4.47466 -13.9 67.3771
      vertex 3.52076 13.9 61.9672
      vertex 4.47466 13.9 67.3771
    endloop
  endfacet
  facet normal 0.984808 0 -0.173646
    outer loop
      vertex 3.52076 13.9 61.9672
      vertex 4.47466 -13.9 67.3771
      vertex 3.52076 -13.9 61.9672
    endloop
  endfacet
  facet normal -0.342049 0 -0.939682
    outer loop
      vertex -19.0525 -13.9 48.9345
      vertex -21 -6 49.6434
      vertex -19.0525 13.9 48.9345
    endloop
  endfacet
  facet normal -0.342034 4.24106e-06 -0.939688
    outer loop
      vertex -24.2145 -13.9 50.8134
      vertex -21 -6 49.6434
      vertex -19.0525 -13.9 48.9345
    endloop
  endfacet
  facet normal -0.342025 3.55477e-18 -0.939691
    outer loop
      vertex -21 -6 49.6434
      vertex -24.2145 -13.9 50.8134
      vertex -24.2145 -6 50.8134
    endloop
  endfacet
  facet normal -0.342049 -0 -0.939682
    outer loop
      vertex -21 6 49.6434
      vertex -19.0525 13.9 48.9345
      vertex -21 -6 49.6434
    endloop
  endfacet
  facet normal -0.342025 -0 -0.939691
    outer loop
      vertex -24.2145 13.9 50.8134
      vertex -21 6 49.6434
      vertex -24.2145 6 50.8134
    endloop
  endfacet
  facet normal -0.342034 -4.24106e-06 -0.939688
    outer loop
      vertex -21 6 49.6434
      vertex -24.2145 13.9 50.8134
      vertex -19.0525 13.9 48.9345
    endloop
  endfacet
  facet normal -0.939692 0 0.342023
    outer loop
      vertex -7.87607 -13.9 17.4369
      vertex -5.99036 13.9 22.6178
      vertex -7.87607 13.9 17.4369
    endloop
  endfacet
  facet normal -0.939692 0 0.342023
    outer loop
      vertex -5.99036 13.9 22.6178
      vertex -7.87607 -13.9 17.4369
      vertex -5.99036 -13.9 22.6178
    endloop
  endfacet
  facet normal -0.499991 -1.04888e-18 0.866031
    outer loop
      vertex 16.8986 13.9 53.1998
      vertex 21.8484 -13.9 56.0575
      vertex 21.8484 13.9 56.0575
    endloop
  endfacet
  facet normal -0.499991 -1.04888e-18 0.866031
    outer loop
      vertex 21.8484 -13.9 56.0575
      vertex 16.8986 13.9 53.1998
      vertex 16.8986 -13.9 53.1998
    endloop
  endfacet
  facet normal 0.50003 -5.92764e-20 -0.866008
    outer loop
      vertex 22.9117 -13.9 53.7847
      vertex 23.0984 13.9 53.8925
      vertex 23.0984 -13.9 53.8925
    endloop
  endfacet
  facet normal 0.50003 -5.92764e-20 -0.866008
    outer loop
      vertex 23.0984 13.9 53.8925
      vertex 22.9117 -13.9 53.7847
      vertex 22.9117 13.9 53.7847
    endloop
  endfacet
  facet normal 0.866019 -0 0.500011
    outer loop
      vertex 21.8484 -13.9 56.0575
      vertex 23.0984 13.9 53.8925
      vertex 21.8484 13.9 56.0575
    endloop
  endfacet
  facet normal 0.866019 0 0.500011
    outer loop
      vertex 23.0984 13.9 53.8925
      vertex 21.8484 -13.9 56.0575
      vertex 23.0984 -13.9 53.8925
    endloop
  endfacet
  facet normal 0.500011 0 -0.866019
    outer loop
      vertex 11.8925 -13.9 18.9016
      vertex 14.0575 13.9 20.1516
      vertex 14.0575 -13.9 20.1516
    endloop
  endfacet
  facet normal 0.500011 0 -0.866019
    outer loop
      vertex 14.0575 13.9 20.1516
      vertex 11.8925 -13.9 18.9016
      vertex 11.8925 13.9 18.9016
    endloop
  endfacet
  facet normal 0.866209 -0 0.499682
    outer loop
      vertex 13.9498 -13.9 20.3383
      vertex 14.0575 13.9 20.1516
      vertex 13.9498 13.9 20.3383
    endloop
  endfacet
  facet normal 0.866209 0 0.499682
    outer loop
      vertex 14.0575 13.9 20.1516
      vertex 13.9498 -13.9 20.3383
      vertex 14.0575 -13.9 20.1516
    endloop
  endfacet
  facet normal -0.866008 0 -0.50003
    outer loop
      vertex 11.8925 -13.9 18.9016
      vertex 11.7847 13.9 19.0883
      vertex 11.8925 13.9 18.9016
    endloop
  endfacet
  facet normal -0.866008 -0 -0.50003
    outer loop
      vertex 11.7847 13.9 19.0883
      vertex 11.8925 -13.9 18.9016
      vertex 11.7847 -13.9 19.0883
    endloop
  endfacet
  facet normal 1 -0 0
    outer loop
      vertex 20 -23 3
      vertex 20 -17 0
      vertex 20 -17 3
    endloop
  endfacet
  facet normal 1 0 0
    outer loop
      vertex 20 -17 0
      vertex 20 -23 3
      vertex 20 -23 0
    endloop
  endfacet
  facet normal -1 0 0
    outer loop
      vertex -20 -23 0
      vertex -20 -17 3
      vertex -20 -17 0
    endloop
  endfacet
  facet normal -1 -0 0
    outer loop
      vertex -20 -17 3
      vertex -20 -23 0
      vertex -20 -23 3
    endloop
  endfacet
  facet normal 0 1 -0
    outer loop
      vertex 20 -17 0
      vertex -20 -17 3
      vertex 20 -17 3
    endloop
  endfacet
  facet normal 0 1 0
    outer loop
      vertex -20 -17 3
      vertex 20 -17 0
      vertex -20 -17 0
    endloop
  endfacet
  facet normal 0 -1 0
    outer loop
      vertex -20 -23 0
      vertex 20 -23 3
      vertex -20 -23 3
    endloop
  endfacet
  facet normal 0 -1 -0
    outer loop
      vertex 20 -23 3
      vertex -20 -23 0
      vertex 20 -23 0
    endloop
  endfacet
  facet normal 1 -0 0
    outer loop
      vertex 20 17 3
      vertex 20 23 0
      vertex 20 23 3
    endloop
  endfacet
  facet normal 1 0 0
    outer loop
      vertex 20 23 0
      vertex 20 17 3
      vertex 20 17 0
    endloop
  endfacet
  facet normal -1 0 0
    outer loop
      vertex -20 17 0
      vertex -20 23 3
      vertex -20 23 0
    endloop
  endfacet
  facet normal -1 -0 0
    outer loop
      vertex -20 23 3
      vertex -20 17 0
      vertex -20 17 3
    endloop
  endfacet
  facet normal 0 1 -0
    outer loop
      vertex 20 23 0
      vertex -20 23 3
      vertex 20 23 3
    endloop
  endfacet
  facet normal 0 1 0
    outer loop
      vertex -20 23 3
      vertex 20 23 0
      vertex -20 23 0
    endloop
  endfacet
  facet normal 0 -1 0
    outer loop
      vertex -20 17 0
      vertex 20 17 3
      vertex -20 17 3
    endloop
  endfacet
  facet normal 0 -1 -0
    outer loop
      vertex 20 17 3
      vertex -20 17 0
      vertex 20 17 0
    endloop
  endfacet
  facet normal 0 0 1
    outer loop
      vertex 33.8 18.9 70.85
      vertex 18 0 70.85
      vertex 33.8 -18.9 70.85
    endloop
  endfacet
  facet normal 0 0 1
    outer loop
      vertex 33.8 18.9 70.85
      vertex 17.9781 0.418114 70.85
      vertex 18 0 70.85
    endloop
  endfacet
  facet normal 0 0 1
    outer loop
      vertex 33.8 18.9 70.85
      vertex 17.9126 0.831646 70.85
      vertex 17.9781 0.418114 70.85
    endloop
  endfacet
  facet normal 0 0 1
    outer loop
      vertex 33.8 18.9 70.85
      vertex 17.8042 1.23607 70.85
      vertex 17.9126 0.831646 70.85
    endloop
  endfacet
  facet normal 0 0 1
    outer loop
      vertex 33.8 18.9 70.85
      vertex 17.6542 1.62695 70.85
      vertex 17.8042 1.23607 70.85
    endloop
  endfacet
  facet normal 0 0 1
    outer loop
      vertex 33.8 18.9 70.85
      vertex 17.4641 2 70.85
      vertex 17.6542 1.62695 70.85
    endloop
  endfacet
  facet normal 0 0 1
    outer loop
      vertex 33.8 18.9 70.85
      vertex 17.2361 2.35114 70.85
      vertex 17.4641 2 70.85
    endloop
  endfacet
  facet normal 0 0 1
    outer loop
      vertex 33.8 18.9 70.85
      vertex 16.9726 2.67652 70.85
      vertex 17.2361 2.35114 70.85
    endloop
  endfacet
  facet normal 0 0 1
    outer loop
      vertex 33.8 18.9 70.85
      vertex 16.6765 2.97258 70.85
      vertex 16.9726 2.67652 70.85
    endloop
  endfacet
  facet normal 0 0 1
    outer loop
      vertex 33.8 18.9 70.85
      vertex 16.3511 3.23607 70.85
      vertex 16.6765 2.97258 70.85
    endloop
  endfacet
  facet normal 0 0 1
    outer loop
      vertex 33.8 18.9 70.85
      vertex 16 3.4641 70.85
      vertex 16.3511 3.23607 70.85
    endloop
  endfacet
  facet normal 0 0 1
    outer loop
      vertex 33.8 18.9 70.85
      vertex 15.6269 3.65418 70.85
      vertex 16 3.4641 70.85
    endloop
  endfacet
  facet normal 0 0 1
    outer loop
      vertex 33.8 18.9 70.85
      vertex 15.2361 3.80423 70.85
      vertex 15.6269 3.65418 70.85
    endloop
  endfacet
  facet normal 0 0 1
    outer loop
      vertex 33.8 18.9 70.85
      vertex 14.8316 3.91259 70.85
      vertex 15.2361 3.80423 70.85
    endloop
  endfacet
  facet normal 0 0 1
    outer loop
      vertex 33.8 18.9 70.85
      vertex 14.4181 3.97809 70.85
      vertex 14.8316 3.91259 70.85
    endloop
  endfacet
  facet normal 0 0 1
    outer loop
      vertex 33.8 18.9 70.85
      vertex 14 4 70.85
      vertex 14.4181 3.97809 70.85
    endloop
  endfacet
  facet normal -0 0 1
    outer loop
      vertex -6 18.9 70.85
      vertex 14 4 70.85
      vertex 33.8 18.9 70.85
    endloop
  endfacet
  facet normal 0 0 1
    outer loop
      vertex 14 4 70.85
      vertex -6 18.9 70.85
      vertex 13.5819 3.97809 70.85
    endloop
  endfacet
  facet normal 0 0 1
    outer loop
      vertex 13.5819 3.97809 70.85
      vertex -6 18.9 70.85
      vertex 13.1684 3.91259 70.85
    endloop
  endfacet
  facet normal 0 0 1
    outer loop
      vertex 13.1684 3.91259 70.85
      vertex -6 18.9 70.85
      vertex 12.7639 3.80423 70.85
    endloop
  endfacet
  facet normal 0 0 1
    outer loop
      vertex 12.7639 3.80423 70.85
      vertex -6 18.9 70.85
      vertex 12.3731 3.65418 70.85
    endloop
  endfacet
  facet normal 0 0 1
    outer loop
      vertex 12.3731 3.65418 70.85
      vertex -6 18.9 70.85
      vertex 12 3.4641 70.85
    endloop
  endfacet
  facet normal 0 0 1
    outer loop
      vertex 10.0219 0.418114 70.85
      vertex -6 18.9 70.85
      vertex 10 0 70.85
    endloop
  endfacet
  facet normal 0 0 1
    outer loop
      vertex 10.0874 0.831646 70.85
      vertex -6 18.9 70.85
      vertex 10.0219 0.418114 70.85
    endloop
  endfacet
  facet normal 0 0 1
    outer loop
      vertex 10.1958 1.23607 70.85
      vertex -6 18.9 70.85
      vertex 10.0874 0.831646 70.85
    endloop
  endfacet
  facet normal 0 0 1
    outer loop
      vertex 10.3458 1.62695 70.85
      vertex -6 18.9 70.85
      vertex 10.1958 1.23607 70.85
    endloop
  endfacet
  facet normal 0 0 1
    outer loop
      vertex 10.5359 2 70.85
      vertex -6 18.9 70.85
      vertex 10.3458 1.62695 70.85
    endloop
  endfacet
  facet normal 0 0 1
    outer loop
      vertex 10.7639 2.35114 70.85
      vertex -6 18.9 70.85
      vertex 10.5359 2 70.85
    endloop
  endfacet
  facet normal 0 0 1
    outer loop
      vertex 11.0274 2.67652 70.85
      vertex -6 18.9 70.85
      vertex 10.7639 2.35114 70.85
    endloop
  endfacet
  facet normal 0 0 1
    outer loop
      vertex 11.3235 2.97258 70.85
      vertex -6 18.9 70.85
      vertex 11.0274 2.67652 70.85
    endloop
  endfacet
  facet normal 0 0 1
    outer loop
      vertex 11.6489 3.23607 70.85
      vertex -6 18.9 70.85
      vertex 11.3235 2.97258 70.85
    endloop
  endfacet
  facet normal 0 0 1
    outer loop
      vertex 12 3.4641 70.85
      vertex -6 18.9 70.85
      vertex 11.6489 3.23607 70.85
    endloop
  endfacet
  facet normal -0 0 1
    outer loop
      vertex 17.9781 -0.418114 70.85
      vertex 33.8 -18.9 70.85
      vertex 18 0 70.85
    endloop
  endfacet
  facet normal -0 0 1
    outer loop
      vertex 17.9126 -0.831646 70.85
      vertex 33.8 -18.9 70.85
      vertex 17.9781 -0.418114 70.85
    endloop
  endfacet
  facet normal -0 0 1
    outer loop
      vertex 17.8042 -1.23607 70.85
      vertex 33.8 -18.9 70.85
      vertex 17.9126 -0.831646 70.85
    endloop
  endfacet
  facet normal -0 0 1
    outer loop
      vertex 17.6542 -1.62695 70.85
      vertex 33.8 -18.9 70.85
      vertex 17.8042 -1.23607 70.85
    endloop
  endfacet
  facet normal -0 0 1
    outer loop
      vertex 17.4641 -2 70.85
      vertex 33.8 -18.9 70.85
      vertex 17.6542 -1.62695 70.85
    endloop
  endfacet
  facet normal -0 0 1
    outer loop
      vertex 17.2361 -2.35114 70.85
      vertex 33.8 -18.9 70.85
      vertex 17.4641 -2 70.85
    endloop
  endfacet
  facet normal -0 0 1
    outer loop
      vertex 16.9726 -2.67652 70.85
      vertex 33.8 -18.9 70.85
      vertex 17.2361 -2.35114 70.85
    endloop
  endfacet
  facet normal -0 0 1
    outer loop
      vertex 16.6765 -2.97258 70.85
      vertex 33.8 -18.9 70.85
      vertex 16.9726 -2.67652 70.85
    endloop
  endfacet
  facet normal -0 0 1
    outer loop
      vertex 16.3511 -3.23607 70.85
      vertex 33.8 -18.9 70.85
      vertex 16.6765 -2.97258 70.85
    endloop
  endfacet
  facet normal -0 0 1
    outer loop
      vertex 16 -3.4641 70.85
      vertex 33.8 -18.9 70.85
      vertex 16.3511 -3.23607 70.85
    endloop
  endfacet
  facet normal -0 0 1
    outer loop
      vertex 15.6269 -3.65418 70.85
      vertex 33.8 -18.9 70.85
      vertex 16 -3.4641 70.85
    endloop
  endfacet
  facet normal -0 0 1
    outer loop
      vertex 15.2361 -3.80423 70.85
      vertex 33.8 -18.9 70.85
      vertex 15.6269 -3.65418 70.85
    endloop
  endfacet
  facet normal -0 0 1
    outer loop
      vertex 14.8316 -3.91259 70.85
      vertex 33.8 -18.9 70.85
      vertex 15.2361 -3.80423 70.85
    endloop
  endfacet
  facet normal -0 0 1
    outer loop
      vertex 14.4181 -3.97809 70.85
      vertex 33.8 -18.9 70.85
      vertex 14.8316 -3.91259 70.85
    endloop
  endfacet
  facet normal -0 0 1
    outer loop
      vertex 14 -4 70.85
      vertex 33.8 -18.9 70.85
      vertex 14.4181 -3.97809 70.85
    endloop
  endfacet
  facet normal 0 0 1
    outer loop
      vertex -6 -18.9 70.85
      vertex 14 -4 70.85
      vertex 13.5819 -3.97809 70.85
    endloop
  endfacet
  facet normal 0 0 1
    outer loop
      vertex -6 -18.9 70.85
      vertex 13.5819 -3.97809 70.85
      vertex 13.1684 -3.91259 70.85
    endloop
  endfacet
  facet normal 0 0 1
    outer loop
      vertex -6 -18.9 70.85
      vertex 13.1684 -3.91259 70.85
      vertex 12.7639 -3.80423 70.85
    endloop
  endfacet
  facet normal 0 0 1
    outer loop
      vertex -6 -18.9 70.85
      vertex 12.7639 -3.80423 70.85
      vertex 12.3731 -3.65418 70.85
    endloop
  endfacet
  facet normal 0 0 1
    outer loop
      vertex -6 -18.9 70.85
      vertex 12.3731 -3.65418 70.85
      vertex 12 -3.4641 70.85
    endloop
  endfacet
  facet normal 0 0 1
    outer loop
      vertex -6 -18.9 70.85
      vertex 12 -3.4641 70.85
      vertex 11.6489 -3.23607 70.85
    endloop
  endfacet
  facet normal 0 0 1
    outer loop
      vertex -6 -18.9 70.85
      vertex 10 0 70.85
      vertex -6 18.9 70.85
    endloop
  endfacet
  facet normal 0 0 1
    outer loop
      vertex 10 0 70.85
      vertex -6 -18.9 70.85
      vertex 10.0219 -0.418114 70.85
    endloop
  endfacet
  facet normal 0 0 1
    outer loop
      vertex 10.0219 -0.418114 70.85
      vertex -6 -18.9 70.85
      vertex 10.0874 -0.831646 70.85
    endloop
  endfacet
  facet normal 0 0 1
    outer loop
      vertex 10.0874 -0.831646 70.85
      vertex -6 -18.9 70.85
      vertex 10.1958 -1.23607 70.85
    endloop
  endfacet
  facet normal 0 0 1
    outer loop
      vertex 10.1958 -1.23607 70.85
      vertex -6 -18.9 70.85
      vertex 10.3458 -1.62695 70.85
    endloop
  endfacet
  facet normal 0 0 1
    outer loop
      vertex 10.3458 -1.62695 70.85
      vertex -6 -18.9 70.85
      vertex 10.5359 -2 70.85
    endloop
  endfacet
  facet normal 0 0 1
    outer loop
      vertex 14 -4 70.85
      vertex -6 -18.9 70.85
      vertex 33.8 -18.9 70.85
    endloop
  endfacet
  facet normal 0 0 1
    outer loop
      vertex 11.3235 -2.97258 70.85
      vertex -6 -18.9 70.85
      vertex 11.6489 -3.23607 70.85
    endloop
  endfacet
  facet normal 0 0 1
    outer loop
      vertex 11.0274 -2.67652 70.85
      vertex -6 -18.9 70.85
      vertex 11.3235 -2.97258 70.85
    endloop
  endfacet
  facet normal 0 0 1
    outer loop
      vertex 10.7639 -2.35114 70.85
      vertex -6 -18.9 70.85
      vertex 11.0274 -2.67652 70.85
    endloop
  endfacet
  facet normal 0 0 1
    outer loop
      vertex 10.5359 -2 70.85
      vertex -6 -18.9 70.85
      vertex 10.7639 -2.35114 70.85
    endloop
  endfacet
  facet normal 0 0 -1
    outer loop
      vertex -6 17.9 68.85
      vertex 33.8 18.9 68.85
      vertex 33.8 17.9 68.85
    endloop
  endfacet
  facet normal -0 0 -1
    outer loop
      vertex 33.8 18.9 68.85
      vertex -6 17.9 68.85
      vertex -6 18.9 68.85
    endloop
  endfacet
  facet normal 0 0 -1
    outer loop
      vertex -6 -18.9 68.85
      vertex 33.8 -17.9 68.85
      vertex 33.8 -18.9 68.85
    endloop
  endfacet
  facet normal -0 0 -1
    outer loop
      vertex 33.8 -17.9 68.85
      vertex -6 -18.9 68.85
      vertex -6 -17.9 68.85
    endloop
  endfacet
  facet normal 0 0 -1
    outer loop
      vertex -6 -12.4 68.85
      vertex 33.8 12.4 68.85
      vertex 33.8 -12.4 68.85
    endloop
  endfacet
  facet normal -0 0 -1
    outer loop
      vertex 33.8 12.4 68.85
      vertex -6 -12.4 68.85
      vertex -6 12.4 68.85
    endloop
  endfacet
  facet normal 0 1 -0
    outer loop
      vertex 33.8 18.9 68.85
      vertex -6 18.9 70.85
      vertex 33.8 18.9 70.85
    endloop
  endfacet
  facet normal 0 1 0
    outer loop
      vertex -6 18.9 70.85
      vertex 33.8 18.9 68.85
      vertex -6 18.9 68.85
    endloop
  endfacet
  facet normal 0 -1 0
    outer loop
      vertex -6 -18.9 68.85
      vertex 33.8 -18.9 70.85
      vertex -6 -18.9 70.85
    endloop
  endfacet
  facet normal 0 -1 -0
    outer loop
      vertex 33.8 -18.9 70.85
      vertex -6 -18.9 68.85
      vertex 33.8 -18.9 68.85
    endloop
  endfacet
  facet normal -0.933575 0.358382 0
    outer loop
      vertex 10.3458 1.62695 70.85
      vertex 10.197 1.23933 73.8936
      vertex 10.3458 1.62695 73.9126
    endloop
  endfacet
  facet normal -0.933616 0.358275 -1.56513e-05
    outer loop
      vertex 10.1958 1.23607 70.85
      vertex 10.197 1.23933 73.8936
      vertex 10.3458 1.62695 70.85
    endloop
  endfacet
  facet normal -0.938441 0.345439 -3.29281e-20
    outer loop
      vertex 10.197 1.23933 73.8936
      vertex 10.1958 1.23607 70.85
      vertex 10.1958 1.23607 73.8934
    endloop
  endfacet
  facet normal 0.989696 0.143185 -6.47207e-21
    outer loop
      vertex 17.9131 0.82819 73.8936
      vertex 17.9126 0.831646 70.85
      vertex 17.9126 0.831646 73.8934
    endloop
  endfacet
  facet normal 0.98767 0.156553 -0
    outer loop
      vertex 17.9781 0.418114 70.85
      vertex 17.9131 0.82819 73.8936
      vertex 17.9781 0.418114 73.9126
    endloop
  endfacet
  facet normal 0.987687 0.156441 1.53824e-05
    outer loop
      vertex 17.9131 0.82819 73.8936
      vertex 17.9781 0.418114 70.85
      vertex 17.9126 0.831646 70.85
    endloop
  endfacet
  facet normal 0.998631 0.0523064 -1.25283e-19
    outer loop
      vertex 18 0 73.8552
      vertex 17.9781 0.418114 70.85
      vertex 17.9781 0.418114 73.9126
    endloop
  endfacet
  facet normal 0.998631 0.0523064 -1.27676e-19
    outer loop
      vertex 17.9781 0.418114 70.85
      vertex 18 0 73.8552
      vertex 18 0 70.85
    endloop
  endfacet
  facet normal 0.965904 0.258899 -1.05097e-18
    outer loop
      vertex 17.8584 1.03386 73.8457
      vertex 17.8042 1.23607 70.85
      vertex 17.8042 1.23607 73.8934
    endloop
  endfacet
  facet normal 0.965906 0.258894 -0
    outer loop
      vertex 17.9126 0.831646 70.85
      vertex 17.8584 1.03386 73.8457
      vertex 17.9126 0.831646 73.8934
    endloop
  endfacet
  facet normal 0.965905 0.258897 -1.72846e-07
    outer loop
      vertex 17.8584 1.03386 73.8457
      vertex 17.9126 0.831646 70.85
      vertex 17.8042 1.23607 70.85
    endloop
  endfacet
  facet normal 0.358377 0.933577 -0
    outer loop
      vertex 15.6269 3.65418 70.85
      vertex 15.2393 3.80297 73.8936
      vertex 15.6269 3.65418 73.9126
    endloop
  endfacet
  facet normal 0.358443 0.933552 9.61305e-06
    outer loop
      vertex 15.2361 3.80423 70.85
      vertex 15.2393 3.80297 73.8936
      vertex 15.6269 3.65418 70.85
    endloop
  endfacet
  facet normal 0.366372 0.930468 -7.63581e-21
    outer loop
      vertex 15.2393 3.80297 73.8936
      vertex 15.2361 3.80423 70.85
      vertex 15.2361 3.80423 73.8934
    endloop
  endfacet
  facet normal 0.777511 0.628869 2.57645e-20
    outer loop
      vertex 16.9748 2.6738 73.8936
      vertex 16.9726 2.67652 70.85
      vertex 16.9726 2.67652 73.8934
    endloop
  endfacet
  facet normal 0.777128 0.629342 -0
    outer loop
      vertex 17.2361 2.35114 70.85
      vertex 16.9748 2.6738 73.8936
      vertex 17.2361 2.35114 73.9126
    endloop
  endfacet
  facet normal 0.777131 0.629338 6.93695e-07
    outer loop
      vertex 16.9748 2.6738 73.8936
      vertex 17.2361 2.35114 70.85
      vertex 16.9726 2.67652 70.85
    endloop
  endfacet
  facet normal 0.998631 -0.0523064 0
    outer loop
      vertex 17.9781 -0.418114 70.85
      vertex 18 0 73.8552
      vertex 17.9781 -0.418114 73.9126
    endloop
  endfacet
  facet normal 0.998631 -0.0523064 0
    outer loop
      vertex 18 0 73.8552
      vertex 17.9781 -0.418114 70.85
      vertex 18 0 70.85
    endloop
  endfacet
  facet normal 0.453945 0.89103 -2.60648e-18
    outer loop
      vertex 15.6269 3.65418 70.85
      vertex 16 3.4641 73.8552
      vertex 16 3.4641 70.85
    endloop
  endfacet
  facet normal 0.453945 0.89103 -2.55763e-18
    outer loop
      vertex 16 3.4641 73.8552
      vertex 15.6269 3.65418 70.85
      vertex 15.6269 3.65418 73.9126
    endloop
  endfacet
  facet normal -0.0523319 -0.99863 0
    outer loop
      vertex 13.5819 -3.97809 70.85
      vertex 14 -4 73.8552
      vertex 13.5819 -3.97809 73.9126
    endloop
  endfacet
  facet normal -0.0523319 -0.99863 -0
    outer loop
      vertex 14 -4 73.8552
      vertex 13.5819 -3.97809 70.85
      vertex 14 -4 70.85
    endloop
  endfacet
  facet normal 0.544678 -0.838645 4.80908e-18
    outer loop
      vertex 16.3511 -3.23607 70.85
      vertex 16 -3.4641 73.8552
      vertex 16 -3.4641 70.85
    endloop
  endfacet
  facet normal 0.544678 -0.838645 4.71895e-18
    outer loop
      vertex 16 -3.4641 73.8552
      vertex 16.3511 -3.23607 70.85
      vertex 16.3511 -3.23607 73.9126
    endloop
  endfacet
  facet normal -0.890986 -0.454031 0
    outer loop
      vertex 10.3458 -1.62695 70.85
      vertex 10.5359 -2 73.8552
      vertex 10.3458 -1.62695 73.9126
    endloop
  endfacet
  facet normal -0.890986 -0.454031 0
    outer loop
      vertex 10.5359 -2 70.85
      vertex 10.5359 -2 73.8552
      vertex 10.3458 -1.62695 70.85
    endloop
  endfacet
  facet normal 0.453945 -0.89103 0
    outer loop
      vertex 15.6269 -3.65418 70.85
      vertex 16 -3.4641 73.8552
      vertex 15.6269 -3.65418 73.9126
    endloop
  endfacet
  facet normal 0.453945 -0.89103 0
    outer loop
      vertex 16 -3.4641 73.8552
      vertex 15.6269 -3.65418 70.85
      vertex 16 -3.4641 70.85
    endloop
  endfacet
  facet normal 0.366372 -0.930468 0
    outer loop
      vertex 15.2361 -3.80423 70.85
      vertex 15.2393 -3.80297 73.8936
      vertex 15.2361 -3.80423 73.8934
    endloop
  endfacet
  facet normal 0.358443 -0.933552 9.61305e-06
    outer loop
      vertex 15.2393 -3.80297 73.8936
      vertex 15.2361 -3.80423 70.85
      vertex 15.6269 -3.65418 70.85
    endloop
  endfacet
  facet normal 0.358377 -0.933577 -9.51376e-19
    outer loop
      vertex 15.2393 -3.80297 73.8936
      vertex 15.6269 -3.65418 70.85
      vertex 15.6269 -3.65418 73.9126
    endloop
  endfacet
  facet normal 0.0523319 0.99863 -0
    outer loop
      vertex 14.4181 3.97809 70.85
      vertex 14 4 73.8552
      vertex 14.4181 3.97809 73.9126
    endloop
  endfacet
  facet normal 0.0523319 0.99863 0
    outer loop
      vertex 14 4 73.8552
      vertex 14.4181 3.97809 70.85
      vertex 14 4 70.85
    endloop
  endfacet
  facet normal -0.366372 0.930468 0
    outer loop
      vertex 12.7639 3.80423 70.85
      vertex 12.7607 3.80297 73.8936
      vertex 12.7639 3.80423 73.8934
    endloop
  endfacet
  facet normal -0.358443 0.933552 9.61305e-06
    outer loop
      vertex 12.7607 3.80297 73.8936
      vertex 12.7639 3.80423 70.85
      vertex 12.3731 3.65418 70.85
    endloop
  endfacet
  facet normal -0.358377 0.933577 -9.51376e-19
    outer loop
      vertex 12.7607 3.80297 73.8936
      vertex 12.3731 3.65418 70.85
      vertex 12.3731 3.65418 73.9126
    endloop
  endfacet
  facet normal -0.98767 -0.156553 0
    outer loop
      vertex 10.0219 -0.418114 70.85
      vertex 10.0869 -0.82819 73.8936
      vertex 10.0219 -0.418114 73.9126
    endloop
  endfacet
  facet normal -0.987687 -0.156441 1.53824e-05
    outer loop
      vertex 10.0874 -0.831646 70.85
      vertex 10.0869 -0.82819 73.8936
      vertex 10.0219 -0.418114 70.85
    endloop
  endfacet
  facet normal -0.989696 -0.143185 -7.05485e-21
    outer loop
      vertex 10.0869 -0.82819 73.8936
      vertex 10.0874 -0.831646 70.85
      vertex 10.0874 -0.831646 73.8934
    endloop
  endfacet
  facet normal 0.777128 -0.629342 -9.33311e-19
    outer loop
      vertex 16.9748 -2.6738 73.8936
      vertex 17.2361 -2.35114 70.85
      vertex 17.2361 -2.35114 73.9126
    endloop
  endfacet
  facet normal 0.777511 -0.628869 0
    outer loop
      vertex 16.9726 -2.67652 70.85
      vertex 16.9748 -2.6738 73.8936
      vertex 16.9726 -2.67652 73.8934
    endloop
  endfacet
  facet normal 0.777131 -0.629338 6.93695e-07
    outer loop
      vertex 16.9748 -2.6738 73.8936
      vertex 16.9726 -2.67652 70.85
      vertex 17.2361 -2.35114 70.85
    endloop
  endfacet
  facet normal -0.544678 -0.838645 0
    outer loop
      vertex 11.6489 -3.23607 70.85
      vertex 12 -3.4641 73.8552
      vertex 11.6489 -3.23607 73.9126
    endloop
  endfacet
  facet normal -0.544678 -0.838645 -0
    outer loop
      vertex 12 -3.4641 73.8552
      vertex 11.6489 -3.23607 70.85
      vertex 12 -3.4641 70.85
    endloop
  endfacet
  facet normal -0.258822 -0.965925 -0
    outer loop
      vertex 12.7639 -3.80423 73.8934
      vertex 12.7639 -3.80423 70.85
      vertex 12.9661 -3.85841 73.8457
    endloop
  endfacet
  facet normal -0.258762 -0.965941 -4.3189e-06
    outer loop
      vertex 13.1684 -3.91259 70.85
      vertex 12.9661 -3.85841 73.8457
      vertex 12.7639 -3.80423 70.85
    endloop
  endfacet
  facet normal -0.258703 -0.965957 -1.12192e-18
    outer loop
      vertex 12.9661 -3.85841 73.8457
      vertex 13.1684 -3.91259 70.85
      vertex 13.1684 -3.91259 73.8934
    endloop
  endfacet
  facet normal -0.453945 0.89103 0
    outer loop
      vertex 12.3731 3.65418 70.85
      vertex 12 3.4641 73.8552
      vertex 12.3731 3.65418 73.9126
    endloop
  endfacet
  facet normal -0.453945 0.89103 0
    outer loop
      vertex 12 3.4641 73.8552
      vertex 12.3731 3.65418 70.85
      vertex 12 3.4641 70.85
    endloop
  endfacet
  facet normal -0.965906 -0.258894 0
    outer loop
      vertex 10.0874 -0.831646 70.85
      vertex 10.1416 -1.03386 73.8457
      vertex 10.0874 -0.831646 73.8934
    endloop
  endfacet
  facet normal -0.965905 -0.258897 -1.72846e-07
    outer loop
      vertex 10.1958 -1.23607 70.85
      vertex 10.1416 -1.03386 73.8457
      vertex 10.0874 -0.831646 70.85
    endloop
  endfacet
  facet normal -0.965904 -0.258899 -1.22261e-18
    outer loop
      vertex 10.1416 -1.03386 73.8457
      vertex 10.1958 -1.23607 70.85
      vertex 10.1958 -1.23607 73.8934
    endloop
  endfacet
  facet normal 0.890986 0.454031 -0
    outer loop
      vertex 17.6542 1.62695 70.85
      vertex 17.4641 2 73.8552
      vertex 17.6542 1.62695 73.9126
    endloop
  endfacet
  facet normal 0.890986 0.454031 0
    outer loop
      vertex 17.4641 2 73.8552
      vertex 17.6542 1.62695 70.85
      vertex 17.4641 2 70.85
    endloop
  endfacet
  facet normal 0.629281 -0.777178 0
    outer loop
      vertex 16.3511 -3.23607 70.85
      vertex 16.6738 -2.97478 73.8936
      vertex 16.3511 -3.23607 73.9126
    endloop
  endfacet
  facet normal 0.629301 -0.777162 -3.49743e-06
    outer loop
      vertex 16.6765 -2.97258 70.85
      vertex 16.6738 -2.97478 73.8936
      vertex 16.3511 -3.23607 70.85
    endloop
  endfacet
  facet normal 0.631673 -0.775235 -2.99141e-20
    outer loop
      vertex 16.6738 -2.97478 73.8936
      vertex 16.6765 -2.97258 70.85
      vertex 16.6765 -2.97258 73.8934
    endloop
  endfacet
  facet normal 0.933575 0.358382 1.27762e-18
    outer loop
      vertex 17.803 1.23933 73.8936
      vertex 17.6542 1.62695 70.85
      vertex 17.6542 1.62695 73.9126
    endloop
  endfacet
  facet normal 0.938441 0.345439 -0
    outer loop
      vertex 17.8042 1.23607 70.85
      vertex 17.803 1.23933 73.8936
      vertex 17.8042 1.23607 73.8934
    endloop
  endfacet
  facet normal 0.933616 0.358275 -1.56513e-05
    outer loop
      vertex 17.803 1.23933 73.8936
      vertex 17.8042 1.23607 70.85
      vertex 17.6542 1.62695 70.85
    endloop
  endfacet
  facet normal -0.156426 0.98769 0
    outer loop
      vertex 13.5819 3.97809 70.85
      vertex 13.1718 3.91314 73.8936
      vertex 13.5819 3.97809 73.9126
    endloop
  endfacet
  facet normal -0.156453 0.987685 -3.70815e-06
    outer loop
      vertex 13.1684 3.91259 70.85
      vertex 13.1718 3.91314 73.8936
      vertex 13.5819 3.97809 70.85
    endloop
  endfacet
  facet normal -0.159689 0.987167 -9.19616e-21
    outer loop
      vertex 13.1718 3.91314 73.8936
      vertex 13.1684 3.91259 70.85
      vertex 13.1684 3.91259 73.8934
    endloop
  endfacet
  facet normal 0.631673 0.775235 -0
    outer loop
      vertex 16.6765 2.97258 70.85
      vertex 16.6738 2.97478 73.8936
      vertex 16.6765 2.97258 73.8934
    endloop
  endfacet
  facet normal 0.629301 0.777162 -3.49743e-06
    outer loop
      vertex 16.6738 2.97478 73.8936
      vertex 16.6765 2.97258 70.85
      vertex 16.3511 3.23607 70.85
    endloop
  endfacet
  facet normal 0.629281 0.777178 -4.92082e-18
    outer loop
      vertex 16.6738 2.97478 73.8936
      vertex 16.3511 3.23607 70.85
      vertex 16.3511 3.23607 73.9126
    endloop
  endfacet
  facet normal 0.707178 0.707035 0
    outer loop
      vertex 16.9726 2.67652 73.8934
      vertex 16.9726 2.67652 70.85
      vertex 16.8246 2.82455 73.8457
    endloop
  endfacet
  facet normal 0.707059 0.707155 -1.18012e-05
    outer loop
      vertex 16.6765 2.97258 70.85
      vertex 16.8246 2.82455 73.8457
      vertex 16.9726 2.67652 70.85
    endloop
  endfacet
  facet normal 0.70694 0.707274 -1.03709e-18
    outer loop
      vertex 16.8246 2.82455 73.8457
      vertex 16.6765 2.97258 70.85
      vertex 16.6765 2.97258 73.8934
    endloop
  endfacet
  facet normal 0.838707 -0.544584 0
    outer loop
      vertex 17.2361 -2.35114 70.85
      vertex 17.4641 -2 73.8552
      vertex 17.2361 -2.35114 73.9126
    endloop
  endfacet
  facet normal 0.838707 -0.544584 0
    outer loop
      vertex 17.4641 -2 73.8552
      vertex 17.2361 -2.35114 70.85
      vertex 17.4641 -2 70.85
    endloop
  endfacet
  facet normal -0.629281 0.777178 0
    outer loop
      vertex 11.6489 3.23607 70.85
      vertex 11.3262 2.97478 73.8936
      vertex 11.6489 3.23607 73.9126
    endloop
  endfacet
  facet normal -0.629301 0.777162 -3.49743e-06
    outer loop
      vertex 11.3235 2.97258 70.85
      vertex 11.3262 2.97478 73.8936
      vertex 11.6489 3.23607 70.85
    endloop
  endfacet
  facet normal -0.631673 0.775235 -2.99141e-20
    outer loop
      vertex 11.3262 2.97478 73.8936
      vertex 11.3235 2.97258 70.85
      vertex 11.3235 2.97258 73.8934
    endloop
  endfacet
  facet normal 0.965906 -0.258894 6.24149e-20
    outer loop
      vertex 17.8584 -1.03386 73.8457
      vertex 17.9126 -0.831646 70.85
      vertex 17.9126 -0.831646 73.8934
    endloop
  endfacet
  facet normal 0.965904 -0.258899 0
    outer loop
      vertex 17.8042 -1.23607 70.85
      vertex 17.8584 -1.03386 73.8457
      vertex 17.8042 -1.23607 73.8934
    endloop
  endfacet
  facet normal 0.965905 -0.258897 -1.72846e-07
    outer loop
      vertex 17.8584 -1.03386 73.8457
      vertex 17.8042 -1.23607 70.85
      vertex 17.9126 -0.831646 70.85
    endloop
  endfacet
  facet normal 0.258703 -0.965957 0
    outer loop
      vertex 14.8316 -3.91259 73.8934
      vertex 14.8316 -3.91259 70.85
      vertex 15.0339 -3.85841 73.8457
    endloop
  endfacet
  facet normal 0.258762 -0.965941 -4.3189e-06
    outer loop
      vertex 15.2361 -3.80423 70.85
      vertex 15.0339 -3.85841 73.8457
      vertex 14.8316 -3.91259 70.85
    endloop
  endfacet
  facet normal 0.258822 -0.965925 1.40403e-20
    outer loop
      vertex 15.0339 -3.85841 73.8457
      vertex 15.2361 -3.80423 70.85
      vertex 15.2361 -3.80423 73.8934
    endloop
  endfacet
  facet normal 0.938441 -0.345439 2.4398e-20
    outer loop
      vertex 17.803 -1.23933 73.8936
      vertex 17.8042 -1.23607 70.85
      vertex 17.8042 -1.23607 73.8934
    endloop
  endfacet
  facet normal 0.933575 -0.358382 0
    outer loop
      vertex 17.6542 -1.62695 70.85
      vertex 17.803 -1.23933 73.8936
      vertex 17.6542 -1.62695 73.9126
    endloop
  endfacet
  facet normal 0.933616 -0.358275 -1.56513e-05
    outer loop
      vertex 17.803 -1.23933 73.8936
      vertex 17.6542 -1.62695 70.85
      vertex 17.8042 -1.23607 70.85
    endloop
  endfacet
  facet normal -0.0523319 0.99863 -3.89702e-19
    outer loop
      vertex 13.5819 3.97809 70.85
      vertex 14 4 73.8552
      vertex 14 4 70.85
    endloop
  endfacet
  facet normal -0.0523319 0.99863 -3.82398e-19
    outer loop
      vertex 14 4 73.8552
      vertex 13.5819 3.97809 70.85
      vertex 13.5819 3.97809 73.9126
    endloop
  endfacet
  facet normal 0.544678 0.838645 -0
    outer loop
      vertex 16.3511 3.23607 70.85
      vertex 16 3.4641 73.8552
      vertex 16.3511 3.23607 73.9126
    endloop
  endfacet
  facet normal 0.544678 0.838645 0
    outer loop
      vertex 16 3.4641 73.8552
      vertex 16.3511 3.23607 70.85
      vertex 16 3.4641 70.85
    endloop
  endfacet
  facet normal -0.998631 -0.0523064 -3.32737e-19
    outer loop
      vertex 10.0219 -0.418114 70.85
      vertex 10 0 73.8552
      vertex 10 0 70.85
    endloop
  endfacet
  facet normal -0.998631 -0.0523064 -3.265e-19
    outer loop
      vertex 10 0 73.8552
      vertex 10.0219 -0.418114 70.85
      vertex 10.0219 -0.418114 73.9126
    endloop
  endfacet
  facet normal -0.965904 0.258899 0
    outer loop
      vertex 10.1958 1.23607 70.85
      vertex 10.1416 1.03386 73.8457
      vertex 10.1958 1.23607 73.8934
    endloop
  endfacet
  facet normal -0.965905 0.258897 -1.72846e-07
    outer loop
      vertex 10.0874 0.831646 70.85
      vertex 10.1416 1.03386 73.8457
      vertex 10.1958 1.23607 70.85
    endloop
  endfacet
  facet normal -0.965906 0.258894 -1.20374e-19
    outer loop
      vertex 10.1416 1.03386 73.8457
      vertex 10.0874 0.831646 70.85
      vertex 10.0874 0.831646 73.8934
    endloop
  endfacet
  facet normal -0.707178 -0.707035 0
    outer loop
      vertex 11.0274 -2.67652 70.85
      vertex 11.1754 -2.82455 73.8457
      vertex 11.0274 -2.67652 73.8934
    endloop
  endfacet
  facet normal -0.707059 -0.707155 -1.18012e-05
    outer loop
      vertex 11.3235 -2.97258 70.85
      vertex 11.1754 -2.82455 73.8457
      vertex 11.0274 -2.67652 70.85
    endloop
  endfacet
  facet normal -0.70694 -0.707274 -1.03709e-18
    outer loop
      vertex 11.1754 -2.82455 73.8457
      vertex 11.3235 -2.97258 70.85
      vertex 11.3235 -2.97258 73.8934
    endloop
  endfacet
  facet normal 0.70694 -0.707274 0
    outer loop
      vertex 16.6765 -2.97258 73.8934
      vertex 16.6765 -2.97258 70.85
      vertex 16.8246 -2.82455 73.8457
    endloop
  endfacet
  facet normal 0.707059 -0.707155 -1.18012e-05
    outer loop
      vertex 16.9726 -2.67652 70.85
      vertex 16.8246 -2.82455 73.8457
      vertex 16.6765 -2.97258 70.85
    endloop
  endfacet
  facet normal 0.707178 -0.707035 1.89915e-18
    outer loop
      vertex 16.8246 -2.82455 73.8457
      vertex 16.9726 -2.67652 70.85
      vertex 16.9726 -2.67652 73.8934
    endloop
  endfacet
  facet normal -0.989696 0.143185 0
    outer loop
      vertex 10.0874 0.831646 70.85
      vertex 10.0869 0.82819 73.8936
      vertex 10.0874 0.831646 73.8934
    endloop
  endfacet
  facet normal -0.987687 0.156441 1.53824e-05
    outer loop
      vertex 10.0219 0.418114 70.85
      vertex 10.0869 0.82819 73.8936
      vertex 10.0874 0.831646 70.85
    endloop
  endfacet
  facet normal -0.98767 0.156553 -1.16913e-18
    outer loop
      vertex 10.0869 0.82819 73.8936
      vertex 10.0219 0.418114 70.85
      vertex 10.0219 0.418114 73.9126
    endloop
  endfacet
  facet normal 0.258822 0.965925 0
    outer loop
      vertex 15.2361 3.80423 73.8934
      vertex 15.2361 3.80423 70.85
      vertex 15.0339 3.85841 73.8457
    endloop
  endfacet
  facet normal 0.258762 0.965941 -4.3189e-06
    outer loop
      vertex 14.8316 3.91259 70.85
      vertex 15.0339 3.85841 73.8457
      vertex 15.2361 3.80423 70.85
    endloop
  endfacet
  facet normal 0.258703 0.965957 -1.12192e-18
    outer loop
      vertex 15.0339 3.85841 73.8457
      vertex 14.8316 3.91259 70.85
      vertex 14.8316 3.91259 73.8934
    endloop
  endfacet
  facet normal -0.838707 -0.544584 5.12505e-18
    outer loop
      vertex 10.7639 -2.35114 70.85
      vertex 10.5359 -2 73.8552
      vertex 10.5359 -2 70.85
    endloop
  endfacet
  facet normal -0.838707 -0.544584 5.02899e-18
    outer loop
      vertex 10.5359 -2 73.8552
      vertex 10.7639 -2.35114 70.85
      vertex 10.7639 -2.35114 73.9126
    endloop
  endfacet
  facet normal 0.838707 0.544584 4.44367e-18
    outer loop
      vertex 17.4641 2 73.8552
      vertex 17.2361 2.35114 70.85
      vertex 17.2361 2.35114 73.9126
    endloop
  endfacet
  facet normal 0.838707 0.544584 4.52854e-18
    outer loop
      vertex 17.2361 2.35114 70.85
      vertex 17.4641 2 73.8552
      vertex 17.4641 2 70.85
    endloop
  endfacet
  facet normal -0.453945 -0.89103 -2.60648e-18
    outer loop
      vertex 12.3731 -3.65418 70.85
      vertex 12 -3.4641 73.8552
      vertex 12 -3.4641 70.85
    endloop
  endfacet
  facet normal -0.453945 -0.89103 -2.55763e-18
    outer loop
      vertex 12 -3.4641 73.8552
      vertex 12.3731 -3.65418 70.85
      vertex 12.3731 -3.65418 73.9126
    endloop
  endfacet
  facet normal -0.70694 0.707274 0
    outer loop
      vertex 11.3235 2.97258 70.85
      vertex 11.1754 2.82455 73.8457
      vertex 11.3235 2.97258 73.8934
    endloop
  endfacet
  facet normal -0.707059 0.707155 -1.18012e-05
    outer loop
      vertex 11.0274 2.67652 70.85
      vertex 11.1754 2.82455 73.8457
      vertex 11.3235 2.97258 70.85
    endloop
  endfacet
  facet normal -0.707178 0.707035 1.89915e-18
    outer loop
      vertex 11.1754 2.82455 73.8457
      vertex 11.0274 2.67652 70.85
      vertex 11.0274 2.67652 73.8934
    endloop
  endfacet
  facet normal 0.890986 -0.454031 -4.56894e-18
    outer loop
      vertex 17.4641 -2 73.8552
      vertex 17.6542 -1.62695 70.85
      vertex 17.6542 -1.62695 73.9126
    endloop
  endfacet
  facet normal 0.890986 -0.454031 0
    outer loop
      vertex 17.4641 -2 73.8552
      vertex 17.4641 -2 70.85
      vertex 17.6542 -1.62695 70.85
    endloop
  endfacet
  facet normal -0.258703 0.965957 0
    outer loop
      vertex 13.1684 3.91259 73.8934
      vertex 13.1684 3.91259 70.85
      vertex 12.9661 3.85841 73.8457
    endloop
  endfacet
  facet normal -0.258762 0.965941 -4.3189e-06
    outer loop
      vertex 12.7639 3.80423 70.85
      vertex 12.9661 3.85841 73.8457
      vertex 13.1684 3.91259 70.85
    endloop
  endfacet
  facet normal -0.258822 0.965925 1.40403e-20
    outer loop
      vertex 12.9661 3.85841 73.8457
      vertex 12.7639 3.80423 70.85
      vertex 12.7639 3.80423 73.8934
    endloop
  endfacet
  facet normal -0.631673 -0.775235 0
    outer loop
      vertex 11.3235 -2.97258 70.85
      vertex 11.3262 -2.97478 73.8936
      vertex 11.3235 -2.97258 73.8934
    endloop
  endfacet
  facet normal -0.629301 -0.777162 -3.49743e-06
    outer loop
      vertex 11.3262 -2.97478 73.8936
      vertex 11.3235 -2.97258 70.85
      vertex 11.6489 -3.23607 70.85
    endloop
  endfacet
  facet normal -0.629281 -0.777178 -6.31449e-20
    outer loop
      vertex 11.3262 -2.97478 73.8936
      vertex 11.6489 -3.23607 70.85
      vertex 11.6489 -3.23607 73.9126
    endloop
  endfacet
  facet normal -0.358377 -0.933577 0
    outer loop
      vertex 12.3731 -3.65418 70.85
      vertex 12.7607 -3.80297 73.8936
      vertex 12.3731 -3.65418 73.9126
    endloop
  endfacet
  facet normal -0.358443 -0.933552 9.61305e-06
    outer loop
      vertex 12.7639 -3.80423 70.85
      vertex 12.7607 -3.80297 73.8936
      vertex 12.3731 -3.65418 70.85
    endloop
  endfacet
  facet normal -0.366372 -0.930468 -7.63581e-21
    outer loop
      vertex 12.7607 -3.80297 73.8936
      vertex 12.7639 -3.80423 70.85
      vertex 12.7639 -3.80423 73.8934
    endloop
  endfacet
  facet normal -0.777511 0.628869 0
    outer loop
      vertex 11.0274 2.67652 70.85
      vertex 11.0252 2.6738 73.8936
      vertex 11.0274 2.67652 73.8934
    endloop
  endfacet
  facet normal -0.777131 0.629338 6.93695e-07
    outer loop
      vertex 10.7639 2.35114 70.85
      vertex 11.0252 2.6738 73.8936
      vertex 11.0274 2.67652 70.85
    endloop
  endfacet
  facet normal -0.777128 0.629342 -4.2127e-18
    outer loop
      vertex 11.0252 2.6738 73.8936
      vertex 10.7639 2.35114 70.85
      vertex 10.7639 2.35114 73.9126
    endloop
  endfacet
  facet normal 0.0523319 -0.99863 -3.89702e-19
    outer loop
      vertex 14.4181 -3.97809 70.85
      vertex 14 -4 73.8552
      vertex 14 -4 70.85
    endloop
  endfacet
  facet normal 0.0523319 -0.99863 -3.82398e-19
    outer loop
      vertex 14 -4 73.8552
      vertex 14.4181 -3.97809 70.85
      vertex 14.4181 -3.97809 73.9126
    endloop
  endfacet
  facet normal -0.838707 0.544584 0
    outer loop
      vertex 10.5359 2 73.8552
      vertex 10.7639 2.35114 70.85
      vertex 10.5359 2 70.85
    endloop
  endfacet
  facet normal -0.838707 0.544584 0
    outer loop
      vertex 10.7639 2.35114 70.85
      vertex 10.5359 2 73.8552
      vertex 10.7639 2.35114 73.9126
    endloop
  endfacet
  facet normal -0.159689 -0.987167 0
    outer loop
      vertex 13.1684 -3.91259 70.85
      vertex 13.1718 -3.91314 73.8936
      vertex 13.1684 -3.91259 73.8934
    endloop
  endfacet
  facet normal -0.156453 -0.987685 -3.70815e-06
    outer loop
      vertex 13.1718 -3.91314 73.8936
      vertex 13.1684 -3.91259 70.85
      vertex 13.5819 -3.97809 70.85
    endloop
  endfacet
  facet normal -0.156426 -0.98769 -7.35966e-20
    outer loop
      vertex 13.1718 -3.91314 73.8936
      vertex 13.5819 -3.97809 70.85
      vertex 13.5819 -3.97809 73.9126
    endloop
  endfacet
  facet normal 0.156426 -0.98769 0
    outer loop
      vertex 14.4181 -3.97809 70.85
      vertex 14.8282 -3.91314 73.8936
      vertex 14.4181 -3.97809 73.9126
    endloop
  endfacet
  facet normal 0.156453 -0.987685 -3.70815e-06
    outer loop
      vertex 14.8316 -3.91259 70.85
      vertex 14.8282 -3.91314 73.8936
      vertex 14.4181 -3.97809 70.85
    endloop
  endfacet
  facet normal 0.159689 -0.987167 -9.19616e-21
    outer loop
      vertex 14.8282 -3.91314 73.8936
      vertex 14.8316 -3.91259 70.85
      vertex 14.8316 -3.91259 73.8934
    endloop
  endfacet
  facet normal -0.544678 0.838645 -4.14943e-18
    outer loop
      vertex 11.6489 3.23607 70.85
      vertex 12 3.4641 73.8552
      vertex 12 3.4641 70.85
    endloop
  endfacet
  facet normal -0.544678 0.838645 -4.07166e-18
    outer loop
      vertex 12 3.4641 73.8552
      vertex 11.6489 3.23607 70.85
      vertex 11.6489 3.23607 73.9126
    endloop
  endfacet
  facet normal 0.98767 -0.156553 -1.28124e-18
    outer loop
      vertex 17.9131 -0.82819 73.8936
      vertex 17.9781 -0.418114 70.85
      vertex 17.9781 -0.418114 73.9126
    endloop
  endfacet
  facet normal 0.989696 -0.143185 0
    outer loop
      vertex 17.9126 -0.831646 70.85
      vertex 17.9131 -0.82819 73.8936
      vertex 17.9126 -0.831646 73.8934
    endloop
  endfacet
  facet normal 0.987687 -0.156441 1.53824e-05
    outer loop
      vertex 17.9131 -0.82819 73.8936
      vertex 17.9126 -0.831646 70.85
      vertex 17.9781 -0.418114 70.85
    endloop
  endfacet
  facet normal -0.938441 -0.345439 0
    outer loop
      vertex 10.1958 -1.23607 70.85
      vertex 10.197 -1.23933 73.8936
      vertex 10.1958 -1.23607 73.8934
    endloop
  endfacet
  facet normal -0.933616 -0.358275 -1.56513e-05
    outer loop
      vertex 10.3458 -1.62695 70.85
      vertex 10.197 -1.23933 73.8936
      vertex 10.1958 -1.23607 70.85
    endloop
  endfacet
  facet normal -0.933575 -0.358382 1.27762e-18
    outer loop
      vertex 10.197 -1.23933 73.8936
      vertex 10.3458 -1.62695 70.85
      vertex 10.3458 -1.62695 73.9126
    endloop
  endfacet
  facet normal -0.998631 0.0523064 0
    outer loop
      vertex 10 0 73.8552
      vertex 10.0219 0.418114 70.85
      vertex 10 0 70.85
    endloop
  endfacet
  facet normal -0.998631 0.0523064 0
    outer loop
      vertex 10.0219 0.418114 70.85
      vertex 10 0 73.8552
      vertex 10.0219 0.418114 73.9126
    endloop
  endfacet
  facet normal -0.890986 0.454031 -1.90328e-18
    outer loop
      vertex 10.3458 1.62695 70.85
      vertex 10.5359 2 73.8552
      vertex 10.5359 2 70.85
    endloop
  endfacet
  facet normal -0.890986 0.454031 -1.86761e-18
    outer loop
      vertex 10.5359 2 73.8552
      vertex 10.3458 1.62695 70.85
      vertex 10.3458 1.62695 73.9126
    endloop
  endfacet
  facet normal -0.777128 -0.629342 0
    outer loop
      vertex 10.7639 -2.35114 70.85
      vertex 11.0252 -2.6738 73.8936
      vertex 10.7639 -2.35114 73.9126
    endloop
  endfacet
  facet normal -0.777131 -0.629338 6.93695e-07
    outer loop
      vertex 11.0274 -2.67652 70.85
      vertex 11.0252 -2.6738 73.8936
      vertex 10.7639 -2.35114 70.85
    endloop
  endfacet
  facet normal -0.777511 -0.628869 5.60155e-21
    outer loop
      vertex 11.0252 -2.6738 73.8936
      vertex 11.0274 -2.67652 70.85
      vertex 11.0274 -2.67652 73.8934
    endloop
  endfacet
  facet normal 0.159689 0.987167 -0
    outer loop
      vertex 14.8316 3.91259 70.85
      vertex 14.8282 3.91314 73.8936
      vertex 14.8316 3.91259 73.8934
    endloop
  endfacet
  facet normal 0.156453 0.987685 -3.70815e-06
    outer loop
      vertex 14.8282 3.91314 73.8936
      vertex 14.8316 3.91259 70.85
      vertex 14.4181 3.97809 70.85
    endloop
  endfacet
  facet normal 0.156426 0.98769 -7.35966e-20
    outer loop
      vertex 14.8282 3.91314 73.8936
      vertex 14.4181 3.97809 70.85
      vertex 14.4181 3.97809 73.9126
    endloop
  endfacet
  facet normal -0.95821 -0.126149 0.25675
    outer loop
      vertex 9.84254 0 77.5721
      vertex 9.5385 0 76.4374
      vertex 9.69052 -1.15472 76.4374
    endloop
  endfacet
  facet normal -0.258649 -0.0340281 0.965372
    outer loop
      vertex 13.4126 0 80.3115
      vertex 12.3366 -0.445705 80.0075
      vertex 13.4326 -0.152021 80.3115
    endloop
  endfacet
  facet normal 0.399265 0.306331 0.864146
    outer loop
      vertex 15.9371 1.93707 79.4201
      vertex 15.2177 1.21769 80.0075
      vertex 16.3724 1.36971 79.4201
    endloop
  endfacet
  facet normal -0.528293 0.688542 0.496806
    outer loop
      vertex 11.9213 3.60046 77.5721
      vertex 11.0602 2.93977 77.5721
      vertex 12.215 3.09179 78.5894
    endloop
  endfacet
  facet normal -0.860416 0.113325 0.496833
    outer loop
      vertex 10.5516 0.924006 78.5894
      vertex 9.9842 1.07603 77.5721
      vertex 10.4299 0 78.5894
    endloop
  endfacet
  facet normal 0.432302 0.56344 0.704024
    outer loop
      vertex 16.5244 2.52443 78.5894
      vertex 15.3697 2.37241 79.4201
      vertex 15.9371 1.93707 79.4201
    endloop
  endfacet
  facet normal 0.95822 -0.126134 -0.256719
    outer loop
      vertex 18.3095 -1.15472 75.2626
      vertex 18.1575 0 74.1279
      vertex 18.4615 0 75.2626
    endloop
  endfacet
  facet normal -0.588348 0.76675 -0.256791
    outer loop
      vertex 11.9213 3.60046 74.1279
      vertex 10.8452 3.15476 75.2626
      vertex 11.7692 3.86377 75.2626
    endloop
  endfacet
  facet normal 0.0340456 -0.258635 0.965375
    outer loop
      vertex 14 -0.587367 80.3115
      vertex 14 -1.72207 80.0075
      vertex 14.4457 -1.6634 80.0075
    endloop
  endfacet
  facet normal -0.498942 0.0656563 0.864145
    outer loop
      vertex 11.3539 0.709015 79.4201
      vertex 11.2606 0 79.4201
      vertex 12.3366 0.445705 80.0075
    endloop
  endfacet
  facet normal 0.126151 0.958209 -0.25675
    outer loop
      vertex 15.1547 4.30948 75.2626
      vertex 14 4.15746 74.1279
      vertex 14 4.4615 75.2626
    endloop
  endfacet
  facet normal -0.656109 -0.2718 0.704021
    outer loop
      vertex 11.3539 -0.709015 79.4201
      vertex 10.5516 -0.924006 78.5894
      vertex 11.6276 -1.36971 79.4201
    endloop
  endfacet
  facet normal 0.860426 -0.113308 0.496819
    outer loop
      vertex 18.1575 0 77.5721
      vertex 17.5701 0 78.5894
      vertex 18.0158 -1.07603 77.5721
    endloop
  endfacet
  facet normal 0.588348 -0.76675 0.256791
    outer loop
      vertex 17.1548 -3.15476 76.4374
      vertex 16.0787 -3.60046 77.5721
      vertex 16.2308 -3.86377 76.4374
    endloop
  endfacet
  facet normal 0.892912 0.369851 -0.256745
    outer loop
      vertex 18.3095 1.15472 75.2626
      vertex 17.6005 2.07873 74.1279
      vertex 17.8638 2.23075 75.2626
    endloop
  endfacet
  facet normal -0.498942 -0.0656563 0.864145
    outer loop
      vertex 12.3366 -0.445705 80.0075
      vertex 11.2606 0 79.4201
      vertex 11.3539 -0.709015 79.4201
    endloop
  endfacet
  facet normal 0.860416 0.113325 0.496833
    outer loop
      vertex 18.0158 1.07603 77.5721
      vertex 17.4484 0.924006 78.5894
      vertex 17.5701 0 78.5894
    endloop
  endfacet
  facet normal -0.991445 0.130525 -2.61809e-18
    outer loop
      vertex 9.5385 0 75.2626
      vertex 9.69052 1.15472 76.4374
      vertex 9.69052 1.15472 75.2626
    endloop
  endfacet
  facet normal -0.991445 0.130525 -2.61809e-18
    outer loop
      vertex 9.69052 1.15472 76.4374
      vertex 9.5385 0 75.2626
      vertex 9.5385 0 76.4374
    endloop
  endfacet
  facet normal -0.923887 0.382664 -5.36716e-18
    outer loop
      vertex 9.69052 1.15472 75.2626
      vertex 10.1362 2.23075 76.4374
      vertex 10.1362 2.23075 75.2626
    endloop
  endfacet
  facet normal -0.923887 0.382664 -5.36716e-18
    outer loop
      vertex 10.1362 2.23075 76.4374
      vertex 9.69052 1.15472 75.2626
      vertex 9.69052 1.15472 76.4374
    endloop
  endfacet
  facet normal -0.860443 0.113278 0.496795
    outer loop
      vertex 9.9842 1.07603 77.5721
      vertex 9.84254 0 77.5721
      vertex 10.4299 0 78.5894
    endloop
  endfacet
  facet normal 0.656109 -0.2718 0.704021
    outer loop
      vertex 16.6461 -0.709015 79.4201
      vertex 16.3724 -1.36971 79.4201
      vertex 17.4484 -0.924006 78.5894
    endloop
  endfacet
  facet normal 0.801786 -0.332109 -0.496833
    outer loop
      vertex 18.0158 -1.07603 74.1279
      vertex 17.8042 -1.23607 73.8934
      vertex 17.8584 -1.03386 73.8457
    endloop
  endfacet
  facet normal 0.801729 -0.325854 -0.501049
    outer loop
      vertex 17.8042 -1.23607 73.8934
      vertex 18.0158 -1.07603 74.1279
      vertex 17.803 -1.23933 73.8936
    endloop
  endfacet
  facet normal 0.892916 0.369829 0.256765
    outer loop
      vertex 18.3095 1.15472 76.4374
      vertex 17.6005 2.07873 77.5721
      vertex 18.0158 1.07603 77.5721
    endloop
  endfacet
  facet normal -0.892918 -0.369837 0.256744
    outer loop
      vertex 10.3995 -2.07873 77.5721
      vertex 9.69052 -1.15472 76.4374
      vertex 10.1362 -2.23075 76.4374
    endloop
  endfacet
  facet normal 0.464928 0.192601 0.864145
    outer loop
      vertex 16.3724 1.36971 79.4201
      vertex 15.6634 0.445705 80.0075
      vertex 16.6461 0.709015 79.4201
    endloop
  endfacet
  facet normal -0.382665 0.923887 0
    outer loop
      vertex 12.8453 4.30948 75.2626
      vertex 11.7692 3.86377 76.4374
      vertex 12.8453 4.30948 76.4374
    endloop
  endfacet
  facet normal -0.382665 0.923887 0
    outer loop
      vertex 11.7692 3.86377 76.4374
      vertex 12.8453 4.30948 75.2626
      vertex 11.7692 3.86377 75.2626
    endloop
  endfacet
  facet normal 0.892912 0.369851 0.256745
    outer loop
      vertex 17.8638 2.23075 76.4374
      vertex 17.6005 2.07873 77.5721
      vertex 18.3095 1.15472 76.4374
    endloop
  endfacet
  facet normal 0.860426 0.113308 0.496819
    outer loop
      vertex 18.0158 1.07603 77.5721
      vertex 17.5701 0 78.5894
      vertex 18.1575 0 77.5721
    endloop
  endfacet
  facet normal 0.346161 0.801823 -0.487085
    outer loop
      vertex 15.2361 3.80423 73.8934
      vertex 15.076 4.0158 74.1279
      vertex 15.2393 3.80297 73.8936
    endloop
  endfacet
  facet normal 0.332047 0.80186 -0.496754
    outer loop
      vertex 15.076 4.0158 74.1279
      vertex 15.2361 3.80423 73.8934
      vertex 15.0339 3.85841 73.8457
    endloop
  endfacet
  facet normal 0.0927016 -0.704076 0.704048
    outer loop
      vertex 14.709 -2.64608 79.4201
      vertex 14 -2.73943 79.4201
      vertex 14.924 -3.44844 78.5894
    endloop
  endfacet
  facet normal -0.766757 -0.588354 -0.256758
    outer loop
      vertex 10.8452 -3.15476 75.2626
      vertex 10.3995 -2.07873 74.1279
      vertex 11.0602 -2.93977 74.1279
    endloop
  endfacet
  facet normal -0.464928 0.192601 0.864145
    outer loop
      vertex 11.6276 1.36971 79.4201
      vertex 11.3539 0.709015 79.4201
      vertex 12.3366 0.445705 80.0075
    endloop
  endfacet
  facet normal -0.95821 -0.126149 0.25675
    outer loop
      vertex 9.84254 0 77.5721
      vertex 9.69052 -1.15472 76.4374
      vertex 9.9842 -1.07603 77.5721
    endloop
  endfacet
  facet normal -0.158853 0.206939 0.965371
    outer loop
      vertex 13.7063 0.508675 80.3115
      vertex 13.139 1.49136 80.0075
      vertex 13.5847 0.415331 80.3115
    endloop
  endfacet
  facet normal -0.39925 0.30639 0.864132
    outer loop
      vertex 12.7823 1.21769 80.0075
      vertex 11.6276 1.36971 79.4201
      vertex 12.5086 0.861037 80.0075
    endloop
  endfacet
  facet normal -0.766766 0.588346 0.256746
    outer loop
      vertex 10.8452 3.15476 76.4374
      vertex 10.1362 2.23075 76.4374
      vertex 10.3995 2.07873 77.5721
    endloop
  endfacet
  facet normal 0.369835 -0.89291 -0.256776
    outer loop
      vertex 16.2308 -3.86377 75.2626
      vertex 15.1547 -4.30948 75.2626
      vertex 16.0787 -3.60046 74.1279
    endloop
  endfacet
  facet normal 0.860397 -0.113415 -0.496844
    outer loop
      vertex 17.9126 -0.831646 73.8934
      vertex 18.0158 -1.07603 74.1279
      vertex 17.8584 -1.03386 73.8457
    endloop
  endfacet
  facet normal 0.869345 -0.0977384 -0.484444
    outer loop
      vertex 18.0158 -1.07603 74.1279
      vertex 17.9126 -0.831646 73.8934
      vertex 17.9131 -0.82819 73.8936
    endloop
  endfacet
  facet normal 0.892916 -0.369829 0.256765
    outer loop
      vertex 18.0158 -1.07603 77.5721
      vertex 17.6005 -2.07873 77.5721
      vertex 18.3095 -1.15472 76.4374
    endloop
  endfacet
  facet normal 0.70406 0.0927311 0.70406
    outer loop
      vertex 17.4484 0.924006 78.5894
      vertex 16.7394 0 79.4201
      vertex 17.5701 0 78.5894
    endloop
  endfacet
  facet normal 0.801804 -0.33207 0.496831
    outer loop
      vertex 17.4484 -0.924006 78.5894
      vertex 17.0918 -1.78504 78.5894
      vertex 18.0158 -1.07603 77.5721
    endloop
  endfacet
  facet normal 0.801804 -0.332092 0.496815
    outer loop
      vertex 18.0158 -1.07603 77.5721
      vertex 17.0918 -1.78504 78.5894
      vertex 17.6005 -2.07873 77.5721
    endloop
  endfacet
  facet normal 0.464973 0.192558 0.86413
    outer loop
      vertex 16.3724 1.36971 79.4201
      vertex 15.4914 0.861037 80.0075
      vertex 15.6634 0.445705 80.0075
    endloop
  endfacet
  facet normal 0.588323 0.766781 0.256755
    outer loop
      vertex 17.1548 3.15476 76.4374
      vertex 16.0787 3.60046 77.5721
      vertex 16.9398 2.93977 77.5721
    endloop
  endfacet
  facet normal 0.766757 0.588354 -0.256758
    outer loop
      vertex 17.6005 2.07873 74.1279
      vertex 16.9398 2.93977 74.1279
      vertex 17.1548 3.15476 75.2626
    endloop
  endfacet
  facet normal 0.656104 0.271727 0.704054
    outer loop
      vertex 17.0918 1.78504 78.5894
      vertex 16.3724 1.36971 79.4201
      vertex 17.4484 0.924006 78.5894
    endloop
  endfacet
  facet normal 0.801804 0.33207 0.496831
    outer loop
      vertex 18.0158 1.07603 77.5721
      vertex 17.0918 1.78504 78.5894
      vertex 17.4484 0.924006 78.5894
    endloop
  endfacet
  facet normal -0.766766 -0.588346 0.256746
    outer loop
      vertex 10.3995 -2.07873 77.5721
      vertex 10.1362 -2.23075 76.4374
      vertex 10.8452 -3.15476 76.4374
    endloop
  endfacet
  facet normal -0.588348 -0.76675 0.256791
    outer loop
      vertex 11.9213 -3.60046 77.5721
      vertex 10.8452 -3.15476 76.4374
      vertex 11.7692 -3.86377 76.4374
    endloop
  endfacet
  facet normal -0.588348 -0.76675 -0.256791
    outer loop
      vertex 11.7692 -3.86377 75.2626
      vertex 10.8452 -3.15476 75.2626
      vertex 11.9213 -3.60046 74.1279
    endloop
  endfacet
  facet normal -0.801804 -0.33207 0.496831
    outer loop
      vertex 10.5516 -0.924006 78.5894
      vertex 9.9842 -1.07603 77.5721
      vertex 10.9082 -1.78504 78.5894
    endloop
  endfacet
  facet normal 0.0998086 0.241025 0.965373
    outer loop
      vertex 14.861 1.49136 80.0075
      vertex 14.152 0.567353 80.3115
      vertex 14.2937 0.508675 80.3115
    endloop
  endfacet
  facet normal -0.656104 -0.271727 0.704054
    outer loop
      vertex 11.6276 -1.36971 79.4201
      vertex 10.5516 -0.924006 78.5894
      vertex 10.9082 -1.78504 78.5894
    endloop
  endfacet
  facet normal -0.588323 -0.766781 -0.256755
    outer loop
      vertex 11.9213 -3.60046 74.1279
      vertex 10.8452 -3.15476 75.2626
      vertex 11.0602 -2.93977 74.1279
    endloop
  endfacet
  facet normal -0.688491 0.528303 -0.496866
    outer loop
      vertex 10.7639 2.35114 73.9126
      vertex 11.0602 2.93977 74.1279
      vertex 11.0252 2.6738 73.8936
    endloop
  endfacet
  facet normal -0.688497 0.528303 -0.496857
    outer loop
      vertex 10.7639 2.35114 73.9126
      vertex 10.3995 2.07873 74.1279
      vertex 11.0602 2.93977 74.1279
    endloop
  endfacet
  facet normal -0.688496 0.528275 -0.49689
    outer loop
      vertex 10.5359 2 73.8552
      vertex 10.3995 2.07873 74.1279
      vertex 10.7639 2.35114 73.9126
    endloop
  endfacet
  facet normal -0.258636 -0.0340627 0.965374
    outer loop
      vertex 13.4126 0 80.3115
      vertex 12.2779 0 80.0075
      vertex 12.3366 -0.445705 80.0075
    endloop
  endfacet
  facet normal -0.766757 0.588354 0.256758
    outer loop
      vertex 10.8452 3.15476 76.4374
      vertex 10.3995 2.07873 77.5721
      vertex 11.0602 2.93977 77.5721
    endloop
  endfacet
  facet normal -0.0656928 -0.498942 0.864142
    outer loop
      vertex 13.5543 -1.6634 80.0075
      vertex 13.291 -2.64608 79.4201
      vertex 14 -2.73943 79.4201
    endloop
  endfacet
  facet normal -0.793361 -0.608752 2.10241e-17
    outer loop
      vertex 10.8452 -3.15476 75.2626
      vertex 10.1362 -2.23075 76.4374
      vertex 10.1362 -2.23075 75.2626
    endloop
  endfacet
  facet normal -0.793361 -0.608752 2.10241e-17
    outer loop
      vertex 10.1362 -2.23075 76.4374
      vertex 10.8452 -3.15476 75.2626
      vertex 10.8452 -3.15476 76.4374
    endloop
  endfacet
  facet normal -0.332123 -0.8018 0.496801
    outer loop
      vertex 12.215 -3.09179 78.5894
      vertex 11.9213 -3.60046 77.5721
      vertex 12.924 -4.0158 77.5721
    endloop
  endfacet
  facet normal 0.39925 -0.30639 0.864132
    outer loop
      vertex 15.4914 -0.861037 80.0075
      vertex 15.2177 -1.21769 80.0075
      vertex 16.3724 -1.36971 79.4201
    endloop
  endfacet
  facet normal 0.0340543 -0.258632 0.965376
    outer loop
      vertex 14.152 -0.567353 80.3115
      vertex 14 -0.587367 80.3115
      vertex 14.4457 -1.6634 80.0075
    endloop
  endfacet
  facet normal 0.192585 0.464942 0.864141
    outer loop
      vertex 14.709 2.64608 79.4201
      vertex 14.4457 1.6634 80.0075
      vertex 15.3697 2.37241 79.4201
    endloop
  endfacet
  facet normal -0.0927016 -0.704076 0.704048
    outer loop
      vertex 13.291 -2.64608 79.4201
      vertex 13.076 -3.44844 78.5894
      vertex 14 -2.73943 79.4201
    endloop
  endfacet
  facet normal 0.0926961 -0.704079 0.704045
    outer loop
      vertex 14 -2.73943 79.4201
      vertex 14 -3.57009 78.5894
      vertex 14.924 -3.44844 78.5894
    endloop
  endfacet
  facet normal -0.369835 -0.89291 -0.256776
    outer loop
      vertex 12.8453 -4.30948 75.2626
      vertex 11.7692 -3.86377 75.2626
      vertex 11.9213 -3.60046 74.1279
    endloop
  endfacet
  facet normal 0.588323 0.766781 -0.256755
    outer loop
      vertex 16.9398 2.93977 74.1279
      vertex 16.0787 3.60046 74.1279
      vertex 17.1548 3.15476 75.2626
    endloop
  endfacet
  facet normal 0.688538 0.528319 -0.496784
    outer loop
      vertex 16.9398 2.93977 74.1279
      vertex 16.9726 2.67652 73.8934
      vertex 16.8246 2.82455 73.8457
    endloop
  endfacet
  facet normal 0.694047 0.525151 -0.492458
    outer loop
      vertex 16.9726 2.67652 73.8934
      vertex 16.9398 2.93977 74.1279
      vertex 16.9748 2.6738 73.8936
    endloop
  endfacet
  facet normal 0.958201 -0.126183 0.256766
    outer loop
      vertex 18.1575 0 77.5721
      vertex 18.0158 -1.07603 77.5721
      vertex 18.3095 -1.15472 76.4374
    endloop
  endfacet
  facet normal 0.95822 -0.126134 0.256719
    outer loop
      vertex 18.4615 0 76.4374
      vertex 18.1575 0 77.5721
      vertex 18.3095 -1.15472 76.4374
    endloop
  endfacet
  facet normal 0.656104 -0.271727 0.704054
    outer loop
      vertex 17.4484 -0.924006 78.5894
      vertex 16.3724 -1.36971 79.4201
      vertex 17.0918 -1.78504 78.5894
    endloop
  endfacet
  facet normal 0.860416 -0.113325 0.496833
    outer loop
      vertex 17.5701 0 78.5894
      vertex 17.4484 -0.924006 78.5894
      vertex 18.0158 -1.07603 77.5721
    endloop
  endfacet
  facet normal -0.240989 -0.0998578 0.965377
    outer loop
      vertex 13.4326 -0.152021 80.3115
      vertex 12.5086 -0.861037 80.0075
      vertex 13.4913 -0.293683 80.3115
    endloop
  endfacet
  facet normal 0.241022 0.0998135 0.965373
    outer loop
      vertex 15.4914 0.861037 80.0075
      vertex 14.5674 0.152021 80.3115
      vertex 15.6634 0.445705 80.0075
    endloop
  endfacet
  facet normal -0.801729 0.325854 -0.501049
    outer loop
      vertex 10.1958 1.23607 73.8934
      vertex 9.9842 1.07603 74.1279
      vertex 10.197 1.23933 73.8936
    endloop
  endfacet
  facet normal -0.801786 0.332109 -0.496833
    outer loop
      vertex 9.9842 1.07603 74.1279
      vertex 10.1958 1.23607 73.8934
      vertex 10.1416 1.03386 73.8457
    endloop
  endfacet
  facet normal 0.801804 0.332092 0.496815
    outer loop
      vertex 17.6005 2.07873 77.5721
      vertex 17.0918 1.78504 78.5894
      vertex 18.0158 1.07603 77.5721
    endloop
  endfacet
  facet normal 0.113277 0.860413 -0.496847
    outer loop
      vertex 15.076 4.0158 74.1279
      vertex 14.4181 3.97809 73.9126
      vertex 14 4.15746 74.1279
    endloop
  endfacet
  facet normal 0.113258 0.860447 -0.496794
    outer loop
      vertex 14.4181 3.97809 73.9126
      vertex 15.076 4.0158 74.1279
      vertex 14.8282 3.91314 73.8936
    endloop
  endfacet
  facet normal 0.113297 0.860427 -0.49682
    outer loop
      vertex 14 4.15746 74.1279
      vertex 14.4181 3.97809 73.9126
      vertex 14 4 73.8552
    endloop
  endfacet
  facet normal 0.110377 0.862146 -0.494491
    outer loop
      vertex 15.076 4.0158 74.1279
      vertex 14.8316 3.91259 73.8934
      vertex 14.8282 3.91314 73.8936
    endloop
  endfacet
  facet normal 0.113305 0.860441 -0.496793
    outer loop
      vertex 14.8316 3.91259 73.8934
      vertex 15.076 4.0158 74.1279
      vertex 15.0339 3.85841 73.8457
    endloop
  endfacet
  facet normal 0.369861 0.892906 -0.256752
    outer loop
      vertex 16.0787 3.60046 74.1279
      vertex 15.076 4.0158 74.1279
      vertex 15.1547 4.30948 75.2626
    endloop
  endfacet
  facet normal 0.793361 0.608752 2.10241e-17
    outer loop
      vertex 17.8638 2.23075 76.4374
      vertex 17.1548 3.15476 75.2626
      vertex 17.1548 3.15476 76.4374
    endloop
  endfacet
  facet normal 0.793361 0.608752 2.10241e-17
    outer loop
      vertex 17.1548 3.15476 75.2626
      vertex 17.8638 2.23075 76.4374
      vertex 17.8638 2.23075 75.2626
    endloop
  endfacet
  facet normal 0.958201 0.126183 -0.256766
    outer loop
      vertex 18.1575 0 74.1279
      vertex 18.0158 1.07603 74.1279
      vertex 18.3095 1.15472 75.2626
    endloop
  endfacet
  facet normal 0.688516 0.528318 0.496815
    outer loop
      vertex 17.6005 2.07873 77.5721
      vertex 16.9398 2.93977 77.5721
      vertex 17.0918 1.78504 78.5894
    endloop
  endfacet
  facet normal 0.498958 0.0657136 0.864131
    outer loop
      vertex 16.7394 0 79.4201
      vertex 15.6634 0.445705 80.0075
      vertex 15.7221 0 80.0075
    endloop
  endfacet
  facet normal 0.258636 0.0340627 0.965374
    outer loop
      vertex 15.6634 0.445705 80.0075
      vertex 14.5874 0 80.3115
      vertex 15.7221 0 80.0075
    endloop
  endfacet
  facet normal 0.498942 0.0656563 0.864145
    outer loop
      vertex 16.6461 0.709015 79.4201
      vertex 15.6634 0.445705 80.0075
      vertex 16.7394 0 79.4201
    endloop
  endfacet
  facet normal 0.688485 0.528336 0.49684
    outer loop
      vertex 16.9398 2.93977 77.5721
      vertex 16.5244 2.52443 78.5894
      vertex 17.0918 1.78504 78.5894
    endloop
  endfacet
  facet normal -0.95821 0.126149 -0.25675
    outer loop
      vertex 9.84254 0 74.1279
      vertex 9.69052 1.15472 75.2626
      vertex 9.9842 1.07603 74.1279
    endloop
  endfacet
  facet normal 0.271763 0.656095 0.704049
    outer loop
      vertex 14.924 3.44844 78.5894
      vertex 14.709 2.64608 79.4201
      vertex 15.3697 2.37241 79.4201
    endloop
  endfacet
  facet normal 0.588348 0.76675 0.256791
    outer loop
      vertex 16.2308 3.86377 76.4374
      vertex 16.0787 3.60046 77.5721
      vertex 17.1548 3.15476 76.4374
    endloop
  endfacet
  facet normal 0.206943 0.158811 0.965377
    outer loop
      vertex 15.2177 1.21769 80.0075
      vertex 14.4153 0.415331 80.3115
      vertex 15.4914 0.861037 80.0075
    endloop
  endfacet
  facet normal -0.892919 -0.369831 -0.25675
    outer loop
      vertex 10.3995 -2.07873 74.1279
      vertex 9.69052 -1.15472 75.2626
      vertex 9.9842 -1.07603 74.1279
    endloop
  endfacet
  facet normal -0.860321 0.11334 -0.496992
    outer loop
      vertex 10.0219 0.418114 73.9126
      vertex 9.9842 1.07603 74.1279
      vertex 10.0869 0.82819 73.8936
    endloop
  endfacet
  facet normal -0.860429 0.113273 -0.496821
    outer loop
      vertex 9.84254 0 74.1279
      vertex 10.0219 0.418114 73.9126
      vertex 10 0 73.8552
    endloop
  endfacet
  facet normal -0.860431 0.113276 -0.496816
    outer loop
      vertex 10.0219 0.418114 73.9126
      vertex 9.84254 0 74.1279
      vertex 9.9842 1.07603 74.1279
    endloop
  endfacet
  facet normal -0.704111 0.0926547 0.704019
    outer loop
      vertex 11.3539 0.709015 79.4201
      vertex 10.5516 0.924006 78.5894
      vertex 11.2606 0 79.4201
    endloop
  endfacet
  facet normal -0.860443 -0.113278 0.496795
    outer loop
      vertex 10.4299 0 78.5894
      vertex 9.84254 0 77.5721
      vertex 9.9842 -1.07603 77.5721
    endloop
  endfacet
  facet normal -0.860416 -0.113325 0.496833
    outer loop
      vertex 10.4299 0 78.5894
      vertex 9.9842 -1.07603 77.5721
      vertex 10.5516 -0.924006 78.5894
    endloop
  endfacet
  facet normal -0.70406 0.0927311 0.70406
    outer loop
      vertex 10.5516 0.924006 78.5894
      vertex 10.4299 0 78.5894
      vertex 11.2606 0 79.4201
    endloop
  endfacet
  facet normal 0.892912 -0.369851 -0.256745
    outer loop
      vertex 17.8638 -2.23075 75.2626
      vertex 17.6005 -2.07873 74.1279
      vertex 18.3095 -1.15472 75.2626
    endloop
  endfacet
  facet normal 0.588348 -0.76675 -0.256791
    outer loop
      vertex 16.2308 -3.86377 75.2626
      vertex 16.0787 -3.60046 74.1279
      vertex 17.1548 -3.15476 75.2626
    endloop
  endfacet
  facet normal 0.369861 -0.892906 0.256752
    outer loop
      vertex 16.0787 -3.60046 77.5721
      vertex 15.076 -4.0158 77.5721
      vertex 15.1547 -4.30948 76.4374
    endloop
  endfacet
  facet normal -0.126152 -0.958209 0.256751
    outer loop
      vertex 12.924 -4.0158 77.5721
      vertex 12.8453 -4.30948 76.4374
      vertex 14 -4.15746 77.5721
    endloop
  endfacet
  facet normal 0.346161 -0.801823 -0.487085
    outer loop
      vertex 15.076 -4.0158 74.1279
      vertex 15.2361 -3.80423 73.8934
      vertex 15.2393 -3.80297 73.8936
    endloop
  endfacet
  facet normal 0.332047 -0.80186 -0.496754
    outer loop
      vertex 15.2361 -3.80423 73.8934
      vertex 15.076 -4.0158 74.1279
      vertex 15.0339 -3.85841 73.8457
    endloop
  endfacet
  facet normal -0.271763 0.656095 0.704049
    outer loop
      vertex 13.076 3.44844 78.5894
      vertex 12.6303 2.37241 79.4201
      vertex 13.291 2.64608 79.4201
    endloop
  endfacet
  facet normal -0.369835 -0.89291 0.256776
    outer loop
      vertex 11.9213 -3.60046 77.5721
      vertex 11.7692 -3.86377 76.4374
      vertex 12.8453 -4.30948 76.4374
    endloop
  endfacet
  facet normal -0.126151 -0.958209 0.25675
    outer loop
      vertex 14 -4.15746 77.5721
      vertex 12.8453 -4.30948 76.4374
      vertex 14 -4.4615 76.4374
    endloop
  endfacet
  facet normal -0.688485 -0.528336 0.49684
    outer loop
      vertex 11.4756 -2.52443 78.5894
      vertex 10.9082 -1.78504 78.5894
      vertex 11.0602 -2.93977 77.5721
    endloop
  endfacet
  facet normal -0.271763 -0.656095 0.704049
    outer loop
      vertex 13.291 -2.64608 79.4201
      vertex 12.6303 -2.37241 79.4201
      vertex 13.076 -3.44844 78.5894
    endloop
  endfacet
  facet normal 0.382665 -0.923887 0
    outer loop
      vertex 15.1547 -4.30948 75.2626
      vertex 16.2308 -3.86377 76.4374
      vertex 15.1547 -4.30948 76.4374
    endloop
  endfacet
  facet normal 0.382665 -0.923887 0
    outer loop
      vertex 16.2308 -3.86377 76.4374
      vertex 15.1547 -4.30948 75.2626
      vertex 16.2308 -3.86377 75.2626
    endloop
  endfacet
  facet normal 0.923881 -0.382679 -3.40615e-18
    outer loop
      vertex 17.8638 -2.23075 76.4374
      vertex 18.3095 -1.15472 75.2626
      vertex 18.3095 -1.15472 76.4374
    endloop
  endfacet
  facet normal 0.923881 -0.382679 -3.40615e-18
    outer loop
      vertex 18.3095 -1.15472 75.2626
      vertex 17.8638 -2.23075 76.4374
      vertex 17.8638 -2.23075 75.2626
    endloop
  endfacet
  facet normal 0.892912 -0.369851 0.256745
    outer loop
      vertex 18.3095 -1.15472 76.4374
      vertex 17.6005 -2.07873 77.5721
      vertex 17.8638 -2.23075 76.4374
    endloop
  endfacet
  facet normal 0.258649 -0.0340281 0.965372
    outer loop
      vertex 14.5874 0 80.3115
      vertex 14.5674 -0.152021 80.3115
      vertex 15.6634 -0.445705 80.0075
    endloop
  endfacet
  facet normal 0.70406 -0.0927311 0.70406
    outer loop
      vertex 17.5701 0 78.5894
      vertex 16.7394 0 79.4201
      vertex 17.4484 -0.924006 78.5894
    endloop
  endfacet
  facet normal 0.369835 -0.89291 0.256776
    outer loop
      vertex 16.0787 -3.60046 77.5721
      vertex 15.1547 -4.30948 76.4374
      vertex 16.2308 -3.86377 76.4374
    endloop
  endfacet
  facet normal 0.464928 -0.192601 0.864145
    outer loop
      vertex 16.6461 -0.709015 79.4201
      vertex 15.6634 -0.445705 80.0075
      vertex 16.3724 -1.36971 79.4201
    endloop
  endfacet
  facet normal 0.113281 0.860439 0.496802
    outer loop
      vertex 14 4.15746 77.5721
      vertex 14 3.57009 78.5894
      vertex 15.076 4.0158 77.5721
    endloop
  endfacet
  facet normal 0.0927016 0.704076 0.704048
    outer loop
      vertex 14.924 3.44844 78.5894
      vertex 14 2.73943 79.4201
      vertex 14.709 2.64608 79.4201
    endloop
  endfacet
  facet normal -0.126152 0.958209 -0.256751
    outer loop
      vertex 12.924 4.0158 74.1279
      vertex 12.8453 4.30948 75.2626
      vertex 14 4.15746 74.1279
    endloop
  endfacet
  facet normal 0.126152 0.958209 -0.256751
    outer loop
      vertex 15.076 4.0158 74.1279
      vertex 14 4.15746 74.1279
      vertex 15.1547 4.30948 75.2626
    endloop
  endfacet
  facet normal 0.801729 0.325854 -0.501049
    outer loop
      vertex 18.0158 1.07603 74.1279
      vertex 17.8042 1.23607 73.8934
      vertex 17.803 1.23933 73.8936
    endloop
  endfacet
  facet normal 0.801786 0.332109 -0.496833
    outer loop
      vertex 17.8042 1.23607 73.8934
      vertex 18.0158 1.07603 74.1279
      vertex 17.8584 1.03386 73.8457
    endloop
  endfacet
  facet normal 0.991447 -0.130508 -9.90733e-18
    outer loop
      vertex 18.3095 -1.15472 76.4374
      vertex 18.4615 0 75.2626
      vertex 18.4615 0 76.4374
    endloop
  endfacet
  facet normal 0.991447 -0.130508 -9.90733e-18
    outer loop
      vertex 18.4615 0 75.2626
      vertex 18.3095 -1.15472 76.4374
      vertex 18.3095 -1.15472 75.2626
    endloop
  endfacet
  facet normal 0.766766 -0.588346 -0.256746
    outer loop
      vertex 17.8638 -2.23075 75.2626
      vertex 17.1548 -3.15476 75.2626
      vertex 17.6005 -2.07873 74.1279
    endloop
  endfacet
  facet normal 0.860373 -0.113283 -0.496915
    outer loop
      vertex 18.1575 0 74.1279
      vertex 17.9781 -0.418114 73.9126
      vertex 18 0 73.8552
    endloop
  endfacet
  facet normal 0.860386 -0.113302 -0.496888
    outer loop
      vertex 18.0158 -1.07603 74.1279
      vertex 17.9781 -0.418114 73.9126
      vertex 18.1575 0 74.1279
    endloop
  endfacet
  facet normal 0.860321 -0.11334 -0.496992
    outer loop
      vertex 17.9781 -0.418114 73.9126
      vertex 18.0158 -1.07603 74.1279
      vertex 17.9131 -0.82819 73.8936
    endloop
  endfacet
  facet normal 0.892916 0.369829 -0.256765
    outer loop
      vertex 18.0158 1.07603 74.1279
      vertex 17.6005 2.07873 74.1279
      vertex 18.3095 1.15472 75.2626
    endloop
  endfacet
  facet normal 0.923881 0.382679 3.40615e-18
    outer loop
      vertex 18.3095 1.15472 76.4374
      vertex 17.8638 2.23075 75.2626
      vertex 17.8638 2.23075 76.4374
    endloop
  endfacet
  facet normal 0.923881 0.382679 3.40615e-18
    outer loop
      vertex 17.8638 2.23075 75.2626
      vertex 18.3095 1.15472 76.4374
      vertex 18.3095 1.15472 75.2626
    endloop
  endfacet
  facet normal 0.766766 0.588346 -0.256746
    outer loop
      vertex 17.6005 2.07873 74.1279
      vertex 17.1548 3.15476 75.2626
      vertex 17.8638 2.23075 75.2626
    endloop
  endfacet
  facet normal 0.332108 0.801765 -0.496868
    outer loop
      vertex 16.0787 3.60046 74.1279
      vertex 15.6269 3.65418 73.9126
      vertex 15.076 4.0158 74.1279
    endloop
  endfacet
  facet normal 0.332075 0.801832 -0.496781
    outer loop
      vertex 15.6269 3.65418 73.9126
      vertex 16.0787 3.60046 74.1279
      vertex 16 3.4641 73.8552
    endloop
  endfacet
  facet normal 0.332138 0.801782 -0.496821
    outer loop
      vertex 15.076 4.0158 74.1279
      vertex 15.6269 3.65418 73.9126
      vertex 15.2393 3.80297 73.8936
    endloop
  endfacet
  facet normal 0.369861 0.892906 0.256752
    outer loop
      vertex 15.1547 4.30948 76.4374
      vertex 15.076 4.0158 77.5721
      vertex 16.0787 3.60046 77.5721
    endloop
  endfacet
  facet normal 0.766766 0.588346 0.256746
    outer loop
      vertex 17.8638 2.23075 76.4374
      vertex 17.1548 3.15476 76.4374
      vertex 17.6005 2.07873 77.5721
    endloop
  endfacet
  facet normal 0.766757 0.588354 0.256758
    outer loop
      vertex 17.1548 3.15476 76.4374
      vertex 16.9398 2.93977 77.5721
      vertex 17.6005 2.07873 77.5721
    endloop
  endfacet
  facet normal -0.0927016 0.704076 0.704048
    outer loop
      vertex 14 2.73943 79.4201
      vertex 13.076 3.44844 78.5894
      vertex 13.291 2.64608 79.4201
    endloop
  endfacet
  facet normal -0.766766 0.588346 -0.256746
    outer loop
      vertex 10.3995 2.07873 74.1279
      vertex 10.1362 2.23075 75.2626
      vertex 10.8452 3.15476 75.2626
    endloop
  endfacet
  facet normal -0.113277 -0.860413 -0.496847
    outer loop
      vertex 12.924 -4.0158 74.1279
      vertex 13.5819 -3.97809 73.9126
      vertex 14 -4.15746 74.1279
    endloop
  endfacet
  facet normal -0.113258 -0.860447 -0.496794
    outer loop
      vertex 13.5819 -3.97809 73.9126
      vertex 12.924 -4.0158 74.1279
      vertex 13.1718 -3.91314 73.8936
    endloop
  endfacet
  facet normal -0.113297 -0.860427 -0.49682
    outer loop
      vertex 14 -4.15746 74.1279
      vertex 13.5819 -3.97809 73.9126
      vertex 14 -4 73.8552
    endloop
  endfacet
  facet normal -0.528258 -0.688497 -0.496906
    outer loop
      vertex 11.0602 -2.93977 74.1279
      vertex 11.6489 -3.23607 73.9126
      vertex 11.9213 -3.60046 74.1279
    endloop
  endfacet
  facet normal -0.528258 -0.688541 -0.496845
    outer loop
      vertex 11.6489 -3.23607 73.9126
      vertex 11.0602 -2.93977 74.1279
      vertex 11.3262 -2.97478 73.8936
    endloop
  endfacet
  facet normal -0.52838 -0.688505 -0.496766
    outer loop
      vertex 11.9213 -3.60046 74.1279
      vertex 11.6489 -3.23607 73.9126
      vertex 12 -3.4641 73.8552
    endloop
  endfacet
  facet normal -0.766766 -0.588346 -0.256746
    outer loop
      vertex 10.8452 -3.15476 75.2626
      vertex 10.1362 -2.23075 75.2626
      vertex 10.3995 -2.07873 74.1279
    endloop
  endfacet
  facet normal -0.892918 -0.369837 -0.256744
    outer loop
      vertex 10.1362 -2.23075 75.2626
      vertex 9.69052 -1.15472 75.2626
      vertex 10.3995 -2.07873 74.1279
    endloop
  endfacet
  facet normal -0.801804 0.33207 0.496831
    outer loop
      vertex 10.9082 1.78504 78.5894
      vertex 9.9842 1.07603 77.5721
      vertex 10.5516 0.924006 78.5894
    endloop
  endfacet
  facet normal -0.588323 0.766781 0.256755
    outer loop
      vertex 11.9213 3.60046 77.5721
      vertex 10.8452 3.15476 76.4374
      vertex 11.0602 2.93977 77.5721
    endloop
  endfacet
  facet normal 0.126152 0.958209 0.256751
    outer loop
      vertex 15.1547 4.30948 76.4374
      vertex 14 4.15746 77.5721
      vertex 15.076 4.0158 77.5721
    endloop
  endfacet
  facet normal -0.0926961 0.704079 0.704045
    outer loop
      vertex 14 3.57009 78.5894
      vertex 13.076 3.44844 78.5894
      vertex 14 2.73943 79.4201
    endloop
  endfacet
  facet normal 0.306327 0.399265 0.864148
    outer loop
      vertex 15.3697 2.37241 79.4201
      vertex 14.861 1.49136 80.0075
      vertex 15.2177 1.21769 80.0075
    endloop
  endfacet
  facet normal -0.206943 0.158811 0.965377
    outer loop
      vertex 12.7823 1.21769 80.0075
      vertex 12.5086 0.861037 80.0075
      vertex 13.5847 0.415331 80.3115
    endloop
  endfacet
  facet normal -0.399265 0.306331 0.864146
    outer loop
      vertex 12.0629 1.93707 79.4201
      vertex 11.6276 1.36971 79.4201
      vertex 12.7823 1.21769 80.0075
    endloop
  endfacet
  facet normal -0.0998371 -0.241004 0.965375
    outer loop
      vertex 13.848 -0.567353 80.3115
      vertex 13.139 -1.49136 80.0075
      vertex 13.5543 -1.6634 80.0075
    endloop
  endfacet
  facet normal -0.991445 -0.130525 2.61809e-18
    outer loop
      vertex 9.69052 -1.15472 75.2626
      vertex 9.5385 0 76.4374
      vertex 9.5385 0 75.2626
    endloop
  endfacet
  facet normal -0.991445 -0.130525 2.61809e-18
    outer loop
      vertex 9.5385 0 76.4374
      vertex 9.69052 -1.15472 75.2626
      vertex 9.69052 -1.15472 76.4374
    endloop
  endfacet
  facet normal -0.95821 -0.126149 -0.25675
    outer loop
      vertex 9.9842 -1.07603 74.1279
      vertex 9.69052 -1.15472 75.2626
      vertex 9.84254 0 74.1279
    endloop
  endfacet
  facet normal -0.369861 0.892906 -0.256752
    outer loop
      vertex 12.924 4.0158 74.1279
      vertex 11.9213 3.60046 74.1279
      vertex 12.8453 4.30948 75.2626
    endloop
  endfacet
  facet normal -0.126151 0.958209 -0.25675
    outer loop
      vertex 14 4.15746 74.1279
      vertex 12.8453 4.30948 75.2626
      vertex 14 4.4615 75.2626
    endloop
  endfacet
  facet normal -0.95821 0.126149 0.25675
    outer loop
      vertex 9.69052 1.15472 76.4374
      vertex 9.5385 0 76.4374
      vertex 9.84254 0 77.5721
    endloop
  endfacet
  facet normal -0.70406 -0.0927311 0.70406
    outer loop
      vertex 11.2606 0 79.4201
      vertex 10.4299 0 78.5894
      vertex 10.5516 -0.924006 78.5894
    endloop
  endfacet
  facet normal -0.704111 -0.0926547 0.704019
    outer loop
      vertex 11.2606 0 79.4201
      vertex 10.5516 -0.924006 78.5894
      vertex 11.3539 -0.709015 79.4201
    endloop
  endfacet
  facet normal -0.271773 0.656096 0.704044
    outer loop
      vertex 13.076 3.44844 78.5894
      vertex 12.215 3.09179 78.5894
      vertex 12.6303 2.37241 79.4201
    endloop
  endfacet
  facet normal -0.656109 0.2718 0.704021
    outer loop
      vertex 11.6276 1.36971 79.4201
      vertex 10.5516 0.924006 78.5894
      vertex 11.3539 0.709015 79.4201
    endloop
  endfacet
  facet normal -0.0926961 -0.704079 0.704045
    outer loop
      vertex 14 -2.73943 79.4201
      vertex 13.076 -3.44844 78.5894
      vertex 14 -3.57009 78.5894
    endloop
  endfacet
  facet normal -0.130527 -0.991445 0
    outer loop
      vertex 12.8453 -4.30948 75.2626
      vertex 14 -4.4615 76.4374
      vertex 12.8453 -4.30948 76.4374
    endloop
  endfacet
  facet normal -0.130527 -0.991445 -0
    outer loop
      vertex 14 -4.4615 76.4374
      vertex 12.8453 -4.30948 75.2626
      vertex 14 -4.4615 75.2626
    endloop
  endfacet
  facet normal -0.126151 -0.958209 -0.25675
    outer loop
      vertex 14 -4.4615 75.2626
      vertex 12.8453 -4.30948 75.2626
      vertex 14 -4.15746 74.1279
    endloop
  endfacet
  facet normal 0.126151 -0.958209 -0.25675
    outer loop
      vertex 15.1547 -4.30948 75.2626
      vertex 14 -4.4615 75.2626
      vertex 14 -4.15746 74.1279
    endloop
  endfacet
  facet normal 0.526676 -0.691341 -0.494631
    outer loop
      vertex 16.6765 -2.97258 73.8934
      vertex 16.9398 -2.93977 74.1279
      vertex 16.6738 -2.97478 73.8936
    endloop
  endfacet
  facet normal 0.528254 -0.688585 -0.496788
    outer loop
      vertex 16.9398 -2.93977 74.1279
      vertex 16.6765 -2.97258 73.8934
      vertex 16.8246 -2.82455 73.8457
    endloop
  endfacet
  facet normal -0.126152 -0.958209 -0.256751
    outer loop
      vertex 14 -4.15746 74.1279
      vertex 12.8453 -4.30948 75.2626
      vertex 12.924 -4.0158 74.1279
    endloop
  endfacet
  facet normal -0.39925 -0.30639 0.864132
    outer loop
      vertex 12.5086 -0.861037 80.0075
      vertex 11.6276 -1.36971 79.4201
      vertex 12.7823 -1.21769 80.0075
    endloop
  endfacet
  facet normal -0.432317 -0.563408 0.70404
    outer loop
      vertex 12.6303 -2.37241 79.4201
      vertex 11.4756 -2.52443 78.5894
      vertex 12.215 -3.09179 78.5894
    endloop
  endfacet
  facet normal 0.464973 -0.192558 0.86413
    outer loop
      vertex 15.6634 -0.445705 80.0075
      vertex 15.4914 -0.861037 80.0075
      vertex 16.3724 -1.36971 79.4201
    endloop
  endfacet
  facet normal -0.0998086 -0.241025 0.965373
    outer loop
      vertex 13.7063 -0.508675 80.3115
      vertex 13.139 -1.49136 80.0075
      vertex 13.848 -0.567353 80.3115
    endloop
  endfacet
  facet normal -0.464973 -0.192558 0.86413
    outer loop
      vertex 12.3366 -0.445705 80.0075
      vertex 11.6276 -1.36971 79.4201
      vertex 12.5086 -0.861037 80.0075
    endloop
  endfacet
  facet normal -0.464928 -0.192601 0.864145
    outer loop
      vertex 12.3366 -0.445705 80.0075
      vertex 11.3539 -0.709015 79.4201
      vertex 11.6276 -1.36971 79.4201
    endloop
  endfacet
  facet normal -0.801804 -0.332092 0.496815
    outer loop
      vertex 10.9082 -1.78504 78.5894
      vertex 9.9842 -1.07603 77.5721
      vertex 10.3995 -2.07873 77.5721
    endloop
  endfacet
  facet normal -0.892919 -0.369831 0.25675
    outer loop
      vertex 9.9842 -1.07603 77.5721
      vertex 9.69052 -1.15472 76.4374
      vertex 10.3995 -2.07873 77.5721
    endloop
  endfacet
  facet normal 0.608761 -0.793353 0
    outer loop
      vertex 16.2308 -3.86377 75.2626
      vertex 17.1548 -3.15476 76.4374
      vertex 16.2308 -3.86377 76.4374
    endloop
  endfacet
  facet normal 0.608761 -0.793353 0
    outer loop
      vertex 17.1548 -3.15476 76.4374
      vertex 16.2308 -3.86377 75.2626
      vertex 17.1548 -3.15476 75.2626
    endloop
  endfacet
  facet normal -0.113281 -0.860439 0.496802
    outer loop
      vertex 14 -3.57009 78.5894
      vertex 12.924 -4.0158 77.5721
      vertex 14 -4.15746 77.5721
    endloop
  endfacet
  facet normal 0.130527 -0.991445 0
    outer loop
      vertex 14 -4.4615 75.2626
      vertex 15.1547 -4.30948 76.4374
      vertex 14 -4.4615 76.4374
    endloop
  endfacet
  facet normal 0.130527 -0.991445 0
    outer loop
      vertex 15.1547 -4.30948 76.4374
      vertex 14 -4.4615 75.2626
      vertex 15.1547 -4.30948 75.2626
    endloop
  endfacet
  facet normal 0.766766 -0.588346 0.256746
    outer loop
      vertex 17.6005 -2.07873 77.5721
      vertex 17.1548 -3.15476 76.4374
      vertex 17.8638 -2.23075 76.4374
    endloop
  endfacet
  facet normal 0.563381 0.432332 0.704053
    outer loop
      vertex 16.5244 2.52443 78.5894
      vertex 16.3724 1.36971 79.4201
      vertex 17.0918 1.78504 78.5894
    endloop
  endfacet
  facet normal 0.563449 0.432299 0.704019
    outer loop
      vertex 16.5244 2.52443 78.5894
      vertex 15.9371 1.93707 79.4201
      vertex 16.3724 1.36971 79.4201
    endloop
  endfacet
  facet normal 0.271763 -0.656095 0.704049
    outer loop
      vertex 15.3697 -2.37241 79.4201
      vertex 14.709 -2.64608 79.4201
      vertex 14.924 -3.44844 78.5894
    endloop
  endfacet
  facet normal 0.065678 -0.498938 0.864146
    outer loop
      vertex 14 -1.72207 80.0075
      vertex 14 -2.73943 79.4201
      vertex 14.4457 -1.6634 80.0075
    endloop
  endfacet
  facet normal -0.271773 -0.656096 0.704044
    outer loop
      vertex 12.6303 -2.37241 79.4201
      vertex 12.215 -3.09179 78.5894
      vertex 13.076 -3.44844 78.5894
    endloop
  endfacet
  facet normal 0.0656928 0.498942 0.864142
    outer loop
      vertex 14.709 2.64608 79.4201
      vertex 14 2.73943 79.4201
      vertex 14.4457 1.6634 80.0075
    endloop
  endfacet
  facet normal 0.306336 0.399262 0.864146
    outer loop
      vertex 15.3697 2.37241 79.4201
      vertex 15.2177 1.21769 80.0075
      vertex 15.9371 1.93707 79.4201
    endloop
  endfacet
  facet normal 0.528258 0.688497 -0.496906
    outer loop
      vertex 16.9398 2.93977 74.1279
      vertex 16.3511 3.23607 73.9126
      vertex 16.0787 3.60046 74.1279
    endloop
  endfacet
  facet normal 0.528258 0.688541 -0.496845
    outer loop
      vertex 16.3511 3.23607 73.9126
      vertex 16.9398 2.93977 74.1279
      vertex 16.6738 2.97478 73.8936
    endloop
  endfacet
  facet normal 0.52838 0.688505 -0.496766
    outer loop
      vertex 16.0787 3.60046 74.1279
      vertex 16.3511 3.23607 73.9126
      vertex 16 3.4641 73.8552
    endloop
  endfacet
  facet normal 0.526676 0.691341 -0.494631
    outer loop
      vertex 16.9398 2.93977 74.1279
      vertex 16.6765 2.97258 73.8934
      vertex 16.6738 2.97478 73.8936
    endloop
  endfacet
  facet normal 0.528254 0.688585 -0.496788
    outer loop
      vertex 16.6765 2.97258 73.8934
      vertex 16.9398 2.93977 74.1279
      vertex 16.8246 2.82455 73.8457
    endloop
  endfacet
  facet normal -0.766757 0.588354 -0.256758
    outer loop
      vertex 11.0602 2.93977 74.1279
      vertex 10.3995 2.07873 74.1279
      vertex 10.8452 3.15476 75.2626
    endloop
  endfacet
  facet normal -0.369835 0.89291 -0.256776
    outer loop
      vertex 11.9213 3.60046 74.1279
      vertex 11.7692 3.86377 75.2626
      vertex 12.8453 4.30948 75.2626
    endloop
  endfacet
  facet normal -0.113277 0.860413 -0.496847
    outer loop
      vertex 14 4.15746 74.1279
      vertex 13.5819 3.97809 73.9126
      vertex 12.924 4.0158 74.1279
    endloop
  endfacet
  facet normal -0.113297 0.860427 -0.49682
    outer loop
      vertex 13.5819 3.97809 73.9126
      vertex 14 4.15746 74.1279
      vertex 14 4 73.8552
    endloop
  endfacet
  facet normal -0.113258 0.860447 -0.496794
    outer loop
      vertex 12.924 4.0158 74.1279
      vertex 13.5819 3.97809 73.9126
      vertex 13.1718 3.91314 73.8936
    endloop
  endfacet
  facet normal 0.793361 -0.608752 -2.10241e-17
    outer loop
      vertex 17.1548 -3.15476 76.4374
      vertex 17.8638 -2.23075 75.2626
      vertex 17.8638 -2.23075 76.4374
    endloop
  endfacet
  facet normal 0.793361 -0.608752 -2.10241e-17
    outer loop
      vertex 17.8638 -2.23075 75.2626
      vertex 17.1548 -3.15476 76.4374
      vertex 17.1548 -3.15476 75.2626
    endloop
  endfacet
  facet normal 0.588323 -0.766781 -0.256755
    outer loop
      vertex 17.1548 -3.15476 75.2626
      vertex 16.0787 -3.60046 74.1279
      vertex 16.9398 -2.93977 74.1279
    endloop
  endfacet
  facet normal 0.801748 0.332101 -0.4969
    outer loop
      vertex 17.6005 2.07873 74.1279
      vertex 17.6542 1.62695 73.9126
      vertex 17.4641 2 73.8552
    endloop
  endfacet
  facet normal 0.801782 0.332084 -0.496856
    outer loop
      vertex 18.0158 1.07603 74.1279
      vertex 17.6542 1.62695 73.9126
      vertex 17.6005 2.07873 74.1279
    endloop
  endfacet
  facet normal 0.801822 0.332153 -0.496744
    outer loop
      vertex 17.6542 1.62695 73.9126
      vertex 18.0158 1.07603 74.1279
      vertex 17.803 1.23933 73.8936
    endloop
  endfacet
  facet normal 0.688491 0.528303 -0.496866
    outer loop
      vertex 16.9398 2.93977 74.1279
      vertex 17.2361 2.35114 73.9126
      vertex 16.9748 2.6738 73.8936
    endloop
  endfacet
  facet normal 0.688497 0.528303 -0.496857
    outer loop
      vertex 17.6005 2.07873 74.1279
      vertex 17.2361 2.35114 73.9126
      vertex 16.9398 2.93977 74.1279
    endloop
  endfacet
  facet normal 0.688496 0.528275 -0.49689
    outer loop
      vertex 17.6005 2.07873 74.1279
      vertex 17.4641 2 73.8552
      vertex 17.2361 2.35114 73.9126
    endloop
  endfacet
  facet normal 0.958201 -0.126183 -0.256766
    outer loop
      vertex 18.3095 -1.15472 75.2626
      vertex 18.0158 -1.07603 74.1279
      vertex 18.1575 0 74.1279
    endloop
  endfacet
  facet normal 0.95822 0.126134 -0.256719
    outer loop
      vertex 18.4615 0 75.2626
      vertex 18.1575 0 74.1279
      vertex 18.3095 1.15472 75.2626
    endloop
  endfacet
  facet normal 0.991447 0.130508 9.90733e-18
    outer loop
      vertex 18.4615 0 76.4374
      vertex 18.3095 1.15472 75.2626
      vertex 18.3095 1.15472 76.4374
    endloop
  endfacet
  facet normal 0.991447 0.130508 9.90733e-18
    outer loop
      vertex 18.3095 1.15472 75.2626
      vertex 18.4615 0 76.4374
      vertex 18.4615 0 75.2626
    endloop
  endfacet
  facet normal 0.958201 0.126183 0.256766
    outer loop
      vertex 18.3095 1.15472 76.4374
      vertex 18.0158 1.07603 77.5721
      vertex 18.1575 0 77.5721
    endloop
  endfacet
  facet normal 0.95822 0.126134 0.256719
    outer loop
      vertex 18.3095 1.15472 76.4374
      vertex 18.1575 0 77.5721
      vertex 18.4615 0 76.4374
    endloop
  endfacet
  facet normal 0.369835 0.89291 -0.256776
    outer loop
      vertex 16.0787 3.60046 74.1279
      vertex 15.1547 4.30948 75.2626
      vertex 16.2308 3.86377 75.2626
    endloop
  endfacet
  facet normal 0.126151 0.958209 0.25675
    outer loop
      vertex 14 4.4615 76.4374
      vertex 14 4.15746 77.5721
      vertex 15.1547 4.30948 76.4374
    endloop
  endfacet
  facet normal 0.369835 0.89291 0.256776
    outer loop
      vertex 16.2308 3.86377 76.4374
      vertex 15.1547 4.30948 76.4374
      vertex 16.0787 3.60046 77.5721
    endloop
  endfacet
  facet normal -0.126151 0.958209 0.25675
    outer loop
      vertex 14 4.4615 76.4374
      vertex 12.8453 4.30948 76.4374
      vertex 14 4.15746 77.5721
    endloop
  endfacet
  facet normal -0.126152 0.958209 0.256751
    outer loop
      vertex 14 4.15746 77.5721
      vertex 12.8453 4.30948 76.4374
      vertex 12.924 4.0158 77.5721
    endloop
  endfacet
  facet normal -0.892918 0.369837 -0.256744
    outer loop
      vertex 10.3995 2.07873 74.1279
      vertex 9.69052 1.15472 75.2626
      vertex 10.1362 2.23075 75.2626
    endloop
  endfacet
  facet normal -0.688496 -0.528275 -0.49689
    outer loop
      vertex 10.7639 -2.35114 73.9126
      vertex 10.3995 -2.07873 74.1279
      vertex 10.5359 -2 73.8552
    endloop
  endfacet
  facet normal -0.688491 -0.528303 -0.496866
    outer loop
      vertex 11.0602 -2.93977 74.1279
      vertex 10.7639 -2.35114 73.9126
      vertex 11.0252 -2.6738 73.8936
    endloop
  endfacet
  facet normal -0.688497 -0.528303 -0.496857
    outer loop
      vertex 10.7639 -2.35114 73.9126
      vertex 11.0602 -2.93977 74.1279
      vertex 10.3995 -2.07873 74.1279
    endloop
  endfacet
  facet normal -0.801822 -0.332153 -0.496744
    outer loop
      vertex 10.3458 -1.62695 73.9126
      vertex 9.9842 -1.07603 74.1279
      vertex 10.197 -1.23933 73.8936
    endloop
  endfacet
  facet normal -0.801748 -0.332101 -0.4969
    outer loop
      vertex 10.3995 -2.07873 74.1279
      vertex 10.3458 -1.62695 73.9126
      vertex 10.5359 -2 73.8552
    endloop
  endfacet
  facet normal -0.801782 -0.332084 -0.496856
    outer loop
      vertex 10.3458 -1.62695 73.9126
      vertex 10.3995 -2.07873 74.1279
      vertex 9.9842 -1.07603 74.1279
    endloop
  endfacet
  facet normal -0.369861 -0.892906 -0.256752
    outer loop
      vertex 12.8453 -4.30948 75.2626
      vertex 11.9213 -3.60046 74.1279
      vertex 12.924 -4.0158 74.1279
    endloop
  endfacet
  facet normal -0.332108 -0.801765 -0.496868
    outer loop
      vertex 11.9213 -3.60046 74.1279
      vertex 12.3731 -3.65418 73.9126
      vertex 12.924 -4.0158 74.1279
    endloop
  endfacet
  facet normal -0.332075 -0.801832 -0.496781
    outer loop
      vertex 12.3731 -3.65418 73.9126
      vertex 11.9213 -3.60046 74.1279
      vertex 12 -3.4641 73.8552
    endloop
  endfacet
  facet normal -0.332138 -0.801782 -0.496821
    outer loop
      vertex 12.924 -4.0158 74.1279
      vertex 12.3731 -3.65418 73.9126
      vertex 12.7607 -3.80297 73.8936
    endloop
  endfacet
  facet normal -0.608761 -0.793353 0
    outer loop
      vertex 10.8452 -3.15476 75.2626
      vertex 11.7692 -3.86377 76.4374
      vertex 10.8452 -3.15476 76.4374
    endloop
  endfacet
  facet normal -0.608761 -0.793353 -0
    outer loop
      vertex 11.7692 -3.86377 76.4374
      vertex 10.8452 -3.15476 75.2626
      vertex 11.7692 -3.86377 75.2626
    endloop
  endfacet
  facet normal -0.369835 0.89291 0.256776
    outer loop
      vertex 12.8453 4.30948 76.4374
      vertex 11.7692 3.86377 76.4374
      vertex 11.9213 3.60046 77.5721
    endloop
  endfacet
  facet normal 0.158853 0.206939 0.965371
    outer loop
      vertex 14.861 1.49136 80.0075
      vertex 14.2937 0.508675 80.3115
      vertex 14.4153 0.415331 80.3115
    endloop
  endfacet
  facet normal 0.528311 -0.68851 0.496831
    outer loop
      vertex 16.5244 -2.52443 78.5894
      vertex 15.785 -3.09179 78.5894
      vertex 16.9398 -2.93977 77.5721
    endloop
  endfacet
  facet normal -0.399265 -0.306331 0.864146
    outer loop
      vertex 12.7823 -1.21769 80.0075
      vertex 11.6276 -1.36971 79.4201
      vertex 12.0629 -1.93707 79.4201
    endloop
  endfacet
  facet normal 0.158853 -0.206939 0.965371
    outer loop
      vertex 14.4153 -0.415331 80.3115
      vertex 14.2937 -0.508675 80.3115
      vertex 14.861 -1.49136 80.0075
    endloop
  endfacet
  facet normal -0.0340547 -0.258635 0.965375
    outer loop
      vertex 14 -0.587367 80.3115
      vertex 13.848 -0.567353 80.3115
      vertex 14 -1.72207 80.0075
    endloop
  endfacet
  facet normal -0.95821 0.126149 -0.25675
    outer loop
      vertex 9.84254 0 74.1279
      vertex 9.5385 0 75.2626
      vertex 9.69052 1.15472 75.2626
    endloop
  endfacet
  facet normal -0.588348 0.76675 0.256791
    outer loop
      vertex 11.7692 3.86377 76.4374
      vertex 10.8452 3.15476 76.4374
      vertex 11.9213 3.60046 77.5721
    endloop
  endfacet
  facet normal -0.860397 0.113415 -0.496844
    outer loop
      vertex 10.0874 0.831646 73.8934
      vertex 9.9842 1.07603 74.1279
      vertex 10.1416 1.03386 73.8457
    endloop
  endfacet
  facet normal -0.869345 0.0977384 -0.484444
    outer loop
      vertex 9.9842 1.07603 74.1279
      vertex 10.0874 0.831646 73.8934
      vertex 10.0869 0.82819 73.8936
    endloop
  endfacet
  facet normal -0.793361 0.608752 -2.10241e-17
    outer loop
      vertex 10.1362 2.23075 75.2626
      vertex 10.8452 3.15476 76.4374
      vertex 10.8452 3.15476 75.2626
    endloop
  endfacet
  facet normal -0.793361 0.608752 -2.10241e-17
    outer loop
      vertex 10.8452 3.15476 76.4374
      vertex 10.1362 2.23075 75.2626
      vertex 10.1362 2.23075 76.4374
    endloop
  endfacet
  facet normal -0.892919 0.369831 0.25675
    outer loop
      vertex 10.3995 2.07873 77.5721
      vertex 9.69052 1.15472 76.4374
      vertex 9.9842 1.07603 77.5721
    endloop
  endfacet
  facet normal -0.892918 0.369837 0.256744
    outer loop
      vertex 10.1362 2.23075 76.4374
      vertex 9.69052 1.15472 76.4374
      vertex 10.3995 2.07873 77.5721
    endloop
  endfacet
  facet normal -0.95821 0.126149 0.25675
    outer loop
      vertex 9.9842 1.07603 77.5721
      vertex 9.69052 1.15472 76.4374
      vertex 9.84254 0 77.5721
    endloop
  endfacet
  facet normal -0.498958 0.0657136 0.864131
    outer loop
      vertex 12.3366 0.445705 80.0075
      vertex 11.2606 0 79.4201
      vertex 12.2779 0 80.0075
    endloop
  endfacet
  facet normal -0.498958 -0.0657136 0.864131
    outer loop
      vertex 12.2779 0 80.0075
      vertex 11.2606 0 79.4201
      vertex 12.3366 -0.445705 80.0075
    endloop
  endfacet
  facet normal -0.688485 0.528336 0.49684
    outer loop
      vertex 11.0602 2.93977 77.5721
      vertex 10.9082 1.78504 78.5894
      vertex 11.4756 2.52443 78.5894
    endloop
  endfacet
  facet normal -0.563381 0.432332 0.704053
    outer loop
      vertex 11.4756 2.52443 78.5894
      vertex 10.9082 1.78504 78.5894
      vertex 11.6276 1.36971 79.4201
    endloop
  endfacet
  facet normal 0.110377 -0.862146 -0.494491
    outer loop
      vertex 14.8316 -3.91259 73.8934
      vertex 15.076 -4.0158 74.1279
      vertex 14.8282 -3.91314 73.8936
    endloop
  endfacet
  facet normal 0.113305 -0.860441 -0.496793
    outer loop
      vertex 15.076 -4.0158 74.1279
      vertex 14.8316 -3.91259 73.8934
      vertex 15.0339 -3.85841 73.8457
    endloop
  endfacet
  facet normal 0.688538 -0.528319 -0.496784
    outer loop
      vertex 16.9726 -2.67652 73.8934
      vertex 16.9398 -2.93977 74.1279
      vertex 16.8246 -2.82455 73.8457
    endloop
  endfacet
  facet normal 0.694047 -0.525151 -0.492458
    outer loop
      vertex 16.9398 -2.93977 74.1279
      vertex 16.9726 -2.67652 73.8934
      vertex 16.9748 -2.6738 73.8936
    endloop
  endfacet
  facet normal 0.126152 -0.958209 -0.256751
    outer loop
      vertex 15.1547 -4.30948 75.2626
      vertex 14 -4.15746 74.1279
      vertex 15.076 -4.0158 74.1279
    endloop
  endfacet
  facet normal 0.528258 -0.688497 -0.496906
    outer loop
      vertex 16.0787 -3.60046 74.1279
      vertex 16.3511 -3.23607 73.9126
      vertex 16.9398 -2.93977 74.1279
    endloop
  endfacet
  facet normal 0.52838 -0.688505 -0.496766
    outer loop
      vertex 16.3511 -3.23607 73.9126
      vertex 16.0787 -3.60046 74.1279
      vertex 16 -3.4641 73.8552
    endloop
  endfacet
  facet normal 0.528258 -0.688541 -0.496845
    outer loop
      vertex 16.9398 -2.93977 74.1279
      vertex 16.3511 -3.23607 73.9126
      vertex 16.6738 -2.97478 73.8936
    endloop
  endfacet
  facet normal -0.563381 -0.432332 0.704053
    outer loop
      vertex 11.6276 -1.36971 79.4201
      vertex 10.9082 -1.78504 78.5894
      vertex 11.4756 -2.52443 78.5894
    endloop
  endfacet
  facet normal -0.369861 -0.892906 0.256752
    outer loop
      vertex 12.924 -4.0158 77.5721
      vertex 11.9213 -3.60046 77.5721
      vertex 12.8453 -4.30948 76.4374
    endloop
  endfacet
  facet normal -0.332128 -0.8018 0.496798
    outer loop
      vertex 13.076 -3.44844 78.5894
      vertex 12.215 -3.09179 78.5894
      vertex 12.924 -4.0158 77.5721
    endloop
  endfacet
  facet normal -0.113282 -0.860439 0.496803
    outer loop
      vertex 13.076 -3.44844 78.5894
      vertex 12.924 -4.0158 77.5721
      vertex 14 -3.57009 78.5894
    endloop
  endfacet
  facet normal 0.113277 -0.860413 -0.496847
    outer loop
      vertex 14 -4.15746 74.1279
      vertex 14.4181 -3.97809 73.9126
      vertex 15.076 -4.0158 74.1279
    endloop
  endfacet
  facet normal 0.113297 -0.860427 -0.49682
    outer loop
      vertex 14.4181 -3.97809 73.9126
      vertex 14 -4.15746 74.1279
      vertex 14 -4 73.8552
    endloop
  endfacet
  facet normal 0.113258 -0.860447 -0.496794
    outer loop
      vertex 15.076 -4.0158 74.1279
      vertex 14.4181 -3.97809 73.9126
      vertex 14.8282 -3.91314 73.8936
    endloop
  endfacet
  facet normal -0.0340454 -0.258634 0.965375
    outer loop
      vertex 13.848 -0.567353 80.3115
      vertex 13.5543 -1.6634 80.0075
      vertex 14 -1.72207 80.0075
    endloop
  endfacet
  facet normal -0.158853 -0.206939 0.965371
    outer loop
      vertex 13.5847 -0.415331 80.3115
      vertex 13.139 -1.49136 80.0075
      vertex 13.7063 -0.508675 80.3115
    endloop
  endfacet
  facet normal -0.206943 -0.158811 0.965377
    outer loop
      vertex 13.5847 -0.415331 80.3115
      vertex 12.5086 -0.861037 80.0075
      vertex 12.7823 -1.21769 80.0075
    endloop
  endfacet
  facet normal 0.15879 -0.206966 0.965376
    outer loop
      vertex 15.2177 -1.21769 80.0075
      vertex 14.4153 -0.415331 80.3115
      vertex 14.861 -1.49136 80.0075
    endloop
  endfacet
  facet normal 0.399265 -0.306331 0.864146
    outer loop
      vertex 16.3724 -1.36971 79.4201
      vertex 15.2177 -1.21769 80.0075
      vertex 15.9371 -1.93707 79.4201
    endloop
  endfacet
  facet normal 0.498942 -0.0656563 0.864145
    outer loop
      vertex 16.7394 0 79.4201
      vertex 15.6634 -0.445705 80.0075
      vertex 16.6461 -0.709015 79.4201
    endloop
  endfacet
  facet normal -0.306336 -0.399262 0.864146
    outer loop
      vertex 12.7823 -1.21769 80.0075
      vertex 12.0629 -1.93707 79.4201
      vertex 12.6303 -2.37241 79.4201
    endloop
  endfacet
  facet normal -0.528311 -0.68851 0.496831
    outer loop
      vertex 11.4756 -2.52443 78.5894
      vertex 11.0602 -2.93977 77.5721
      vertex 12.215 -3.09179 78.5894
    endloop
  endfacet
  facet normal -0.306327 -0.399265 0.864148
    outer loop
      vertex 12.7823 -1.21769 80.0075
      vertex 12.6303 -2.37241 79.4201
      vertex 13.139 -1.49136 80.0075
    endloop
  endfacet
  facet normal -0.241022 -0.0998135 0.965373
    outer loop
      vertex 13.4326 -0.152021 80.3115
      vertex 12.3366 -0.445705 80.0075
      vertex 12.5086 -0.861037 80.0075
    endloop
  endfacet
  facet normal -0.688516 -0.528318 0.496815
    outer loop
      vertex 10.9082 -1.78504 78.5894
      vertex 10.3995 -2.07873 77.5721
      vertex 11.0602 -2.93977 77.5721
    endloop
  endfacet
  facet normal -0.766757 -0.588354 0.256758
    outer loop
      vertex 11.0602 -2.93977 77.5721
      vertex 10.3995 -2.07873 77.5721
      vertex 10.8452 -3.15476 76.4374
    endloop
  endfacet
  facet normal 0.432317 -0.563408 0.70404
    outer loop
      vertex 16.5244 -2.52443 78.5894
      vertex 15.3697 -2.37241 79.4201
      vertex 15.785 -3.09179 78.5894
    endloop
  endfacet
  facet normal 0.113282 -0.860439 0.496803
    outer loop
      vertex 14.924 -3.44844 78.5894
      vertex 14 -3.57009 78.5894
      vertex 15.076 -4.0158 77.5721
    endloop
  endfacet
  facet normal 0.588323 -0.766781 0.256755
    outer loop
      vertex 16.9398 -2.93977 77.5721
      vertex 16.0787 -3.60046 77.5721
      vertex 17.1548 -3.15476 76.4374
    endloop
  endfacet
  facet normal 0.766757 -0.588354 0.256758
    outer loop
      vertex 17.6005 -2.07873 77.5721
      vertex 16.9398 -2.93977 77.5721
      vertex 17.1548 -3.15476 76.4374
    endloop
  endfacet
  facet normal 0.39925 0.30639 0.864132
    outer loop
      vertex 16.3724 1.36971 79.4201
      vertex 15.2177 1.21769 80.0075
      vertex 15.4914 0.861037 80.0075
    endloop
  endfacet
  facet normal 0.258649 0.0340281 0.965372
    outer loop
      vertex 15.6634 0.445705 80.0075
      vertex 14.5674 0.152021 80.3115
      vertex 14.5874 0 80.3115
    endloop
  endfacet
  facet normal 0.528293 -0.688542 0.496806
    outer loop
      vertex 16.9398 -2.93977 77.5721
      vertex 15.785 -3.09179 78.5894
      vertex 16.0787 -3.60046 77.5721
    endloop
  endfacet
  facet normal 0.688516 -0.528318 0.496815
    outer loop
      vertex 17.0918 -1.78504 78.5894
      vertex 16.9398 -2.93977 77.5721
      vertex 17.6005 -2.07873 77.5721
    endloop
  endfacet
  facet normal 0.704111 -0.0926547 0.704019
    outer loop
      vertex 16.7394 0 79.4201
      vertex 16.6461 -0.709015 79.4201
      vertex 17.4484 -0.924006 78.5894
    endloop
  endfacet
  facet normal 0.206918 -0.158869 0.965373
    outer loop
      vertex 14.5087 -0.293683 80.3115
      vertex 14.4153 -0.415331 80.3115
      vertex 15.4914 -0.861037 80.0075
    endloop
  endfacet
  facet normal 0.0998371 -0.241004 0.965375
    outer loop
      vertex 14.861 -1.49136 80.0075
      vertex 14.152 -0.567353 80.3115
      vertex 14.4457 -1.6634 80.0075
    endloop
  endfacet
  facet normal 0.206943 -0.158811 0.965377
    outer loop
      vertex 15.4914 -0.861037 80.0075
      vertex 14.4153 -0.415331 80.3115
      vertex 15.2177 -1.21769 80.0075
    endloop
  endfacet
  facet normal 0.432317 0.563408 0.70404
    outer loop
      vertex 15.785 3.09179 78.5894
      vertex 15.3697 2.37241 79.4201
      vertex 16.5244 2.52443 78.5894
    endloop
  endfacet
  facet normal 0.528311 0.68851 0.496831
    outer loop
      vertex 16.9398 2.93977 77.5721
      vertex 15.785 3.09179 78.5894
      vertex 16.5244 2.52443 78.5894
    endloop
  endfacet
  facet normal -0.588323 0.766781 -0.256755
    outer loop
      vertex 11.0602 2.93977 74.1279
      vertex 10.8452 3.15476 75.2626
      vertex 11.9213 3.60046 74.1279
    endloop
  endfacet
  facet normal -0.528258 0.688497 -0.496906
    outer loop
      vertex 11.9213 3.60046 74.1279
      vertex 11.6489 3.23607 73.9126
      vertex 11.0602 2.93977 74.1279
    endloop
  endfacet
  facet normal -0.52838 0.688505 -0.496766
    outer loop
      vertex 11.6489 3.23607 73.9126
      vertex 11.9213 3.60046 74.1279
      vertex 12 3.4641 73.8552
    endloop
  endfacet
  facet normal -0.528258 0.688541 -0.496845
    outer loop
      vertex 11.0602 2.93977 74.1279
      vertex 11.6489 3.23607 73.9126
      vertex 11.3262 2.97478 73.8936
    endloop
  endfacet
  facet normal -0.332108 0.801765 -0.496868
    outer loop
      vertex 12.924 4.0158 74.1279
      vertex 12.3731 3.65418 73.9126
      vertex 11.9213 3.60046 74.1279
    endloop
  endfacet
  facet normal -0.332138 0.801782 -0.496821
    outer loop
      vertex 12.3731 3.65418 73.9126
      vertex 12.924 4.0158 74.1279
      vertex 12.7607 3.80297 73.8936
    endloop
  endfacet
  facet normal -0.332075 0.801832 -0.496781
    outer loop
      vertex 11.9213 3.60046 74.1279
      vertex 12.3731 3.65418 73.9126
      vertex 12 3.4641 73.8552
    endloop
  endfacet
  facet normal 0.766757 -0.588354 -0.256758
    outer loop
      vertex 17.1548 -3.15476 75.2626
      vertex 16.9398 -2.93977 74.1279
      vertex 17.6005 -2.07873 74.1279
    endloop
  endfacet
  facet normal 0.688496 -0.528275 -0.49689
    outer loop
      vertex 17.6005 -2.07873 74.1279
      vertex 17.2361 -2.35114 73.9126
      vertex 17.4641 -2 73.8552
    endloop
  endfacet
  facet normal 0.688497 -0.528303 -0.496857
    outer loop
      vertex 16.9398 -2.93977 74.1279
      vertex 17.2361 -2.35114 73.9126
      vertex 17.6005 -2.07873 74.1279
    endloop
  endfacet
  facet normal 0.688491 -0.528303 -0.496866
    outer loop
      vertex 17.2361 -2.35114 73.9126
      vertex 16.9398 -2.93977 74.1279
      vertex 16.9748 -2.6738 73.8936
    endloop
  endfacet
  facet normal 0.860321 0.11334 -0.496992
    outer loop
      vertex 18.0158 1.07603 74.1279
      vertex 17.9781 0.418114 73.9126
      vertex 17.9131 0.82819 73.8936
    endloop
  endfacet
  facet normal 0.860386 0.113302 -0.496888
    outer loop
      vertex 18.1575 0 74.1279
      vertex 17.9781 0.418114 73.9126
      vertex 18.0158 1.07603 74.1279
    endloop
  endfacet
  facet normal 0.860373 0.113283 -0.496915
    outer loop
      vertex 17.9781 0.418114 73.9126
      vertex 18.1575 0 74.1279
      vertex 18 0 73.8552
    endloop
  endfacet
  facet normal 0.860397 0.113415 -0.496844
    outer loop
      vertex 18.0158 1.07603 74.1279
      vertex 17.9126 0.831646 73.8934
      vertex 17.8584 1.03386 73.8457
    endloop
  endfacet
  facet normal 0.869345 0.0977384 -0.484444
    outer loop
      vertex 17.9126 0.831646 73.8934
      vertex 18.0158 1.07603 74.1279
      vertex 17.9131 0.82819 73.8936
    endloop
  endfacet
  facet normal 0.588348 0.76675 -0.256791
    outer loop
      vertex 17.1548 3.15476 75.2626
      vertex 16.0787 3.60046 74.1279
      vertex 16.2308 3.86377 75.2626
    endloop
  endfacet
  facet normal 0.608761 0.793353 -0
    outer loop
      vertex 17.1548 3.15476 75.2626
      vertex 16.2308 3.86377 76.4374
      vertex 17.1548 3.15476 76.4374
    endloop
  endfacet
  facet normal 0.608761 0.793353 0
    outer loop
      vertex 16.2308 3.86377 76.4374
      vertex 17.1548 3.15476 75.2626
      vertex 16.2308 3.86377 75.2626
    endloop
  endfacet
  facet normal -0.332128 0.8018 0.496798
    outer loop
      vertex 12.924 4.0158 77.5721
      vertex 12.215 3.09179 78.5894
      vertex 13.076 3.44844 78.5894
    endloop
  endfacet
  facet normal -0.113281 0.860439 0.496802
    outer loop
      vertex 14 4.15746 77.5721
      vertex 12.924 4.0158 77.5721
      vertex 14 3.57009 78.5894
    endloop
  endfacet
  facet normal 0.382665 0.923887 -0
    outer loop
      vertex 16.2308 3.86377 75.2626
      vertex 15.1547 4.30948 76.4374
      vertex 16.2308 3.86377 76.4374
    endloop
  endfacet
  facet normal 0.382665 0.923887 0
    outer loop
      vertex 15.1547 4.30948 76.4374
      vertex 16.2308 3.86377 75.2626
      vertex 15.1547 4.30948 75.2626
    endloop
  endfacet
  facet normal 0.130527 0.991445 -0
    outer loop
      vertex 15.1547 4.30948 75.2626
      vertex 14 4.4615 76.4374
      vertex 15.1547 4.30948 76.4374
    endloop
  endfacet
  facet normal 0.130527 0.991445 0
    outer loop
      vertex 14 4.4615 76.4374
      vertex 15.1547 4.30948 75.2626
      vertex 14 4.4615 75.2626
    endloop
  endfacet
  facet normal 0.271773 0.656096 0.704044
    outer loop
      vertex 15.785 3.09179 78.5894
      vertex 14.924 3.44844 78.5894
      vertex 15.3697 2.37241 79.4201
    endloop
  endfacet
  facet normal 0.332128 0.8018 0.496798
    outer loop
      vertex 15.076 4.0158 77.5721
      vertex 14.924 3.44844 78.5894
      vertex 15.785 3.09179 78.5894
    endloop
  endfacet
  facet normal -0.110377 -0.862146 -0.494491
    outer loop
      vertex 12.924 -4.0158 74.1279
      vertex 13.1684 -3.91259 73.8934
      vertex 13.1718 -3.91314 73.8936
    endloop
  endfacet
  facet normal -0.113305 -0.860441 -0.496793
    outer loop
      vertex 13.1684 -3.91259 73.8934
      vertex 12.924 -4.0158 74.1279
      vertex 12.9661 -3.85841 73.8457
    endloop
  endfacet
  facet normal -0.346161 -0.801823 -0.487085
    outer loop
      vertex 12.7639 -3.80423 73.8934
      vertex 12.924 -4.0158 74.1279
      vertex 12.7607 -3.80297 73.8936
    endloop
  endfacet
  facet normal -0.332047 -0.80186 -0.496754
    outer loop
      vertex 12.924 -4.0158 74.1279
      vertex 12.7639 -3.80423 73.8934
      vertex 12.9661 -3.85841 73.8457
    endloop
  endfacet
  facet normal -0.694047 -0.525151 -0.492458
    outer loop
      vertex 11.0274 -2.67652 73.8934
      vertex 11.0602 -2.93977 74.1279
      vertex 11.0252 -2.6738 73.8936
    endloop
  endfacet
  facet normal -0.688538 -0.528319 -0.496784
    outer loop
      vertex 11.0602 -2.93977 74.1279
      vertex 11.0274 -2.67652 73.8934
      vertex 11.1754 -2.82455 73.8457
    endloop
  endfacet
  facet normal -0.526676 -0.691341 -0.494631
    outer loop
      vertex 11.0602 -2.93977 74.1279
      vertex 11.3235 -2.97258 73.8934
      vertex 11.3262 -2.97478 73.8936
    endloop
  endfacet
  facet normal -0.528254 -0.688585 -0.496788
    outer loop
      vertex 11.3235 -2.97258 73.8934
      vertex 11.0602 -2.93977 74.1279
      vertex 11.1754 -2.82455 73.8457
    endloop
  endfacet
  facet normal 0.126151 -0.958209 0.25675
    outer loop
      vertex 14 -4.15746 77.5721
      vertex 14 -4.4615 76.4374
      vertex 15.1547 -4.30948 76.4374
    endloop
  endfacet
  facet normal -0.0340547 0.258635 0.965375
    outer loop
      vertex 14 1.72207 80.0075
      vertex 13.848 0.567353 80.3115
      vertex 14 0.587367 80.3115
    endloop
  endfacet
  facet normal 0.065678 0.498938 0.864146
    outer loop
      vertex 14 2.73943 79.4201
      vertex 14 1.72207 80.0075
      vertex 14.4457 1.6634 80.0075
    endloop
  endfacet
  facet normal -0.0340454 0.258634 0.965375
    outer loop
      vertex 14 1.72207 80.0075
      vertex 13.5543 1.6634 80.0075
      vertex 13.848 0.567353 80.3115
    endloop
  endfacet
  facet normal -0.95821 -0.126149 -0.25675
    outer loop
      vertex 9.69052 -1.15472 75.2626
      vertex 9.5385 0 75.2626
      vertex 9.84254 0 74.1279
    endloop
  endfacet
  facet normal -0.860429 -0.113273 -0.496821
    outer loop
      vertex 10.0219 -0.418114 73.9126
      vertex 9.84254 0 74.1279
      vertex 10 0 73.8552
    endloop
  endfacet
  facet normal -0.860321 -0.11334 -0.496992
    outer loop
      vertex 9.9842 -1.07603 74.1279
      vertex 10.0219 -0.418114 73.9126
      vertex 10.0869 -0.82819 73.8936
    endloop
  endfacet
  facet normal -0.860431 -0.113276 -0.496816
    outer loop
      vertex 10.0219 -0.418114 73.9126
      vertex 9.9842 -1.07603 74.1279
      vertex 9.84254 0 74.1279
    endloop
  endfacet
  facet normal -0.258636 0.0340627 0.965374
    outer loop
      vertex 12.3366 0.445705 80.0075
      vertex 12.2779 0 80.0075
      vertex 13.4126 0 80.3115
    endloop
  endfacet
  facet normal -0.258649 0.0340281 0.965372
    outer loop
      vertex 13.4326 0.152021 80.3115
      vertex 12.3366 0.445705 80.0075
      vertex 13.4126 0 80.3115
    endloop
  endfacet
  facet normal -0.801804 0.332092 0.496815
    outer loop
      vertex 10.3995 2.07873 77.5721
      vertex 9.9842 1.07603 77.5721
      vertex 10.9082 1.78504 78.5894
    endloop
  endfacet
  facet normal -0.688516 0.528318 0.496815
    outer loop
      vertex 11.0602 2.93977 77.5721
      vertex 10.3995 2.07873 77.5721
      vertex 10.9082 1.78504 78.5894
    endloop
  endfacet
  facet normal -0.563449 0.432299 0.704019
    outer loop
      vertex 12.0629 1.93707 79.4201
      vertex 11.4756 2.52443 78.5894
      vertex 11.6276 1.36971 79.4201
    endloop
  endfacet
  facet normal -0.656104 0.271727 0.704054
    outer loop
      vertex 10.9082 1.78504 78.5894
      vertex 10.5516 0.924006 78.5894
      vertex 11.6276 1.36971 79.4201
    endloop
  endfacet
  facet normal -0.432317 0.563408 0.70404
    outer loop
      vertex 12.215 3.09179 78.5894
      vertex 11.4756 2.52443 78.5894
      vertex 12.6303 2.37241 79.4201
    endloop
  endfacet
  facet normal -0.528311 0.68851 0.496831
    outer loop
      vertex 12.215 3.09179 78.5894
      vertex 11.0602 2.93977 77.5721
      vertex 11.4756 2.52443 78.5894
    endloop
  endfacet
  facet normal -0.382665 -0.923887 0
    outer loop
      vertex 11.7692 -3.86377 75.2626
      vertex 12.8453 -4.30948 76.4374
      vertex 11.7692 -3.86377 76.4374
    endloop
  endfacet
  facet normal -0.382665 -0.923887 -0
    outer loop
      vertex 12.8453 -4.30948 76.4374
      vertex 11.7692 -3.86377 75.2626
      vertex 12.8453 -4.30948 75.2626
    endloop
  endfacet
  facet normal 0.332108 -0.801765 -0.496868
    outer loop
      vertex 15.076 -4.0158 74.1279
      vertex 15.6269 -3.65418 73.9126
      vertex 16.0787 -3.60046 74.1279
    endloop
  endfacet
  facet normal 0.332138 -0.801782 -0.496821
    outer loop
      vertex 15.6269 -3.65418 73.9126
      vertex 15.076 -4.0158 74.1279
      vertex 15.2393 -3.80297 73.8936
    endloop
  endfacet
  facet normal 0.332075 -0.801832 -0.496781
    outer loop
      vertex 16.0787 -3.60046 74.1279
      vertex 15.6269 -3.65418 73.9126
      vertex 16 -3.4641 73.8552
    endloop
  endfacet
  facet normal 0.369861 -0.892906 -0.256752
    outer loop
      vertex 15.1547 -4.30948 75.2626
      vertex 15.076 -4.0158 74.1279
      vertex 16.0787 -3.60046 74.1279
    endloop
  endfacet
  facet normal 0.15879 0.206966 0.965376
    outer loop
      vertex 14.861 1.49136 80.0075
      vertex 14.4153 0.415331 80.3115
      vertex 15.2177 1.21769 80.0075
    endloop
  endfacet
  facet normal -0.065678 -0.498938 0.864146
    outer loop
      vertex 14 -1.72207 80.0075
      vertex 13.5543 -1.6634 80.0075
      vertex 14 -2.73943 79.4201
    endloop
  endfacet
  facet normal -0.15879 -0.206966 0.965376
    outer loop
      vertex 13.5847 -0.415331 80.3115
      vertex 12.7823 -1.21769 80.0075
      vertex 13.139 -1.49136 80.0075
    endloop
  endfacet
  facet normal -0.192585 -0.464942 0.864141
    outer loop
      vertex 13.5543 -1.6634 80.0075
      vertex 12.6303 -2.37241 79.4201
      vertex 13.291 -2.64608 79.4201
    endloop
  endfacet
  facet normal -0.192598 -0.464928 0.864146
    outer loop
      vertex 13.139 -1.49136 80.0075
      vertex 12.6303 -2.37241 79.4201
      vertex 13.5543 -1.6634 80.0075
    endloop
  endfacet
  facet normal -0.528293 -0.688542 0.496806
    outer loop
      vertex 12.215 -3.09179 78.5894
      vertex 11.0602 -2.93977 77.5721
      vertex 11.9213 -3.60046 77.5721
    endloop
  endfacet
  facet normal -0.588323 -0.766781 0.256755
    outer loop
      vertex 11.0602 -2.93977 77.5721
      vertex 10.8452 -3.15476 76.4374
      vertex 11.9213 -3.60046 77.5721
    endloop
  endfacet
  facet normal -0.432302 -0.56344 0.704024
    outer loop
      vertex 12.0629 -1.93707 79.4201
      vertex 11.4756 -2.52443 78.5894
      vertex 12.6303 -2.37241 79.4201
    endloop
  endfacet
  facet normal -0.563449 -0.432299 0.704019
    outer loop
      vertex 11.6276 -1.36971 79.4201
      vertex 11.4756 -2.52443 78.5894
      vertex 12.0629 -1.93707 79.4201
    endloop
  endfacet
  facet normal 0.126152 -0.958209 0.256751
    outer loop
      vertex 15.076 -4.0158 77.5721
      vertex 14 -4.15746 77.5721
      vertex 15.1547 -4.30948 76.4374
    endloop
  endfacet
  facet normal 0.113281 -0.860439 0.496802
    outer loop
      vertex 14 -3.57009 78.5894
      vertex 14 -4.15746 77.5721
      vertex 15.076 -4.0158 77.5721
    endloop
  endfacet
  facet normal 0.704111 0.0926547 0.704019
    outer loop
      vertex 17.4484 0.924006 78.5894
      vertex 16.6461 0.709015 79.4201
      vertex 16.7394 0 79.4201
    endloop
  endfacet
  facet normal 0.656109 0.2718 0.704021
    outer loop
      vertex 17.4484 0.924006 78.5894
      vertex 16.3724 1.36971 79.4201
      vertex 16.6461 0.709015 79.4201
    endloop
  endfacet
  facet normal 0.206918 0.158869 0.965373
    outer loop
      vertex 15.4914 0.861037 80.0075
      vertex 14.4153 0.415331 80.3115
      vertex 14.5087 0.293683 80.3115
    endloop
  endfacet
  facet normal 0.240989 0.0998578 0.965377
    outer loop
      vertex 15.4914 0.861037 80.0075
      vertex 14.5087 0.293683 80.3115
      vertex 14.5674 0.152021 80.3115
    endloop
  endfacet
  facet normal 0.688485 -0.528336 0.49684
    outer loop
      vertex 17.0918 -1.78504 78.5894
      vertex 16.5244 -2.52443 78.5894
      vertex 16.9398 -2.93977 77.5721
    endloop
  endfacet
  facet normal 0.563381 -0.432332 0.704053
    outer loop
      vertex 17.0918 -1.78504 78.5894
      vertex 16.3724 -1.36971 79.4201
      vertex 16.5244 -2.52443 78.5894
    endloop
  endfacet
  facet normal 0.498958 -0.0657136 0.864131
    outer loop
      vertex 15.7221 0 80.0075
      vertex 15.6634 -0.445705 80.0075
      vertex 16.7394 0 79.4201
    endloop
  endfacet
  facet normal 0.258636 -0.0340627 0.965374
    outer loop
      vertex 15.7221 0 80.0075
      vertex 14.5874 0 80.3115
      vertex 15.6634 -0.445705 80.0075
    endloop
  endfacet
  facet normal 0.192598 -0.464928 0.864146
    outer loop
      vertex 14.861 -1.49136 80.0075
      vertex 14.4457 -1.6634 80.0075
      vertex 15.3697 -2.37241 79.4201
    endloop
  endfacet
  facet normal 0.306327 -0.399265 0.864148
    outer loop
      vertex 15.2177 -1.21769 80.0075
      vertex 14.861 -1.49136 80.0075
      vertex 15.3697 -2.37241 79.4201
    endloop
  endfacet
  facet normal 0.332123 0.8018 0.496801
    outer loop
      vertex 16.0787 3.60046 77.5721
      vertex 15.076 4.0158 77.5721
      vertex 15.785 3.09179 78.5894
    endloop
  endfacet
  facet normal 0.528293 0.688542 0.496806
    outer loop
      vertex 16.0787 3.60046 77.5721
      vertex 15.785 3.09179 78.5894
      vertex 16.9398 2.93977 77.5721
    endloop
  endfacet
  facet normal -0.892919 0.369831 -0.25675
    outer loop
      vertex 9.9842 1.07603 74.1279
      vertex 9.69052 1.15472 75.2626
      vertex 10.3995 2.07873 74.1279
    endloop
  endfacet
  facet normal -0.801748 0.332101 -0.4969
    outer loop
      vertex 10.3458 1.62695 73.9126
      vertex 10.3995 2.07873 74.1279
      vertex 10.5359 2 73.8552
    endloop
  endfacet
  facet normal -0.801822 0.332153 -0.496744
    outer loop
      vertex 9.9842 1.07603 74.1279
      vertex 10.3458 1.62695 73.9126
      vertex 10.197 1.23933 73.8936
    endloop
  endfacet
  facet normal -0.801782 0.332084 -0.496856
    outer loop
      vertex 10.3458 1.62695 73.9126
      vertex 9.9842 1.07603 74.1279
      vertex 10.3995 2.07873 74.1279
    endloop
  endfacet
  facet normal -0.130527 0.991445 0
    outer loop
      vertex 14 4.4615 75.2626
      vertex 12.8453 4.30948 76.4374
      vertex 14 4.4615 76.4374
    endloop
  endfacet
  facet normal -0.130527 0.991445 0
    outer loop
      vertex 12.8453 4.30948 76.4374
      vertex 14 4.4615 75.2626
      vertex 12.8453 4.30948 75.2626
    endloop
  endfacet
  facet normal -0.526676 0.691341 -0.494631
    outer loop
      vertex 11.3235 2.97258 73.8934
      vertex 11.0602 2.93977 74.1279
      vertex 11.3262 2.97478 73.8936
    endloop
  endfacet
  facet normal -0.528254 0.688585 -0.496788
    outer loop
      vertex 11.0602 2.93977 74.1279
      vertex 11.3235 2.97258 73.8934
      vertex 11.1754 2.82455 73.8457
    endloop
  endfacet
  facet normal -0.688538 0.528319 -0.496784
    outer loop
      vertex 11.0274 2.67652 73.8934
      vertex 11.0602 2.93977 74.1279
      vertex 11.1754 2.82455 73.8457
    endloop
  endfacet
  facet normal -0.694047 0.525151 -0.492458
    outer loop
      vertex 11.0602 2.93977 74.1279
      vertex 11.0274 2.67652 73.8934
      vertex 11.0252 2.6738 73.8936
    endloop
  endfacet
  facet normal 0.892916 -0.369829 -0.256765
    outer loop
      vertex 18.3095 -1.15472 75.2626
      vertex 17.6005 -2.07873 74.1279
      vertex 18.0158 -1.07603 74.1279
    endloop
  endfacet
  facet normal 0.801822 -0.332153 -0.496744
    outer loop
      vertex 18.0158 -1.07603 74.1279
      vertex 17.6542 -1.62695 73.9126
      vertex 17.803 -1.23933 73.8936
    endloop
  endfacet
  facet normal 0.801782 -0.332084 -0.496856
    outer loop
      vertex 17.6005 -2.07873 74.1279
      vertex 17.6542 -1.62695 73.9126
      vertex 18.0158 -1.07603 74.1279
    endloop
  endfacet
  facet normal 0.801748 -0.332101 -0.4969
    outer loop
      vertex 17.6542 -1.62695 73.9126
      vertex 17.6005 -2.07873 74.1279
      vertex 17.4641 -2 73.8552
    endloop
  endfacet
  facet normal -0.113282 0.860439 0.496803
    outer loop
      vertex 14 3.57009 78.5894
      vertex 12.924 4.0158 77.5721
      vertex 13.076 3.44844 78.5894
    endloop
  endfacet
  facet normal -0.432302 0.56344 0.704024
    outer loop
      vertex 12.6303 2.37241 79.4201
      vertex 11.4756 2.52443 78.5894
      vertex 12.0629 1.93707 79.4201
    endloop
  endfacet
  facet normal 0.0926961 0.704079 0.704045
    outer loop
      vertex 14 3.57009 78.5894
      vertex 14 2.73943 79.4201
      vertex 14.924 3.44844 78.5894
    endloop
  endfacet
  facet normal 0.113282 0.860439 0.496803
    outer loop
      vertex 15.076 4.0158 77.5721
      vertex 14 3.57009 78.5894
      vertex 14.924 3.44844 78.5894
    endloop
  endfacet
  facet normal -0.801786 -0.332109 -0.496833
    outer loop
      vertex 10.1958 -1.23607 73.8934
      vertex 9.9842 -1.07603 74.1279
      vertex 10.1416 -1.03386 73.8457
    endloop
  endfacet
  facet normal -0.801729 -0.325854 -0.501049
    outer loop
      vertex 9.9842 -1.07603 74.1279
      vertex 10.1958 -1.23607 73.8934
      vertex 10.197 -1.23933 73.8936
    endloop
  endfacet
  facet normal -0.869345 -0.0977384 -0.484444
    outer loop
      vertex 10.0874 -0.831646 73.8934
      vertex 9.9842 -1.07603 74.1279
      vertex 10.0869 -0.82819 73.8936
    endloop
  endfacet
  facet normal -0.860397 -0.113415 -0.496844
    outer loop
      vertex 9.9842 -1.07603 74.1279
      vertex 10.0874 -0.831646 73.8934
      vertex 10.1416 -1.03386 73.8457
    endloop
  endfacet
  facet normal -0.192585 0.464942 0.864141
    outer loop
      vertex 13.291 2.64608 79.4201
      vertex 12.6303 2.37241 79.4201
      vertex 13.5543 1.6634 80.0075
    endloop
  endfacet
  facet normal -0.192598 0.464928 0.864146
    outer loop
      vertex 13.5543 1.6634 80.0075
      vertex 12.6303 2.37241 79.4201
      vertex 13.139 1.49136 80.0075
    endloop
  endfacet
  facet normal 0.0998086 -0.241025 0.965373
    outer loop
      vertex 14.2937 -0.508675 80.3115
      vertex 14.152 -0.567353 80.3115
      vertex 14.861 -1.49136 80.0075
    endloop
  endfacet
  facet normal 0.0340456 0.258635 0.965375
    outer loop
      vertex 14 1.72207 80.0075
      vertex 14 0.587367 80.3115
      vertex 14.4457 1.6634 80.0075
    endloop
  endfacet
  facet normal 0.0340543 0.258632 0.965376
    outer loop
      vertex 14.4457 1.6634 80.0075
      vertex 14 0.587367 80.3115
      vertex 14.152 0.567353 80.3115
    endloop
  endfacet
  facet normal -0.923887 -0.382664 5.36716e-18
    outer loop
      vertex 10.1362 -2.23075 75.2626
      vertex 9.69052 -1.15472 76.4374
      vertex 9.69052 -1.15472 75.2626
    endloop
  endfacet
  facet normal -0.923887 -0.382664 5.36716e-18
    outer loop
      vertex 9.69052 -1.15472 76.4374
      vertex 10.1362 -2.23075 75.2626
      vertex 10.1362 -2.23075 76.4374
    endloop
  endfacet
  facet normal -0.464973 0.192558 0.86413
    outer loop
      vertex 12.5086 0.861037 80.0075
      vertex 11.6276 1.36971 79.4201
      vertex 12.3366 0.445705 80.0075
    endloop
  endfacet
  facet normal -0.241022 0.0998135 0.965373
    outer loop
      vertex 12.5086 0.861037 80.0075
      vertex 12.3366 0.445705 80.0075
      vertex 13.4326 0.152021 80.3115
    endloop
  endfacet
  facet normal -0.206918 -0.158869 0.965373
    outer loop
      vertex 13.4913 -0.293683 80.3115
      vertex 12.5086 -0.861037 80.0075
      vertex 13.5847 -0.415331 80.3115
    endloop
  endfacet
  facet normal -0.0998086 0.241025 0.965373
    outer loop
      vertex 13.848 0.567353 80.3115
      vertex 13.139 1.49136 80.0075
      vertex 13.7063 0.508675 80.3115
    endloop
  endfacet
  facet normal 0.241022 -0.0998135 0.965373
    outer loop
      vertex 15.6634 -0.445705 80.0075
      vertex 14.5674 -0.152021 80.3115
      vertex 15.4914 -0.861037 80.0075
    endloop
  endfacet
  facet normal 0.240989 -0.0998578 0.965377
    outer loop
      vertex 14.5674 -0.152021 80.3115
      vertex 14.5087 -0.293683 80.3115
      vertex 15.4914 -0.861037 80.0075
    endloop
  endfacet
  facet normal 0.332123 -0.8018 0.496801
    outer loop
      vertex 15.785 -3.09179 78.5894
      vertex 15.076 -4.0158 77.5721
      vertex 16.0787 -3.60046 77.5721
    endloop
  endfacet
  facet normal 0.306336 -0.399262 0.864146
    outer loop
      vertex 15.9371 -1.93707 79.4201
      vertex 15.2177 -1.21769 80.0075
      vertex 15.3697 -2.37241 79.4201
    endloop
  endfacet
  facet normal -0.240989 0.0998578 0.965377
    outer loop
      vertex 13.4913 0.293683 80.3115
      vertex 12.5086 0.861037 80.0075
      vertex 13.4326 0.152021 80.3115
    endloop
  endfacet
  facet normal -0.206918 0.158869 0.965373
    outer loop
      vertex 13.5847 0.415331 80.3115
      vertex 12.5086 0.861037 80.0075
      vertex 13.4913 0.293683 80.3115
    endloop
  endfacet
  facet normal -0.110377 0.862146 -0.494491
    outer loop
      vertex 13.1684 3.91259 73.8934
      vertex 12.924 4.0158 74.1279
      vertex 13.1718 3.91314 73.8936
    endloop
  endfacet
  facet normal -0.113305 0.860441 -0.496793
    outer loop
      vertex 12.924 4.0158 74.1279
      vertex 13.1684 3.91259 73.8934
      vertex 12.9661 3.85841 73.8457
    endloop
  endfacet
  facet normal -0.346161 0.801823 -0.487085
    outer loop
      vertex 12.924 4.0158 74.1279
      vertex 12.7639 3.80423 73.8934
      vertex 12.7607 3.80297 73.8936
    endloop
  endfacet
  facet normal -0.332047 0.80186 -0.496754
    outer loop
      vertex 12.7639 3.80423 73.8934
      vertex 12.924 4.0158 74.1279
      vertex 12.9661 3.85841 73.8457
    endloop
  endfacet
  facet normal -0.608761 0.793353 0
    outer loop
      vertex 11.7692 3.86377 75.2626
      vertex 10.8452 3.15476 76.4374
      vertex 11.7692 3.86377 76.4374
    endloop
  endfacet
  facet normal -0.608761 0.793353 0
    outer loop
      vertex 10.8452 3.15476 76.4374
      vertex 11.7692 3.86377 75.2626
      vertex 10.8452 3.15476 75.2626
    endloop
  endfacet
  facet normal -0.369861 0.892906 0.256752
    outer loop
      vertex 12.8453 4.30948 76.4374
      vertex 11.9213 3.60046 77.5721
      vertex 12.924 4.0158 77.5721
    endloop
  endfacet
  facet normal -0.332123 0.8018 0.496801
    outer loop
      vertex 12.924 4.0158 77.5721
      vertex 11.9213 3.60046 77.5721
      vertex 12.215 3.09179 78.5894
    endloop
  endfacet
  facet normal -0.15879 0.206966 0.965376
    outer loop
      vertex 13.139 1.49136 80.0075
      vertex 12.7823 1.21769 80.0075
      vertex 13.5847 0.415331 80.3115
    endloop
  endfacet
  facet normal -0.0998371 0.241004 0.965375
    outer loop
      vertex 13.5543 1.6634 80.0075
      vertex 13.139 1.49136 80.0075
      vertex 13.848 0.567353 80.3115
    endloop
  endfacet
  facet normal -0.065678 0.498938 0.864146
    outer loop
      vertex 14 2.73943 79.4201
      vertex 13.5543 1.6634 80.0075
      vertex 14 1.72207 80.0075
    endloop
  endfacet
  facet normal -0.0656928 0.498942 0.864142
    outer loop
      vertex 14 2.73943 79.4201
      vertex 13.291 2.64608 79.4201
      vertex 13.5543 1.6634 80.0075
    endloop
  endfacet
  facet normal 0.192598 0.464928 0.864146
    outer loop
      vertex 15.3697 2.37241 79.4201
      vertex 14.4457 1.6634 80.0075
      vertex 14.861 1.49136 80.0075
    endloop
  endfacet
  facet normal 0.0998371 0.241004 0.965375
    outer loop
      vertex 14.4457 1.6634 80.0075
      vertex 14.152 0.567353 80.3115
      vertex 14.861 1.49136 80.0075
    endloop
  endfacet
  facet normal 0 0 1
    outer loop
      vertex 14.5674 0.152021 80.3115
      vertex 14.5674 -0.152021 80.3115
      vertex 14.5874 0 80.3115
    endloop
  endfacet
  facet normal 0 0 1
    outer loop
      vertex 14.5087 0.293683 80.3115
      vertex 14.5674 -0.152021 80.3115
      vertex 14.5674 0.152021 80.3115
    endloop
  endfacet
  facet normal 0 0 1
    outer loop
      vertex 14.5087 0.293683 80.3115
      vertex 14.5087 -0.293683 80.3115
      vertex 14.5674 -0.152021 80.3115
    endloop
  endfacet
  facet normal 0 0 1
    outer loop
      vertex 14.4153 0.415331 80.3115
      vertex 14.5087 -0.293683 80.3115
      vertex 14.5087 0.293683 80.3115
    endloop
  endfacet
  facet normal 0 0 1
    outer loop
      vertex 14.4153 0.415331 80.3115
      vertex 14.4153 -0.415331 80.3115
      vertex 14.5087 -0.293683 80.3115
    endloop
  endfacet
  facet normal 0 0 1
    outer loop
      vertex 14.2937 0.508675 80.3115
      vertex 14.4153 -0.415331 80.3115
      vertex 14.4153 0.415331 80.3115
    endloop
  endfacet
  facet normal 0 0 1
    outer loop
      vertex 14.2937 0.508675 80.3115
      vertex 14.2937 -0.508675 80.3115
      vertex 14.4153 -0.415331 80.3115
    endloop
  endfacet
  facet normal 0 0 1
    outer loop
      vertex 14.152 0.567353 80.3115
      vertex 14.2937 -0.508675 80.3115
      vertex 14.2937 0.508675 80.3115
    endloop
  endfacet
  facet normal 0 0 1
    outer loop
      vertex 14.152 0.567353 80.3115
      vertex 14.152 -0.567353 80.3115
      vertex 14.2937 -0.508675 80.3115
    endloop
  endfacet
  facet normal 0 0 1
    outer loop
      vertex 14 0.587367 80.3115
      vertex 14.152 -0.567353 80.3115
      vertex 14.152 0.567353 80.3115
    endloop
  endfacet
  facet normal 0 0 1
    outer loop
      vertex 14 0.587367 80.3115
      vertex 14 -0.587367 80.3115
      vertex 14.152 -0.567353 80.3115
    endloop
  endfacet
  facet normal -0 0 1
    outer loop
      vertex 13.848 0.567353 80.3115
      vertex 14 -0.587367 80.3115
      vertex 14 0.587367 80.3115
    endloop
  endfacet
  facet normal 0 0 1
    outer loop
      vertex 13.848 0.567353 80.3115
      vertex 13.848 -0.567353 80.3115
      vertex 14 -0.587367 80.3115
    endloop
  endfacet
  facet normal -0 0 1
    outer loop
      vertex 13.7063 0.508675 80.3115
      vertex 13.848 -0.567353 80.3115
      vertex 13.848 0.567353 80.3115
    endloop
  endfacet
  facet normal 0 0 1
    outer loop
      vertex 13.7063 0.508675 80.3115
      vertex 13.7063 -0.508675 80.3115
      vertex 13.848 -0.567353 80.3115
    endloop
  endfacet
  facet normal -0 0 1
    outer loop
      vertex 13.5847 0.415331 80.3115
      vertex 13.7063 -0.508675 80.3115
      vertex 13.7063 0.508675 80.3115
    endloop
  endfacet
  facet normal 0 0 1
    outer loop
      vertex 13.5847 0.415331 80.3115
      vertex 13.5847 -0.415331 80.3115
      vertex 13.7063 -0.508675 80.3115
    endloop
  endfacet
  facet normal -0 0 1
    outer loop
      vertex 13.4913 0.293683 80.3115
      vertex 13.5847 -0.415331 80.3115
      vertex 13.5847 0.415331 80.3115
    endloop
  endfacet
  facet normal 0 0 1
    outer loop
      vertex 13.4913 0.293683 80.3115
      vertex 13.4913 -0.293683 80.3115
      vertex 13.5847 -0.415331 80.3115
    endloop
  endfacet
  facet normal -0 0 1
    outer loop
      vertex 13.4326 0.152021 80.3115
      vertex 13.4913 -0.293683 80.3115
      vertex 13.4913 0.293683 80.3115
    endloop
  endfacet
  facet normal 0 0 1
    outer loop
      vertex 13.4326 0.152021 80.3115
      vertex 13.4326 -0.152021 80.3115
      vertex 13.4913 -0.293683 80.3115
    endloop
  endfacet
  facet normal 0 -0 1
    outer loop
      vertex 13.4326 -0.152021 80.3115
      vertex 13.4326 0.152021 80.3115
      vertex 13.4126 0 80.3115
    endloop
  endfacet
  facet normal -0.306327 0.399265 0.864148
    outer loop
      vertex 13.139 1.49136 80.0075
      vertex 12.6303 2.37241 79.4201
      vertex 12.7823 1.21769 80.0075
    endloop
  endfacet
  facet normal -0.306336 0.399262 0.864146
    outer loop
      vertex 12.6303 2.37241 79.4201
      vertex 12.0629 1.93707 79.4201
      vertex 12.7823 1.21769 80.0075
    endloop
  endfacet
  facet normal 0.432302 -0.56344 0.704024
    outer loop
      vertex 15.9371 -1.93707 79.4201
      vertex 15.3697 -2.37241 79.4201
      vertex 16.5244 -2.52443 78.5894
    endloop
  endfacet
  facet normal 0.563449 -0.432299 0.704019
    outer loop
      vertex 16.3724 -1.36971 79.4201
      vertex 15.9371 -1.93707 79.4201
      vertex 16.5244 -2.52443 78.5894
    endloop
  endfacet
  facet normal 0.192585 -0.464942 0.864141
    outer loop
      vertex 15.3697 -2.37241 79.4201
      vertex 14.4457 -1.6634 80.0075
      vertex 14.709 -2.64608 79.4201
    endloop
  endfacet
  facet normal 0.0656928 -0.498942 0.864142
    outer loop
      vertex 14.4457 -1.6634 80.0075
      vertex 14 -2.73943 79.4201
      vertex 14.709 -2.64608 79.4201
    endloop
  endfacet
  facet normal 0.271773 -0.656096 0.704044
    outer loop
      vertex 15.3697 -2.37241 79.4201
      vertex 14.924 -3.44844 78.5894
      vertex 15.785 -3.09179 78.5894
    endloop
  endfacet
  facet normal 0.332128 -0.8018 0.496798
    outer loop
      vertex 15.785 -3.09179 78.5894
      vertex 14.924 -3.44844 78.5894
      vertex 15.076 -4.0158 77.5721
    endloop
  endfacet
  facet normal 1 -0 0
    outer loop
      vertex -21 -6 64.3
      vertex -21 6 56.9687
      vertex -21 6 64.3
    endloop
  endfacet
  facet normal 1 0 0
    outer loop
      vertex -21 6 56.9687
      vertex -21 -6 64.3
      vertex -21 -6 56.9687
    endloop
  endfacet
  facet normal 1 -0 0
    outer loop
      vertex -21 -6 49.6434
      vertex -21 6 4.95
      vertex -21 6 49.6434
    endloop
  endfacet
  facet normal 1 0 0
    outer loop
      vertex -21 6 4.95
      vertex -21 -6 49.6434
      vertex -21 -6 4.95
    endloop
  endfacet
  facet normal 0 0 1
    outer loop
      vertex -21 6 64.3
      vertex -23.5 3.5 64.3
      vertex -21 -6 64.3
    endloop
  endfacet
  facet normal 0 0 1
    outer loop
      vertex -21 6 64.3
      vertex -30.5 3.5 64.3
      vertex -23.5 3.5 64.3
    endloop
  endfacet
  facet normal 0 0 1
    outer loop
      vertex -30.5 3.5 64.3
      vertex -33 6 64.3
      vertex -30.5 -3.5 64.3
    endloop
  endfacet
  facet normal -0 0 1
    outer loop
      vertex -33 6 64.3
      vertex -30.5 3.5 64.3
      vertex -21 6 64.3
    endloop
  endfacet
  facet normal -0 0 1
    outer loop
      vertex -23.5 -3.5 64.3
      vertex -21 -6 64.3
      vertex -23.5 3.5 64.3
    endloop
  endfacet
  facet normal -0 0 1
    outer loop
      vertex -30.5 -3.5 64.3
      vertex -21 -6 64.3
      vertex -23.5 -3.5 64.3
    endloop
  endfacet
  facet normal 0 0 1
    outer loop
      vertex -30.5 -3.5 64.3
      vertex -33 -6 64.3
      vertex -21 -6 64.3
    endloop
  endfacet
  facet normal 0 0 1
    outer loop
      vertex -33 -6 64.3
      vertex -30.5 -3.5 64.3
      vertex -33 6 64.3
    endloop
  endfacet
  facet normal 0 0 -1
    outer loop
      vertex -21 -6 4.95
      vertex -23.5 -3.5 4.95
      vertex -21 6 4.95
    endloop
  endfacet
  facet normal 0 0 -1
    outer loop
      vertex -21 -6 4.95
      vertex -30.5 -3.5 4.95
      vertex -23.5 -3.5 4.95
    endloop
  endfacet
  facet normal -0 0 -1
    outer loop
      vertex -30.5 -3.5 4.95
      vertex -33 -6 4.95
      vertex -30.5 3.5 4.95
    endloop
  endfacet
  facet normal 0 0 -1
    outer loop
      vertex -33 -6 4.95
      vertex -30.5 -3.5 4.95
      vertex -21 -6 4.95
    endloop
  endfacet
  facet normal 0 0 -1
    outer loop
      vertex -23.5 3.5 4.95
      vertex -21 6 4.95
      vertex -23.5 -3.5 4.95
    endloop
  endfacet
  facet normal 0 0 -1
    outer loop
      vertex -30.5 3.5 4.95
      vertex -21 6 4.95
      vertex -23.5 3.5 4.95
    endloop
  endfacet
  facet normal 0 0 -1
    outer loop
      vertex -30.5 3.5 4.95
      vertex -33 6 4.95
      vertex -21 6 4.95
    endloop
  endfacet
  facet normal 0 0 -1
    outer loop
      vertex -33 6 4.95
      vertex -30.5 3.5 4.95
      vertex -33 -6 4.95
    endloop
  endfacet
  facet normal -1 0 0
    outer loop
      vertex -33 -6 4.95
      vertex -33 6 64.3
      vertex -33 6 4.95
    endloop
  endfacet
  facet normal -1 -0 0
    outer loop
      vertex -33 6 64.3
      vertex -33 -6 4.95
      vertex -33 -6 64.3
    endloop
  endfacet
  facet normal 0 1 -0
    outer loop
      vertex -21 6 56.9687
      vertex -33 6 64.3
      vertex -21 6 64.3
    endloop
  endfacet
  facet normal 0 1 -0
    outer loop
      vertex -22.3435 6 54.9
      vertex -33 6 64.3
      vertex -21 6 56.9687
    endloop
  endfacet
  facet normal 0 1 -0
    outer loop
      vertex -23.5695 6 52.4938
      vertex -33 6 64.3
      vertex -22.3435 6 54.9
    endloop
  endfacet
  facet normal 0 1 -0
    outer loop
      vertex -24.2145 6 50.8134
      vertex -33 6 64.3
      vertex -23.5695 6 52.4938
    endloop
  endfacet
  facet normal 0 1 0
    outer loop
      vertex -33 6 4.95
      vertex -21 6 49.6434
      vertex -21 6 4.95
    endloop
  endfacet
  facet normal 0 1 0
    outer loop
      vertex -21 6 49.6434
      vertex -33 6 4.95
      vertex -24.2145 6 50.8134
    endloop
  endfacet
  facet normal 0 1 0
    outer loop
      vertex -24.2145 6 50.8134
      vertex -33 6 4.95
      vertex -33 6 64.3
    endloop
  endfacet
  facet normal 0 -1 0
    outer loop
      vertex -33 -6 64.3
      vertex -21 -6 56.9687
      vertex -21 -6 64.3
    endloop
  endfacet
  facet normal 0 -1 0
    outer loop
      vertex -33 -6 64.3
      vertex -22.3435 -6 54.9
      vertex -21 -6 56.9687
    endloop
  endfacet
  facet normal 0 -1 0
    outer loop
      vertex -33 -6 64.3
      vertex -23.5695 -6 52.4938
      vertex -22.3435 -6 54.9
    endloop
  endfacet
  facet normal 0 -1 0
    outer loop
      vertex -33 -6 64.3
      vertex -24.2145 -6 50.8134
      vertex -23.5695 -6 52.4938
    endloop
  endfacet
  facet normal 0 -1 0
    outer loop
      vertex -33 -6 4.95
      vertex -24.2145 -6 50.8134
      vertex -33 -6 64.3
    endloop
  endfacet
  facet normal 0 -1 0
    outer loop
      vertex -33 -6 4.95
      vertex -21 -6 49.6434
      vertex -24.2145 -6 50.8134
    endloop
  endfacet
  facet normal 0 -1 -0
    outer loop
      vertex -21 -6 49.6434
      vertex -33 -6 4.95
      vertex -21 -6 4.95
    endloop
  endfacet
  facet normal -0.156741 0.98764 0
    outer loop
      vertex -11.6465 -21.6628 0
      vertex -11.8223 -21.6907 1
      vertex -11.6465 -21.6628 1
    endloop
  endfacet
  facet normal -0.156741 0.98764 0
    outer loop
      vertex -11.8223 -21.6907 1
      vertex -11.6465 -21.6628 0
      vertex -11.8223 -21.6907 0
    endloop
  endfacet
  facet normal -0.987726 -0.156193 -1.54099e-18
    outer loop
      vertex -10.3093 -19.8223 0
      vertex -10.3371 -19.6465 1
      vertex -10.3371 -19.6465 0
    endloop
  endfacet
  facet normal -0.987726 -0.156193 -1.54099e-18
    outer loop
      vertex -10.3371 -19.6465 1
      vertex -10.3093 -19.8223 0
      vertex -10.3093 -19.8223 1
    endloop
  endfacet
  facet normal -0.998633 -0.0522639 -4.72778e-19
    outer loop
      vertex -10.3 -20 0
      vertex -10.3093 -19.8223 1
      vertex -10.3093 -19.8223 0
    endloop
  endfacet
  facet normal -0.998633 -0.0522639 -4.72778e-19
    outer loop
      vertex -10.3093 -19.8223 1
      vertex -10.3 -20 0
      vertex -10.3 -20 1
    endloop
  endfacet
  facet normal -0.987726 0.156193 1.54099e-18
    outer loop
      vertex -10.3371 -20.3535 0
      vertex -10.3093 -20.1777 1
      vertex -10.3093 -20.1777 0
    endloop
  endfacet
  facet normal -0.987726 0.156193 1.54099e-18
    outer loop
      vertex -10.3093 -20.1777 1
      vertex -10.3371 -20.3535 0
      vertex -10.3371 -20.3535 1
    endloop
  endfacet
  facet normal -0.358377 -0.933577 0
    outer loop
      vertex -11.4747 -18.3832 0
      vertex -11.3085 -18.447 1
      vertex -11.4747 -18.3832 1
    endloop
  endfacet
  facet normal -0.358377 -0.933577 -0
    outer loop
      vertex -11.3085 -18.447 1
      vertex -11.4747 -18.3832 0
      vertex -11.3085 -18.447 0
    endloop
  endfacet
  facet normal -0.45417 0.890915 0
    outer loop
      vertex -11.15 -21.4722 0
      vertex -11.3085 -21.553 1
      vertex -11.15 -21.4722 1
    endloop
  endfacet
  facet normal -0.45417 0.890915 0
    outer loop
      vertex -11.3085 -21.553 1
      vertex -11.15 -21.4722 0
      vertex -11.3085 -21.553 0
    endloop
  endfacet
  facet normal -0.45417 -0.890915 0
    outer loop
      vertex -11.3085 -18.447 0
      vertex -11.15 -18.5278 1
      vertex -11.3085 -18.447 1
    endloop
  endfacet
  facet normal -0.45417 -0.890915 -0
    outer loop
      vertex -11.15 -18.5278 1
      vertex -11.3085 -18.447 0
      vertex -11.15 -18.5278 0
    endloop
  endfacet
  facet normal -0.259167 -0.965833 0
    outer loop
      vertex -11.6465 -18.3371 0
      vertex -11.4747 -18.3832 1
      vertex -11.6465 -18.3371 1
    endloop
  endfacet
  facet normal -0.259167 -0.965833 -0
    outer loop
      vertex -11.4747 -18.3832 1
      vertex -11.6465 -18.3371 0
      vertex -11.4747 -18.3832 0
    endloop
  endfacet
  facet normal 0.358377 -0.933577 0
    outer loop
      vertex -12.6915 -18.447 0
      vertex -12.5253 -18.3832 1
      vertex -12.6915 -18.447 1
    endloop
  endfacet
  facet normal 0.358377 -0.933577 0
    outer loop
      vertex -12.5253 -18.3832 1
      vertex -12.6915 -18.447 0
      vertex -12.5253 -18.3832 0
    endloop
  endfacet
  facet normal -0.777127 0.629344 -4.73078e-18
    outer loop
      vertex -10.7367 -21.1375 0
      vertex -10.6247 -20.9992 1
      vertex -10.6247 -20.9992 0
    endloop
  endfacet
  facet normal -0.777127 0.629344 -4.73078e-18
    outer loop
      vertex -10.6247 -20.9992 1
      vertex -10.7367 -21.1375 0
      vertex -10.7367 -21.1375 1
    endloop
  endfacet
  facet normal -0.358377 0.933577 0
    outer loop
      vertex -11.3085 -21.553 0
      vertex -11.4747 -21.6168 1
      vertex -11.3085 -21.553 1
    endloop
  endfacet
  facet normal -0.358377 0.933577 0
    outer loop
      vertex -11.4747 -21.6168 1
      vertex -11.3085 -21.553 0
      vertex -11.4747 -21.6168 0
    endloop
  endfacet
  facet normal 0.890915 -0.45417 3.31019e-18
    outer loop
      vertex -13.553 -19.3085 1
      vertex -13.4722 -19.15 0
      vertex -13.4722 -19.15 1
    endloop
  endfacet
  facet normal 0.890915 -0.45417 3.31019e-18
    outer loop
      vertex -13.4722 -19.15 0
      vertex -13.553 -19.3085 1
      vertex -13.553 -19.3085 0
    endloop
  endfacet
  facet normal 0.629344 0.777127 -0
    outer loop
      vertex -12.9992 -21.3753 0
      vertex -13.1375 -21.2633 1
      vertex -12.9992 -21.3753 1
    endloop
  endfacet
  facet normal 0.629344 0.777127 0
    outer loop
      vertex -13.1375 -21.2633 1
      vertex -12.9992 -21.3753 0
      vertex -13.1375 -21.2633 0
    endloop
  endfacet
  facet normal -0.258642 0.965973 0
    outer loop
      vertex -11.4747 -21.6168 0
      vertex -11.6465 -21.6628 1
      vertex -11.4747 -21.6168 1
    endloop
  endfacet
  facet normal -0.258642 0.965973 0
    outer loop
      vertex -11.6465 -21.6628 1
      vertex -11.4747 -21.6168 0
      vertex -11.6465 -21.6628 0
    endloop
  endfacet
  facet normal -0.998633 0.0522639 4.72778e-19
    outer loop
      vertex -10.3093 -20.1777 0
      vertex -10.3 -20 1
      vertex -10.3 -20 0
    endloop
  endfacet
  facet normal -0.998633 0.0522639 4.72778e-19
    outer loop
      vertex -10.3 -20 1
      vertex -10.3093 -20.1777 0
      vertex -10.3093 -20.1777 1
    endloop
  endfacet
  facet normal 0.258502 0.966011 -0
    outer loop
      vertex -12.3534 -21.6628 0
      vertex -12.5253 -21.6168 1
      vertex -12.3534 -21.6628 1
    endloop
  endfacet
  facet normal 0.258502 0.966011 0
    outer loop
      vertex -12.5253 -21.6168 1
      vertex -12.3534 -21.6628 0
      vertex -12.5253 -21.6168 0
    endloop
  endfacet
  facet normal -0.544672 -0.838649 0
    outer loop
      vertex -11.15 -18.5278 0
      vertex -11.0008 -18.6247 1
      vertex -11.15 -18.5278 1
    endloop
  endfacet
  facet normal -0.544672 -0.838649 -0
    outer loop
      vertex -11.0008 -18.6247 1
      vertex -11.15 -18.5278 0
      vertex -11.0008 -18.6247 0
    endloop
  endfacet
  facet normal 0.0522639 0.998633 -0
    outer loop
      vertex -12 -21.7 0
      vertex -12.1777 -21.6907 1
      vertex -12 -21.7 1
    endloop
  endfacet
  facet normal 0.0522639 0.998633 0
    outer loop
      vertex -12.1777 -21.6907 1
      vertex -12 -21.7 0
      vertex -12.1777 -21.6907 0
    endloop
  endfacet
  facet normal -0.838649 -0.544672 1.79113e-18
    outer loop
      vertex -10.5278 -19.15 0
      vertex -10.6247 -19.0008 1
      vertex -10.6247 -19.0008 0
    endloop
  endfacet
  facet normal -0.838649 -0.544672 1.79113e-18
    outer loop
      vertex -10.6247 -19.0008 1
      vertex -10.5278 -19.15 0
      vertex -10.5278 -19.15 1
    endloop
  endfacet
  facet normal -0.0522639 0.998633 0
    outer loop
      vertex -11.8223 -21.6907 0
      vertex -12 -21.7 1
      vertex -11.8223 -21.6907 1
    endloop
  endfacet
  facet normal -0.0522639 0.998633 0
    outer loop
      vertex -12 -21.7 1
      vertex -11.8223 -21.6907 0
      vertex -12 -21.7 0
    endloop
  endfacet
  facet normal 0.45417 -0.890915 0
    outer loop
      vertex -12.85 -18.5278 0
      vertex -12.6915 -18.447 1
      vertex -12.85 -18.5278 1
    endloop
  endfacet
  facet normal 0.45417 -0.890915 0
    outer loop
      vertex -12.6915 -18.447 1
      vertex -12.85 -18.5278 0
      vertex -12.6915 -18.447 0
    endloop
  endfacet
  facet normal -0.890915 -0.45417 -3.31019e-18
    outer loop
      vertex -10.447 -19.3085 0
      vertex -10.5278 -19.15 1
      vertex -10.5278 -19.15 0
    endloop
  endfacet
  facet normal -0.890915 -0.45417 -3.31019e-18
    outer loop
      vertex -10.5278 -19.15 1
      vertex -10.447 -19.3085 0
      vertex -10.447 -19.3085 1
    endloop
  endfacet
  facet normal 0.987726 -0.156193 1.54099e-18
    outer loop
      vertex -13.6907 -19.8223 1
      vertex -13.6629 -19.6465 0
      vertex -13.6629 -19.6465 1
    endloop
  endfacet
  facet normal 0.987726 -0.156193 1.54099e-18
    outer loop
      vertex -13.6629 -19.6465 0
      vertex -13.6907 -19.8223 1
      vertex -13.6907 -19.8223 0
    endloop
  endfacet
  facet normal 0.933577 0.358377 4.66573e-18
    outer loop
      vertex -13.553 -20.6915 1
      vertex -13.6168 -20.5253 0
      vertex -13.6168 -20.5253 1
    endloop
  endfacet
  facet normal 0.933577 0.358377 4.66573e-18
    outer loop
      vertex -13.6168 -20.5253 0
      vertex -13.553 -20.6915 1
      vertex -13.553 -20.6915 0
    endloop
  endfacet
  facet normal 0.987726 0.156193 -1.54099e-18
    outer loop
      vertex -13.6629 -20.3535 1
      vertex -13.6907 -20.1777 0
      vertex -13.6907 -20.1777 1
    endloop
  endfacet
  facet normal 0.987726 0.156193 -1.54099e-18
    outer loop
      vertex -13.6907 -20.1777 0
      vertex -13.6629 -20.3535 1
      vertex -13.6629 -20.3535 0
    endloop
  endfacet
  facet normal -0.707107 0.707107 9.05806e-18
    outer loop
      vertex -10.8625 -21.2633 0
      vertex -10.7367 -21.1375 1
      vertex -10.7367 -21.1375 0
    endloop
  endfacet
  facet normal -0.707107 0.707107 9.05806e-18
    outer loop
      vertex -10.7367 -21.1375 1
      vertex -10.8625 -21.2633 0
      vertex -10.8625 -21.2633 1
    endloop
  endfacet
  facet normal -0.933577 -0.358377 4.66573e-18
    outer loop
      vertex -10.3832 -19.4747 0
      vertex -10.447 -19.3085 1
      vertex -10.447 -19.3085 0
    endloop
  endfacet
  facet normal -0.933577 -0.358377 4.66573e-18
    outer loop
      vertex -10.447 -19.3085 1
      vertex -10.3832 -19.4747 0
      vertex -10.3832 -19.4747 1
    endloop
  endfacet
  facet normal 0.777127 0.629344 4.73078e-18
    outer loop
      vertex -13.2633 -21.1375 1
      vertex -13.3753 -20.9992 0
      vertex -13.3753 -20.9992 1
    endloop
  endfacet
  facet normal 0.777127 0.629344 4.73078e-18
    outer loop
      vertex -13.3753 -20.9992 0
      vertex -13.2633 -21.1375 1
      vertex -13.2633 -21.1375 0
    endloop
  endfacet
  facet normal -0.777127 -0.629344 4.73078e-18
    outer loop
      vertex -10.6247 -19.0008 0
      vertex -10.7367 -18.8625 1
      vertex -10.7367 -18.8625 0
    endloop
  endfacet
  facet normal -0.777127 -0.629344 4.73078e-18
    outer loop
      vertex -10.7367 -18.8625 1
      vertex -10.6247 -19.0008 0
      vertex -10.6247 -19.0008 1
    endloop
  endfacet
  facet normal 0.777127 -0.629344 -4.73078e-18
    outer loop
      vertex -13.3753 -19.0008 1
      vertex -13.2633 -18.8625 0
      vertex -13.2633 -18.8625 1
    endloop
  endfacet
  facet normal 0.777127 -0.629344 -4.73078e-18
    outer loop
      vertex -13.2633 -18.8625 0
      vertex -13.3753 -19.0008 1
      vertex -13.3753 -19.0008 0
    endloop
  endfacet
  facet normal 0.629344 -0.777127 0
    outer loop
      vertex -13.1375 -18.7367 0
      vertex -12.9992 -18.6247 1
      vertex -13.1375 -18.7367 1
    endloop
  endfacet
  facet normal 0.629344 -0.777127 0
    outer loop
      vertex -12.9992 -18.6247 1
      vertex -13.1375 -18.7367 0
      vertex -12.9992 -18.6247 0
    endloop
  endfacet
  facet normal 0.544672 0.838649 -0
    outer loop
      vertex -12.85 -21.4722 0
      vertex -12.9992 -21.3753 1
      vertex -12.85 -21.4722 1
    endloop
  endfacet
  facet normal 0.544672 0.838649 0
    outer loop
      vertex -12.9992 -21.3753 1
      vertex -12.85 -21.4722 0
      vertex -12.9992 -21.3753 0
    endloop
  endfacet
  facet normal -0.707107 -0.707107 -9.05806e-18
    outer loop
      vertex -10.7367 -18.8625 0
      vertex -10.8625 -18.7367 1
      vertex -10.8625 -18.7367 0
    endloop
  endfacet
  facet normal -0.707107 -0.707107 -9.05806e-18
    outer loop
      vertex -10.8625 -18.7367 1
      vertex -10.7367 -18.8625 0
      vertex -10.7367 -18.8625 1
    endloop
  endfacet
  facet normal -0.965833 0.259167 1.18891e-18
    outer loop
      vertex -10.3832 -20.5253 0
      vertex -10.3371 -20.3535 1
      vertex -10.3371 -20.3535 0
    endloop
  endfacet
  facet normal -0.965833 0.259167 1.18891e-18
    outer loop
      vertex -10.3371 -20.3535 1
      vertex -10.3832 -20.5253 0
      vertex -10.3832 -20.5253 1
    endloop
  endfacet
  facet normal 0.156828 0.987626 -0
    outer loop
      vertex -12.1777 -21.6907 0
      vertex -12.3534 -21.6628 1
      vertex -12.1777 -21.6907 1
    endloop
  endfacet
  facet normal 0.156828 0.987626 0
    outer loop
      vertex -12.3534 -21.6628 1
      vertex -12.1777 -21.6907 0
      vertex -12.3534 -21.6628 0
    endloop
  endfacet
  facet normal 0.838649 -0.544672 -1.79113e-18
    outer loop
      vertex -13.4722 -19.15 1
      vertex -13.3753 -19.0008 0
      vertex -13.3753 -19.0008 1
    endloop
  endfacet
  facet normal 0.838649 -0.544672 -1.79113e-18
    outer loop
      vertex -13.3753 -19.0008 0
      vertex -13.4722 -19.15 1
      vertex -13.4722 -19.15 0
    endloop
  endfacet
  facet normal 0.15628 -0.987713 0
    outer loop
      vertex -12.3534 -18.3371 0
      vertex -12.1777 -18.3093 1
      vertex -12.3534 -18.3371 1
    endloop
  endfacet
  facet normal 0.15628 -0.987713 0
    outer loop
      vertex -12.1777 -18.3093 1
      vertex -12.3534 -18.3371 0
      vertex -12.1777 -18.3093 0
    endloop
  endfacet
  facet normal 0.259026 -0.96587 0
    outer loop
      vertex -12.5253 -18.3832 0
      vertex -12.3534 -18.3371 1
      vertex -12.5253 -18.3832 1
    endloop
  endfacet
  facet normal 0.259026 -0.96587 0
    outer loop
      vertex -12.3534 -18.3371 1
      vertex -12.5253 -18.3832 0
      vertex -12.3534 -18.3371 0
    endloop
  endfacet
  facet normal 0.544672 -0.838649 0
    outer loop
      vertex -12.9992 -18.6247 0
      vertex -12.85 -18.5278 1
      vertex -12.9992 -18.6247 1
    endloop
  endfacet
  facet normal 0.544672 -0.838649 0
    outer loop
      vertex -12.85 -18.5278 1
      vertex -12.9992 -18.6247 0
      vertex -12.85 -18.5278 0
    endloop
  endfacet
  facet normal -0.629344 -0.777127 0
    outer loop
      vertex -11.0008 -18.6247 0
      vertex -10.8625 -18.7367 1
      vertex -11.0008 -18.6247 1
    endloop
  endfacet
  facet normal -0.629344 -0.777127 -0
    outer loop
      vertex -10.8625 -18.7367 1
      vertex -11.0008 -18.6247 0
      vertex -10.8625 -18.7367 0
    endloop
  endfacet
  facet normal 0.965833 0.259167 -1.18891e-18
    outer loop
      vertex -13.6168 -20.5253 1
      vertex -13.6629 -20.3535 0
      vertex -13.6629 -20.3535 1
    endloop
  endfacet
  facet normal 0.965833 0.259167 -1.18891e-18
    outer loop
      vertex -13.6629 -20.3535 0
      vertex -13.6168 -20.5253 1
      vertex -13.6168 -20.5253 0
    endloop
  endfacet
  facet normal -0.965833 -0.259167 -1.18891e-18
    outer loop
      vertex -10.3371 -19.6465 0
      vertex -10.3832 -19.4747 1
      vertex -10.3832 -19.4747 0
    endloop
  endfacet
  facet normal -0.965833 -0.259167 -1.18891e-18
    outer loop
      vertex -10.3832 -19.4747 1
      vertex -10.3371 -19.6465 0
      vertex -10.3371 -19.6465 1
    endloop
  endfacet
  facet normal -0.933577 0.358377 -4.66573e-18
    outer loop
      vertex -10.447 -20.6915 0
      vertex -10.3832 -20.5253 1
      vertex -10.3832 -20.5253 0
    endloop
  endfacet
  facet normal -0.933577 0.358377 -4.66573e-18
    outer loop
      vertex -10.3832 -20.5253 1
      vertex -10.447 -20.6915 0
      vertex -10.447 -20.6915 1
    endloop
  endfacet
  facet normal 0.998633 0.0522639 -4.72778e-19
    outer loop
      vertex -13.6907 -20.1777 1
      vertex -13.7 -20 0
      vertex -13.7 -20 1
    endloop
  endfacet
  facet normal 0.998633 0.0522639 -4.72778e-19
    outer loop
      vertex -13.7 -20 0
      vertex -13.6907 -20.1777 1
      vertex -13.6907 -20.1777 0
    endloop
  endfacet
  facet normal 0.707107 -0.707107 9.05806e-18
    outer loop
      vertex -13.2633 -18.8625 1
      vertex -13.1375 -18.7367 0
      vertex -13.1375 -18.7367 1
    endloop
  endfacet
  facet normal 0.707107 -0.707107 9.05806e-18
    outer loop
      vertex -13.1375 -18.7367 0
      vertex -13.2633 -18.8625 1
      vertex -13.2633 -18.8625 0
    endloop
  endfacet
  facet normal -0.544672 0.838649 0
    outer loop
      vertex -11.0008 -21.3753 0
      vertex -11.15 -21.4722 1
      vertex -11.0008 -21.3753 1
    endloop
  endfacet
  facet normal -0.544672 0.838649 0
    outer loop
      vertex -11.15 -21.4722 1
      vertex -11.0008 -21.3753 0
      vertex -11.15 -21.4722 0
    endloop
  endfacet
  facet normal 0.890915 0.45417 -3.31019e-18
    outer loop
      vertex -13.4722 -20.85 1
      vertex -13.553 -20.6915 0
      vertex -13.553 -20.6915 1
    endloop
  endfacet
  facet normal 0.890915 0.45417 -3.31019e-18
    outer loop
      vertex -13.553 -20.6915 0
      vertex -13.4722 -20.85 1
      vertex -13.4722 -20.85 0
    endloop
  endfacet
  facet normal -0.0522639 -0.998633 0
    outer loop
      vertex -12 -18.3 0
      vertex -11.8223 -18.3093 1
      vertex -12 -18.3 1
    endloop
  endfacet
  facet normal -0.0522639 -0.998633 -0
    outer loop
      vertex -11.8223 -18.3093 1
      vertex -12 -18.3 0
      vertex -11.8223 -18.3093 0
    endloop
  endfacet
  facet normal -0.890915 0.45417 3.31019e-18
    outer loop
      vertex -10.5278 -20.85 0
      vertex -10.447 -20.6915 1
      vertex -10.447 -20.6915 0
    endloop
  endfacet
  facet normal -0.890915 0.45417 3.31019e-18
    outer loop
      vertex -10.447 -20.6915 1
      vertex -10.5278 -20.85 0
      vertex -10.5278 -20.85 1
    endloop
  endfacet
  facet normal 0.0522639 -0.998633 0
    outer loop
      vertex -12.1777 -18.3093 0
      vertex -12 -18.3 1
      vertex -12.1777 -18.3093 1
    endloop
  endfacet
  facet normal 0.0522639 -0.998633 0
    outer loop
      vertex -12 -18.3 1
      vertex -12.1777 -18.3093 0
      vertex -12 -18.3 0
    endloop
  endfacet
  facet normal -0.629344 0.777127 0
    outer loop
      vertex -10.8625 -21.2633 0
      vertex -11.0008 -21.3753 1
      vertex -10.8625 -21.2633 1
    endloop
  endfacet
  facet normal -0.629344 0.777127 0
    outer loop
      vertex -11.0008 -21.3753 1
      vertex -10.8625 -21.2633 0
      vertex -11.0008 -21.3753 0
    endloop
  endfacet
  facet normal -0.838649 0.544672 -1.79113e-18
    outer loop
      vertex -10.6247 -20.9992 0
      vertex -10.5278 -20.85 1
      vertex -10.5278 -20.85 0
    endloop
  endfacet
  facet normal -0.838649 0.544672 -1.79113e-18
    outer loop
      vertex -10.5278 -20.85 1
      vertex -10.6247 -20.9992 0
      vertex -10.6247 -20.9992 1
    endloop
  endfacet
  facet normal 0.838649 0.544672 1.79113e-18
    outer loop
      vertex -13.3753 -20.9992 1
      vertex -13.4722 -20.85 0
      vertex -13.4722 -20.85 1
    endloop
  endfacet
  facet normal 0.838649 0.544672 1.79113e-18
    outer loop
      vertex -13.4722 -20.85 0
      vertex -13.3753 -20.9992 1
      vertex -13.3753 -20.9992 0
    endloop
  endfacet
  facet normal 0.933577 -0.358377 -4.66573e-18
    outer loop
      vertex -13.6168 -19.4747 1
      vertex -13.553 -19.3085 0
      vertex -13.553 -19.3085 1
    endloop
  endfacet
  facet normal 0.933577 -0.358377 -4.66573e-18
    outer loop
      vertex -13.553 -19.3085 0
      vertex -13.6168 -19.4747 1
      vertex -13.6168 -19.4747 0
    endloop
  endfacet
  facet normal 0.965833 -0.259167 1.18891e-18
    outer loop
      vertex -13.6629 -19.6465 1
      vertex -13.6168 -19.4747 0
      vertex -13.6168 -19.4747 1
    endloop
  endfacet
  facet normal 0.965833 -0.259167 1.18891e-18
    outer loop
      vertex -13.6168 -19.4747 0
      vertex -13.6629 -19.6465 1
      vertex -13.6629 -19.6465 0
    endloop
  endfacet
  facet normal 0.998633 -0.0522639 4.72778e-19
    outer loop
      vertex -13.7 -20 1
      vertex -13.6907 -19.8223 0
      vertex -13.6907 -19.8223 1
    endloop
  endfacet
  facet normal 0.998633 -0.0522639 4.72778e-19
    outer loop
      vertex -13.6907 -19.8223 0
      vertex -13.7 -20 1
      vertex -13.7 -20 0
    endloop
  endfacet
  facet normal 0.45417 0.890915 -0
    outer loop
      vertex -12.6915 -21.553 0
      vertex -12.85 -21.4722 1
      vertex -12.6915 -21.553 1
    endloop
  endfacet
  facet normal 0.45417 0.890915 0
    outer loop
      vertex -12.85 -21.4722 1
      vertex -12.6915 -21.553 0
      vertex -12.85 -21.4722 0
    endloop
  endfacet
  facet normal 0.707107 0.707107 -9.05806e-18
    outer loop
      vertex -13.1375 -21.2633 1
      vertex -13.2633 -21.1375 0
      vertex -13.2633 -21.1375 1
    endloop
  endfacet
  facet normal 0.707107 0.707107 -9.05806e-18
    outer loop
      vertex -13.2633 -21.1375 0
      vertex -13.1375 -21.2633 1
      vertex -13.1375 -21.2633 0
    endloop
  endfacet
  facet normal -0.156193 -0.987726 0
    outer loop
      vertex -11.8223 -18.3093 0
      vertex -11.6465 -18.3371 1
      vertex -11.8223 -18.3093 1
    endloop
  endfacet
  facet normal -0.156193 -0.987726 -0
    outer loop
      vertex -11.6465 -18.3371 1
      vertex -11.8223 -18.3093 0
      vertex -11.6465 -18.3371 0
    endloop
  endfacet
  facet normal 0.358377 0.933577 -0
    outer loop
      vertex -12.5253 -21.6168 0
      vertex -12.6915 -21.553 1
      vertex -12.5253 -21.6168 1
    endloop
  endfacet
  facet normal 0.358377 0.933577 0
    outer loop
      vertex -12.6915 -21.553 1
      vertex -12.5253 -21.6168 0
      vertex -12.6915 -21.553 0
    endloop
  endfacet
  facet normal 0 1 -0
    outer loop
      vertex -10.2968 -22.95 1
      vertex -13.7032 -22.95 3
      vertex -10.2968 -22.95 3
    endloop
  endfacet
  facet normal 0 1 0
    outer loop
      vertex -13.7032 -22.95 3
      vertex -10.2968 -22.95 1
      vertex -13.7032 -22.95 1
    endloop
  endfacet
  facet normal -0.866027 0.499997 4.8842e-18
    outer loop
      vertex -10.2968 -22.95 1
      vertex -8.59363 -20 3
      vertex -8.59363 -20 1
    endloop
  endfacet
  facet normal -0.866027 0.499997 4.8842e-18
    outer loop
      vertex -8.59363 -20 3
      vertex -10.2968 -22.95 1
      vertex -10.2968 -22.95 3
    endloop
  endfacet
  facet normal 0 -1 0
    outer loop
      vertex -13.7032 -17.05 1
      vertex -10.2968 -17.05 3
      vertex -13.7032 -17.05 3
    endloop
  endfacet
  facet normal 0 -1 -0
    outer loop
      vertex -10.2968 -17.05 3
      vertex -13.7032 -17.05 1
      vertex -10.2968 -17.05 1
    endloop
  endfacet
  facet normal -0.866027 -0.499997 -4.8842e-18
    outer loop
      vertex -8.59363 -20 1
      vertex -10.2968 -17.05 3
      vertex -10.2968 -17.05 1
    endloop
  endfacet
  facet normal -0.866027 -0.499997 -4.8842e-18
    outer loop
      vertex -10.2968 -17.05 3
      vertex -8.59363 -20 1
      vertex -8.59363 -20 3
    endloop
  endfacet
  facet normal 0.866023 -0.500004 -2.1193e-17
    outer loop
      vertex -15.4064 -20 3
      vertex -13.7032 -17.05 1
      vertex -13.7032 -17.05 3
    endloop
  endfacet
  facet normal 0.866023 -0.500004 -2.1193e-17
    outer loop
      vertex -13.7032 -17.05 1
      vertex -15.4064 -20 3
      vertex -15.4064 -20 1
    endloop
  endfacet
  facet normal 0.866023 0.500004 2.1193e-17
    outer loop
      vertex -13.7032 -22.95 3
      vertex -15.4064 -20 1
      vertex -15.4064 -20 3
    endloop
  endfacet
  facet normal 0.866023 0.500004 2.1193e-17
    outer loop
      vertex -15.4064 -20 1
      vertex -13.7032 -22.95 3
      vertex -13.7032 -22.95 1
    endloop
  endfacet
  facet normal -0 0 1
    outer loop
      vertex -10.5278 -19.15 1
      vertex -8.59363 -20 1
      vertex -10.2968 -17.05 1
    endloop
  endfacet
  facet normal 0 0 1
    outer loop
      vertex -10.3093 -20.1777 1
      vertex -8.59363 -20 1
      vertex -10.3 -20 1
    endloop
  endfacet
  facet normal 0 0 1
    outer loop
      vertex -8.59363 -20 1
      vertex -10.3093 -19.8223 1
      vertex -10.3 -20 1
    endloop
  endfacet
  facet normal 0 0 1
    outer loop
      vertex -8.59363 -20 1
      vertex -10.3371 -19.6465 1
      vertex -10.3093 -19.8223 1
    endloop
  endfacet
  facet normal 0 0 1
    outer loop
      vertex -8.59363 -20 1
      vertex -10.3832 -19.4747 1
      vertex -10.3371 -19.6465 1
    endloop
  endfacet
  facet normal 0 0 1
    outer loop
      vertex -8.59363 -20 1
      vertex -10.447 -19.3085 1
      vertex -10.3832 -19.4747 1
    endloop
  endfacet
  facet normal 0 0 1
    outer loop
      vertex -8.59363 -20 1
      vertex -10.5278 -19.15 1
      vertex -10.447 -19.3085 1
    endloop
  endfacet
  facet normal 0 0 1
    outer loop
      vertex -10.2968 -17.05 1
      vertex -10.6247 -19.0008 1
      vertex -10.5278 -19.15 1
    endloop
  endfacet
  facet normal 0 0 1
    outer loop
      vertex -10.2968 -17.05 1
      vertex -10.7367 -18.8625 1
      vertex -10.6247 -19.0008 1
    endloop
  endfacet
  facet normal 0 0 1
    outer loop
      vertex -10.2968 -17.05 1
      vertex -10.8625 -18.7367 1
      vertex -10.7367 -18.8625 1
    endloop
  endfacet
  facet normal 0 0 1
    outer loop
      vertex -10.2968 -17.05 1
      vertex -11.0008 -18.6247 1
      vertex -10.8625 -18.7367 1
    endloop
  endfacet
  facet normal 0 0 1
    outer loop
      vertex -10.2968 -17.05 1
      vertex -11.15 -18.5278 1
      vertex -11.0008 -18.6247 1
    endloop
  endfacet
  facet normal 0 0 1
    outer loop
      vertex -10.2968 -17.05 1
      vertex -11.3085 -18.447 1
      vertex -11.15 -18.5278 1
    endloop
  endfacet
  facet normal 0 0 1
    outer loop
      vertex -10.2968 -17.05 1
      vertex -11.4747 -18.3832 1
      vertex -11.3085 -18.447 1
    endloop
  endfacet
  facet normal 0 0 1
    outer loop
      vertex -10.2968 -17.05 1
      vertex -11.6465 -18.3371 1
      vertex -11.4747 -18.3832 1
    endloop
  endfacet
  facet normal 0 0 1
    outer loop
      vertex -10.2968 -17.05 1
      vertex -11.8223 -18.3093 1
      vertex -11.6465 -18.3371 1
    endloop
  endfacet
  facet normal 0 0 1
    outer loop
      vertex -10.2968 -17.05 1
      vertex -12 -18.3 1
      vertex -11.8223 -18.3093 1
    endloop
  endfacet
  facet normal -0 0 1
    outer loop
      vertex -13.7032 -17.05 1
      vertex -12 -18.3 1
      vertex -10.2968 -17.05 1
    endloop
  endfacet
  facet normal 0 0 1
    outer loop
      vertex -12 -18.3 1
      vertex -13.7032 -17.05 1
      vertex -12.1777 -18.3093 1
    endloop
  endfacet
  facet normal 0 0 1
    outer loop
      vertex -12.1777 -18.3093 1
      vertex -13.7032 -17.05 1
      vertex -12.3534 -18.3371 1
    endloop
  endfacet
  facet normal 0 0 1
    outer loop
      vertex -12.3534 -18.3371 1
      vertex -13.7032 -17.05 1
      vertex -12.5253 -18.3832 1
    endloop
  endfacet
  facet normal 0 0 1
    outer loop
      vertex -12.5253 -18.3832 1
      vertex -13.7032 -17.05 1
      vertex -12.6915 -18.447 1
    endloop
  endfacet
  facet normal 0 0 1
    outer loop
      vertex -13.6629 -19.6465 1
      vertex -15.4064 -20 1
      vertex -13.6907 -19.8223 1
    endloop
  endfacet
  facet normal 0 0 1
    outer loop
      vertex -13.6168 -19.4747 1
      vertex -15.4064 -20 1
      vertex -13.6629 -19.6465 1
    endloop
  endfacet
  facet normal 0 0 1
    outer loop
      vertex -13.553 -19.3085 1
      vertex -15.4064 -20 1
      vertex -13.6168 -19.4747 1
    endloop
  endfacet
  facet normal 0 0 1
    outer loop
      vertex -13.4722 -19.15 1
      vertex -15.4064 -20 1
      vertex -13.553 -19.3085 1
    endloop
  endfacet
  facet normal 0 0 1
    outer loop
      vertex -15.4064 -20 1
      vertex -13.4722 -19.15 1
      vertex -13.7032 -17.05 1
    endloop
  endfacet
  facet normal 0 0 1
    outer loop
      vertex -13.3753 -19.0008 1
      vertex -13.7032 -17.05 1
      vertex -13.4722 -19.15 1
    endloop
  endfacet
  facet normal 0 0 1
    outer loop
      vertex -13.2633 -18.8625 1
      vertex -13.7032 -17.05 1
      vertex -13.3753 -19.0008 1
    endloop
  endfacet
  facet normal 0 0 1
    outer loop
      vertex -13.1375 -18.7367 1
      vertex -13.7032 -17.05 1
      vertex -13.2633 -18.8625 1
    endloop
  endfacet
  facet normal 0 0 1
    outer loop
      vertex -12.9992 -18.6247 1
      vertex -13.7032 -17.05 1
      vertex -13.1375 -18.7367 1
    endloop
  endfacet
  facet normal 0 0 1
    outer loop
      vertex -12.85 -18.5278 1
      vertex -13.7032 -17.05 1
      vertex -12.9992 -18.6247 1
    endloop
  endfacet
  facet normal 0 0 1
    outer loop
      vertex -12.6915 -18.447 1
      vertex -13.7032 -17.05 1
      vertex -12.85 -18.5278 1
    endloop
  endfacet
  facet normal 0 0 1
    outer loop
      vertex -10.3371 -20.3535 1
      vertex -8.59363 -20 1
      vertex -10.3093 -20.1777 1
    endloop
  endfacet
  facet normal 0 0 1
    outer loop
      vertex -10.3832 -20.5253 1
      vertex -8.59363 -20 1
      vertex -10.3371 -20.3535 1
    endloop
  endfacet
  facet normal 0 0 1
    outer loop
      vertex -10.447 -20.6915 1
      vertex -8.59363 -20 1
      vertex -10.3832 -20.5253 1
    endloop
  endfacet
  facet normal 0 0 1
    outer loop
      vertex -10.5278 -20.85 1
      vertex -8.59363 -20 1
      vertex -10.447 -20.6915 1
    endloop
  endfacet
  facet normal 0 0 1
    outer loop
      vertex -8.59363 -20 1
      vertex -10.5278 -20.85 1
      vertex -10.2968 -22.95 1
    endloop
  endfacet
  facet normal -0 0 1
    outer loop
      vertex -10.6247 -20.9992 1
      vertex -10.2968 -22.95 1
      vertex -10.5278 -20.85 1
    endloop
  endfacet
  facet normal -0 0 1
    outer loop
      vertex -10.7367 -21.1375 1
      vertex -10.2968 -22.95 1
      vertex -10.6247 -20.9992 1
    endloop
  endfacet
  facet normal -0 0 1
    outer loop
      vertex -10.8625 -21.2633 1
      vertex -10.2968 -22.95 1
      vertex -10.7367 -21.1375 1
    endloop
  endfacet
  facet normal -0 0 1
    outer loop
      vertex -11.0008 -21.3753 1
      vertex -10.2968 -22.95 1
      vertex -10.8625 -21.2633 1
    endloop
  endfacet
  facet normal -0 0 1
    outer loop
      vertex -11.15 -21.4722 1
      vertex -10.2968 -22.95 1
      vertex -11.0008 -21.3753 1
    endloop
  endfacet
  facet normal -0 0 1
    outer loop
      vertex -11.3085 -21.553 1
      vertex -10.2968 -22.95 1
      vertex -11.15 -21.4722 1
    endloop
  endfacet
  facet normal -0 0 1
    outer loop
      vertex -11.4747 -21.6168 1
      vertex -10.2968 -22.95 1
      vertex -11.3085 -21.553 1
    endloop
  endfacet
  facet normal -0 0 1
    outer loop
      vertex -11.6465 -21.6628 1
      vertex -10.2968 -22.95 1
      vertex -11.4747 -21.6168 1
    endloop
  endfacet
  facet normal -0 0 1
    outer loop
      vertex -11.8223 -21.6907 1
      vertex -10.2968 -22.95 1
      vertex -11.6465 -21.6628 1
    endloop
  endfacet
  facet normal -0 0 1
    outer loop
      vertex -12 -21.7 1
      vertex -10.2968 -22.95 1
      vertex -11.8223 -21.6907 1
    endloop
  endfacet
  facet normal 0 0 1
    outer loop
      vertex -13.7032 -22.95 1
      vertex -12 -21.7 1
      vertex -12.1777 -21.6907 1
    endloop
  endfacet
  facet normal 0 0 1
    outer loop
      vertex -13.7032 -22.95 1
      vertex -12.1777 -21.6907 1
      vertex -12.3534 -21.6628 1
    endloop
  endfacet
  facet normal 0 0 1
    outer loop
      vertex -13.7032 -22.95 1
      vertex -12.3534 -21.6628 1
      vertex -12.5253 -21.6168 1
    endloop
  endfacet
  facet normal 0 0 1
    outer loop
      vertex -13.7032 -22.95 1
      vertex -12.5253 -21.6168 1
      vertex -12.6915 -21.553 1
    endloop
  endfacet
  facet normal 0 0 1
    outer loop
      vertex -13.7032 -22.95 1
      vertex -12.6915 -21.553 1
      vertex -12.85 -21.4722 1
    endloop
  endfacet
  facet normal 0 0 1
    outer loop
      vertex -12 -21.7 1
      vertex -13.7032 -22.95 1
      vertex -10.2968 -22.95 1
    endloop
  endfacet
  facet normal 0 0 1
    outer loop
      vertex -12.9992 -21.3753 1
      vertex -13.7032 -22.95 1
      vertex -12.85 -21.4722 1
    endloop
  endfacet
  facet normal 0 0 1
    outer loop
      vertex -13.1375 -21.2633 1
      vertex -13.7032 -22.95 1
      vertex -12.9992 -21.3753 1
    endloop
  endfacet
  facet normal 0 0 1
    outer loop
      vertex -13.2633 -21.1375 1
      vertex -13.7032 -22.95 1
      vertex -13.1375 -21.2633 1
    endloop
  endfacet
  facet normal 0 0 1
    outer loop
      vertex -13.3753 -20.9992 1
      vertex -13.7032 -22.95 1
      vertex -13.2633 -21.1375 1
    endloop
  endfacet
  facet normal 0 0 1
    outer loop
      vertex -13.4722 -20.85 1
      vertex -13.7032 -22.95 1
      vertex -13.3753 -20.9992 1
    endloop
  endfacet
  facet normal 0 0 1
    outer loop
      vertex -15.4064 -20 1
      vertex -13.4722 -20.85 1
      vertex -13.553 -20.6915 1
    endloop
  endfacet
  facet normal 0 0 1
    outer loop
      vertex -15.4064 -20 1
      vertex -13.553 -20.6915 1
      vertex -13.6168 -20.5253 1
    endloop
  endfacet
  facet normal 0 0 1
    outer loop
      vertex -15.4064 -20 1
      vertex -13.6168 -20.5253 1
      vertex -13.6629 -20.3535 1
    endloop
  endfacet
  facet normal 0 0 1
    outer loop
      vertex -15.4064 -20 1
      vertex -13.6629 -20.3535 1
      vertex -13.6907 -20.1777 1
    endloop
  endfacet
  facet normal -0 0 1
    outer loop
      vertex -15.4064 -20 1
      vertex -13.6907 -20.1777 1
      vertex -13.7 -20 1
    endloop
  endfacet
  facet normal 0 0 1
    outer loop
      vertex -13.6907 -19.8223 1
      vertex -15.4064 -20 1
      vertex -13.7 -20 1
    endloop
  endfacet
  facet normal 0 0 1
    outer loop
      vertex -13.4722 -20.85 1
      vertex -15.4064 -20 1
      vertex -13.7032 -22.95 1
    endloop
  endfacet
  facet normal -0.987726 -0.156193 -1.54099e-18
    outer loop
      vertex 13.6907 -19.8223 0
      vertex 13.6629 -19.6465 1
      vertex 13.6629 -19.6465 0
    endloop
  endfacet
  facet normal -0.987726 -0.156193 -1.54099e-18
    outer loop
      vertex 13.6629 -19.6465 1
      vertex 13.6907 -19.8223 0
      vertex 13.6907 -19.8223 1
    endloop
  endfacet
  facet normal -0.998633 -0.0522639 -4.72778e-19
    outer loop
      vertex 13.7 -20 0
      vertex 13.6907 -19.8223 1
      vertex 13.6907 -19.8223 0
    endloop
  endfacet
  facet normal -0.998633 -0.0522639 -4.72778e-19
    outer loop
      vertex 13.6907 -19.8223 1
      vertex 13.7 -20 0
      vertex 13.7 -20 1
    endloop
  endfacet
  facet normal -0.629344 -0.777127 0
    outer loop
      vertex 12.9992 -18.6247 0
      vertex 13.1375 -18.7367 1
      vertex 12.9992 -18.6247 1
    endloop
  endfacet
  facet normal -0.629344 -0.777127 -0
    outer loop
      vertex 13.1375 -18.7367 1
      vertex 12.9992 -18.6247 0
      vertex 13.1375 -18.7367 0
    endloop
  endfacet
  facet normal -0.258502 0.966011 0
    outer loop
      vertex 12.5253 -21.6168 0
      vertex 12.3534 -21.6628 1
      vertex 12.5253 -21.6168 1
    endloop
  endfacet
  facet normal -0.258502 0.966011 0
    outer loop
      vertex 12.3534 -21.6628 1
      vertex 12.5253 -21.6168 0
      vertex 12.3534 -21.6628 0
    endloop
  endfacet
  facet normal 0.358377 0.933577 -0
    outer loop
      vertex 11.4747 -21.6168 0
      vertex 11.3085 -21.553 1
      vertex 11.4747 -21.6168 1
    endloop
  endfacet
  facet normal 0.358377 0.933577 0
    outer loop
      vertex 11.3085 -21.553 1
      vertex 11.4747 -21.6168 0
      vertex 11.3085 -21.553 0
    endloop
  endfacet
  facet normal -0.965833 -0.259167 -1.18891e-18
    outer loop
      vertex 13.6629 -19.6465 0
      vertex 13.6168 -19.4747 1
      vertex 13.6168 -19.4747 0
    endloop
  endfacet
  facet normal -0.965833 -0.259167 -1.18891e-18
    outer loop
      vertex 13.6168 -19.4747 1
      vertex 13.6629 -19.6465 0
      vertex 13.6629 -19.6465 1
    endloop
  endfacet
  facet normal -0.987726 0.156193 1.54099e-18
    outer loop
      vertex 13.6629 -20.3535 0
      vertex 13.6907 -20.1777 1
      vertex 13.6907 -20.1777 0
    endloop
  endfacet
  facet normal -0.987726 0.156193 1.54099e-18
    outer loop
      vertex 13.6907 -20.1777 1
      vertex 13.6629 -20.3535 0
      vertex 13.6629 -20.3535 1
    endloop
  endfacet
  facet normal -0.777127 0.629344 -4.73078e-18
    outer loop
      vertex 13.2633 -21.1375 0
      vertex 13.3753 -20.9992 1
      vertex 13.3753 -20.9992 0
    endloop
  endfacet
  facet normal -0.777127 0.629344 -4.73078e-18
    outer loop
      vertex 13.3753 -20.9992 1
      vertex 13.2633 -21.1375 0
      vertex 13.2633 -21.1375 1
    endloop
  endfacet
  facet normal -0.358377 -0.933577 0
    outer loop
      vertex 12.5253 -18.3832 0
      vertex 12.6915 -18.447 1
      vertex 12.5253 -18.3832 1
    endloop
  endfacet
  facet normal -0.358377 -0.933577 -0
    outer loop
      vertex 12.6915 -18.447 1
      vertex 12.5253 -18.3832 0
      vertex 12.6915 -18.447 0
    endloop
  endfacet
  facet normal -0.998633 0.0522639 4.72778e-19
    outer loop
      vertex 13.6907 -20.1777 0
      vertex 13.7 -20 1
      vertex 13.7 -20 0
    endloop
  endfacet
  facet normal -0.998633 0.0522639 4.72778e-19
    outer loop
      vertex 13.7 -20 1
      vertex 13.6907 -20.1777 0
      vertex 13.6907 -20.1777 1
    endloop
  endfacet
  facet normal -0.707107 0.707107 9.05806e-18
    outer loop
      vertex 13.1375 -21.2633 0
      vertex 13.2633 -21.1375 1
      vertex 13.2633 -21.1375 0
    endloop
  endfacet
  facet normal -0.707107 0.707107 9.05806e-18
    outer loop
      vertex 13.2633 -21.1375 1
      vertex 13.1375 -21.2633 0
      vertex 13.1375 -21.2633 1
    endloop
  endfacet
  facet normal 0.544672 -0.838649 0
    outer loop
      vertex 11.0008 -18.6247 0
      vertex 11.15 -18.5278 1
      vertex 11.0008 -18.6247 1
    endloop
  endfacet
  facet normal 0.544672 -0.838649 0
    outer loop
      vertex 11.15 -18.5278 1
      vertex 11.0008 -18.6247 0
      vertex 11.15 -18.5278 0
    endloop
  endfacet
  facet normal -0.45417 -0.890915 0
    outer loop
      vertex 12.6915 -18.447 0
      vertex 12.85 -18.5278 1
      vertex 12.6915 -18.447 1
    endloop
  endfacet
  facet normal -0.45417 -0.890915 -0
    outer loop
      vertex 12.85 -18.5278 1
      vertex 12.6915 -18.447 0
      vertex 12.85 -18.5278 0
    endloop
  endfacet
  facet normal 0.156741 0.98764 -0
    outer loop
      vertex 11.8223 -21.6907 0
      vertex 11.6465 -21.6628 1
      vertex 11.8223 -21.6907 1
    endloop
  endfacet
  facet normal 0.156741 0.98764 0
    outer loop
      vertex 11.6465 -21.6628 1
      vertex 11.8223 -21.6907 0
      vertex 11.6465 -21.6628 0
    endloop
  endfacet
  facet normal -0.777127 -0.629344 4.73078e-18
    outer loop
      vertex 13.3753 -19.0008 0
      vertex 13.2633 -18.8625 1
      vertex 13.2633 -18.8625 0
    endloop
  endfacet
  facet normal -0.777127 -0.629344 4.73078e-18
    outer loop
      vertex 13.2633 -18.8625 1
      vertex 13.3753 -19.0008 0
      vertex 13.3753 -19.0008 1
    endloop
  endfacet
  facet normal 0.998633 -0.0522639 4.72778e-19
    outer loop
      vertex 10.3 -20 1
      vertex 10.3093 -19.8223 0
      vertex 10.3093 -19.8223 1
    endloop
  endfacet
  facet normal 0.998633 -0.0522639 4.72778e-19
    outer loop
      vertex 10.3093 -19.8223 0
      vertex 10.3 -20 1
      vertex 10.3 -20 0
    endloop
  endfacet
  facet normal 0.933577 0.358377 4.66573e-18
    outer loop
      vertex 10.447 -20.6915 1
      vertex 10.3832 -20.5253 0
      vertex 10.3832 -20.5253 1
    endloop
  endfacet
  facet normal 0.933577 0.358377 4.66573e-18
    outer loop
      vertex 10.3832 -20.5253 0
      vertex 10.447 -20.6915 1
      vertex 10.447 -20.6915 0
    endloop
  endfacet
  facet normal -0.544672 -0.838649 0
    outer loop
      vertex 12.85 -18.5278 0
      vertex 12.9992 -18.6247 1
      vertex 12.85 -18.5278 1
    endloop
  endfacet
  facet normal -0.544672 -0.838649 -0
    outer loop
      vertex 12.9992 -18.6247 1
      vertex 12.85 -18.5278 0
      vertex 12.9992 -18.6247 0
    endloop
  endfacet
  facet normal 0.629344 -0.777127 0
    outer loop
      vertex 10.8625 -18.7367 0
      vertex 11.0008 -18.6247 1
      vertex 10.8625 -18.7367 1
    endloop
  endfacet
  facet normal 0.629344 -0.777127 0
    outer loop
      vertex 11.0008 -18.6247 1
      vertex 10.8625 -18.7367 0
      vertex 11.0008 -18.6247 0
    endloop
  endfacet
  facet normal -0.629344 0.777127 0
    outer loop
      vertex 13.1375 -21.2633 0
      vertex 12.9992 -21.3753 1
      vertex 13.1375 -21.2633 1
    endloop
  endfacet
  facet normal -0.629344 0.777127 0
    outer loop
      vertex 12.9992 -21.3753 1
      vertex 13.1375 -21.2633 0
      vertex 12.9992 -21.3753 0
    endloop
  endfacet
  facet normal -0.259026 -0.96587 0
    outer loop
      vertex 12.3534 -18.3371 0
      vertex 12.5253 -18.3832 1
      vertex 12.3534 -18.3371 1
    endloop
  endfacet
  facet normal -0.259026 -0.96587 -0
    outer loop
      vertex 12.5253 -18.3832 1
      vertex 12.3534 -18.3371 0
      vertex 12.5253 -18.3832 0
    endloop
  endfacet
  facet normal -0.933577 -0.358377 4.66573e-18
    outer loop
      vertex 13.6168 -19.4747 0
      vertex 13.553 -19.3085 1
      vertex 13.553 -19.3085 0
    endloop
  endfacet
  facet normal -0.933577 -0.358377 4.66573e-18
    outer loop
      vertex 13.553 -19.3085 1
      vertex 13.6168 -19.4747 0
      vertex 13.6168 -19.4747 1
    endloop
  endfacet
  facet normal -0.156828 0.987626 0
    outer loop
      vertex 12.3534 -21.6628 0
      vertex 12.1777 -21.6907 1
      vertex 12.3534 -21.6628 1
    endloop
  endfacet
  facet normal -0.156828 0.987626 0
    outer loop
      vertex 12.1777 -21.6907 1
      vertex 12.3534 -21.6628 0
      vertex 12.1777 -21.6907 0
    endloop
  endfacet
  facet normal -0.0522639 -0.998633 0
    outer loop
      vertex 12 -18.3 0
      vertex 12.1777 -18.3093 1
      vertex 12 -18.3 1
    endloop
  endfacet
  facet normal -0.0522639 -0.998633 -0
    outer loop
      vertex 12.1777 -18.3093 1
      vertex 12 -18.3 0
      vertex 12.1777 -18.3093 0
    endloop
  endfacet
  facet normal 0.890915 0.45417 -3.31019e-18
    outer loop
      vertex 10.5278 -20.85 1
      vertex 10.447 -20.6915 0
      vertex 10.447 -20.6915 1
    endloop
  endfacet
  facet normal 0.890915 0.45417 -3.31019e-18
    outer loop
      vertex 10.447 -20.6915 0
      vertex 10.5278 -20.85 1
      vertex 10.5278 -20.85 0
    endloop
  endfacet
  facet normal 0.156193 -0.987726 0
    outer loop
      vertex 11.6465 -18.3371 0
      vertex 11.8223 -18.3093 1
      vertex 11.6465 -18.3371 1
    endloop
  endfacet
  facet normal 0.156193 -0.987726 0
    outer loop
      vertex 11.8223 -18.3093 1
      vertex 11.6465 -18.3371 0
      vertex 11.8223 -18.3093 0
    endloop
  endfacet
  facet normal 0.777127 -0.629344 -4.73078e-18
    outer loop
      vertex 10.6247 -19.0008 1
      vertex 10.7367 -18.8625 0
      vertex 10.7367 -18.8625 1
    endloop
  endfacet
  facet normal 0.777127 -0.629344 -4.73078e-18
    outer loop
      vertex 10.7367 -18.8625 0
      vertex 10.6247 -19.0008 1
      vertex 10.6247 -19.0008 0
    endloop
  endfacet
  facet normal 0.707107 0.707107 -9.05806e-18
    outer loop
      vertex 10.8625 -21.2633 1
      vertex 10.7367 -21.1375 0
      vertex 10.7367 -21.1375 1
    endloop
  endfacet
  facet normal 0.707107 0.707107 -9.05806e-18
    outer loop
      vertex 10.7367 -21.1375 0
      vertex 10.8625 -21.2633 1
      vertex 10.8625 -21.2633 0
    endloop
  endfacet
  facet normal -0.358377 0.933577 0
    outer loop
      vertex 12.6915 -21.553 0
      vertex 12.5253 -21.6168 1
      vertex 12.6915 -21.553 1
    endloop
  endfacet
  facet normal -0.358377 0.933577 0
    outer loop
      vertex 12.5253 -21.6168 1
      vertex 12.6915 -21.553 0
      vertex 12.5253 -21.6168 0
    endloop
  endfacet
  facet normal 0.838649 -0.544672 -1.79113e-18
    outer loop
      vertex 10.5278 -19.15 1
      vertex 10.6247 -19.0008 0
      vertex 10.6247 -19.0008 1
    endloop
  endfacet
  facet normal 0.838649 -0.544672 -1.79113e-18
    outer loop
      vertex 10.6247 -19.0008 0
      vertex 10.5278 -19.15 1
      vertex 10.5278 -19.15 0
    endloop
  endfacet
  facet normal 0.0522639 0.998633 -0
    outer loop
      vertex 12 -21.7 0
      vertex 11.8223 -21.6907 1
      vertex 12 -21.7 1
    endloop
  endfacet
  facet normal 0.0522639 0.998633 0
    outer loop
      vertex 11.8223 -21.6907 1
      vertex 12 -21.7 0
      vertex 11.8223 -21.6907 0
    endloop
  endfacet
  facet normal 0.0522639 -0.998633 0
    outer loop
      vertex 11.8223 -18.3093 0
      vertex 12 -18.3 1
      vertex 11.8223 -18.3093 1
    endloop
  endfacet
  facet normal 0.0522639 -0.998633 0
    outer loop
      vertex 12 -18.3 1
      vertex 11.8223 -18.3093 0
      vertex 12 -18.3 0
    endloop
  endfacet
  facet normal -0.838649 -0.544672 1.79113e-18
    outer loop
      vertex 13.4722 -19.15 0
      vertex 13.3753 -19.0008 1
      vertex 13.3753 -19.0008 0
    endloop
  endfacet
  facet normal -0.838649 -0.544672 1.79113e-18
    outer loop
      vertex 13.3753 -19.0008 1
      vertex 13.4722 -19.15 0
      vertex 13.4722 -19.15 1
    endloop
  endfacet
  facet normal -0.965833 0.259167 1.18891e-18
    outer loop
      vertex 13.6168 -20.5253 0
      vertex 13.6629 -20.3535 1
      vertex 13.6629 -20.3535 0
    endloop
  endfacet
  facet normal -0.965833 0.259167 1.18891e-18
    outer loop
      vertex 13.6629 -20.3535 1
      vertex 13.6168 -20.5253 0
      vertex 13.6168 -20.5253 1
    endloop
  endfacet
  facet normal 0.838649 0.544672 1.79113e-18
    outer loop
      vertex 10.6247 -20.9992 1
      vertex 10.5278 -20.85 0
      vertex 10.5278 -20.85 1
    endloop
  endfacet
  facet normal 0.838649 0.544672 1.79113e-18
    outer loop
      vertex 10.5278 -20.85 0
      vertex 10.6247 -20.9992 1
      vertex 10.6247 -20.9992 0
    endloop
  endfacet
  facet normal -0.890915 -0.45417 -3.31019e-18
    outer loop
      vertex 13.553 -19.3085 0
      vertex 13.4722 -19.15 1
      vertex 13.4722 -19.15 0
    endloop
  endfacet
  facet normal -0.890915 -0.45417 -3.31019e-18
    outer loop
      vertex 13.4722 -19.15 1
      vertex 13.553 -19.3085 0
      vertex 13.553 -19.3085 1
    endloop
  endfacet
  facet normal 0.259167 -0.965833 0
    outer loop
      vertex 11.4747 -18.3832 0
      vertex 11.6465 -18.3371 1
      vertex 11.4747 -18.3832 1
    endloop
  endfacet
  facet normal 0.259167 -0.965833 0
    outer loop
      vertex 11.6465 -18.3371 1
      vertex 11.4747 -18.3832 0
      vertex 11.6465 -18.3371 0
    endloop
  endfacet
  facet normal 0.358377 -0.933577 0
    outer loop
      vertex 11.3085 -18.447 0
      vertex 11.4747 -18.3832 1
      vertex 11.3085 -18.447 1
    endloop
  endfacet
  facet normal 0.358377 -0.933577 0
    outer loop
      vertex 11.4747 -18.3832 1
      vertex 11.3085 -18.447 0
      vertex 11.4747 -18.3832 0
    endloop
  endfacet
  facet normal 0.777127 0.629344 4.73078e-18
    outer loop
      vertex 10.7367 -21.1375 1
      vertex 10.6247 -20.9992 0
      vertex 10.6247 -20.9992 1
    endloop
  endfacet
  facet normal 0.777127 0.629344 4.73078e-18
    outer loop
      vertex 10.6247 -20.9992 0
      vertex 10.7367 -21.1375 1
      vertex 10.7367 -21.1375 0
    endloop
  endfacet
  facet normal 0.998633 0.0522639 -4.72778e-19
    outer loop
      vertex 10.3093 -20.1777 1
      vertex 10.3 -20 0
      vertex 10.3 -20 1
    endloop
  endfacet
  facet normal 0.998633 0.0522639 -4.72778e-19
    outer loop
      vertex 10.3 -20 0
      vertex 10.3093 -20.1777 1
      vertex 10.3093 -20.1777 0
    endloop
  endfacet
  facet normal -0.0522639 0.998633 0
    outer loop
      vertex 12.1777 -21.6907 0
      vertex 12 -21.7 1
      vertex 12.1777 -21.6907 1
    endloop
  endfacet
  facet normal -0.0522639 0.998633 0
    outer loop
      vertex 12 -21.7 1
      vertex 12.1777 -21.6907 0
      vertex 12 -21.7 0
    endloop
  endfacet
  facet normal 0.965833 0.259167 -1.18891e-18
    outer loop
      vertex 10.3832 -20.5253 1
      vertex 10.3371 -20.3535 0
      vertex 10.3371 -20.3535 1
    endloop
  endfacet
  facet normal 0.965833 0.259167 -1.18891e-18
    outer loop
      vertex 10.3371 -20.3535 0
      vertex 10.3832 -20.5253 1
      vertex 10.3832 -20.5253 0
    endloop
  endfacet
  facet normal 0.544672 0.838649 -0
    outer loop
      vertex 11.15 -21.4722 0
      vertex 11.0008 -21.3753 1
      vertex 11.15 -21.4722 1
    endloop
  endfacet
  facet normal 0.544672 0.838649 0
    outer loop
      vertex 11.0008 -21.3753 1
      vertex 11.15 -21.4722 0
      vertex 11.0008 -21.3753 0
    endloop
  endfacet
  facet normal 0.707107 -0.707107 9.05806e-18
    outer loop
      vertex 10.7367 -18.8625 1
      vertex 10.8625 -18.7367 0
      vertex 10.8625 -18.7367 1
    endloop
  endfacet
  facet normal 0.707107 -0.707107 9.05806e-18
    outer loop
      vertex 10.8625 -18.7367 0
      vertex 10.7367 -18.8625 1
      vertex 10.7367 -18.8625 0
    endloop
  endfacet
  facet normal 0.45417 0.890915 -0
    outer loop
      vertex 11.3085 -21.553 0
      vertex 11.15 -21.4722 1
      vertex 11.3085 -21.553 1
    endloop
  endfacet
  facet normal 0.45417 0.890915 0
    outer loop
      vertex 11.15 -21.4722 1
      vertex 11.3085 -21.553 0
      vertex 11.15 -21.4722 0
    endloop
  endfacet
  facet normal 0.987726 0.156193 -1.54099e-18
    outer loop
      vertex 10.3371 -20.3535 1
      vertex 10.3093 -20.1777 0
      vertex 10.3093 -20.1777 1
    endloop
  endfacet
  facet normal 0.987726 0.156193 -1.54099e-18
    outer loop
      vertex 10.3093 -20.1777 0
      vertex 10.3371 -20.3535 1
      vertex 10.3371 -20.3535 0
    endloop
  endfacet
  facet normal 0.933577 -0.358377 -4.66573e-18
    outer loop
      vertex 10.3832 -19.4747 1
      vertex 10.447 -19.3085 0
      vertex 10.447 -19.3085 1
    endloop
  endfacet
  facet normal 0.933577 -0.358377 -4.66573e-18
    outer loop
      vertex 10.447 -19.3085 0
      vertex 10.3832 -19.4747 1
      vertex 10.3832 -19.4747 0
    endloop
  endfacet
  facet normal -0.707107 -0.707107 -9.05806e-18
    outer loop
      vertex 13.2633 -18.8625 0
      vertex 13.1375 -18.7367 1
      vertex 13.1375 -18.7367 0
    endloop
  endfacet
  facet normal -0.707107 -0.707107 -9.05806e-18
    outer loop
      vertex 13.1375 -18.7367 1
      vertex 13.2633 -18.8625 0
      vertex 13.2633 -18.8625 1
    endloop
  endfacet
  facet normal -0.838649 0.544672 -1.79113e-18
    outer loop
      vertex 13.3753 -20.9992 0
      vertex 13.4722 -20.85 1
      vertex 13.4722 -20.85 0
    endloop
  endfacet
  facet normal -0.838649 0.544672 -1.79113e-18
    outer loop
      vertex 13.4722 -20.85 1
      vertex 13.3753 -20.9992 0
      vertex 13.3753 -20.9992 1
    endloop
  endfacet
  facet normal -0.15628 -0.987713 0
    outer loop
      vertex 12.1777 -18.3093 0
      vertex 12.3534 -18.3371 1
      vertex 12.1777 -18.3093 1
    endloop
  endfacet
  facet normal -0.15628 -0.987713 -0
    outer loop
      vertex 12.3534 -18.3371 1
      vertex 12.1777 -18.3093 0
      vertex 12.3534 -18.3371 0
    endloop
  endfacet
  facet normal 0.987726 -0.156193 1.54099e-18
    outer loop
      vertex 10.3093 -19.8223 1
      vertex 10.3371 -19.6465 0
      vertex 10.3371 -19.6465 1
    endloop
  endfacet
  facet normal 0.987726 -0.156193 1.54099e-18
    outer loop
      vertex 10.3371 -19.6465 0
      vertex 10.3093 -19.8223 1
      vertex 10.3093 -19.8223 0
    endloop
  endfacet
  facet normal 0.45417 -0.890915 0
    outer loop
      vertex 11.15 -18.5278 0
      vertex 11.3085 -18.447 1
      vertex 11.15 -18.5278 1
    endloop
  endfacet
  facet normal 0.45417 -0.890915 0
    outer loop
      vertex 11.3085 -18.447 1
      vertex 11.15 -18.5278 0
      vertex 11.3085 -18.447 0
    endloop
  endfacet
  facet normal -0.544672 0.838649 0
    outer loop
      vertex 12.9992 -21.3753 0
      vertex 12.85 -21.4722 1
      vertex 12.9992 -21.3753 1
    endloop
  endfacet
  facet normal -0.544672 0.838649 0
    outer loop
      vertex 12.85 -21.4722 1
      vertex 12.9992 -21.3753 0
      vertex 12.85 -21.4722 0
    endloop
  endfacet
  facet normal -0.45417 0.890915 0
    outer loop
      vertex 12.85 -21.4722 0
      vertex 12.6915 -21.553 1
      vertex 12.85 -21.4722 1
    endloop
  endfacet
  facet normal -0.45417 0.890915 0
    outer loop
      vertex 12.6915 -21.553 1
      vertex 12.85 -21.4722 0
      vertex 12.6915 -21.553 0
    endloop
  endfacet
  facet normal -0.890915 0.45417 3.31019e-18
    outer loop
      vertex 13.4722 -20.85 0
      vertex 13.553 -20.6915 1
      vertex 13.553 -20.6915 0
    endloop
  endfacet
  facet normal -0.890915 0.45417 3.31019e-18
    outer loop
      vertex 13.553 -20.6915 1
      vertex 13.4722 -20.85 0
      vertex 13.4722 -20.85 1
    endloop
  endfacet
  facet normal -0.933577 0.358377 -4.66573e-18
    outer loop
      vertex 13.553 -20.6915 0
      vertex 13.6168 -20.5253 1
      vertex 13.6168 -20.5253 0
    endloop
  endfacet
  facet normal -0.933577 0.358377 -4.66573e-18
    outer loop
      vertex 13.6168 -20.5253 1
      vertex 13.553 -20.6915 0
      vertex 13.553 -20.6915 1
    endloop
  endfacet
  facet normal 0.965833 -0.259167 1.18891e-18
    outer loop
      vertex 10.3371 -19.6465 1
      vertex 10.3832 -19.4747 0
      vertex 10.3832 -19.4747 1
    endloop
  endfacet
  facet normal 0.965833 -0.259167 1.18891e-18
    outer loop
      vertex 10.3832 -19.4747 0
      vertex 10.3371 -19.6465 1
      vertex 10.3371 -19.6465 0
    endloop
  endfacet
  facet normal 0.890915 -0.45417 3.31019e-18
    outer loop
      vertex 10.447 -19.3085 1
      vertex 10.5278 -19.15 0
      vertex 10.5278 -19.15 1
    endloop
  endfacet
  facet normal 0.890915 -0.45417 3.31019e-18
    outer loop
      vertex 10.5278 -19.15 0
      vertex 10.447 -19.3085 1
      vertex 10.447 -19.3085 0
    endloop
  endfacet
  facet normal 0.629344 0.777127 -0
    outer loop
      vertex 11.0008 -21.3753 0
      vertex 10.8625 -21.2633 1
      vertex 11.0008 -21.3753 1
    endloop
  endfacet
  facet normal 0.629344 0.777127 0
    outer loop
      vertex 10.8625 -21.2633 1
      vertex 11.0008 -21.3753 0
      vertex 10.8625 -21.2633 0
    endloop
  endfacet
  facet normal 0.258642 0.965973 -0
    outer loop
      vertex 11.6465 -21.6628 0
      vertex 11.4747 -21.6168 1
      vertex 11.6465 -21.6628 1
    endloop
  endfacet
  facet normal 0.258642 0.965973 0
    outer loop
      vertex 11.4747 -21.6168 1
      vertex 11.6465 -21.6628 0
      vertex 11.4747 -21.6168 0
    endloop
  endfacet
  facet normal 0 1 -0
    outer loop
      vertex 13.7032 -22.95 1
      vertex 10.2968 -22.95 3
      vertex 13.7032 -22.95 3
    endloop
  endfacet
  facet normal 0 1 0
    outer loop
      vertex 10.2968 -22.95 3
      vertex 13.7032 -22.95 1
      vertex 10.2968 -22.95 1
    endloop
  endfacet
  facet normal -0.866023 0.500004 -2.1193e-17
    outer loop
      vertex 13.7032 -22.95 1
      vertex 15.4064 -20 3
      vertex 15.4064 -20 1
    endloop
  endfacet
  facet normal -0.866023 0.500004 -2.1193e-17
    outer loop
      vertex 15.4064 -20 3
      vertex 13.7032 -22.95 1
      vertex 13.7032 -22.95 3
    endloop
  endfacet
  facet normal 0 -1 0
    outer loop
      vertex 10.2968 -17.05 1
      vertex 13.7032 -17.05 3
      vertex 10.2968 -17.05 3
    endloop
  endfacet
  facet normal 0 -1 -0
    outer loop
      vertex 13.7032 -17.05 3
      vertex 10.2968 -17.05 1
      vertex 13.7032 -17.05 1
    endloop
  endfacet
  facet normal -0.866023 -0.500004 2.1193e-17
    outer loop
      vertex 15.4064 -20 1
      vertex 13.7032 -17.05 3
      vertex 13.7032 -17.05 1
    endloop
  endfacet
  facet normal -0.866023 -0.500004 2.1193e-17
    outer loop
      vertex 13.7032 -17.05 3
      vertex 15.4064 -20 1
      vertex 15.4064 -20 3
    endloop
  endfacet
  facet normal 0.866027 -0.499997 4.8842e-18
    outer loop
      vertex 8.59363 -20 3
      vertex 10.2968 -17.05 1
      vertex 10.2968 -17.05 3
    endloop
  endfacet
  facet normal 0.866027 -0.499997 4.8842e-18
    outer loop
      vertex 10.2968 -17.05 1
      vertex 8.59363 -20 3
      vertex 8.59363 -20 1
    endloop
  endfacet
  facet normal 0.866027 0.499997 -4.8842e-18
    outer loop
      vertex 10.2968 -22.95 3
      vertex 8.59363 -20 1
      vertex 8.59363 -20 3
    endloop
  endfacet
  facet normal 0.866027 0.499997 -4.8842e-18
    outer loop
      vertex 8.59363 -20 1
      vertex 10.2968 -22.95 3
      vertex 10.2968 -22.95 1
    endloop
  endfacet
  facet normal -0 0 1
    outer loop
      vertex 13.4722 -19.15 1
      vertex 15.4064 -20 1
      vertex 13.7032 -17.05 1
    endloop
  endfacet
  facet normal 0 0 1
    outer loop
      vertex 13.6907 -20.1777 1
      vertex 15.4064 -20 1
      vertex 13.7 -20 1
    endloop
  endfacet
  facet normal 0 0 1
    outer loop
      vertex 15.4064 -20 1
      vertex 13.6907 -19.8223 1
      vertex 13.7 -20 1
    endloop
  endfacet
  facet normal 0 0 1
    outer loop
      vertex 15.4064 -20 1
      vertex 13.6629 -19.6465 1
      vertex 13.6907 -19.8223 1
    endloop
  endfacet
  facet normal 0 0 1
    outer loop
      vertex 15.4064 -20 1
      vertex 13.6168 -19.4747 1
      vertex 13.6629 -19.6465 1
    endloop
  endfacet
  facet normal 0 0 1
    outer loop
      vertex 15.4064 -20 1
      vertex 13.553 -19.3085 1
      vertex 13.6168 -19.4747 1
    endloop
  endfacet
  facet normal 0 0 1
    outer loop
      vertex 15.4064 -20 1
      vertex 13.4722 -19.15 1
      vertex 13.553 -19.3085 1
    endloop
  endfacet
  facet normal 0 0 1
    outer loop
      vertex 13.7032 -17.05 1
      vertex 13.3753 -19.0008 1
      vertex 13.4722 -19.15 1
    endloop
  endfacet
  facet normal 0 0 1
    outer loop
      vertex 13.7032 -17.05 1
      vertex 13.2633 -18.8625 1
      vertex 13.3753 -19.0008 1
    endloop
  endfacet
  facet normal 0 0 1
    outer loop
      vertex 13.7032 -17.05 1
      vertex 13.1375 -18.7367 1
      vertex 13.2633 -18.8625 1
    endloop
  endfacet
  facet normal 0 0 1
    outer loop
      vertex 13.7032 -17.05 1
      vertex 12.9992 -18.6247 1
      vertex 13.1375 -18.7367 1
    endloop
  endfacet
  facet normal 0 0 1
    outer loop
      vertex 13.7032 -17.05 1
      vertex 12.85 -18.5278 1
      vertex 12.9992 -18.6247 1
    endloop
  endfacet
  facet normal 0 0 1
    outer loop
      vertex 13.7032 -17.05 1
      vertex 12.6915 -18.447 1
      vertex 12.85 -18.5278 1
    endloop
  endfacet
  facet normal 0 0 1
    outer loop
      vertex 13.7032 -17.05 1
      vertex 12.5253 -18.3832 1
      vertex 12.6915 -18.447 1
    endloop
  endfacet
  facet normal 0 0 1
    outer loop
      vertex 13.7032 -17.05 1
      vertex 12.3534 -18.3371 1
      vertex 12.5253 -18.3832 1
    endloop
  endfacet
  facet normal 0 0 1
    outer loop
      vertex 13.7032 -17.05 1
      vertex 12.1777 -18.3093 1
      vertex 12.3534 -18.3371 1
    endloop
  endfacet
  facet normal 0 0 1
    outer loop
      vertex 13.7032 -17.05 1
      vertex 12 -18.3 1
      vertex 12.1777 -18.3093 1
    endloop
  endfacet
  facet normal -0 0 1
    outer loop
      vertex 10.2968 -17.05 1
      vertex 12 -18.3 1
      vertex 13.7032 -17.05 1
    endloop
  endfacet
  facet normal 0 0 1
    outer loop
      vertex 12 -18.3 1
      vertex 10.2968 -17.05 1
      vertex 11.8223 -18.3093 1
    endloop
  endfacet
  facet normal 0 0 1
    outer loop
      vertex 11.8223 -18.3093 1
      vertex 10.2968 -17.05 1
      vertex 11.6465 -18.3371 1
    endloop
  endfacet
  facet normal 0 0 1
    outer loop
      vertex 11.6465 -18.3371 1
      vertex 10.2968 -17.05 1
      vertex 11.4747 -18.3832 1
    endloop
  endfacet
  facet normal 0 0 1
    outer loop
      vertex 11.4747 -18.3832 1
      vertex 10.2968 -17.05 1
      vertex 11.3085 -18.447 1
    endloop
  endfacet
  facet normal 0 0 1
    outer loop
      vertex 10.3371 -19.6465 1
      vertex 8.59363 -20 1
      vertex 10.3093 -19.8223 1
    endloop
  endfacet
  facet normal 0 0 1
    outer loop
      vertex 10.3832 -19.4747 1
      vertex 8.59363 -20 1
      vertex 10.3371 -19.6465 1
    endloop
  endfacet
  facet normal 0 0 1
    outer loop
      vertex 10.447 -19.3085 1
      vertex 8.59363 -20 1
      vertex 10.3832 -19.4747 1
    endloop
  endfacet
  facet normal 0 0 1
    outer loop
      vertex 10.5278 -19.15 1
      vertex 8.59363 -20 1
      vertex 10.447 -19.3085 1
    endloop
  endfacet
  facet normal 0 0 1
    outer loop
      vertex 8.59363 -20 1
      vertex 10.5278 -19.15 1
      vertex 10.2968 -17.05 1
    endloop
  endfacet
  facet normal 0 0 1
    outer loop
      vertex 10.6247 -19.0008 1
      vertex 10.2968 -17.05 1
      vertex 10.5278 -19.15 1
    endloop
  endfacet
  facet normal 0 0 1
    outer loop
      vertex 10.7367 -18.8625 1
      vertex 10.2968 -17.05 1
      vertex 10.6247 -19.0008 1
    endloop
  endfacet
  facet normal 0 0 1
    outer loop
      vertex 10.8625 -18.7367 1
      vertex 10.2968 -17.05 1
      vertex 10.7367 -18.8625 1
    endloop
  endfacet
  facet normal 0 0 1
    outer loop
      vertex 11.0008 -18.6247 1
      vertex 10.2968 -17.05 1
      vertex 10.8625 -18.7367 1
    endloop
  endfacet
  facet normal 0 0 1
    outer loop
      vertex 11.15 -18.5278 1
      vertex 10.2968 -17.05 1
      vertex 11.0008 -18.6247 1
    endloop
  endfacet
  facet normal 0 0 1
    outer loop
      vertex 11.3085 -18.447 1
      vertex 10.2968 -17.05 1
      vertex 11.15 -18.5278 1
    endloop
  endfacet
  facet normal 0 0 1
    outer loop
      vertex 13.6629 -20.3535 1
      vertex 15.4064 -20 1
      vertex 13.6907 -20.1777 1
    endloop
  endfacet
  facet normal 0 0 1
    outer loop
      vertex 13.6168 -20.5253 1
      vertex 15.4064 -20 1
      vertex 13.6629 -20.3535 1
    endloop
  endfacet
  facet normal 0 0 1
    outer loop
      vertex 13.553 -20.6915 1
      vertex 15.4064 -20 1
      vertex 13.6168 -20.5253 1
    endloop
  endfacet
  facet normal 0 0 1
    outer loop
      vertex 13.4722 -20.85 1
      vertex 15.4064 -20 1
      vertex 13.553 -20.6915 1
    endloop
  endfacet
  facet normal 0 0 1
    outer loop
      vertex 15.4064 -20 1
      vertex 13.4722 -20.85 1
      vertex 13.7032 -22.95 1
    endloop
  endfacet
  facet normal -0 0 1
    outer loop
      vertex 13.3753 -20.9992 1
      vertex 13.7032 -22.95 1
      vertex 13.4722 -20.85 1
    endloop
  endfacet
  facet normal -0 0 1
    outer loop
      vertex 13.2633 -21.1375 1
      vertex 13.7032 -22.95 1
      vertex 13.3753 -20.9992 1
    endloop
  endfacet
  facet normal -0 0 1
    outer loop
      vertex 13.1375 -21.2633 1
      vertex 13.7032 -22.95 1
      vertex 13.2633 -21.1375 1
    endloop
  endfacet
  facet normal -0 0 1
    outer loop
      vertex 12.9992 -21.3753 1
      vertex 13.7032 -22.95 1
      vertex 13.1375 -21.2633 1
    endloop
  endfacet
  facet normal -0 0 1
    outer loop
      vertex 12.85 -21.4722 1
      vertex 13.7032 -22.95 1
      vertex 12.9992 -21.3753 1
    endloop
  endfacet
  facet normal -0 0 1
    outer loop
      vertex 12.6915 -21.553 1
      vertex 13.7032 -22.95 1
      vertex 12.85 -21.4722 1
    endloop
  endfacet
  facet normal -0 0 1
    outer loop
      vertex 12.5253 -21.6168 1
      vertex 13.7032 -22.95 1
      vertex 12.6915 -21.553 1
    endloop
  endfacet
  facet normal -0 0 1
    outer loop
      vertex 12.3534 -21.6628 1
      vertex 13.7032 -22.95 1
      vertex 12.5253 -21.6168 1
    endloop
  endfacet
  facet normal -0 0 1
    outer loop
      vertex 12.1777 -21.6907 1
      vertex 13.7032 -22.95 1
      vertex 12.3534 -21.6628 1
    endloop
  endfacet
  facet normal -0 0 1
    outer loop
      vertex 12 -21.7 1
      vertex 13.7032 -22.95 1
      vertex 12.1777 -21.6907 1
    endloop
  endfacet
  facet normal 0 0 1
    outer loop
      vertex 10.2968 -22.95 1
      vertex 12 -21.7 1
      vertex 11.8223 -21.6907 1
    endloop
  endfacet
  facet normal 0 0 1
    outer loop
      vertex 10.2968 -22.95 1
      vertex 11.8223 -21.6907 1
      vertex 11.6465 -21.6628 1
    endloop
  endfacet
  facet normal 0 0 1
    outer loop
      vertex 10.2968 -22.95 1
      vertex 11.6465 -21.6628 1
      vertex 11.4747 -21.6168 1
    endloop
  endfacet
  facet normal 0 0 1
    outer loop
      vertex 10.2968 -22.95 1
      vertex 11.4747 -21.6168 1
      vertex 11.3085 -21.553 1
    endloop
  endfacet
  facet normal 0 0 1
    outer loop
      vertex 10.2968 -22.95 1
      vertex 11.3085 -21.553 1
      vertex 11.15 -21.4722 1
    endloop
  endfacet
  facet normal 0 0 1
    outer loop
      vertex 12 -21.7 1
      vertex 10.2968 -22.95 1
      vertex 13.7032 -22.95 1
    endloop
  endfacet
  facet normal 0 0 1
    outer loop
      vertex 11.0008 -21.3753 1
      vertex 10.2968 -22.95 1
      vertex 11.15 -21.4722 1
    endloop
  endfacet
  facet normal 0 0 1
    outer loop
      vertex 10.8625 -21.2633 1
      vertex 10.2968 -22.95 1
      vertex 11.0008 -21.3753 1
    endloop
  endfacet
  facet normal 0 0 1
    outer loop
      vertex 10.7367 -21.1375 1
      vertex 10.2968 -22.95 1
      vertex 10.8625 -21.2633 1
    endloop
  endfacet
  facet normal 0 0 1
    outer loop
      vertex 10.6247 -20.9992 1
      vertex 10.2968 -22.95 1
      vertex 10.7367 -21.1375 1
    endloop
  endfacet
  facet normal 0 0 1
    outer loop
      vertex 10.5278 -20.85 1
      vertex 10.2968 -22.95 1
      vertex 10.6247 -20.9992 1
    endloop
  endfacet
  facet normal 0 0 1
    outer loop
      vertex 8.59363 -20 1
      vertex 10.5278 -20.85 1
      vertex 10.447 -20.6915 1
    endloop
  endfacet
  facet normal 0 0 1
    outer loop
      vertex 8.59363 -20 1
      vertex 10.447 -20.6915 1
      vertex 10.3832 -20.5253 1
    endloop
  endfacet
  facet normal 0 0 1
    outer loop
      vertex 8.59363 -20 1
      vertex 10.3832 -20.5253 1
      vertex 10.3371 -20.3535 1
    endloop
  endfacet
  facet normal 0 0 1
    outer loop
      vertex 8.59363 -20 1
      vertex 10.3371 -20.3535 1
      vertex 10.3093 -20.1777 1
    endloop
  endfacet
  facet normal -0 0 1
    outer loop
      vertex 8.59363 -20 1
      vertex 10.3093 -20.1777 1
      vertex 10.3 -20 1
    endloop
  endfacet
  facet normal 0 0 1
    outer loop
      vertex 10.3093 -19.8223 1
      vertex 8.59363 -20 1
      vertex 10.3 -20 1
    endloop
  endfacet
  facet normal 0 0 1
    outer loop
      vertex 10.5278 -20.85 1
      vertex 8.59363 -20 1
      vertex 10.2968 -22.95 1
    endloop
  endfacet
  facet normal -0.156193 0.987726 0
    outer loop
      vertex -11.6465 18.3371 0
      vertex -11.8223 18.3093 1
      vertex -11.6465 18.3371 1
    endloop
  endfacet
  facet normal -0.156193 0.987726 0
    outer loop
      vertex -11.8223 18.3093 1
      vertex -11.6465 18.3371 0
      vertex -11.8223 18.3093 0
    endloop
  endfacet
  facet normal -0.987726 -0.156193 -1.54099e-18
    outer loop
      vertex -10.3093 20.1777 0
      vertex -10.3371 20.3535 1
      vertex -10.3371 20.3535 0
    endloop
  endfacet
  facet normal -0.987726 -0.156193 -1.54099e-18
    outer loop
      vertex -10.3371 20.3535 1
      vertex -10.3093 20.1777 0
      vertex -10.3093 20.1777 1
    endloop
  endfacet
  facet normal -0.998633 -0.0522639 -4.72778e-19
    outer loop
      vertex -10.3 20 0
      vertex -10.3093 20.1777 1
      vertex -10.3093 20.1777 0
    endloop
  endfacet
  facet normal -0.998633 -0.0522639 -4.72778e-19
    outer loop
      vertex -10.3093 20.1777 1
      vertex -10.3 20 0
      vertex -10.3 20 1
    endloop
  endfacet
  facet normal 0.259026 0.96587 -0
    outer loop
      vertex -12.3534 18.3371 0
      vertex -12.5253 18.3832 1
      vertex -12.3534 18.3371 1
    endloop
  endfacet
  facet normal 0.259026 0.96587 0
    outer loop
      vertex -12.5253 18.3832 1
      vertex -12.3534 18.3371 0
      vertex -12.5253 18.3832 0
    endloop
  endfacet
  facet normal 0.629344 -0.777127 0
    outer loop
      vertex -13.1375 21.2633 0
      vertex -12.9992 21.3753 1
      vertex -13.1375 21.2633 1
    endloop
  endfacet
  facet normal 0.629344 -0.777127 0
    outer loop
      vertex -12.9992 21.3753 1
      vertex -13.1375 21.2633 0
      vertex -12.9992 21.3753 0
    endloop
  endfacet
  facet normal -0.544672 0.838649 0
    outer loop
      vertex -11.0008 18.6247 0
      vertex -11.15 18.5278 1
      vertex -11.0008 18.6247 1
    endloop
  endfacet
  facet normal -0.544672 0.838649 0
    outer loop
      vertex -11.15 18.5278 1
      vertex -11.0008 18.6247 0
      vertex -11.15 18.5278 0
    endloop
  endfacet
  facet normal 0.933577 0.358377 4.66573e-18
    outer loop
      vertex -13.553 19.3085 1
      vertex -13.6168 19.4747 0
      vertex -13.6168 19.4747 1
    endloop
  endfacet
  facet normal 0.933577 0.358377 4.66573e-18
    outer loop
      vertex -13.6168 19.4747 0
      vertex -13.553 19.3085 1
      vertex -13.553 19.3085 0
    endloop
  endfacet
  facet normal -0.777127 -0.629344 4.73078e-18
    outer loop
      vertex -10.6247 20.9992 0
      vertex -10.7367 21.1375 1
      vertex -10.7367 21.1375 0
    endloop
  endfacet
  facet normal -0.777127 -0.629344 4.73078e-18
    outer loop
      vertex -10.7367 21.1375 1
      vertex -10.6247 20.9992 0
      vertex -10.6247 20.9992 1
    endloop
  endfacet
  facet normal 0.707107 -0.707107 9.05806e-18
    outer loop
      vertex -13.2633 21.1375 1
      vertex -13.1375 21.2633 0
      vertex -13.1375 21.2633 1
    endloop
  endfacet
  facet normal 0.707107 -0.707107 9.05806e-18
    outer loop
      vertex -13.1375 21.2633 0
      vertex -13.2633 21.1375 1
      vertex -13.2633 21.1375 0
    endloop
  endfacet
  facet normal -0.0522639 -0.998633 0
    outer loop
      vertex -12 21.7 0
      vertex -11.8223 21.6907 1
      vertex -12 21.7 1
    endloop
  endfacet
  facet normal -0.0522639 -0.998633 -0
    outer loop
      vertex -11.8223 21.6907 1
      vertex -12 21.7 0
      vertex -11.8223 21.6907 0
    endloop
  endfacet
  facet normal -0.838649 0.544672 -1.79113e-18
    outer loop
      vertex -10.6247 19.0008 0
      vertex -10.5278 19.15 1
      vertex -10.5278 19.15 0
    endloop
  endfacet
  facet normal -0.838649 0.544672 -1.79113e-18
    outer loop
      vertex -10.5278 19.15 1
      vertex -10.6247 19.0008 0
      vertex -10.6247 19.0008 1
    endloop
  endfacet
  facet normal 0.998633 0.0522639 -4.72778e-19
    outer loop
      vertex -13.6907 19.8223 1
      vertex -13.7 20 0
      vertex -13.7 20 1
    endloop
  endfacet
  facet normal 0.998633 0.0522639 -4.72778e-19
    outer loop
      vertex -13.7 20 0
      vertex -13.6907 19.8223 1
      vertex -13.6907 19.8223 0
    endloop
  endfacet
  facet normal -0.933577 0.358377 -4.66573e-18
    outer loop
      vertex -10.447 19.3085 0
      vertex -10.3832 19.4747 1
      vertex -10.3832 19.4747 0
    endloop
  endfacet
  facet normal -0.933577 0.358377 -4.66573e-18
    outer loop
      vertex -10.3832 19.4747 1
      vertex -10.447 19.3085 0
      vertex -10.447 19.3085 1
    endloop
  endfacet
  facet normal -0.259167 0.965833 0
    outer loop
      vertex -11.4747 18.3832 0
      vertex -11.6465 18.3371 1
      vertex -11.4747 18.3832 1
    endloop
  endfacet
  facet normal -0.259167 0.965833 0
    outer loop
      vertex -11.6465 18.3371 1
      vertex -11.4747 18.3832 0
      vertex -11.6465 18.3371 0
    endloop
  endfacet
  facet normal -0.358377 -0.933577 0
    outer loop
      vertex -11.4747 21.6168 0
      vertex -11.3085 21.553 1
      vertex -11.4747 21.6168 1
    endloop
  endfacet
  facet normal -0.358377 -0.933577 -0
    outer loop
      vertex -11.3085 21.553 1
      vertex -11.4747 21.6168 0
      vertex -11.3085 21.553 0
    endloop
  endfacet
  facet normal -0.629344 -0.777127 0
    outer loop
      vertex -11.0008 21.3753 0
      vertex -10.8625 21.2633 1
      vertex -11.0008 21.3753 1
    endloop
  endfacet
  facet normal -0.629344 -0.777127 -0
    outer loop
      vertex -10.8625 21.2633 1
      vertex -11.0008 21.3753 0
      vertex -10.8625 21.2633 0
    endloop
  endfacet
  facet normal 0.707107 0.707107 -9.05806e-18
    outer loop
      vertex -13.1375 18.7367 1
      vertex -13.2633 18.8625 0
      vertex -13.2633 18.8625 1
    endloop
  endfacet
  facet normal 0.707107 0.707107 -9.05806e-18
    outer loop
      vertex -13.2633 18.8625 0
      vertex -13.1375 18.7367 1
      vertex -13.1375 18.7367 0
    endloop
  endfacet
  facet normal -0.258642 -0.965973 0
    outer loop
      vertex -11.6465 21.6628 0
      vertex -11.4747 21.6168 1
      vertex -11.6465 21.6628 1
    endloop
  endfacet
  facet normal -0.258642 -0.965973 -0
    outer loop
      vertex -11.4747 21.6168 1
      vertex -11.6465 21.6628 0
      vertex -11.4747 21.6168 0
    endloop
  endfacet
  facet normal 0.777127 -0.629344 -4.73078e-18
    outer loop
      vertex -13.3753 20.9992 1
      vertex -13.2633 21.1375 0
      vertex -13.2633 21.1375 1
    endloop
  endfacet
  facet normal 0.777127 -0.629344 -4.73078e-18
    outer loop
      vertex -13.2633 21.1375 0
      vertex -13.3753 20.9992 1
      vertex -13.3753 20.9992 0
    endloop
  endfacet
  facet normal -0.965833 0.259167 1.18891e-18
    outer loop
      vertex -10.3832 19.4747 0
      vertex -10.3371 19.6465 1
      vertex -10.3371 19.6465 0
    endloop
  endfacet
  facet normal -0.965833 0.259167 1.18891e-18
    outer loop
      vertex -10.3371 19.6465 1
      vertex -10.3832 19.4747 0
      vertex -10.3832 19.4747 1
    endloop
  endfacet
  facet normal 0.45417 -0.890915 0
    outer loop
      vertex -12.85 21.4722 0
      vertex -12.6915 21.553 1
      vertex -12.85 21.4722 1
    endloop
  endfacet
  facet normal 0.45417 -0.890915 0
    outer loop
      vertex -12.6915 21.553 1
      vertex -12.85 21.4722 0
      vertex -12.6915 21.553 0
    endloop
  endfacet
  facet normal -0.45417 -0.890915 0
    outer loop
      vertex -11.3085 21.553 0
      vertex -11.15 21.4722 1
      vertex -11.3085 21.553 1
    endloop
  endfacet
  facet normal -0.45417 -0.890915 -0
    outer loop
      vertex -11.15 21.4722 1
      vertex -11.3085 21.553 0
      vertex -11.15 21.4722 0
    endloop
  endfacet
  facet normal -0.777127 0.629344 -4.73078e-18
    outer loop
      vertex -10.7367 18.8625 0
      vertex -10.6247 19.0008 1
      vertex -10.6247 19.0008 0
    endloop
  endfacet
  facet normal -0.777127 0.629344 -4.73078e-18
    outer loop
      vertex -10.6247 19.0008 1
      vertex -10.7367 18.8625 0
      vertex -10.7367 18.8625 1
    endloop
  endfacet
  facet normal -0.838649 -0.544672 1.79113e-18
    outer loop
      vertex -10.5278 20.85 0
      vertex -10.6247 20.9992 1
      vertex -10.6247 20.9992 0
    endloop
  endfacet
  facet normal -0.838649 -0.544672 1.79113e-18
    outer loop
      vertex -10.6247 20.9992 1
      vertex -10.5278 20.85 0
      vertex -10.5278 20.85 1
    endloop
  endfacet
  facet normal 0.965833 0.259167 -1.18891e-18
    outer loop
      vertex -13.6168 19.4747 1
      vertex -13.6629 19.6465 0
      vertex -13.6629 19.6465 1
    endloop
  endfacet
  facet normal 0.965833 0.259167 -1.18891e-18
    outer loop
      vertex -13.6629 19.6465 0
      vertex -13.6168 19.4747 1
      vertex -13.6168 19.4747 0
    endloop
  endfacet
  facet normal 0.258502 -0.966011 0
    outer loop
      vertex -12.5253 21.6168 0
      vertex -12.3534 21.6628 1
      vertex -12.5253 21.6168 1
    endloop
  endfacet
  facet normal 0.258502 -0.966011 0
    outer loop
      vertex -12.3534 21.6628 1
      vertex -12.5253 21.6168 0
      vertex -12.3534 21.6628 0
    endloop
  endfacet
  facet normal -0.933577 -0.358377 4.66573e-18
    outer loop
      vertex -10.3832 20.5253 0
      vertex -10.447 20.6915 1
      vertex -10.447 20.6915 0
    endloop
  endfacet
  facet normal -0.933577 -0.358377 4.66573e-18
    outer loop
      vertex -10.447 20.6915 1
      vertex -10.3832 20.5253 0
      vertex -10.3832 20.5253 1
    endloop
  endfacet
  facet normal 0.358377 -0.933577 0
    outer loop
      vertex -12.6915 21.553 0
      vertex -12.5253 21.6168 1
      vertex -12.6915 21.553 1
    endloop
  endfacet
  facet normal 0.358377 -0.933577 0
    outer loop
      vertex -12.5253 21.6168 1
      vertex -12.6915 21.553 0
      vertex -12.5253 21.6168 0
    endloop
  endfacet
  facet normal 0.965833 -0.259167 1.18891e-18
    outer loop
      vertex -13.6629 20.3535 1
      vertex -13.6168 20.5253 0
      vertex -13.6168 20.5253 1
    endloop
  endfacet
  facet normal 0.965833 -0.259167 1.18891e-18
    outer loop
      vertex -13.6168 20.5253 0
      vertex -13.6629 20.3535 1
      vertex -13.6629 20.3535 0
    endloop
  endfacet
  facet normal -0.156741 -0.98764 0
    outer loop
      vertex -11.8223 21.6907 0
      vertex -11.6465 21.6628 1
      vertex -11.8223 21.6907 1
    endloop
  endfacet
  facet normal -0.156741 -0.98764 -0
    outer loop
      vertex -11.6465 21.6628 1
      vertex -11.8223 21.6907 0
      vertex -11.6465 21.6628 0
    endloop
  endfacet
  facet normal -0.890915 0.45417 3.31019e-18
    outer loop
      vertex -10.5278 19.15 0
      vertex -10.447 19.3085 1
      vertex -10.447 19.3085 0
    endloop
  endfacet
  facet normal -0.890915 0.45417 3.31019e-18
    outer loop
      vertex -10.447 19.3085 1
      vertex -10.5278 19.15 0
      vertex -10.5278 19.15 1
    endloop
  endfacet
  facet normal 0.156828 -0.987626 0
    outer loop
      vertex -12.3534 21.6628 0
      vertex -12.1777 21.6907 1
      vertex -12.3534 21.6628 1
    endloop
  endfacet
  facet normal 0.156828 -0.987626 0
    outer loop
      vertex -12.1777 21.6907 1
      vertex -12.3534 21.6628 0
      vertex -12.1777 21.6907 0
    endloop
  endfacet
  facet normal -0.890915 -0.45417 -3.31019e-18
    outer loop
      vertex -10.447 20.6915 0
      vertex -10.5278 20.85 1
      vertex -10.5278 20.85 0
    endloop
  endfacet
  facet normal -0.890915 -0.45417 -3.31019e-18
    outer loop
      vertex -10.5278 20.85 1
      vertex -10.447 20.6915 0
      vertex -10.447 20.6915 1
    endloop
  endfacet
  facet normal -0.544672 -0.838649 0
    outer loop
      vertex -11.15 21.4722 0
      vertex -11.0008 21.3753 1
      vertex -11.15 21.4722 1
    endloop
  endfacet
  facet normal -0.544672 -0.838649 -0
    outer loop
      vertex -11.0008 21.3753 1
      vertex -11.15 21.4722 0
      vertex -11.0008 21.3753 0
    endloop
  endfacet
  facet normal 0.0522639 -0.998633 0
    outer loop
      vertex -12.1777 21.6907 0
      vertex -12 21.7 1
      vertex -12.1777 21.6907 1
    endloop
  endfacet
  facet normal 0.0522639 -0.998633 0
    outer loop
      vertex -12 21.7 1
      vertex -12.1777 21.6907 0
      vertex -12 21.7 0
    endloop
  endfacet
  facet normal 0.890915 0.45417 -3.31019e-18
    outer loop
      vertex -13.4722 19.15 1
      vertex -13.553 19.3085 0
      vertex -13.553 19.3085 1
    endloop
  endfacet
  facet normal 0.890915 0.45417 -3.31019e-18
    outer loop
      vertex -13.553 19.3085 0
      vertex -13.4722 19.15 1
      vertex -13.4722 19.15 0
    endloop
  endfacet
  facet normal -0.358377 0.933577 0
    outer loop
      vertex -11.3085 18.447 0
      vertex -11.4747 18.3832 1
      vertex -11.3085 18.447 1
    endloop
  endfacet
  facet normal -0.358377 0.933577 0
    outer loop
      vertex -11.4747 18.3832 1
      vertex -11.3085 18.447 0
      vertex -11.4747 18.3832 0
    endloop
  endfacet
  facet normal -0.987726 0.156193 1.54099e-18
    outer loop
      vertex -10.3371 19.6465 0
      vertex -10.3093 19.8223 1
      vertex -10.3093 19.8223 0
    endloop
  endfacet
  facet normal -0.987726 0.156193 1.54099e-18
    outer loop
      vertex -10.3093 19.8223 1
      vertex -10.3371 19.6465 0
      vertex -10.3371 19.6465 1
    endloop
  endfacet
  facet normal -0.998633 0.0522639 4.72778e-19
    outer loop
      vertex -10.3093 19.8223 0
      vertex -10.3 20 1
      vertex -10.3 20 0
    endloop
  endfacet
  facet normal -0.998633 0.0522639 4.72778e-19
    outer loop
      vertex -10.3 20 1
      vertex -10.3093 19.8223 0
      vertex -10.3093 19.8223 1
    endloop
  endfacet
  facet normal 0.544672 0.838649 -0
    outer loop
      vertex -12.85 18.5278 0
      vertex -12.9992 18.6247 1
      vertex -12.85 18.5278 1
    endloop
  endfacet
  facet normal 0.544672 0.838649 0
    outer loop
      vertex -12.9992 18.6247 1
      vertex -12.85 18.5278 0
      vertex -12.9992 18.6247 0
    endloop
  endfacet
  facet normal 0.987726 0.156193 -1.54099e-18
    outer loop
      vertex -13.6629 19.6465 1
      vertex -13.6907 19.8223 0
      vertex -13.6907 19.8223 1
    endloop
  endfacet
  facet normal 0.987726 0.156193 -1.54099e-18
    outer loop
      vertex -13.6907 19.8223 0
      vertex -13.6629 19.6465 1
      vertex -13.6629 19.6465 0
    endloop
  endfacet
  facet normal -0.0522639 0.998633 0
    outer loop
      vertex -11.8223 18.3093 0
      vertex -12 18.3 1
      vertex -11.8223 18.3093 1
    endloop
  endfacet
  facet normal -0.0522639 0.998633 0
    outer loop
      vertex -12 18.3 1
      vertex -11.8223 18.3093 0
      vertex -12 18.3 0
    endloop
  endfacet
  facet normal 0.838649 -0.544672 -1.79113e-18
    outer loop
      vertex -13.4722 20.85 1
      vertex -13.3753 20.9992 0
      vertex -13.3753 20.9992 1
    endloop
  endfacet
  facet normal 0.838649 -0.544672 -1.79113e-18
    outer loop
      vertex -13.3753 20.9992 0
      vertex -13.4722 20.85 1
      vertex -13.4722 20.85 0
    endloop
  endfacet
  facet normal 0.544672 -0.838649 0
    outer loop
      vertex -12.9992 21.3753 0
      vertex -12.85 21.4722 1
      vertex -12.9992 21.3753 1
    endloop
  endfacet
  facet normal 0.544672 -0.838649 0
    outer loop
      vertex -12.85 21.4722 1
      vertex -12.9992 21.3753 0
      vertex -12.85 21.4722 0
    endloop
  endfacet
  facet normal -0.965833 -0.259167 -1.18891e-18
    outer loop
      vertex -10.3371 20.3535 0
      vertex -10.3832 20.5253 1
      vertex -10.3832 20.5253 0
    endloop
  endfacet
  facet normal -0.965833 -0.259167 -1.18891e-18
    outer loop
      vertex -10.3832 20.5253 1
      vertex -10.3371 20.3535 0
      vertex -10.3371 20.3535 1
    endloop
  endfacet
  facet normal 0.0522639 0.998633 -0
    outer loop
      vertex -12 18.3 0
      vertex -12.1777 18.3093 1
      vertex -12 18.3 1
    endloop
  endfacet
  facet normal 0.0522639 0.998633 0
    outer loop
      vertex -12.1777 18.3093 1
      vertex -12 18.3 0
      vertex -12.1777 18.3093 0
    endloop
  endfacet
  facet normal 0.358377 0.933577 -0
    outer loop
      vertex -12.5253 18.3832 0
      vertex -12.6915 18.447 1
      vertex -12.5253 18.3832 1
    endloop
  endfacet
  facet normal 0.358377 0.933577 0
    outer loop
      vertex -12.6915 18.447 1
      vertex -12.5253 18.3832 0
      vertex -12.6915 18.447 0
    endloop
  endfacet
  facet normal -0.707107 0.707107 9.05806e-18
    outer loop
      vertex -10.8625 18.7367 0
      vertex -10.7367 18.8625 1
      vertex -10.7367 18.8625 0
    endloop
  endfacet
  facet normal -0.707107 0.707107 9.05806e-18
    outer loop
      vertex -10.7367 18.8625 1
      vertex -10.8625 18.7367 0
      vertex -10.8625 18.7367 1
    endloop
  endfacet
  facet normal 0.987726 -0.156193 1.54099e-18
    outer loop
      vertex -13.6907 20.1777 1
      vertex -13.6629 20.3535 0
      vertex -13.6629 20.3535 1
    endloop
  endfacet
  facet normal 0.987726 -0.156193 1.54099e-18
    outer loop
      vertex -13.6629 20.3535 0
      vertex -13.6907 20.1777 1
      vertex -13.6907 20.1777 0
    endloop
  endfacet
  facet normal -0.707107 -0.707107 -9.05806e-18
    outer loop
      vertex -10.7367 21.1375 0
      vertex -10.8625 21.2633 1
      vertex -10.8625 21.2633 0
    endloop
  endfacet
  facet normal -0.707107 -0.707107 -9.05806e-18
    outer loop
      vertex -10.8625 21.2633 1
      vertex -10.7367 21.1375 0
      vertex -10.7367 21.1375 1
    endloop
  endfacet
  facet normal 0.45417 0.890915 -0
    outer loop
      vertex -12.6915 18.447 0
      vertex -12.85 18.5278 1
      vertex -12.6915 18.447 1
    endloop
  endfacet
  facet normal 0.45417 0.890915 0
    outer loop
      vertex -12.85 18.5278 1
      vertex -12.6915 18.447 0
      vertex -12.85 18.5278 0
    endloop
  endfacet
  facet normal 0.777127 0.629344 4.73078e-18
    outer loop
      vertex -13.2633 18.8625 1
      vertex -13.3753 19.0008 0
      vertex -13.3753 19.0008 1
    endloop
  endfacet
  facet normal 0.777127 0.629344 4.73078e-18
    outer loop
      vertex -13.3753 19.0008 0
      vertex -13.2633 18.8625 1
      vertex -13.2633 18.8625 0
    endloop
  endfacet
  facet normal 0.629344 0.777127 -0
    outer loop
      vertex -12.9992 18.6247 0
      vertex -13.1375 18.7367 1
      vertex -12.9992 18.6247 1
    endloop
  endfacet
  facet normal 0.629344 0.777127 0
    outer loop
      vertex -13.1375 18.7367 1
      vertex -12.9992 18.6247 0
      vertex -13.1375 18.7367 0
    endloop
  endfacet
  facet normal 0.15628 0.987713 -0
    outer loop
      vertex -12.1777 18.3093 0
      vertex -12.3534 18.3371 1
      vertex -12.1777 18.3093 1
    endloop
  endfacet
  facet normal 0.15628 0.987713 0
    outer loop
      vertex -12.3534 18.3371 1
      vertex -12.1777 18.3093 0
      vertex -12.3534 18.3371 0
    endloop
  endfacet
  facet normal -0.45417 0.890915 0
    outer loop
      vertex -11.15 18.5278 0
      vertex -11.3085 18.447 1
      vertex -11.15 18.5278 1
    endloop
  endfacet
  facet normal -0.45417 0.890915 0
    outer loop
      vertex -11.3085 18.447 1
      vertex -11.15 18.5278 0
      vertex -11.3085 18.447 0
    endloop
  endfacet
  facet normal -0.629344 0.777127 0
    outer loop
      vertex -10.8625 18.7367 0
      vertex -11.0008 18.6247 1
      vertex -10.8625 18.7367 1
    endloop
  endfacet
  facet normal -0.629344 0.777127 0
    outer loop
      vertex -11.0008 18.6247 1
      vertex -10.8625 18.7367 0
      vertex -11.0008 18.6247 0
    endloop
  endfacet
  facet normal 0.838649 0.544672 1.79113e-18
    outer loop
      vertex -13.3753 19.0008 1
      vertex -13.4722 19.15 0
      vertex -13.4722 19.15 1
    endloop
  endfacet
  facet normal 0.838649 0.544672 1.79113e-18
    outer loop
      vertex -13.4722 19.15 0
      vertex -13.3753 19.0008 1
      vertex -13.3753 19.0008 0
    endloop
  endfacet
  facet normal 0.998633 -0.0522639 4.72778e-19
    outer loop
      vertex -13.7 20 1
      vertex -13.6907 20.1777 0
      vertex -13.6907 20.1777 1
    endloop
  endfacet
  facet normal 0.998633 -0.0522639 4.72778e-19
    outer loop
      vertex -13.6907 20.1777 0
      vertex -13.7 20 1
      vertex -13.7 20 0
    endloop
  endfacet
  facet normal 0.890915 -0.45417 3.31019e-18
    outer loop
      vertex -13.553 20.6915 1
      vertex -13.4722 20.85 0
      vertex -13.4722 20.85 1
    endloop
  endfacet
  facet normal 0.890915 -0.45417 3.31019e-18
    outer loop
      vertex -13.4722 20.85 0
      vertex -13.553 20.6915 1
      vertex -13.553 20.6915 0
    endloop
  endfacet
  facet normal 0.933577 -0.358377 -4.66573e-18
    outer loop
      vertex -13.6168 20.5253 1
      vertex -13.553 20.6915 0
      vertex -13.553 20.6915 1
    endloop
  endfacet
  facet normal 0.933577 -0.358377 -4.66573e-18
    outer loop
      vertex -13.553 20.6915 0
      vertex -13.6168 20.5253 1
      vertex -13.6168 20.5253 0
    endloop
  endfacet
  facet normal 0 1 -0
    outer loop
      vertex -10.2968 17.05 1
      vertex -13.7032 17.05 3
      vertex -10.2968 17.05 3
    endloop
  endfacet
  facet normal 0 1 0
    outer loop
      vertex -13.7032 17.05 3
      vertex -10.2968 17.05 1
      vertex -13.7032 17.05 1
    endloop
  endfacet
  facet normal 0 -1 0
    outer loop
      vertex -13.7032 22.95 1
      vertex -10.2968 22.95 3
      vertex -13.7032 22.95 3
    endloop
  endfacet
  facet normal 0 -1 -0
    outer loop
      vertex -10.2968 22.95 3
      vertex -13.7032 22.95 1
      vertex -10.2968 22.95 1
    endloop
  endfacet
  facet normal -0.866027 -0.499997 -4.8842e-18
    outer loop
      vertex -8.59363 20 1
      vertex -10.2968 22.95 3
      vertex -10.2968 22.95 1
    endloop
  endfacet
  facet normal -0.866027 -0.499997 -4.8842e-18
    outer loop
      vertex -10.2968 22.95 3
      vertex -8.59363 20 1
      vertex -8.59363 20 3
    endloop
  endfacet
  facet normal -0 0 1
    outer loop
      vertex -10.5278 20.85 1
      vertex -8.59363 20 1
      vertex -10.2968 22.95 1
    endloop
  endfacet
  facet normal 0 0 1
    outer loop
      vertex -10.3093 19.8223 1
      vertex -8.59363 20 1
      vertex -10.3 20 1
    endloop
  endfacet
  facet normal 0 0 1
    outer loop
      vertex -8.59363 20 1
      vertex -10.3093 20.1777 1
      vertex -10.3 20 1
    endloop
  endfacet
  facet normal 0 0 1
    outer loop
      vertex -8.59363 20 1
      vertex -10.3371 20.3535 1
      vertex -10.3093 20.1777 1
    endloop
  endfacet
  facet normal 0 0 1
    outer loop
      vertex -8.59363 20 1
      vertex -10.3832 20.5253 1
      vertex -10.3371 20.3535 1
    endloop
  endfacet
  facet normal 0 0 1
    outer loop
      vertex -8.59363 20 1
      vertex -10.447 20.6915 1
      vertex -10.3832 20.5253 1
    endloop
  endfacet
  facet normal 0 0 1
    outer loop
      vertex -8.59363 20 1
      vertex -10.5278 20.85 1
      vertex -10.447 20.6915 1
    endloop
  endfacet
  facet normal 0 0 1
    outer loop
      vertex -10.2968 22.95 1
      vertex -10.6247 20.9992 1
      vertex -10.5278 20.85 1
    endloop
  endfacet
  facet normal 0 0 1
    outer loop
      vertex -10.2968 22.95 1
      vertex -10.7367 21.1375 1
      vertex -10.6247 20.9992 1
    endloop
  endfacet
  facet normal 0 0 1
    outer loop
      vertex -10.2968 22.95 1
      vertex -10.8625 21.2633 1
      vertex -10.7367 21.1375 1
    endloop
  endfacet
  facet normal 0 0 1
    outer loop
      vertex -10.2968 22.95 1
      vertex -11.0008 21.3753 1
      vertex -10.8625 21.2633 1
    endloop
  endfacet
  facet normal 0 0 1
    outer loop
      vertex -10.2968 22.95 1
      vertex -11.15 21.4722 1
      vertex -11.0008 21.3753 1
    endloop
  endfacet
  facet normal 0 0 1
    outer loop
      vertex -10.2968 22.95 1
      vertex -11.3085 21.553 1
      vertex -11.15 21.4722 1
    endloop
  endfacet
  facet normal 0 0 1
    outer loop
      vertex -10.2968 22.95 1
      vertex -11.4747 21.6168 1
      vertex -11.3085 21.553 1
    endloop
  endfacet
  facet normal 0 0 1
    outer loop
      vertex -10.2968 22.95 1
      vertex -11.6465 21.6628 1
      vertex -11.4747 21.6168 1
    endloop
  endfacet
  facet normal 0 0 1
    outer loop
      vertex -10.2968 22.95 1
      vertex -11.8223 21.6907 1
      vertex -11.6465 21.6628 1
    endloop
  endfacet
  facet normal 0 0 1
    outer loop
      vertex -10.2968 22.95 1
      vertex -12 21.7 1
      vertex -11.8223 21.6907 1
    endloop
  endfacet
  facet normal -0 0 1
    outer loop
      vertex -13.7032 22.95 1
      vertex -12 21.7 1
      vertex -10.2968 22.95 1
    endloop
  endfacet
  facet normal 0 0 1
    outer loop
      vertex -12 21.7 1
      vertex -13.7032 22.95 1
      vertex -12.1777 21.6907 1
    endloop
  endfacet
  facet normal 0 0 1
    outer loop
      vertex -12.1777 21.6907 1
      vertex -13.7032 22.95 1
      vertex -12.3534 21.6628 1
    endloop
  endfacet
  facet normal 0 0 1
    outer loop
      vertex -12.3534 21.6628 1
      vertex -13.7032 22.95 1
      vertex -12.5253 21.6168 1
    endloop
  endfacet
  facet normal 0 0 1
    outer loop
      vertex -12.5253 21.6168 1
      vertex -13.7032 22.95 1
      vertex -12.6915 21.553 1
    endloop
  endfacet
  facet normal 0 0 1
    outer loop
      vertex -13.6629 20.3535 1
      vertex -15.4064 20 1
      vertex -13.6907 20.1777 1
    endloop
  endfacet
  facet normal 0 0 1
    outer loop
      vertex -13.6168 20.5253 1
      vertex -15.4064 20 1
      vertex -13.6629 20.3535 1
    endloop
  endfacet
  facet normal 0 0 1
    outer loop
      vertex -13.553 20.6915 1
      vertex -15.4064 20 1
      vertex -13.6168 20.5253 1
    endloop
  endfacet
  facet normal 0 0 1
    outer loop
      vertex -13.4722 20.85 1
      vertex -15.4064 20 1
      vertex -13.553 20.6915 1
    endloop
  endfacet
  facet normal 0 0 1
    outer loop
      vertex -15.4064 20 1
      vertex -13.4722 20.85 1
      vertex -13.7032 22.95 1
    endloop
  endfacet
  facet normal 0 0 1
    outer loop
      vertex -13.3753 20.9992 1
      vertex -13.7032 22.95 1
      vertex -13.4722 20.85 1
    endloop
  endfacet
  facet normal 0 0 1
    outer loop
      vertex -13.2633 21.1375 1
      vertex -13.7032 22.95 1
      vertex -13.3753 20.9992 1
    endloop
  endfacet
  facet normal 0 0 1
    outer loop
      vertex -13.1375 21.2633 1
      vertex -13.7032 22.95 1
      vertex -13.2633 21.1375 1
    endloop
  endfacet
  facet normal 0 0 1
    outer loop
      vertex -12.9992 21.3753 1
      vertex -13.7032 22.95 1
      vertex -13.1375 21.2633 1
    endloop
  endfacet
  facet normal 0 0 1
    outer loop
      vertex -12.85 21.4722 1
      vertex -13.7032 22.95 1
      vertex -12.9992 21.3753 1
    endloop
  endfacet
  facet normal 0 0 1
    outer loop
      vertex -12.6915 21.553 1
      vertex -13.7032 22.95 1
      vertex -12.85 21.4722 1
    endloop
  endfacet
  facet normal 0 0 1
    outer loop
      vertex -10.3371 19.6465 1
      vertex -8.59363 20 1
      vertex -10.3093 19.8223 1
    endloop
  endfacet
  facet normal 0 0 1
    outer loop
      vertex -10.3832 19.4747 1
      vertex -8.59363 20 1
      vertex -10.3371 19.6465 1
    endloop
  endfacet
  facet normal 0 0 1
    outer loop
      vertex -10.447 19.3085 1
      vertex -8.59363 20 1
      vertex -10.3832 19.4747 1
    endloop
  endfacet
  facet normal 0 0 1
    outer loop
      vertex -10.5278 19.15 1
      vertex -8.59363 20 1
      vertex -10.447 19.3085 1
    endloop
  endfacet
  facet normal 0 0 1
    outer loop
      vertex -8.59363 20 1
      vertex -10.5278 19.15 1
      vertex -10.2968 17.05 1
    endloop
  endfacet
  facet normal -0 0 1
    outer loop
      vertex -10.6247 19.0008 1
      vertex -10.2968 17.05 1
      vertex -10.5278 19.15 1
    endloop
  endfacet
  facet normal -0 0 1
    outer loop
      vertex -10.7367 18.8625 1
      vertex -10.2968 17.05 1
      vertex -10.6247 19.0008 1
    endloop
  endfacet
  facet normal -0 0 1
    outer loop
      vertex -10.8625 18.7367 1
      vertex -10.2968 17.05 1
      vertex -10.7367 18.8625 1
    endloop
  endfacet
  facet normal -0 0 1
    outer loop
      vertex -11.0008 18.6247 1
      vertex -10.2968 17.05 1
      vertex -10.8625 18.7367 1
    endloop
  endfacet
  facet normal -0 0 1
    outer loop
      vertex -11.15 18.5278 1
      vertex -10.2968 17.05 1
      vertex -11.0008 18.6247 1
    endloop
  endfacet
  facet normal -0 0 1
    outer loop
      vertex -11.3085 18.447 1
      vertex -10.2968 17.05 1
      vertex -11.15 18.5278 1
    endloop
  endfacet
  facet normal -0 0 1
    outer loop
      vertex -11.4747 18.3832 1
      vertex -10.2968 17.05 1
      vertex -11.3085 18.447 1
    endloop
  endfacet
  facet normal -0 0 1
    outer loop
      vertex -11.6465 18.3371 1
      vertex -10.2968 17.05 1
      vertex -11.4747 18.3832 1
    endloop
  endfacet
  facet normal -0 0 1
    outer loop
      vertex -11.8223 18.3093 1
      vertex -10.2968 17.05 1
      vertex -11.6465 18.3371 1
    endloop
  endfacet
  facet normal -0 0 1
    outer loop
      vertex -12 18.3 1
      vertex -10.2968 17.05 1
      vertex -11.8223 18.3093 1
    endloop
  endfacet
  facet normal 0 0 1
    outer loop
      vertex -13.7032 17.05 1
      vertex -12 18.3 1
      vertex -12.1777 18.3093 1
    endloop
  endfacet
  facet normal 0 0 1
    outer loop
      vertex -13.7032 17.05 1
      vertex -12.1777 18.3093 1
      vertex -12.3534 18.3371 1
    endloop
  endfacet
  facet normal 0 0 1
    outer loop
      vertex -13.7032 17.05 1
      vertex -12.3534 18.3371 1
      vertex -12.5253 18.3832 1
    endloop
  endfacet
  facet normal 0 0 1
    outer loop
      vertex -13.7032 17.05 1
      vertex -12.5253 18.3832 1
      vertex -12.6915 18.447 1
    endloop
  endfacet
  facet normal 0 0 1
    outer loop
      vertex -13.7032 17.05 1
      vertex -12.6915 18.447 1
      vertex -12.85 18.5278 1
    endloop
  endfacet
  facet normal 0 0 1
    outer loop
      vertex -12 18.3 1
      vertex -13.7032 17.05 1
      vertex -10.2968 17.05 1
    endloop
  endfacet
  facet normal 0 0 1
    outer loop
      vertex -12.9992 18.6247 1
      vertex -13.7032 17.05 1
      vertex -12.85 18.5278 1
    endloop
  endfacet
  facet normal 0 0 1
    outer loop
      vertex -13.1375 18.7367 1
      vertex -13.7032 17.05 1
      vertex -12.9992 18.6247 1
    endloop
  endfacet
  facet normal 0 0 1
    outer loop
      vertex -13.2633 18.8625 1
      vertex -13.7032 17.05 1
      vertex -13.1375 18.7367 1
    endloop
  endfacet
  facet normal 0 0 1
    outer loop
      vertex -13.3753 19.0008 1
      vertex -13.7032 17.05 1
      vertex -13.2633 18.8625 1
    endloop
  endfacet
  facet normal 0 0 1
    outer loop
      vertex -13.4722 19.15 1
      vertex -13.7032 17.05 1
      vertex -13.3753 19.0008 1
    endloop
  endfacet
  facet normal 0 0 1
    outer loop
      vertex -15.4064 20 1
      vertex -13.4722 19.15 1
      vertex -13.553 19.3085 1
    endloop
  endfacet
  facet normal 0 0 1
    outer loop
      vertex -15.4064 20 1
      vertex -13.553 19.3085 1
      vertex -13.6168 19.4747 1
    endloop
  endfacet
  facet normal 0 0 1
    outer loop
      vertex -15.4064 20 1
      vertex -13.6168 19.4747 1
      vertex -13.6629 19.6465 1
    endloop
  endfacet
  facet normal 0 0 1
    outer loop
      vertex -15.4064 20 1
      vertex -13.6629 19.6465 1
      vertex -13.6907 19.8223 1
    endloop
  endfacet
  facet normal -0 0 1
    outer loop
      vertex -15.4064 20 1
      vertex -13.6907 19.8223 1
      vertex -13.7 20 1
    endloop
  endfacet
  facet normal 0 0 1
    outer loop
      vertex -13.6907 20.1777 1
      vertex -15.4064 20 1
      vertex -13.7 20 1
    endloop
  endfacet
  facet normal 0 0 1
    outer loop
      vertex -13.4722 19.15 1
      vertex -15.4064 20 1
      vertex -13.7032 17.05 1
    endloop
  endfacet
  facet normal -0.866027 0.499997 4.8842e-18
    outer loop
      vertex -10.2968 17.05 1
      vertex -8.59363 20 3
      vertex -8.59363 20 1
    endloop
  endfacet
  facet normal -0.866027 0.499997 4.8842e-18
    outer loop
      vertex -8.59363 20 3
      vertex -10.2968 17.05 1
      vertex -10.2968 17.05 3
    endloop
  endfacet
  facet normal 0.866023 0.500004 2.1193e-17
    outer loop
      vertex -13.7032 17.05 3
      vertex -15.4064 20 1
      vertex -15.4064 20 3
    endloop
  endfacet
  facet normal 0.866023 0.500004 2.1193e-17
    outer loop
      vertex -15.4064 20 1
      vertex -13.7032 17.05 3
      vertex -13.7032 17.05 1
    endloop
  endfacet
  facet normal 0.866023 -0.500004 -2.1193e-17
    outer loop
      vertex -15.4064 20 3
      vertex -13.7032 22.95 1
      vertex -13.7032 22.95 3
    endloop
  endfacet
  facet normal 0.866023 -0.500004 -2.1193e-17
    outer loop
      vertex -13.7032 22.95 1
      vertex -15.4064 20 3
      vertex -15.4064 20 1
    endloop
  endfacet
  facet normal -0.15628 0.987713 0
    outer loop
      vertex 12.3534 18.3371 0
      vertex 12.1777 18.3093 1
      vertex 12.3534 18.3371 1
    endloop
  endfacet
  facet normal -0.15628 0.987713 0
    outer loop
      vertex 12.1777 18.3093 1
      vertex 12.3534 18.3371 0
      vertex 12.1777 18.3093 0
    endloop
  endfacet
  facet normal -0.987726 -0.156193 -1.54099e-18
    outer loop
      vertex 13.6907 20.1777 0
      vertex 13.6629 20.3535 1
      vertex 13.6629 20.3535 0
    endloop
  endfacet
  facet normal -0.987726 -0.156193 -1.54099e-18
    outer loop
      vertex 13.6629 20.3535 1
      vertex 13.6907 20.1777 0
      vertex 13.6907 20.1777 1
    endloop
  endfacet
  facet normal -0.998633 -0.0522639 -4.72778e-19
    outer loop
      vertex 13.7 20 0
      vertex 13.6907 20.1777 1
      vertex 13.6907 20.1777 0
    endloop
  endfacet
  facet normal -0.998633 -0.0522639 -4.72778e-19
    outer loop
      vertex 13.6907 20.1777 1
      vertex 13.7 20 0
      vertex 13.7 20 1
    endloop
  endfacet
  facet normal 0.259167 0.965833 -0
    outer loop
      vertex 11.6465 18.3371 0
      vertex 11.4747 18.3832 1
      vertex 11.6465 18.3371 1
    endloop
  endfacet
  facet normal 0.259167 0.965833 0
    outer loop
      vertex 11.4747 18.3832 1
      vertex 11.6465 18.3371 0
      vertex 11.4747 18.3832 0
    endloop
  endfacet
  facet normal 0.629344 -0.777127 0
    outer loop
      vertex 10.8625 21.2633 0
      vertex 11.0008 21.3753 1
      vertex 10.8625 21.2633 1
    endloop
  endfacet
  facet normal 0.629344 -0.777127 0
    outer loop
      vertex 11.0008 21.3753 1
      vertex 10.8625 21.2633 0
      vertex 11.0008 21.3753 0
    endloop
  endfacet
  facet normal -0.544672 0.838649 0
    outer loop
      vertex 12.9992 18.6247 0
      vertex 12.85 18.5278 1
      vertex 12.9992 18.6247 1
    endloop
  endfacet
  facet normal -0.544672 0.838649 0
    outer loop
      vertex 12.85 18.5278 1
      vertex 12.9992 18.6247 0
      vertex 12.85 18.5278 0
    endloop
  endfacet
  facet normal 0.933577 0.358377 4.66573e-18
    outer loop
      vertex 10.447 19.3085 1
      vertex 10.3832 19.4747 0
      vertex 10.3832 19.4747 1
    endloop
  endfacet
  facet normal 0.933577 0.358377 4.66573e-18
    outer loop
      vertex 10.3832 19.4747 0
      vertex 10.447 19.3085 1
      vertex 10.447 19.3085 0
    endloop
  endfacet
  facet normal -0.777127 -0.629344 4.73078e-18
    outer loop
      vertex 13.3753 20.9992 0
      vertex 13.2633 21.1375 1
      vertex 13.2633 21.1375 0
    endloop
  endfacet
  facet normal -0.777127 -0.629344 4.73078e-18
    outer loop
      vertex 13.2633 21.1375 1
      vertex 13.3753 20.9992 0
      vertex 13.3753 20.9992 1
    endloop
  endfacet
  facet normal 0.707107 -0.707107 9.05806e-18
    outer loop
      vertex 10.7367 21.1375 1
      vertex 10.8625 21.2633 0
      vertex 10.8625 21.2633 1
    endloop
  endfacet
  facet normal 0.707107 -0.707107 9.05806e-18
    outer loop
      vertex 10.8625 21.2633 0
      vertex 10.7367 21.1375 1
      vertex 10.7367 21.1375 0
    endloop
  endfacet
  facet normal -0.0522639 -0.998633 0
    outer loop
      vertex 12 21.7 0
      vertex 12.1777 21.6907 1
      vertex 12 21.7 1
    endloop
  endfacet
  facet normal -0.0522639 -0.998633 -0
    outer loop
      vertex 12.1777 21.6907 1
      vertex 12 21.7 0
      vertex 12.1777 21.6907 0
    endloop
  endfacet
  facet normal -0.838649 0.544672 -1.79113e-18
    outer loop
      vertex 13.3753 19.0008 0
      vertex 13.4722 19.15 1
      vertex 13.4722 19.15 0
    endloop
  endfacet
  facet normal -0.838649 0.544672 -1.79113e-18
    outer loop
      vertex 13.4722 19.15 1
      vertex 13.3753 19.0008 0
      vertex 13.3753 19.0008 1
    endloop
  endfacet
  facet normal 0.998633 0.0522639 -4.72778e-19
    outer loop
      vertex 10.3093 19.8223 1
      vertex 10.3 20 0
      vertex 10.3 20 1
    endloop
  endfacet
  facet normal 0.998633 0.0522639 -4.72778e-19
    outer loop
      vertex 10.3 20 0
      vertex 10.3093 19.8223 1
      vertex 10.3093 19.8223 0
    endloop
  endfacet
  facet normal -0.933577 0.358377 -4.66573e-18
    outer loop
      vertex 13.553 19.3085 0
      vertex 13.6168 19.4747 1
      vertex 13.6168 19.4747 0
    endloop
  endfacet
  facet normal -0.933577 0.358377 -4.66573e-18
    outer loop
      vertex 13.6168 19.4747 1
      vertex 13.553 19.3085 0
      vertex 13.553 19.3085 1
    endloop
  endfacet
  facet normal -0.259026 0.96587 0
    outer loop
      vertex 12.5253 18.3832 0
      vertex 12.3534 18.3371 1
      vertex 12.5253 18.3832 1
    endloop
  endfacet
  facet normal -0.259026 0.96587 0
    outer loop
      vertex 12.3534 18.3371 1
      vertex 12.5253 18.3832 0
      vertex 12.3534 18.3371 0
    endloop
  endfacet
  facet normal -0.358377 -0.933577 0
    outer loop
      vertex 12.5253 21.6168 0
      vertex 12.6915 21.553 1
      vertex 12.5253 21.6168 1
    endloop
  endfacet
  facet normal -0.358377 -0.933577 -0
    outer loop
      vertex 12.6915 21.553 1
      vertex 12.5253 21.6168 0
      vertex 12.6915 21.553 0
    endloop
  endfacet
  facet normal -0.629344 -0.777127 0
    outer loop
      vertex 12.9992 21.3753 0
      vertex 13.1375 21.2633 1
      vertex 12.9992 21.3753 1
    endloop
  endfacet
  facet normal -0.629344 -0.777127 -0
    outer loop
      vertex 13.1375 21.2633 1
      vertex 12.9992 21.3753 0
      vertex 13.1375 21.2633 0
    endloop
  endfacet
  facet normal 0.707107 0.707107 -9.05806e-18
    outer loop
      vertex 10.8625 18.7367 1
      vertex 10.7367 18.8625 0
      vertex 10.7367 18.8625 1
    endloop
  endfacet
  facet normal 0.707107 0.707107 -9.05806e-18
    outer loop
      vertex 10.7367 18.8625 0
      vertex 10.8625 18.7367 1
      vertex 10.8625 18.7367 0
    endloop
  endfacet
  facet normal -0.258502 -0.966011 0
    outer loop
      vertex 12.3534 21.6628 0
      vertex 12.5253 21.6168 1
      vertex 12.3534 21.6628 1
    endloop
  endfacet
  facet normal -0.258502 -0.966011 -0
    outer loop
      vertex 12.5253 21.6168 1
      vertex 12.3534 21.6628 0
      vertex 12.5253 21.6168 0
    endloop
  endfacet
  facet normal 0.777127 -0.629344 -4.73078e-18
    outer loop
      vertex 10.6247 20.9992 1
      vertex 10.7367 21.1375 0
      vertex 10.7367 21.1375 1
    endloop
  endfacet
  facet normal 0.777127 -0.629344 -4.73078e-18
    outer loop
      vertex 10.7367 21.1375 0
      vertex 10.6247 20.9992 1
      vertex 10.6247 20.9992 0
    endloop
  endfacet
  facet normal -0.965833 0.259167 1.18891e-18
    outer loop
      vertex 13.6168 19.4747 0
      vertex 13.6629 19.6465 1
      vertex 13.6629 19.6465 0
    endloop
  endfacet
  facet normal -0.965833 0.259167 1.18891e-18
    outer loop
      vertex 13.6629 19.6465 1
      vertex 13.6168 19.4747 0
      vertex 13.6168 19.4747 1
    endloop
  endfacet
  facet normal 0.45417 -0.890915 0
    outer loop
      vertex 11.15 21.4722 0
      vertex 11.3085 21.553 1
      vertex 11.15 21.4722 1
    endloop
  endfacet
  facet normal 0.45417 -0.890915 0
    outer loop
      vertex 11.3085 21.553 1
      vertex 11.15 21.4722 0
      vertex 11.3085 21.553 0
    endloop
  endfacet
  facet normal -0.45417 -0.890915 0
    outer loop
      vertex 12.6915 21.553 0
      vertex 12.85 21.4722 1
      vertex 12.6915 21.553 1
    endloop
  endfacet
  facet normal -0.45417 -0.890915 -0
    outer loop
      vertex 12.85 21.4722 1
      vertex 12.6915 21.553 0
      vertex 12.85 21.4722 0
    endloop
  endfacet
  facet normal -0.777127 0.629344 -4.73078e-18
    outer loop
      vertex 13.2633 18.8625 0
      vertex 13.3753 19.0008 1
      vertex 13.3753 19.0008 0
    endloop
  endfacet
  facet normal -0.777127 0.629344 -4.73078e-18
    outer loop
      vertex 13.3753 19.0008 1
      vertex 13.2633 18.8625 0
      vertex 13.2633 18.8625 1
    endloop
  endfacet
  facet normal -0.838649 -0.544672 1.79113e-18
    outer loop
      vertex 13.4722 20.85 0
      vertex 13.3753 20.9992 1
      vertex 13.3753 20.9992 0
    endloop
  endfacet
  facet normal -0.838649 -0.544672 1.79113e-18
    outer loop
      vertex 13.3753 20.9992 1
      vertex 13.4722 20.85 0
      vertex 13.4722 20.85 1
    endloop
  endfacet
  facet normal 0.965833 0.259167 -1.18891e-18
    outer loop
      vertex 10.3832 19.4747 1
      vertex 10.3371 19.6465 0
      vertex 10.3371 19.6465 1
    endloop
  endfacet
  facet normal 0.965833 0.259167 -1.18891e-18
    outer loop
      vertex 10.3371 19.6465 0
      vertex 10.3832 19.4747 1
      vertex 10.3832 19.4747 0
    endloop
  endfacet
  facet normal 0.258642 -0.965973 0
    outer loop
      vertex 11.4747 21.6168 0
      vertex 11.6465 21.6628 1
      vertex 11.4747 21.6168 1
    endloop
  endfacet
  facet normal 0.258642 -0.965973 0
    outer loop
      vertex 11.6465 21.6628 1
      vertex 11.4747 21.6168 0
      vertex 11.6465 21.6628 0
    endloop
  endfacet
  facet normal -0.933577 -0.358377 4.66573e-18
    outer loop
      vertex 13.6168 20.5253 0
      vertex 13.553 20.6915 1
      vertex 13.553 20.6915 0
    endloop
  endfacet
  facet normal -0.933577 -0.358377 4.66573e-18
    outer loop
      vertex 13.553 20.6915 1
      vertex 13.6168 20.5253 0
      vertex 13.6168 20.5253 1
    endloop
  endfacet
  facet normal 0.358377 -0.933577 0
    outer loop
      vertex 11.3085 21.553 0
      vertex 11.4747 21.6168 1
      vertex 11.3085 21.553 1
    endloop
  endfacet
  facet normal 0.358377 -0.933577 0
    outer loop
      vertex 11.4747 21.6168 1
      vertex 11.3085 21.553 0
      vertex 11.4747 21.6168 0
    endloop
  endfacet
  facet normal 0.965833 -0.259167 1.18891e-18
    outer loop
      vertex 10.3371 20.3535 1
      vertex 10.3832 20.5253 0
      vertex 10.3832 20.5253 1
    endloop
  endfacet
  facet normal 0.965833 -0.259167 1.18891e-18
    outer loop
      vertex 10.3832 20.5253 0
      vertex 10.3371 20.3535 1
      vertex 10.3371 20.3535 0
    endloop
  endfacet
  facet normal -0.156828 -0.987626 0
    outer loop
      vertex 12.1777 21.6907 0
      vertex 12.3534 21.6628 1
      vertex 12.1777 21.6907 1
    endloop
  endfacet
  facet normal -0.156828 -0.987626 -0
    outer loop
      vertex 12.3534 21.6628 1
      vertex 12.1777 21.6907 0
      vertex 12.3534 21.6628 0
    endloop
  endfacet
  facet normal -0.890915 0.45417 3.31019e-18
    outer loop
      vertex 13.4722 19.15 0
      vertex 13.553 19.3085 1
      vertex 13.553 19.3085 0
    endloop
  endfacet
  facet normal -0.890915 0.45417 3.31019e-18
    outer loop
      vertex 13.553 19.3085 1
      vertex 13.4722 19.15 0
      vertex 13.4722 19.15 1
    endloop
  endfacet
  facet normal 0.156741 -0.98764 0
    outer loop
      vertex 11.6465 21.6628 0
      vertex 11.8223 21.6907 1
      vertex 11.6465 21.6628 1
    endloop
  endfacet
  facet normal 0.156741 -0.98764 0
    outer loop
      vertex 11.8223 21.6907 1
      vertex 11.6465 21.6628 0
      vertex 11.8223 21.6907 0
    endloop
  endfacet
  facet normal -0.890915 -0.45417 -3.31019e-18
    outer loop
      vertex 13.553 20.6915 0
      vertex 13.4722 20.85 1
      vertex 13.4722 20.85 0
    endloop
  endfacet
  facet normal -0.890915 -0.45417 -3.31019e-18
    outer loop
      vertex 13.4722 20.85 1
      vertex 13.553 20.6915 0
      vertex 13.553 20.6915 1
    endloop
  endfacet
  facet normal -0.544672 -0.838649 0
    outer loop
      vertex 12.85 21.4722 0
      vertex 12.9992 21.3753 1
      vertex 12.85 21.4722 1
    endloop
  endfacet
  facet normal -0.544672 -0.838649 -0
    outer loop
      vertex 12.9992 21.3753 1
      vertex 12.85 21.4722 0
      vertex 12.9992 21.3753 0
    endloop
  endfacet
  facet normal 0.0522639 -0.998633 0
    outer loop
      vertex 11.8223 21.6907 0
      vertex 12 21.7 1
      vertex 11.8223 21.6907 1
    endloop
  endfacet
  facet normal 0.0522639 -0.998633 0
    outer loop
      vertex 12 21.7 1
      vertex 11.8223 21.6907 0
      vertex 12 21.7 0
    endloop
  endfacet
  facet normal 0.890915 0.45417 -3.31019e-18
    outer loop
      vertex 10.5278 19.15 1
      vertex 10.447 19.3085 0
      vertex 10.447 19.3085 1
    endloop
  endfacet
  facet normal 0.890915 0.45417 -3.31019e-18
    outer loop
      vertex 10.447 19.3085 0
      vertex 10.5278 19.15 1
      vertex 10.5278 19.15 0
    endloop
  endfacet
  facet normal -0.358377 0.933577 0
    outer loop
      vertex 12.6915 18.447 0
      vertex 12.5253 18.3832 1
      vertex 12.6915 18.447 1
    endloop
  endfacet
  facet normal -0.358377 0.933577 0
    outer loop
      vertex 12.5253 18.3832 1
      vertex 12.6915 18.447 0
      vertex 12.5253 18.3832 0
    endloop
  endfacet
  facet normal -0.987726 0.156193 1.54099e-18
    outer loop
      vertex 13.6629 19.6465 0
      vertex 13.6907 19.8223 1
      vertex 13.6907 19.8223 0
    endloop
  endfacet
  facet normal -0.987726 0.156193 1.54099e-18
    outer loop
      vertex 13.6907 19.8223 1
      vertex 13.6629 19.6465 0
      vertex 13.6629 19.6465 1
    endloop
  endfacet
  facet normal -0.998633 0.0522639 4.72778e-19
    outer loop
      vertex 13.6907 19.8223 0
      vertex 13.7 20 1
      vertex 13.7 20 0
    endloop
  endfacet
  facet normal -0.998633 0.0522639 4.72778e-19
    outer loop
      vertex 13.7 20 1
      vertex 13.6907 19.8223 0
      vertex 13.6907 19.8223 1
    endloop
  endfacet
  facet normal 0.544672 0.838649 -0
    outer loop
      vertex 11.15 18.5278 0
      vertex 11.0008 18.6247 1
      vertex 11.15 18.5278 1
    endloop
  endfacet
  facet normal 0.544672 0.838649 0
    outer loop
      vertex 11.0008 18.6247 1
      vertex 11.15 18.5278 0
      vertex 11.0008 18.6247 0
    endloop
  endfacet
  facet normal 0.987726 0.156193 -1.54099e-18
    outer loop
      vertex 10.3371 19.6465 1
      vertex 10.3093 19.8223 0
      vertex 10.3093 19.8223 1
    endloop
  endfacet
  facet normal 0.987726 0.156193 -1.54099e-18
    outer loop
      vertex 10.3093 19.8223 0
      vertex 10.3371 19.6465 1
      vertex 10.3371 19.6465 0
    endloop
  endfacet
  facet normal -0.0522639 0.998633 0
    outer loop
      vertex 12.1777 18.3093 0
      vertex 12 18.3 1
      vertex 12.1777 18.3093 1
    endloop
  endfacet
  facet normal -0.0522639 0.998633 0
    outer loop
      vertex 12 18.3 1
      vertex 12.1777 18.3093 0
      vertex 12 18.3 0
    endloop
  endfacet
  facet normal 0.838649 -0.544672 -1.79113e-18
    outer loop
      vertex 10.5278 20.85 1
      vertex 10.6247 20.9992 0
      vertex 10.6247 20.9992 1
    endloop
  endfacet
  facet normal 0.838649 -0.544672 -1.79113e-18
    outer loop
      vertex 10.6247 20.9992 0
      vertex 10.5278 20.85 1
      vertex 10.5278 20.85 0
    endloop
  endfacet
  facet normal 0.544672 -0.838649 0
    outer loop
      vertex 11.0008 21.3753 0
      vertex 11.15 21.4722 1
      vertex 11.0008 21.3753 1
    endloop
  endfacet
  facet normal 0.544672 -0.838649 0
    outer loop
      vertex 11.15 21.4722 1
      vertex 11.0008 21.3753 0
      vertex 11.15 21.4722 0
    endloop
  endfacet
  facet normal -0.965833 -0.259167 -1.18891e-18
    outer loop
      vertex 13.6629 20.3535 0
      vertex 13.6168 20.5253 1
      vertex 13.6168 20.5253 0
    endloop
  endfacet
  facet normal -0.965833 -0.259167 -1.18891e-18
    outer loop
      vertex 13.6168 20.5253 1
      vertex 13.6629 20.3535 0
      vertex 13.6629 20.3535 1
    endloop
  endfacet
  facet normal 0.0522639 0.998633 -0
    outer loop
      vertex 12 18.3 0
      vertex 11.8223 18.3093 1
      vertex 12 18.3 1
    endloop
  endfacet
  facet normal 0.0522639 0.998633 0
    outer loop
      vertex 11.8223 18.3093 1
      vertex 12 18.3 0
      vertex 11.8223 18.3093 0
    endloop
  endfacet
  facet normal 0.358377 0.933577 -0
    outer loop
      vertex 11.4747 18.3832 0
      vertex 11.3085 18.447 1
      vertex 11.4747 18.3832 1
    endloop
  endfacet
  facet normal 0.358377 0.933577 0
    outer loop
      vertex 11.3085 18.447 1
      vertex 11.4747 18.3832 0
      vertex 11.3085 18.447 0
    endloop
  endfacet
  facet normal -0.707107 0.707107 9.05806e-18
    outer loop
      vertex 13.1375 18.7367 0
      vertex 13.2633 18.8625 1
      vertex 13.2633 18.8625 0
    endloop
  endfacet
  facet normal -0.707107 0.707107 9.05806e-18
    outer loop
      vertex 13.2633 18.8625 1
      vertex 13.1375 18.7367 0
      vertex 13.1375 18.7367 1
    endloop
  endfacet
  facet normal 0.987726 -0.156193 1.54099e-18
    outer loop
      vertex 10.3093 20.1777 1
      vertex 10.3371 20.3535 0
      vertex 10.3371 20.3535 1
    endloop
  endfacet
  facet normal 0.987726 -0.156193 1.54099e-18
    outer loop
      vertex 10.3371 20.3535 0
      vertex 10.3093 20.1777 1
      vertex 10.3093 20.1777 0
    endloop
  endfacet
  facet normal -0.707107 -0.707107 -9.05806e-18
    outer loop
      vertex 13.2633 21.1375 0
      vertex 13.1375 21.2633 1
      vertex 13.1375 21.2633 0
    endloop
  endfacet
  facet normal -0.707107 -0.707107 -9.05806e-18
    outer loop
      vertex 13.1375 21.2633 1
      vertex 13.2633 21.1375 0
      vertex 13.2633 21.1375 1
    endloop
  endfacet
  facet normal 0.45417 0.890915 -0
    outer loop
      vertex 11.3085 18.447 0
      vertex 11.15 18.5278 1
      vertex 11.3085 18.447 1
    endloop
  endfacet
  facet normal 0.45417 0.890915 0
    outer loop
      vertex 11.15 18.5278 1
      vertex 11.3085 18.447 0
      vertex 11.15 18.5278 0
    endloop
  endfacet
  facet normal 0.777127 0.629344 4.73078e-18
    outer loop
      vertex 10.7367 18.8625 1
      vertex 10.6247 19.0008 0
      vertex 10.6247 19.0008 1
    endloop
  endfacet
  facet normal 0.777127 0.629344 4.73078e-18
    outer loop
      vertex 10.6247 19.0008 0
      vertex 10.7367 18.8625 1
      vertex 10.7367 18.8625 0
    endloop
  endfacet
  facet normal 0.629344 0.777127 -0
    outer loop
      vertex 11.0008 18.6247 0
      vertex 10.8625 18.7367 1
      vertex 11.0008 18.6247 1
    endloop
  endfacet
  facet normal 0.629344 0.777127 0
    outer loop
      vertex 10.8625 18.7367 1
      vertex 11.0008 18.6247 0
      vertex 10.8625 18.7367 0
    endloop
  endfacet
  facet normal 0.156193 0.987726 -0
    outer loop
      vertex 11.8223 18.3093 0
      vertex 11.6465 18.3371 1
      vertex 11.8223 18.3093 1
    endloop
  endfacet
  facet normal 0.156193 0.987726 0
    outer loop
      vertex 11.6465 18.3371 1
      vertex 11.8223 18.3093 0
      vertex 11.6465 18.3371 0
    endloop
  endfacet
  facet normal -0.45417 0.890915 0
    outer loop
      vertex 12.85 18.5278 0
      vertex 12.6915 18.447 1
      vertex 12.85 18.5278 1
    endloop
  endfacet
  facet normal -0.45417 0.890915 0
    outer loop
      vertex 12.6915 18.447 1
      vertex 12.85 18.5278 0
      vertex 12.6915 18.447 0
    endloop
  endfacet
  facet normal -0.629344 0.777127 0
    outer loop
      vertex 13.1375 18.7367 0
      vertex 12.9992 18.6247 1
      vertex 13.1375 18.7367 1
    endloop
  endfacet
  facet normal -0.629344 0.777127 0
    outer loop
      vertex 12.9992 18.6247 1
      vertex 13.1375 18.7367 0
      vertex 12.9992 18.6247 0
    endloop
  endfacet
  facet normal 0.838649 0.544672 1.79113e-18
    outer loop
      vertex 10.6247 19.0008 1
      vertex 10.5278 19.15 0
      vertex 10.5278 19.15 1
    endloop
  endfacet
  facet normal 0.838649 0.544672 1.79113e-18
    outer loop
      vertex 10.5278 19.15 0
      vertex 10.6247 19.0008 1
      vertex 10.6247 19.0008 0
    endloop
  endfacet
  facet normal 0.998633 -0.0522639 4.72778e-19
    outer loop
      vertex 10.3 20 1
      vertex 10.3093 20.1777 0
      vertex 10.3093 20.1777 1
    endloop
  endfacet
  facet normal 0.998633 -0.0522639 4.72778e-19
    outer loop
      vertex 10.3093 20.1777 0
      vertex 10.3 20 1
      vertex 10.3 20 0
    endloop
  endfacet
  facet normal 0.890915 -0.45417 3.31019e-18
    outer loop
      vertex 10.447 20.6915 1
      vertex 10.5278 20.85 0
      vertex 10.5278 20.85 1
    endloop
  endfacet
  facet normal 0.890915 -0.45417 3.31019e-18
    outer loop
      vertex 10.5278 20.85 0
      vertex 10.447 20.6915 1
      vertex 10.447 20.6915 0
    endloop
  endfacet
  facet normal 0.933577 -0.358377 -4.66573e-18
    outer loop
      vertex 10.3832 20.5253 1
      vertex 10.447 20.6915 0
      vertex 10.447 20.6915 1
    endloop
  endfacet
  facet normal 0.933577 -0.358377 -4.66573e-18
    outer loop
      vertex 10.447 20.6915 0
      vertex 10.3832 20.5253 1
      vertex 10.3832 20.5253 0
    endloop
  endfacet
  facet normal 0 1 -0
    outer loop
      vertex 13.7032 17.05 1
      vertex 10.2968 17.05 3
      vertex 13.7032 17.05 3
    endloop
  endfacet
  facet normal 0 1 0
    outer loop
      vertex 10.2968 17.05 3
      vertex 13.7032 17.05 1
      vertex 10.2968 17.05 1
    endloop
  endfacet
  facet normal 0 -1 0
    outer loop
      vertex 10.2968 22.95 1
      vertex 13.7032 22.95 3
      vertex 10.2968 22.95 3
    endloop
  endfacet
  facet normal 0 -1 -0
    outer loop
      vertex 13.7032 22.95 3
      vertex 10.2968 22.95 1
      vertex 13.7032 22.95 1
    endloop
  endfacet
  facet normal -0.866023 -0.500004 2.1193e-17
    outer loop
      vertex 15.4064 20 1
      vertex 13.7032 22.95 3
      vertex 13.7032 22.95 1
    endloop
  endfacet
  facet normal -0.866023 -0.500004 2.1193e-17
    outer loop
      vertex 13.7032 22.95 3
      vertex 15.4064 20 1
      vertex 15.4064 20 3
    endloop
  endfacet
  facet normal -0 0 1
    outer loop
      vertex 13.4722 20.85 1
      vertex 15.4064 20 1
      vertex 13.7032 22.95 1
    endloop
  endfacet
  facet normal 0 0 1
    outer loop
      vertex 13.6907 19.8223 1
      vertex 15.4064 20 1
      vertex 13.7 20 1
    endloop
  endfacet
  facet normal 0 0 1
    outer loop
      vertex 15.4064 20 1
      vertex 13.6907 20.1777 1
      vertex 13.7 20 1
    endloop
  endfacet
  facet normal 0 0 1
    outer loop
      vertex 15.4064 20 1
      vertex 13.6629 20.3535 1
      vertex 13.6907 20.1777 1
    endloop
  endfacet
  facet normal 0 0 1
    outer loop
      vertex 15.4064 20 1
      vertex 13.6168 20.5253 1
      vertex 13.6629 20.3535 1
    endloop
  endfacet
  facet normal 0 0 1
    outer loop
      vertex 15.4064 20 1
      vertex 13.553 20.6915 1
      vertex 13.6168 20.5253 1
    endloop
  endfacet
  facet normal 0 0 1
    outer loop
      vertex 15.4064 20 1
      vertex 13.4722 20.85 1
      vertex 13.553 20.6915 1
    endloop
  endfacet
  facet normal 0 0 1
    outer loop
      vertex 13.7032 22.95 1
      vertex 13.3753 20.9992 1
      vertex 13.4722 20.85 1
    endloop
  endfacet
  facet normal 0 0 1
    outer loop
      vertex 13.7032 22.95 1
      vertex 13.2633 21.1375 1
      vertex 13.3753 20.9992 1
    endloop
  endfacet
  facet normal 0 0 1
    outer loop
      vertex 13.7032 22.95 1
      vertex 13.1375 21.2633 1
      vertex 13.2633 21.1375 1
    endloop
  endfacet
  facet normal 0 0 1
    outer loop
      vertex 13.7032 22.95 1
      vertex 12.9992 21.3753 1
      vertex 13.1375 21.2633 1
    endloop
  endfacet
  facet normal 0 0 1
    outer loop
      vertex 13.7032 22.95 1
      vertex 12.85 21.4722 1
      vertex 12.9992 21.3753 1
    endloop
  endfacet
  facet normal 0 0 1
    outer loop
      vertex 13.7032 22.95 1
      vertex 12.6915 21.553 1
      vertex 12.85 21.4722 1
    endloop
  endfacet
  facet normal 0 0 1
    outer loop
      vertex 13.7032 22.95 1
      vertex 12.5253 21.6168 1
      vertex 12.6915 21.553 1
    endloop
  endfacet
  facet normal 0 0 1
    outer loop
      vertex 13.7032 22.95 1
      vertex 12.3534 21.6628 1
      vertex 12.5253 21.6168 1
    endloop
  endfacet
  facet normal 0 0 1
    outer loop
      vertex 13.7032 22.95 1
      vertex 12.1777 21.6907 1
      vertex 12.3534 21.6628 1
    endloop
  endfacet
  facet normal 0 0 1
    outer loop
      vertex 13.7032 22.95 1
      vertex 12 21.7 1
      vertex 12.1777 21.6907 1
    endloop
  endfacet
  facet normal -0 0 1
    outer loop
      vertex 10.2968 22.95 1
      vertex 12 21.7 1
      vertex 13.7032 22.95 1
    endloop
  endfacet
  facet normal 0 0 1
    outer loop
      vertex 12 21.7 1
      vertex 10.2968 22.95 1
      vertex 11.8223 21.6907 1
    endloop
  endfacet
  facet normal 0 0 1
    outer loop
      vertex 11.8223 21.6907 1
      vertex 10.2968 22.95 1
      vertex 11.6465 21.6628 1
    endloop
  endfacet
  facet normal 0 0 1
    outer loop
      vertex 11.6465 21.6628 1
      vertex 10.2968 22.95 1
      vertex 11.4747 21.6168 1
    endloop
  endfacet
  facet normal 0 0 1
    outer loop
      vertex 11.4747 21.6168 1
      vertex 10.2968 22.95 1
      vertex 11.3085 21.553 1
    endloop
  endfacet
  facet normal 0 0 1
    outer loop
      vertex 10.3371 20.3535 1
      vertex 8.59363 20 1
      vertex 10.3093 20.1777 1
    endloop
  endfacet
  facet normal 0 0 1
    outer loop
      vertex 10.3832 20.5253 1
      vertex 8.59363 20 1
      vertex 10.3371 20.3535 1
    endloop
  endfacet
  facet normal 0 0 1
    outer loop
      vertex 10.447 20.6915 1
      vertex 8.59363 20 1
      vertex 10.3832 20.5253 1
    endloop
  endfacet
  facet normal 0 0 1
    outer loop
      vertex 10.5278 20.85 1
      vertex 8.59363 20 1
      vertex 10.447 20.6915 1
    endloop
  endfacet
  facet normal 0 0 1
    outer loop
      vertex 8.59363 20 1
      vertex 10.5278 20.85 1
      vertex 10.2968 22.95 1
    endloop
  endfacet
  facet normal 0 0 1
    outer loop
      vertex 10.6247 20.9992 1
      vertex 10.2968 22.95 1
      vertex 10.5278 20.85 1
    endloop
  endfacet
  facet normal 0 0 1
    outer loop
      vertex 10.7367 21.1375 1
      vertex 10.2968 22.95 1
      vertex 10.6247 20.9992 1
    endloop
  endfacet
  facet normal 0 0 1
    outer loop
      vertex 10.8625 21.2633 1
      vertex 10.2968 22.95 1
      vertex 10.7367 21.1375 1
    endloop
  endfacet
  facet normal 0 0 1
    outer loop
      vertex 11.0008 21.3753 1
      vertex 10.2968 22.95 1
      vertex 10.8625 21.2633 1
    endloop
  endfacet
  facet normal 0 0 1
    outer loop
      vertex 11.15 21.4722 1
      vertex 10.2968 22.95 1
      vertex 11.0008 21.3753 1
    endloop
  endfacet
  facet normal 0 0 1
    outer loop
      vertex 11.3085 21.553 1
      vertex 10.2968 22.95 1
      vertex 11.15 21.4722 1
    endloop
  endfacet
  facet normal 0 0 1
    outer loop
      vertex 13.6629 19.6465 1
      vertex 15.4064 20 1
      vertex 13.6907 19.8223 1
    endloop
  endfacet
  facet normal 0 0 1
    outer loop
      vertex 13.6168 19.4747 1
      vertex 15.4064 20 1
      vertex 13.6629 19.6465 1
    endloop
  endfacet
  facet normal 0 0 1
    outer loop
      vertex 13.553 19.3085 1
      vertex 15.4064 20 1
      vertex 13.6168 19.4747 1
    endloop
  endfacet
  facet normal 0 0 1
    outer loop
      vertex 13.4722 19.15 1
      vertex 15.4064 20 1
      vertex 13.553 19.3085 1
    endloop
  endfacet
  facet normal 0 0 1
    outer loop
      vertex 15.4064 20 1
      vertex 13.4722 19.15 1
      vertex 13.7032 17.05 1
    endloop
  endfacet
  facet normal -0 0 1
    outer loop
      vertex 13.3753 19.0008 1
      vertex 13.7032 17.05 1
      vertex 13.4722 19.15 1
    endloop
  endfacet
  facet normal -0 0 1
    outer loop
      vertex 13.2633 18.8625 1
      vertex 13.7032 17.05 1
      vertex 13.3753 19.0008 1
    endloop
  endfacet
  facet normal -0 0 1
    outer loop
      vertex 13.1375 18.7367 1
      vertex 13.7032 17.05 1
      vertex 13.2633 18.8625 1
    endloop
  endfacet
  facet normal -0 0 1
    outer loop
      vertex 12.9992 18.6247 1
      vertex 13.7032 17.05 1
      vertex 13.1375 18.7367 1
    endloop
  endfacet
  facet normal -0 0 1
    outer loop
      vertex 12.85 18.5278 1
      vertex 13.7032 17.05 1
      vertex 12.9992 18.6247 1
    endloop
  endfacet
  facet normal -0 0 1
    outer loop
      vertex 12.6915 18.447 1
      vertex 13.7032 17.05 1
      vertex 12.85 18.5278 1
    endloop
  endfacet
  facet normal -0 0 1
    outer loop
      vertex 12.5253 18.3832 1
      vertex 13.7032 17.05 1
      vertex 12.6915 18.447 1
    endloop
  endfacet
  facet normal -0 0 1
    outer loop
      vertex 12.3534 18.3371 1
      vertex 13.7032 17.05 1
      vertex 12.5253 18.3832 1
    endloop
  endfacet
  facet normal -0 0 1
    outer loop
      vertex 12.1777 18.3093 1
      vertex 13.7032 17.05 1
      vertex 12.3534 18.3371 1
    endloop
  endfacet
  facet normal -0 0 1
    outer loop
      vertex 12 18.3 1
      vertex 13.7032 17.05 1
      vertex 12.1777 18.3093 1
    endloop
  endfacet
  facet normal 0 0 1
    outer loop
      vertex 10.2968 17.05 1
      vertex 12 18.3 1
      vertex 11.8223 18.3093 1
    endloop
  endfacet
  facet normal 0 0 1
    outer loop
      vertex 10.2968 17.05 1
      vertex 11.8223 18.3093 1
      vertex 11.6465 18.3371 1
    endloop
  endfacet
  facet normal 0 0 1
    outer loop
      vertex 10.2968 17.05 1
      vertex 11.6465 18.3371 1
      vertex 11.4747 18.3832 1
    endloop
  endfacet
  facet normal 0 0 1
    outer loop
      vertex 10.2968 17.05 1
      vertex 11.4747 18.3832 1
      vertex 11.3085 18.447 1
    endloop
  endfacet
  facet normal 0 0 1
    outer loop
      vertex 10.2968 17.05 1
      vertex 11.3085 18.447 1
      vertex 11.15 18.5278 1
    endloop
  endfacet
  facet normal 0 0 1
    outer loop
      vertex 12 18.3 1
      vertex 10.2968 17.05 1
      vertex 13.7032 17.05 1
    endloop
  endfacet
  facet normal 0 0 1
    outer loop
      vertex 11.0008 18.6247 1
      vertex 10.2968 17.05 1
      vertex 11.15 18.5278 1
    endloop
  endfacet
  facet normal 0 0 1
    outer loop
      vertex 10.8625 18.7367 1
      vertex 10.2968 17.05 1
      vertex 11.0008 18.6247 1
    endloop
  endfacet
  facet normal 0 0 1
    outer loop
      vertex 10.7367 18.8625 1
      vertex 10.2968 17.05 1
      vertex 10.8625 18.7367 1
    endloop
  endfacet
  facet normal 0 0 1
    outer loop
      vertex 10.6247 19.0008 1
      vertex 10.2968 17.05 1
      vertex 10.7367 18.8625 1
    endloop
  endfacet
  facet normal 0 0 1
    outer loop
      vertex 10.5278 19.15 1
      vertex 10.2968 17.05 1
      vertex 10.6247 19.0008 1
    endloop
  endfacet
  facet normal 0 0 1
    outer loop
      vertex 8.59363 20 1
      vertex 10.5278 19.15 1
      vertex 10.447 19.3085 1
    endloop
  endfacet
  facet normal 0 0 1
    outer loop
      vertex 8.59363 20 1
      vertex 10.447 19.3085 1
      vertex 10.3832 19.4747 1
    endloop
  endfacet
  facet normal 0 0 1
    outer loop
      vertex 8.59363 20 1
      vertex 10.3832 19.4747 1
      vertex 10.3371 19.6465 1
    endloop
  endfacet
  facet normal 0 0 1
    outer loop
      vertex 8.59363 20 1
      vertex 10.3371 19.6465 1
      vertex 10.3093 19.8223 1
    endloop
  endfacet
  facet normal -0 0 1
    outer loop
      vertex 8.59363 20 1
      vertex 10.3093 19.8223 1
      vertex 10.3 20 1
    endloop
  endfacet
  facet normal 0 0 1
    outer loop
      vertex 10.3093 20.1777 1
      vertex 8.59363 20 1
      vertex 10.3 20 1
    endloop
  endfacet
  facet normal 0 0 1
    outer loop
      vertex 10.5278 19.15 1
      vertex 8.59363 20 1
      vertex 10.2968 17.05 1
    endloop
  endfacet
  facet normal 0.866027 -0.499997 4.8842e-18
    outer loop
      vertex 8.59363 20 3
      vertex 10.2968 22.95 1
      vertex 10.2968 22.95 3
    endloop
  endfacet
  facet normal 0.866027 -0.499997 4.8842e-18
    outer loop
      vertex 10.2968 22.95 1
      vertex 8.59363 20 3
      vertex 8.59363 20 1
    endloop
  endfacet
  facet normal -0.866023 0.500004 -2.1193e-17
    outer loop
      vertex 13.7032 17.05 1
      vertex 15.4064 20 3
      vertex 15.4064 20 1
    endloop
  endfacet
  facet normal -0.866023 0.500004 -2.1193e-17
    outer loop
      vertex 15.4064 20 3
      vertex 13.7032 17.05 1
      vertex 13.7032 17.05 3
    endloop
  endfacet
  facet normal 0.866027 0.499997 -4.8842e-18
    outer loop
      vertex 10.2968 17.05 3
      vertex 8.59363 20 1
      vertex 8.59363 20 3
    endloop
  endfacet
  facet normal 0.866027 0.499997 -4.8842e-18
    outer loop
      vertex 8.59363 20 1
      vertex 10.2968 17.05 3
      vertex 10.2968 17.05 1
    endloop
  endfacet
  facet normal -0.965919 0 0.258846
    outer loop
      vertex 19.3064 -16.4 35.727
      vertex 19.8564 16.4 37.7794
      vertex 19.3064 16.4 35.727
    endloop
  endfacet
  facet normal -0.965919 0 0.258846
    outer loop
      vertex 19.8564 16.4 37.7794
      vertex 19.3064 -16.4 35.727
      vertex 19.8564 -16.4 37.7794
    endloop
  endfacet
  facet normal -0.987688 0 -0.156434
    outer loop
      vertex 20.1888 -16.4 44.1219
      vertex 19.8564 16.4 46.2206
      vertex 20.1888 16.4 44.1219
    endloop
  endfacet
  facet normal -0.987688 -0 -0.156434
    outer loop
      vertex 19.8564 16.4 46.2206
      vertex 20.1888 -16.4 44.1219
      vertex 19.8564 -16.4 46.2206
    endloop
  endfacet
  facet normal -0.99863 0 -0.052334
    outer loop
      vertex 20.3 -16.4 42
      vertex 20.1888 16.4 44.1219
      vertex 20.3 16.4 42
    endloop
  endfacet
  facet normal -0.99863 -0 -0.052334
    outer loop
      vertex 20.1888 16.4 44.1219
      vertex 20.3 -16.4 42
      vertex 20.1888 -16.4 44.1219
    endloop
  endfacet
  facet normal -0.156372 0 -0.987698
    outer loop
      vertex 4.22061 -16.4 61.8564
      vertex 3.52076 -13.9 61.9672
      vertex 4.22061 -13.9 61.8564
    endloop
  endfacet
  facet normal -0.156467 0 -0.987683
    outer loop
      vertex 3.52076 -13.9 61.9672
      vertex 2.12193 -16.4 62.1888
      vertex 3.52076 13.9 61.9672
    endloop
  endfacet
  facet normal -0.156435 -1.81465e-05 -0.987688
    outer loop
      vertex 2.12193 -16.4 62.1888
      vertex 3.52076 -13.9 61.9672
      vertex 4.22061 -16.4 61.8564
    endloop
  endfacet
  facet normal -0.156372 1.70681e-18 -0.987698
    outer loop
      vertex 3.52076 13.9 61.9672
      vertex 4.22061 16.4 61.8564
      vertex 4.22061 13.9 61.8564
    endloop
  endfacet
  facet normal -0.156435 1.81465e-05 -0.987688
    outer loop
      vertex 3.52076 13.9 61.9672
      vertex 2.12193 16.4 62.1888
      vertex 4.22061 16.4 61.8564
    endloop
  endfacet
  facet normal -0.156467 -0 -0.987683
    outer loop
      vertex 2.12193 16.4 62.1888
      vertex 3.52076 13.9 61.9672
      vertex 2.12193 -16.4 62.1888
    endloop
  endfacet
  facet normal 0.358337 -2.41591e-19 -0.933592
    outer loop
      vertex -8.25675 -13.9 60.545
      vertex -6.27304 13.9 61.3064
      vertex -6.27304 -13.9 61.3064
    endloop
  endfacet
  facet normal 0.358337 -2.41591e-19 -0.933592
    outer loop
      vertex -6.27304 13.9 61.3064
      vertex -8.25675 -13.9 60.545
      vertex -8.25675 13.9 60.545
    endloop
  endfacet
  facet normal 0.0523333 -5.43955e-20 -0.99863
    outer loop
      vertex -2.12193 -16.4 62.1888
      vertex 0 16.4 62.3
      vertex 0 -16.4 62.3
    endloop
  endfacet
  facet normal 0.0523333 -5.43955e-20 -0.99863
    outer loop
      vertex 0 16.4 62.3
      vertex -2.12193 -16.4 62.1888
      vertex -2.12193 16.4 62.1888
    endloop
  endfacet
  facet normal -0.707107 1.30948e-17 -0.707107
    outer loop
      vertex 13.5834 -16.4 57.0858
      vertex 15.0858 -13.9 55.5834
      vertex 15.0858 -16.4 55.5834
    endloop
  endfacet
  facet normal -0.707107 1.30948e-17 -0.707107
    outer loop
      vertex 15.0858 -13.9 55.5834
      vertex 13.5834 -16.4 57.0858
      vertex 13.5834 -13.9 57.0858
    endloop
  endfacet
  facet normal -0.707107 1.30948e-17 -0.707107
    outer loop
      vertex 13.5834 13.9 57.0858
      vertex 15.0858 16.4 55.5834
      vertex 15.0858 13.9 55.5834
    endloop
  endfacet
  facet normal -0.707107 1.30948e-17 -0.707107
    outer loop
      vertex 15.0858 16.4 55.5834
      vertex 13.5834 13.9 57.0858
      vertex 13.5834 16.4 57.0858
    endloop
  endfacet
  facet normal 0.9336 0 -0.358317
    outer loop
      vertex -18.545 -13.9 50.2568
      vertex -19.0525 13.9 48.9345
      vertex -18.545 13.9 50.2568
    endloop
  endfacet
  facet normal 0.9336 0 -0.358317
    outer loop
      vertex -19.0525 13.9 48.9345
      vertex -18.545 -13.9 50.2568
      vertex -19.0525 -13.9 48.9345
    endloop
  endfacet
  facet normal -0.0523333 1.87355e-19 0.99863
    outer loop
      vertex 0 16.4 21.7
      vertex 2.12193 -16.4 21.8112
      vertex 2.12193 16.4 21.8112
    endloop
  endfacet
  facet normal -0.0523333 1.87355e-19 0.99863
    outer loop
      vertex 2.12193 -16.4 21.8112
      vertex 0 16.4 21.7
      vertex 0 -16.4 21.7
    endloop
  endfacet
  facet normal 0.838659 0 -0.544657
    outer loop
      vertex -16.423 -13.9 53.932
      vertex -17.5803 13.9 52.15
      vertex -16.423 13.9 53.932
    endloop
  endfacet
  facet normal 0.838659 0 -0.544657
    outer loop
      vertex -17.5803 13.9 52.15
      vertex -16.423 -13.9 53.932
      vertex -17.5803 -13.9 52.15
    endloop
  endfacet
  facet normal -0.629298 1.72472e-18 0.777164
    outer loop
      vertex 11.932 16.4 25.577
      vertex 13.5834 -16.4 26.9142
      vertex 13.5834 16.4 26.9142
    endloop
  endfacet
  facet normal -0.629298 1.72472e-18 0.777164
    outer loop
      vertex 13.5834 -16.4 26.9142
      vertex 11.932 16.4 25.577
      vertex 11.932 -16.4 25.577
    endloop
  endfacet
  facet normal 0.0523333 -1.87355e-19 0.99863
    outer loop
      vertex -2.12193 16.4 21.8112
      vertex 0 -16.4 21.7
      vertex 0 16.4 21.7
    endloop
  endfacet
  facet normal 0.0523333 -1.87355e-19 0.99863
    outer loop
      vertex 0 -16.4 21.7
      vertex -2.12193 16.4 21.8112
      vertex -2.12193 -16.4 21.8112
    endloop
  endfacet
  facet normal 0.156435 2.48158e-19 0.987688
    outer loop
      vertex -4.22061 16.4 22.1436
      vertex -2.12193 -16.4 21.8112
      vertex -2.12193 16.4 21.8112
    endloop
  endfacet
  facet normal 0.156435 2.48158e-19 0.987688
    outer loop
      vertex -2.12193 -16.4 21.8112
      vertex -4.22061 16.4 22.1436
      vertex -4.22061 -16.4 22.1436
    endloop
  endfacet
  facet normal -0.358337 2.6865e-18 -0.933592
    outer loop
      vertex 6.27304 -16.4 61.3064
      vertex 8.25675 -13.9 60.545
      vertex 8.25675 -16.4 60.545
    endloop
  endfacet
  facet normal -0.358337 2.6865e-18 -0.933592
    outer loop
      vertex 8.25675 -13.9 60.545
      vertex 6.27304 -16.4 61.3064
      vertex 6.27304 -13.9 61.3064
    endloop
  endfacet
  facet normal -0.358337 2.6865e-18 -0.933592
    outer loop
      vertex 6.27304 13.9 61.3064
      vertex 8.25675 16.4 60.545
      vertex 8.25675 13.9 60.545
    endloop
  endfacet
  facet normal -0.358337 2.6865e-18 -0.933592
    outer loop
      vertex 8.25675 16.4 60.545
      vertex 6.27304 13.9 61.3064
      vertex 6.27304 16.4 61.3064
    endloop
  endfacet
  facet normal -0.156435 -2.48158e-19 0.987688
    outer loop
      vertex 2.12193 16.4 21.8112
      vertex 4.22061 -16.4 22.1436
      vertex 4.22061 16.4 22.1436
    endloop
  endfacet
  facet normal -0.156435 -2.48158e-19 0.987688
    outer loop
      vertex 4.22061 -16.4 22.1436
      vertex 2.12193 16.4 21.8112
      vertex 2.12193 -16.4 21.8112
    endloop
  endfacet
  facet normal -0.890994 0 -0.454015
    outer loop
      vertex 18.545 -16.4 50.2568
      vertex 17.5803 16.4 52.15
      vertex 18.545 16.4 50.2568
    endloop
  endfacet
  facet normal -0.890994 -0 -0.454015
    outer loop
      vertex 17.5803 16.4 52.15
      vertex 18.545 -16.4 50.2568
      vertex 17.5803 -16.4 52.15
    endloop
  endfacet
  facet normal -0.0523333 5.43955e-20 -0.99863
    outer loop
      vertex 0 -16.4 62.3
      vertex 2.12193 16.4 62.1888
      vertex 2.12193 -16.4 62.1888
    endloop
  endfacet
  facet normal -0.0523333 5.43955e-20 -0.99863
    outer loop
      vertex 2.12193 16.4 62.1888
      vertex 0 -16.4 62.3
      vertex 0 16.4 62.3
    endloop
  endfacet
  facet normal -0.544682 -4.39997e-18 -0.838643
    outer loop
      vertex 10.6539 -16.4 59.2531
      vertex 11.932 -13.9 58.423
      vertex 11.932 -16.4 58.423
    endloop
  endfacet
  facet normal -0.544682 -4.39997e-18 -0.838643
    outer loop
      vertex 11.932 -13.9 58.423
      vertex 10.6539 -16.4 59.2531
      vertex 10.6539 -13.9 59.2531
    endloop
  endfacet
  facet normal -0.544682 -4.39997e-18 -0.838643
    outer loop
      vertex 10.6539 13.9 59.2531
      vertex 11.932 16.4 58.423
      vertex 11.932 13.9 58.423
    endloop
  endfacet
  facet normal -0.544682 -4.39997e-18 -0.838643
    outer loop
      vertex 11.932 16.4 58.423
      vertex 10.6539 13.9 59.2531
      vertex 10.6539 16.4 59.2531
    endloop
  endfacet
  facet normal -0.965919 0 -0.258846
    outer loop
      vertex 19.8564 -16.4 46.2206
      vertex 19.3064 16.4 48.273
      vertex 19.8564 16.4 46.2206
    endloop
  endfacet
  facet normal -0.965919 -0 -0.258846
    outer loop
      vertex 19.3064 16.4 48.273
      vertex 19.8564 -16.4 46.2206
      vertex 19.3064 -16.4 48.273
    endloop
  endfacet
  facet normal 0.156435 -2.48158e-19 -0.987688
    outer loop
      vertex -4.22061 -16.4 61.8564
      vertex -2.12193 16.4 62.1888
      vertex -2.12193 -16.4 62.1888
    endloop
  endfacet
  facet normal 0.156435 -2.48158e-19 -0.987688
    outer loop
      vertex -2.12193 16.4 62.1888
      vertex -4.22061 -16.4 61.8564
      vertex -4.22061 16.4 61.8564
    endloop
  endfacet
  facet normal -0.987688 0 0.156434
    outer loop
      vertex 19.8564 -16.4 37.7794
      vertex 20.1888 16.4 39.8781
      vertex 19.8564 16.4 37.7794
    endloop
  endfacet
  facet normal -0.987688 0 0.156434
    outer loop
      vertex 20.1888 16.4 39.8781
      vertex 19.8564 -16.4 37.7794
      vertex 20.1888 -16.4 39.8781
    endloop
  endfacet
  facet normal -0.777164 0 0.629298
    outer loop
      vertex 15.0858 -16.4 28.4166
      vertex 16.423 16.4 30.068
      vertex 15.0858 16.4 28.4166
    endloop
  endfacet
  facet normal -0.777164 0 0.629298
    outer loop
      vertex 16.423 16.4 30.068
      vertex 15.0858 -16.4 28.4166
      vertex 16.423 -16.4 30.068
    endloop
  endfacet
  facet normal 0.707107 -1.17759e-18 -0.707107
    outer loop
      vertex -15.0858 -13.9 55.5834
      vertex -13.5834 13.9 57.0858
      vertex -13.5834 -13.9 57.0858
    endloop
  endfacet
  facet normal 0.707107 -1.17759e-18 -0.707107
    outer loop
      vertex -13.5834 13.9 57.0858
      vertex -15.0858 -13.9 55.5834
      vertex -15.0858 13.9 55.5834
    endloop
  endfacet
  facet normal 0.777164 0 -0.629298
    outer loop
      vertex -15.0858 -13.9 55.5834
      vertex -16.423 13.9 53.932
      vertex -15.0858 13.9 55.5834
    endloop
  endfacet
  facet normal 0.777164 0 -0.629298
    outer loop
      vertex -16.423 13.9 53.932
      vertex -15.0858 -13.9 55.5834
      vertex -16.423 -13.9 53.932
    endloop
  endfacet
  facet normal -0.838659 0 0.544657
    outer loop
      vertex 16.423 -16.4 30.068
      vertex 17.5803 16.4 31.85
      vertex 16.423 16.4 30.068
    endloop
  endfacet
  facet normal -0.838659 0 0.544657
    outer loop
      vertex 17.5803 16.4 31.85
      vertex 16.423 -16.4 30.068
      vertex 17.5803 -16.4 31.85
    endloop
  endfacet
  facet normal 0.258883 2.5999e-19 -0.965909
    outer loop
      vertex -6.27304 -13.9 61.3064
      vertex -5 13.9 61.6476
      vertex -5 -13.9 61.6476
    endloop
  endfacet
  facet normal 0.258883 2.5999e-19 -0.965909
    outer loop
      vertex -5 13.9 61.6476
      vertex -6.27304 -13.9 61.3064
      vertex -6.27304 13.9 61.3064
    endloop
  endfacet
  facet normal 0.258776 0 -0.965937
    outer loop
      vertex -5 -13.9 61.6476
      vertex -4.22061 -16.4 61.8564
      vertex -5 -16.4 61.6476
    endloop
  endfacet
  facet normal 0.258776 0 -0.965937
    outer loop
      vertex -4.22061 -16.4 61.8564
      vertex -5 -13.9 61.6476
      vertex -4.22061 16.4 61.8564
    endloop
  endfacet
  facet normal 0.258776 0 -0.965937
    outer loop
      vertex -5 13.9 61.6476
      vertex -4.22061 16.4 61.8564
      vertex -5 -13.9 61.6476
    endloop
  endfacet
  facet normal 0.258776 -5.06016e-18 -0.965937
    outer loop
      vertex -4.22061 16.4 61.8564
      vertex -5 13.9 61.6476
      vertex -5 16.4 61.6476
    endloop
  endfacet
  facet normal -0.777164 0 -0.629298
    outer loop
      vertex 16.423 -16.4 53.932
      vertex 15.0858 -13.9 55.5834
      vertex 16.423 -13.9 53.932
    endloop
  endfacet
  facet normal -0.777164 -0 -0.629298
    outer loop
      vertex 15.0858 -13.9 55.5834
      vertex 16.423 -16.4 53.932
      vertex 15.0858 -16.4 55.5834
    endloop
  endfacet
  facet normal -0.777164 0 -0.629298
    outer loop
      vertex 16.423 13.9 53.932
      vertex 15.0858 16.4 55.5834
      vertex 16.423 16.4 53.932
    endloop
  endfacet
  facet normal -0.777164 -0 -0.629298
    outer loop
      vertex 15.0858 16.4 55.5834
      vertex 16.423 13.9 53.932
      vertex 15.0858 13.9 55.5834
    endloop
  endfacet
  facet normal -0.258842 -1.02664e-19 0.96592
    outer loop
      vertex 4.22061 16.4 22.1436
      vertex 6.27304 -16.4 22.6936
      vertex 6.27304 16.4 22.6936
    endloop
  endfacet
  facet normal -0.258842 -1.02664e-19 0.96592
    outer loop
      vertex 6.27304 -16.4 22.6936
      vertex 4.22061 16.4 22.1436
      vertex 4.22061 -16.4 22.1436
    endloop
  endfacet
  facet normal -0.453996 2.82667e-18 -0.891004
    outer loop
      vertex 8.25675 -16.4 60.545
      vertex 9.61466 -13.9 59.8531
      vertex 9.61466 -16.4 59.8531
    endloop
  endfacet
  facet normal -0.453996 2.82667e-18 -0.891004
    outer loop
      vertex 9.61466 -13.9 59.8531
      vertex 8.25675 -16.4 60.545
      vertex 8.25675 -13.9 60.545
    endloop
  endfacet
  facet normal -0.453996 2.82667e-18 -0.891004
    outer loop
      vertex 8.25675 13.9 60.545
      vertex 9.61466 16.4 59.8531
      vertex 9.61466 13.9 59.8531
    endloop
  endfacet
  facet normal -0.453996 2.82667e-18 -0.891004
    outer loop
      vertex 9.61466 16.4 59.8531
      vertex 8.25675 13.9 60.545
      vertex 8.25675 16.4 60.545
    endloop
  endfacet
  facet normal 0.454006 1.02313e-18 -0.890999
    outer loop
      vertex -10.15 -13.9 59.5803
      vertex -8.25675 13.9 60.545
      vertex -8.25675 -13.9 60.545
    endloop
  endfacet
  facet normal 0.454006 1.02313e-18 -0.890999
    outer loop
      vertex -8.25675 13.9 60.545
      vertex -10.15 -13.9 59.5803
      vertex -10.15 13.9 59.5803
    endloop
  endfacet
  facet normal -0.99863 0 0.052334
    outer loop
      vertex 20.1888 -16.4 39.8781
      vertex 20.3 16.4 42
      vertex 20.1888 16.4 39.8781
    endloop
  endfacet
  facet normal -0.99863 0 0.052334
    outer loop
      vertex 20.3 16.4 42
      vertex 20.1888 -16.4 39.8781
      vertex 20.3 -16.4 42
    endloop
  endfacet
  facet normal -0.838659 -2.71345e-05 -0.544657
    outer loop
      vertex 17.5803 16.4 52.15
      vertex 16.8986 13.9 53.1998
      vertex 16.423 16.4 53.932
    endloop
  endfacet
  facet normal -0.838688 1.1252e-18 -0.544612
    outer loop
      vertex 17.5803 16.4 52.15
      vertex 16.8986 -13.9 53.1998
      vertex 16.8986 13.9 53.1998
    endloop
  endfacet
  facet normal -0.838688 0 -0.544612
    outer loop
      vertex 17.5803 -16.4 52.15
      vertex 16.8986 -13.9 53.1998
      vertex 17.5803 16.4 52.15
    endloop
  endfacet
  facet normal -0.838659 2.71345e-05 -0.544657
    outer loop
      vertex 16.423 -16.4 53.932
      vertex 16.8986 -13.9 53.1998
      vertex 17.5803 -16.4 52.15
    endloop
  endfacet
  facet normal -0.838616 7.30627e-18 -0.544723
    outer loop
      vertex 16.8986 -13.9 53.1998
      vertex 16.423 -16.4 53.932
      vertex 16.423 -13.9 53.932
    endloop
  endfacet
  facet normal -0.838616 -0 -0.544723
    outer loop
      vertex 16.423 16.4 53.932
      vertex 16.8986 13.9 53.1998
      vertex 16.423 13.9 53.932
    endloop
  endfacet
  facet normal -0.707107 0 0.707107
    outer loop
      vertex 13.5834 -16.4 26.9142
      vertex 15.0858 16.4 28.4166
      vertex 13.5834 16.4 26.9142
    endloop
  endfacet
  facet normal -0.707107 0 0.707107
    outer loop
      vertex 15.0858 16.4 28.4166
      vertex 13.5834 -16.4 26.9142
      vertex 15.0858 -16.4 28.4166
    endloop
  endfacet
  facet normal -0.933598 0 -0.358323
    outer loop
      vertex 19.3064 -16.4 48.273
      vertex 18.545 16.4 50.2568
      vertex 19.3064 16.4 48.273
    endloop
  endfacet
  facet normal -0.933598 -0 -0.358323
    outer loop
      vertex 18.545 16.4 50.2568
      vertex 19.3064 -16.4 48.273
      vertex 18.545 -16.4 50.2568
    endloop
  endfacet
  facet normal 0.890994 0 -0.454015
    outer loop
      vertex -17.5803 -13.9 52.15
      vertex -18.545 13.9 50.2568
      vertex -17.5803 13.9 52.15
    endloop
  endfacet
  facet normal 0.890994 0 -0.454015
    outer loop
      vertex -18.545 13.9 50.2568
      vertex -17.5803 -13.9 52.15
      vertex -18.545 -13.9 50.2568
    endloop
  endfacet
  facet normal -0.544657 1.79732e-18 0.838659
    outer loop
      vertex 10.15 16.4 24.4197
      vertex 11.932 -16.4 25.577
      vertex 11.932 16.4 25.577
    endloop
  endfacet
  facet normal -0.544657 1.79732e-18 0.838659
    outer loop
      vertex 11.932 -16.4 25.577
      vertex 10.15 16.4 24.4197
      vertex 10.15 -16.4 24.4197
    endloop
  endfacet
  facet normal -0.358337 -1.03516e-18 0.933592
    outer loop
      vertex 6.27304 16.4 22.6936
      vertex 8.25675 -16.4 23.455
      vertex 8.25675 16.4 23.455
    endloop
  endfacet
  facet normal -0.358337 -1.03516e-18 0.933592
    outer loop
      vertex 8.25675 -16.4 23.455
      vertex 6.27304 16.4 22.6936
      vertex 6.27304 -16.4 22.6936
    endloop
  endfacet
  facet normal -0.454006 8.67163e-19 0.890999
    outer loop
      vertex 8.25675 16.4 23.455
      vertex 10.15 -16.4 24.4197
      vertex 10.15 16.4 24.4197
    endloop
  endfacet
  facet normal -0.454006 8.67163e-19 0.890999
    outer loop
      vertex 10.15 -16.4 24.4197
      vertex 8.25675 16.4 23.455
      vertex 8.25675 -16.4 23.455
    endloop
  endfacet
  facet normal -0.933598 0 0.358323
    outer loop
      vertex 18.545 -16.4 33.7432
      vertex 19.3064 16.4 35.727
      vertex 18.545 16.4 33.7432
    endloop
  endfacet
  facet normal -0.933598 0 0.358323
    outer loop
      vertex 19.3064 16.4 35.727
      vertex 18.545 -16.4 33.7432
      vertex 19.3064 -16.4 35.727
    endloop
  endfacet
  facet normal -0.629298 -4.02841e-17 -0.777164
    outer loop
      vertex 11.932 -16.4 58.423
      vertex 13.5834 -13.9 57.0858
      vertex 13.5834 -16.4 57.0858
    endloop
  endfacet
  facet normal -0.629298 -4.02841e-17 -0.777164
    outer loop
      vertex 13.5834 -13.9 57.0858
      vertex 11.932 -16.4 58.423
      vertex 11.932 -13.9 58.423
    endloop
  endfacet
  facet normal -0.629298 -4.02841e-17 -0.777164
    outer loop
      vertex 11.932 13.9 58.423
      vertex 13.5834 16.4 57.0858
      vertex 13.5834 13.9 57.0858
    endloop
  endfacet
  facet normal -0.629298 -4.02841e-17 -0.777164
    outer loop
      vertex 13.5834 16.4 57.0858
      vertex 11.932 13.9 58.423
      vertex 11.932 16.4 58.423
    endloop
  endfacet
  facet normal 0.629298 3.62267e-18 -0.777164
    outer loop
      vertex -13.5834 -13.9 57.0858
      vertex -11.932 13.9 58.423
      vertex -11.932 -13.9 58.423
    endloop
  endfacet
  facet normal 0.629298 3.62267e-18 -0.777164
    outer loop
      vertex -11.932 13.9 58.423
      vertex -13.5834 -13.9 57.0858
      vertex -13.5834 13.9 57.0858
    endloop
  endfacet
  facet normal 0.544657 1.95973e-19 -0.838659
    outer loop
      vertex -11.932 -13.9 58.423
      vertex -10.15 13.9 59.5803
      vertex -10.15 -13.9 59.5803
    endloop
  endfacet
  facet normal 0.544657 1.95973e-19 -0.838659
    outer loop
      vertex -10.15 13.9 59.5803
      vertex -11.932 -13.9 58.423
      vertex -11.932 13.9 58.423
    endloop
  endfacet
  facet normal -0.890994 0 0.454015
    outer loop
      vertex 17.5803 -16.4 31.85
      vertex 18.545 16.4 33.7432
      vertex 17.5803 16.4 31.85
    endloop
  endfacet
  facet normal -0.890994 0 0.454015
    outer loop
      vertex 18.545 16.4 33.7432
      vertex 17.5803 -16.4 31.85
      vertex 18.545 -16.4 33.7432
    endloop
  endfacet
  facet normal -0.258842 8.08172e-18 -0.96592
    outer loop
      vertex 4.22061 -16.4 61.8564
      vertex 6.27304 -13.9 61.3064
      vertex 6.27304 -16.4 61.3064
    endloop
  endfacet
  facet normal -0.258842 8.08172e-18 -0.96592
    outer loop
      vertex 6.27304 -13.9 61.3064
      vertex 4.22061 -16.4 61.8564
      vertex 4.22061 -13.9 61.8564
    endloop
  endfacet
  facet normal -0.258842 8.08172e-18 -0.96592
    outer loop
      vertex 4.22061 13.9 61.8564
      vertex 6.27304 16.4 61.3064
      vertex 6.27304 13.9 61.3064
    endloop
  endfacet
  facet normal -0.258842 8.08172e-18 -0.96592
    outer loop
      vertex 6.27304 16.4 61.3064
      vertex 4.22061 13.9 61.8564
      vertex 4.22061 16.4 61.8564
    endloop
  endfacet
  facet normal 0.25885 -7.40013e-19 0.965918
    outer loop
      vertex -5.99036 13.9 22.6178
      vertex -5 -13.9 22.3524
      vertex -5 13.9 22.3524
    endloop
  endfacet
  facet normal 0.25885 -7.40013e-19 0.965918
    outer loop
      vertex -5 -13.9 22.3524
      vertex -5.99036 13.9 22.6178
      vertex -5.99036 -13.9 22.6178
    endloop
  endfacet
  facet normal 0.258776 -0 0.965937
    outer loop
      vertex -5 13.9 22.3524
      vertex -4.22061 16.4 22.1436
      vertex -5 16.4 22.3524
    endloop
  endfacet
  facet normal 0.258776 0 0.965937
    outer loop
      vertex -4.22061 16.4 22.1436
      vertex -5 13.9 22.3524
      vertex -4.22061 -16.4 22.1436
    endloop
  endfacet
  facet normal 0.258776 -0 0.965937
    outer loop
      vertex -5 -13.9 22.3524
      vertex -4.22061 -16.4 22.1436
      vertex -5 13.9 22.3524
    endloop
  endfacet
  facet normal 0.258776 1.78428e-18 0.965937
    outer loop
      vertex -4.22061 -16.4 22.1436
      vertex -5 -13.9 22.3524
      vertex -5 -16.4 22.3524
    endloop
  endfacet
  facet normal 0.866025 0 -0.500001
    outer loop
      vertex 12.6304 -16.4 65.0765
      vertex 9.61466 -13.9 59.8531
      vertex 12.6304 -13.9 65.0765
    endloop
  endfacet
  facet normal 0.866025 0 -0.500001
    outer loop
      vertex 9.61466 -13.9 59.8531
      vertex 12.6304 -16.4 65.0765
      vertex 9.61466 -16.4 59.8531
    endloop
  endfacet
  facet normal 0.866025 0 -0.500001
    outer loop
      vertex 12.6304 13.9 65.0765
      vertex 9.61466 16.4 59.8531
      vertex 12.6304 16.4 65.0765
    endloop
  endfacet
  facet normal 0.866025 0 -0.500001
    outer loop
      vertex 9.61466 16.4 59.8531
      vertex 12.6304 13.9 65.0765
      vertex 9.61466 13.9 59.8531
    endloop
  endfacet
  facet normal -0.500011 1.50638e-17 -0.866019
    outer loop
      vertex 12.6304 -16.4 65.0765
      vertex 13.6696 -13.9 64.4765
      vertex 13.6696 -16.4 64.4765
    endloop
  endfacet
  facet normal -0.500011 1.50638e-17 -0.866019
    outer loop
      vertex 13.6696 -13.9 64.4765
      vertex 12.6304 -16.4 65.0765
      vertex 12.6304 -13.9 65.0765
    endloop
  endfacet
  facet normal -0.500011 1.50638e-17 -0.866019
    outer loop
      vertex 12.6304 13.9 65.0765
      vertex 13.6696 16.4 64.4765
      vertex 13.6696 13.9 64.4765
    endloop
  endfacet
  facet normal -0.500011 1.50638e-17 -0.866019
    outer loop
      vertex 13.6696 16.4 64.4765
      vertex 12.6304 13.9 65.0765
      vertex 12.6304 16.4 65.0765
    endloop
  endfacet
  facet normal -0.866028 0 0.499996
    outer loop
      vertex 10.6539 -16.4 59.2531
      vertex 13.6696 -13.9 64.4765
      vertex 10.6539 -13.9 59.2531
    endloop
  endfacet
  facet normal -0.866028 0 0.499996
    outer loop
      vertex 13.6696 -13.9 64.4765
      vertex 10.6539 -16.4 59.2531
      vertex 13.6696 -16.4 64.4765
    endloop
  endfacet
  facet normal -0.866028 0 0.499996
    outer loop
      vertex 10.6539 13.9 59.2531
      vertex 13.6696 16.4 64.4765
      vertex 10.6539 16.4 59.2531
    endloop
  endfacet
  facet normal -0.866028 0 0.499996
    outer loop
      vertex 13.6696 16.4 64.4765
      vertex 10.6539 13.9 59.2531
      vertex 13.6696 13.9 64.4765
    endloop
  endfacet
  facet normal -1 0 0
    outer loop
      vertex -23.5 -3.5 4.95
      vertex -23.5 3.5 64.3
      vertex -23.5 3.5 4.95
    endloop
  endfacet
  facet normal -1 -0 0
    outer loop
      vertex -23.5 3.5 64.3
      vertex -23.5 -3.5 4.95
      vertex -23.5 -3.5 64.3
    endloop
  endfacet
  facet normal 1 -0 0
    outer loop
      vertex -30.5 -3.5 64.3
      vertex -30.5 3.5 4.95
      vertex -30.5 3.5 64.3
    endloop
  endfacet
  facet normal 1 0 0
    outer loop
      vertex -30.5 3.5 4.95
      vertex -30.5 -3.5 64.3
      vertex -30.5 -3.5 4.95
    endloop
  endfacet
  facet normal 0 -1 0
    outer loop
      vertex -30.5 3.5 4.95
      vertex -23.5 3.5 64.3
      vertex -30.5 3.5 64.3
    endloop
  endfacet
  facet normal 0 -1 -0
    outer loop
      vertex -23.5 3.5 64.3
      vertex -30.5 3.5 4.95
      vertex -23.5 3.5 4.95
    endloop
  endfacet
  facet normal 0 1 -0
    outer loop
      vertex -23.5 -3.5 4.95
      vertex -30.5 -3.5 64.3
      vertex -23.5 -3.5 64.3
    endloop
  endfacet
  facet normal 0 1 0
    outer loop
      vertex -30.5 -3.5 64.3
      vertex -23.5 -3.5 4.95
      vertex -30.5 -3.5 4.95
    endloop
  endfacet
endsolid OpenSCAD_Model
