solid OpenSCAD_Model
  facet normal -0 0 1
    outer loop
      vertex 154.21 0 61
      vertex 155.822 -2 61
      vertex 155.822 0 61
    endloop
  endfacet
  facet normal 0 0 1
    outer loop
      vertex 155.822 -2 61
      vertex 154.21 0 61
      vertex 153.056 -2 61
    endloop
  endfacet
  facet normal 0 0 1
    outer loop
      vertex 164.178 -2 61
      vertex 165.79 0 61
      vertex 164.178 0 61
    endloop
  endfacet
  facet normal 0 0 1
    outer loop
      vertex 165.79 0 61
      vertex 164.178 -2 61
      vertex 166.944 -2 61
    endloop
  endfacet
  facet normal 1 -0 0
    outer loop
      vertex 167 -2 62
      vertex 167 0 47
      vertex 167 0 62
    endloop
  endfacet
  facet normal 1 0 0
    outer loop
      vertex 167 0 47
      vertex 167 -2 62
      vertex 167 -2 47
    endloop
  endfacet
  facet normal 0 0 -1
    outer loop
      vertex 153 -2 47
      vertex 167 0 47
      vertex 167 -2 47
    endloop
  endfacet
  facet normal -0 0 -1
    outer loop
      vertex 167 0 47
      vertex 153 -2 47
      vertex 153 0 47
    endloop
  endfacet
  facet normal -1 0 0
    outer loop
      vertex 153 -2 47
      vertex 153 0 62
      vertex 153 0 47
    endloop
  endfacet
  facet normal -1 -0 0
    outer loop
      vertex 153 0 62
      vertex 153 -2 47
      vertex 153 -2 62
    endloop
  endfacet
  facet normal 0 -1 0
    outer loop
      vertex 153 -2 62
      vertex 153.056 -2 61
      vertex 153.056 -2 62
    endloop
  endfacet
  facet normal 0 -1 0
    outer loop
      vertex 153.056 -2 61
      vertex 155.794 -2 60.894
      vertex 155.822 -2 61
    endloop
  endfacet
  facet normal 0 -1 0
    outer loop
      vertex 153.056 -2 61
      vertex 155.724 -2 60.4495
      vertex 155.794 -2 60.894
    endloop
  endfacet
  facet normal 0 -1 0
    outer loop
      vertex 153.056 -2 61
      vertex 155.7 -2 60
      vertex 155.724 -2 60.4495
    endloop
  endfacet
  facet normal 0 -1 0
    outer loop
      vertex 153.056 -2 61
      vertex 155.724 -2 59.5505
      vertex 155.7 -2 60
    endloop
  endfacet
  facet normal 0 -1 0
    outer loop
      vertex 153.056 -2 61
      vertex 155.794 -2 59.106
      vertex 155.724 -2 59.5505
    endloop
  endfacet
  facet normal 0 -1 0
    outer loop
      vertex 153.056 -2 61
      vertex 155.91 -2 58.6712
      vertex 155.794 -2 59.106
    endloop
  endfacet
  facet normal 0 -1 0
    outer loop
      vertex 153.056 -2 61
      vertex 156.072 -2 58.251
      vertex 155.91 -2 58.6712
    endloop
  endfacet
  facet normal 0 -1 0
    outer loop
      vertex 153.056 -2 61
      vertex 156.276 -2 57.85
      vertex 156.072 -2 58.251
    endloop
  endfacet
  facet normal 0 -1 0
    outer loop
      vertex 153 -2 47
      vertex 156.276 -2 57.85
      vertex 153.056 -2 61
    endloop
  endfacet
  facet normal 0 -1 -0
    outer loop
      vertex 156.276 -2 57.85
      vertex 153 -2 47
      vertex 156.521 -2 57.4725
    endloop
  endfacet
  facet normal 0 -1 -0
    outer loop
      vertex 159.551 -2 55.7236
      vertex 153 -2 47
      vertex 160 -2 55.7
    endloop
  endfacet
  facet normal 0 -1 -0
    outer loop
      vertex 159.106 -2 55.794
      vertex 153 -2 47
      vertex 159.551 -2 55.7236
    endloop
  endfacet
  facet normal 0 -1 -0
    outer loop
      vertex 158.671 -2 55.9105
      vertex 153 -2 47
      vertex 159.106 -2 55.794
    endloop
  endfacet
  facet normal 0 -1 -0
    outer loop
      vertex 158.251 -2 56.0718
      vertex 153 -2 47
      vertex 158.671 -2 55.9105
    endloop
  endfacet
  facet normal 0 -1 -0
    outer loop
      vertex 157.85 -2 56.2761
      vertex 153 -2 47
      vertex 158.251 -2 56.0718
    endloop
  endfacet
  facet normal 0 -1 -0
    outer loop
      vertex 157.473 -2 56.5212
      vertex 153 -2 47
      vertex 157.85 -2 56.2761
    endloop
  endfacet
  facet normal 0 -1 -0
    outer loop
      vertex 157.123 -2 56.8045
      vertex 153 -2 47
      vertex 157.473 -2 56.5212
    endloop
  endfacet
  facet normal 0 -1 -0
    outer loop
      vertex 156.804 -2 57.1227
      vertex 153 -2 47
      vertex 157.123 -2 56.8045
    endloop
  endfacet
  facet normal 0 -1 -0
    outer loop
      vertex 156.521 -2 57.4725
      vertex 153 -2 47
      vertex 156.804 -2 57.1227
    endloop
  endfacet
  facet normal 0 -1 0
    outer loop
      vertex 153 -2 47
      vertex 153.056 -2 61
      vertex 153 -2 62
    endloop
  endfacet
  facet normal 0 -1 0
    outer loop
      vertex 164.178 -2 61
      vertex 164.206 -2 60.894
      vertex 166.944 -2 61
    endloop
  endfacet
  facet normal 0 -1 0
    outer loop
      vertex 166.944 -2 61
      vertex 167 -2 62
      vertex 166.944 -2 62
    endloop
  endfacet
  facet normal 0 -1 0
    outer loop
      vertex 164.276 -2 60.4495
      vertex 166.944 -2 61
      vertex 164.206 -2 60.894
    endloop
  endfacet
  facet normal 0 -1 0
    outer loop
      vertex 164.3 -2 60
      vertex 166.944 -2 61
      vertex 164.276 -2 60.4495
    endloop
  endfacet
  facet normal 0 -1 0
    outer loop
      vertex 164.276 -2 59.5505
      vertex 166.944 -2 61
      vertex 164.3 -2 60
    endloop
  endfacet
  facet normal 0 -1 0
    outer loop
      vertex 164.206 -2 59.106
      vertex 166.944 -2 61
      vertex 164.276 -2 59.5505
    endloop
  endfacet
  facet normal 0 -1 0
    outer loop
      vertex 164.09 -2 58.6712
      vertex 166.944 -2 61
      vertex 164.206 -2 59.106
    endloop
  endfacet
  facet normal 0 -1 0
    outer loop
      vertex 163.928 -2 58.251
      vertex 166.944 -2 61
      vertex 164.09 -2 58.6712
    endloop
  endfacet
  facet normal 0 -1 0
    outer loop
      vertex 163.724 -2 57.85
      vertex 166.944 -2 61
      vertex 163.928 -2 58.251
    endloop
  endfacet
  facet normal 0 -1 0
    outer loop
      vertex 167 -2 47
      vertex 163.724 -2 57.85
      vertex 163.479 -2 57.4725
    endloop
  endfacet
  facet normal 0 -1 0
    outer loop
      vertex 167 -2 47
      vertex 163.479 -2 57.4725
      vertex 163.196 -2 57.1227
    endloop
  endfacet
  facet normal 0 -1 0
    outer loop
      vertex 167 -2 47
      vertex 160 -2 55.7
      vertex 153 -2 47
    endloop
  endfacet
  facet normal 0 -1 0
    outer loop
      vertex 160 -2 55.7
      vertex 167 -2 47
      vertex 160.449 -2 55.7236
    endloop
  endfacet
  facet normal 0 -1 0
    outer loop
      vertex 160.449 -2 55.7236
      vertex 167 -2 47
      vertex 160.894 -2 55.794
    endloop
  endfacet
  facet normal 0 -1 0
    outer loop
      vertex 160.894 -2 55.794
      vertex 167 -2 47
      vertex 161.329 -2 55.9105
    endloop
  endfacet
  facet normal 0 -1 0
    outer loop
      vertex 161.329 -2 55.9105
      vertex 167 -2 47
      vertex 161.749 -2 56.0718
    endloop
  endfacet
  facet normal 0 -1 0
    outer loop
      vertex 161.749 -2 56.0718
      vertex 167 -2 47
      vertex 162.15 -2 56.2761
    endloop
  endfacet
  facet normal 0 -1 0
    outer loop
      vertex 162.15 -2 56.2761
      vertex 167 -2 47
      vertex 162.527 -2 56.5212
    endloop
  endfacet
  facet normal 0 -1 0
    outer loop
      vertex 166.944 -2 61
      vertex 167 -2 47
      vertex 167 -2 62
    endloop
  endfacet
  facet normal 0 -1 0
    outer loop
      vertex 163.724 -2 57.85
      vertex 167 -2 47
      vertex 166.944 -2 61
    endloop
  endfacet
  facet normal 0 -1 0
    outer loop
      vertex 162.877 -2 56.8045
      vertex 167 -2 47
      vertex 163.196 -2 57.1227
    endloop
  endfacet
  facet normal 0 -1 0
    outer loop
      vertex 162.527 -2 56.5212
      vertex 167 -2 47
      vertex 162.877 -2 56.8045
    endloop
  endfacet
  facet normal -0 0 1
    outer loop
      vertex 153 0 62
      vertex 153.056 -2 62
      vertex 154.21 0 62
    endloop
  endfacet
  facet normal 0 0 1
    outer loop
      vertex 153.056 -2 62
      vertex 153 0 62
      vertex 153 -2 62
    endloop
  endfacet
  facet normal 0 0 1
    outer loop
      vertex 167 0 62
      vertex 166.944 -2 62
      vertex 167 -2 62
    endloop
  endfacet
  facet normal 0 -0 1
    outer loop
      vertex 166.944 -2 62
      vertex 167 0 62
      vertex 165.79 0 62
    endloop
  endfacet
  facet normal 0.866157 -0.499772 0
    outer loop
      vertex 153.056 -2 62
      vertex 154.21 0 61
      vertex 154.21 0 62
    endloop
  endfacet
  facet normal 0.866157 -0.499772 0
    outer loop
      vertex 154.21 0 61
      vertex 153.056 -2 62
      vertex 153.056 -2 61
    endloop
  endfacet
  facet normal -0.866157 -0.499772 0
    outer loop
      vertex 166.944 -2 61
      vertex 165.79 0 62
      vertex 165.79 0 61
    endloop
  endfacet
  facet normal -0.866157 -0.499772 0
    outer loop
      vertex 165.79 0 62
      vertex 166.944 -2 61
      vertex 166.944 -2 62
    endloop
  endfacet
  facet normal -0.987826 0 -0.155563
    outer loop
      vertex 164.276 -2 60.4495
      vertex 164.206 3 60.894
      vertex 164.276 3 60.4495
    endloop
  endfacet
  facet normal -0.987826 -0 -0.155563
    outer loop
      vertex 164.206 3 60.894
      vertex 164.276 -2 60.4495
      vertex 164.206 -2 60.894
    endloop
  endfacet
  facet normal -0.998578 0 -0.0533167
    outer loop
      vertex 164.3 -2 60
      vertex 164.276 3 60.4495
      vertex 164.3 3 60
    endloop
  endfacet
  facet normal -0.998578 -0 -0.0533167
    outer loop
      vertex 164.276 3 60.4495
      vertex 164.3 -2 60
      vertex 164.276 -2 60.4495
    endloop
  endfacet
  facet normal -0.933059 0 0.359723
    outer loop
      vertex 163.928 -2 58.251
      vertex 164.09 3 58.6712
      vertex 163.928 3 58.251
    endloop
  endfacet
  facet normal -0.933059 0 0.359723
    outer loop
      vertex 164.09 3 58.6712
      vertex 163.928 -2 58.251
      vertex 164.09 -2 58.6712
    endloop
  endfacet
  facet normal -0.0524888 2.14637e-19 0.998622
    outer loop
      vertex 160 3 55.7
      vertex 160.449 -2 55.7236
      vertex 160.449 3 55.7236
    endloop
  endfacet
  facet normal -0.0524888 2.14637e-19 0.998622
    outer loop
      vertex 160.449 -2 55.7236
      vertex 160 3 55.7
      vertex 160 -2 55.7
    endloop
  endfacet
  facet normal -0.966205 -9.00725e-05 -0.257773
    outer loop
      vertex 164.206 3 60.894
      vertex 164.178 0 61
      vertex 164.09 3 61.3288
    endloop
  endfacet
  facet normal -0.966838 0 -0.255391
    outer loop
      vertex 164.206 -2 60.894
      vertex 164.178 0 61
      vertex 164.206 3 60.894
    endloop
  endfacet
  facet normal -0.966838 -0 -0.255391
    outer loop
      vertex 164.178 0 61
      vertex 164.206 -2 60.894
      vertex 164.178 -2 61
    endloop
  endfacet
  facet normal -0.966 -0 -0.25854
    outer loop
      vertex 164.09 3 61.3288
      vertex 164.178 0 61
      vertex 164.09 0 61.3288
    endloop
  endfacet
  facet normal 0.933059 -0 0.359723
    outer loop
      vertex 155.91 -2 58.6712
      vertex 156.072 3 58.251
      vertex 155.91 3 58.6712
    endloop
  endfacet
  facet normal 0.933059 0 0.359723
    outer loop
      vertex 156.072 3 58.251
      vertex 155.91 -2 58.6712
      vertex 156.072 -2 58.251
    endloop
  endfacet
  facet normal 0.891294 -0 0.453426
    outer loop
      vertex 156.072 -2 58.251
      vertex 156.276 3 57.85
      vertex 156.072 3 58.251
    endloop
  endfacet
  facet normal 0.891294 0 0.453426
    outer loop
      vertex 156.276 3 57.85
      vertex 156.072 -2 58.251
      vertex 156.276 -2 57.85
    endloop
  endfacet
  facet normal 0.706218 2.6786e-18 0.707994
    outer loop
      vertex 156.804 3 57.1227
      vertex 157.123 -2 56.8045
      vertex 157.123 3 56.8045
    endloop
  endfacet
  facet normal 0.706218 2.6786e-18 0.707994
    outer loop
      vertex 157.123 -2 56.8045
      vertex 156.804 3 57.1227
      vertex 156.804 -2 57.1227
    endloop
  endfacet
  facet normal -0.777431 0 0.628968
    outer loop
      vertex 163.196 -2 57.1227
      vertex 163.479 3 57.4725
      vertex 163.196 3 57.1227
    endloop
  endfacet
  facet normal -0.777431 0 0.628968
    outer loop
      vertex 163.479 3 57.4725
      vertex 163.196 -2 57.1227
      vertex 163.479 -2 57.4725
    endloop
  endfacet
  facet normal 0.777431 -0 0.628968
    outer loop
      vertex 156.521 -2 57.4725
      vertex 156.804 3 57.1227
      vertex 156.521 3 57.4725
    endloop
  endfacet
  facet normal 0.777431 0 0.628968
    outer loop
      vertex 156.804 3 57.1227
      vertex 156.521 -2 57.4725
      vertex 156.804 -2 57.1227
    endloop
  endfacet
  facet normal -0.258699 1.27804e-18 0.965958
    outer loop
      vertex 160.894 3 55.794
      vertex 161.329 -2 55.9105
      vertex 161.329 3 55.9105
    endloop
  endfacet
  facet normal -0.258699 1.27804e-18 0.965958
    outer loop
      vertex 161.329 -2 55.9105
      vertex 160.894 3 55.794
      vertex 160.894 -2 55.794
    endloop
  endfacet
  facet normal 0.629154 2.54449e-19 0.777281
    outer loop
      vertex 157.123 3 56.8045
      vertex 157.473 -2 56.5212
      vertex 157.473 3 56.5212
    endloop
  endfacet
  facet normal 0.629154 2.54449e-19 0.777281
    outer loop
      vertex 157.473 -2 56.5212
      vertex 157.123 3 56.8045
      vertex 157.123 -2 56.8045
    endloop
  endfacet
  facet normal -0.998578 0 0.0533167
    outer loop
      vertex 164.276 -2 59.5505
      vertex 164.3 3 60
      vertex 164.276 3 59.5505
    endloop
  endfacet
  facet normal -0.998578 0 0.0533167
    outer loop
      vertex 164.3 3 60
      vertex 164.276 -2 59.5505
      vertex 164.3 -2 60
    endloop
  endfacet
  facet normal -0.629154 -2.54449e-19 0.777281
    outer loop
      vertex 162.527 3 56.5212
      vertex 162.877 -2 56.8045
      vertex 162.877 3 56.8045
    endloop
  endfacet
  facet normal -0.629154 -2.54449e-19 0.777281
    outer loop
      vertex 162.877 -2 56.8045
      vertex 162.527 3 56.5212
      vertex 162.527 -2 56.5212
    endloop
  endfacet
  facet normal -0.545067 4.89923e-19 0.838393
    outer loop
      vertex 162.15 3 56.2761
      vertex 162.527 -2 56.5212
      vertex 162.527 3 56.5212
    endloop
  endfacet
  facet normal -0.545067 4.89923e-19 0.838393
    outer loop
      vertex 162.527 -2 56.5212
      vertex 162.15 3 56.2761
      vertex 162.15 -2 56.2761
    endloop
  endfacet
  facet normal -0.706218 -2.6786e-18 0.707994
    outer loop
      vertex 162.877 3 56.8045
      vertex 163.196 -2 57.1227
      vertex 163.196 3 57.1227
    endloop
  endfacet
  facet normal -0.706218 -2.6786e-18 0.707994
    outer loop
      vertex 163.196 -2 57.1227
      vertex 162.877 3 56.8045
      vertex 162.877 -2 56.8045
    endloop
  endfacet
  facet normal -0.156259 -1.85311e-20 0.987716
    outer loop
      vertex 160.449 3 55.7236
      vertex 160.894 -2 55.794
      vertex 160.894 3 55.794
    endloop
  endfacet
  facet normal -0.156259 -1.85311e-20 0.987716
    outer loop
      vertex 160.894 -2 55.794
      vertex 160.449 3 55.7236
      vertex 160.449 -2 55.7236
    endloop
  endfacet
  facet normal -0.987826 0 0.155563
    outer loop
      vertex 164.206 -2 59.106
      vertex 164.276 3 59.5505
      vertex 164.206 3 59.106
    endloop
  endfacet
  facet normal -0.987826 0 0.155563
    outer loop
      vertex 164.276 3 59.5505
      vertex 164.206 -2 59.106
      vertex 164.276 -2 59.5505
    endloop
  endfacet
  facet normal -0.453956 -1.29788e-18 0.891024
    outer loop
      vertex 161.749 3 56.0718
      vertex 162.15 -2 56.2761
      vertex 162.15 3 56.2761
    endloop
  endfacet
  facet normal -0.453956 -1.29788e-18 0.891024
    outer loop
      vertex 162.15 -2 56.2761
      vertex 161.749 3 56.0718
      vertex 161.749 -2 56.0718
    endloop
  endfacet
  facet normal -0.966205 0 0.257773
    outer loop
      vertex 164.09 -2 58.6712
      vertex 164.206 3 59.106
      vertex 164.09 3 58.6712
    endloop
  endfacet
  facet normal -0.966205 0 0.257773
    outer loop
      vertex 164.206 3 59.106
      vertex 164.09 -2 58.6712
      vertex 164.206 -2 59.106
    endloop
  endfacet
  facet normal 0.966 5.6268e-19 -0.25854
    outer loop
      vertex 155.822 0 61
      vertex 155.91 3 61.3288
      vertex 155.91 0 61.3288
    endloop
  endfacet
  facet normal 0.966205 -9.00725e-05 -0.257773
    outer loop
      vertex 155.91 3 61.3288
      vertex 155.822 0 61
      vertex 155.794 3 60.894
    endloop
  endfacet
  facet normal 0.966838 -3.51135e-19 -0.255391
    outer loop
      vertex 155.794 -2 60.894
      vertex 155.822 0 61
      vertex 155.822 -2 61
    endloop
  endfacet
  facet normal 0.966838 -1.40454e-19 -0.255391
    outer loop
      vertex 155.822 0 61
      vertex 155.794 -2 60.894
      vertex 155.794 3 60.894
    endloop
  endfacet
  facet normal -0.838824 0 0.544402
    outer loop
      vertex 163.479 -2 57.4725
      vertex 163.724 3 57.85
      vertex 163.479 3 57.4725
    endloop
  endfacet
  facet normal -0.838824 0 0.544402
    outer loop
      vertex 163.724 3 57.85
      vertex 163.479 -2 57.4725
      vertex 163.724 -2 57.85
    endloop
  endfacet
  facet normal 0.358517 -1.53824e-18 0.933523
    outer loop
      vertex 158.251 3 56.0718
      vertex 158.671 -2 55.9105
      vertex 158.671 3 55.9105
    endloop
  endfacet
  facet normal 0.358517 -1.53824e-18 0.933523
    outer loop
      vertex 158.671 -2 55.9105
      vertex 158.251 3 56.0718
      vertex 158.251 -2 56.0718
    endloop
  endfacet
  facet normal 0.0524888 -2.14637e-19 0.998622
    outer loop
      vertex 159.551 3 55.7236
      vertex 160 -2 55.7
      vertex 160 3 55.7
    endloop
  endfacet
  facet normal 0.0524888 -2.14637e-19 0.998622
    outer loop
      vertex 160 -2 55.7
      vertex 159.551 3 55.7236
      vertex 159.551 -2 55.7236
    endloop
  endfacet
  facet normal -0.358517 1.53824e-18 0.933523
    outer loop
      vertex 161.329 3 55.9105
      vertex 161.749 -2 56.0718
      vertex 161.749 3 56.0718
    endloop
  endfacet
  facet normal -0.358517 1.53824e-18 0.933523
    outer loop
      vertex 161.749 -2 56.0718
      vertex 161.329 3 55.9105
      vertex 161.329 -2 55.9105
    endloop
  endfacet
  facet normal 0.987826 -0 0.155563
    outer loop
      vertex 155.724 -2 59.5505
      vertex 155.794 3 59.106
      vertex 155.724 3 59.5505
    endloop
  endfacet
  facet normal 0.987826 0 0.155563
    outer loop
      vertex 155.794 3 59.106
      vertex 155.724 -2 59.5505
      vertex 155.794 -2 59.106
    endloop
  endfacet
  facet normal 0.966205 -0 0.257773
    outer loop
      vertex 155.794 -2 59.106
      vertex 155.91 3 58.6712
      vertex 155.794 3 59.106
    endloop
  endfacet
  facet normal 0.966205 0 0.257773
    outer loop
      vertex 155.91 3 58.6712
      vertex 155.794 -2 59.106
      vertex 155.91 -2 58.6712
    endloop
  endfacet
  facet normal 0.545067 -4.89923e-19 0.838393
    outer loop
      vertex 157.473 3 56.5212
      vertex 157.85 -2 56.2761
      vertex 157.85 3 56.2761
    endloop
  endfacet
  facet normal 0.545067 -4.89923e-19 0.838393
    outer loop
      vertex 157.85 -2 56.2761
      vertex 157.473 3 56.5212
      vertex 157.473 -2 56.5212
    endloop
  endfacet
  facet normal 0.156259 1.85311e-20 0.987716
    outer loop
      vertex 159.106 3 55.794
      vertex 159.551 -2 55.7236
      vertex 159.551 3 55.7236
    endloop
  endfacet
  facet normal 0.156259 1.85311e-20 0.987716
    outer loop
      vertex 159.551 -2 55.7236
      vertex 159.106 3 55.794
      vertex 159.106 -2 55.794
    endloop
  endfacet
  facet normal 0.987826 0 -0.155563
    outer loop
      vertex 155.794 -2 60.894
      vertex 155.724 3 60.4495
      vertex 155.794 3 60.894
    endloop
  endfacet
  facet normal 0.987826 0 -0.155563
    outer loop
      vertex 155.724 3 60.4495
      vertex 155.794 -2 60.894
      vertex 155.724 -2 60.4495
    endloop
  endfacet
  facet normal -0.891294 0 0.453426
    outer loop
      vertex 163.724 -2 57.85
      vertex 163.928 3 58.251
      vertex 163.724 3 57.85
    endloop
  endfacet
  facet normal -0.891294 0 0.453426
    outer loop
      vertex 163.928 3 58.251
      vertex 163.724 -2 57.85
      vertex 163.928 -2 58.251
    endloop
  endfacet
  facet normal 0.838824 -0 0.544402
    outer loop
      vertex 156.276 -2 57.85
      vertex 156.521 3 57.4725
      vertex 156.276 3 57.85
    endloop
  endfacet
  facet normal 0.838824 0 0.544402
    outer loop
      vertex 156.521 3 57.4725
      vertex 156.276 -2 57.85
      vertex 156.521 -2 57.4725
    endloop
  endfacet
  facet normal 0.998578 0 -0.0533167
    outer loop
      vertex 155.724 -2 60.4495
      vertex 155.7 3 60
      vertex 155.724 3 60.4495
    endloop
  endfacet
  facet normal 0.998578 0 -0.0533167
    outer loop
      vertex 155.7 3 60
      vertex 155.724 -2 60.4495
      vertex 155.7 -2 60
    endloop
  endfacet
  facet normal 0.998578 -0 0.0533167
    outer loop
      vertex 155.7 -2 60
      vertex 155.724 3 59.5505
      vertex 155.7 3 60
    endloop
  endfacet
  facet normal 0.998578 0 0.0533167
    outer loop
      vertex 155.724 3 59.5505
      vertex 155.7 -2 60
      vertex 155.724 -2 59.5505
    endloop
  endfacet
  facet normal 0.258699 -1.27804e-18 0.965958
    outer loop
      vertex 158.671 3 55.9105
      vertex 159.106 -2 55.794
      vertex 159.106 3 55.794
    endloop
  endfacet
  facet normal 0.258699 -1.27804e-18 0.965958
    outer loop
      vertex 159.106 -2 55.794
      vertex 158.671 3 55.9105
      vertex 158.671 -2 55.9105
    endloop
  endfacet
  facet normal 0.453956 1.29788e-18 0.891024
    outer loop
      vertex 157.85 3 56.2761
      vertex 158.251 -2 56.0718
      vertex 158.251 3 56.0718
    endloop
  endfacet
  facet normal 0.453956 1.29788e-18 0.891024
    outer loop
      vertex 158.251 -2 56.0718
      vertex 157.85 3 56.2761
      vertex 157.85 -2 56.2761
    endloop
  endfacet
  facet normal -0 0 1
    outer loop
      vertex 94.2102 0 61
      vertex 95.1382 -2 61
      vertex 95.1382 0 61
    endloop
  endfacet
  facet normal 0 0 1
    outer loop
      vertex 95.1382 -2 61
      vertex 94.2102 0 61
      vertex 93.0555 -2 61
    endloop
  endfacet
  facet normal 0 0 1
    outer loop
      vertex 104.862 -2 61
      vertex 105.79 0 61
      vertex 104.862 0 61
    endloop
  endfacet
  facet normal 0 0 1
    outer loop
      vertex 105.79 0 61
      vertex 104.862 -2 61
      vertex 106.944 -2 61
    endloop
  endfacet
  facet normal 1 -0 0
    outer loop
      vertex 107 -2 62
      vertex 107 0 47
      vertex 107 0 62
    endloop
  endfacet
  facet normal 1 0 0
    outer loop
      vertex 107 0 47
      vertex 107 -2 62
      vertex 107 -2 47
    endloop
  endfacet
  facet normal 0 0 -1
    outer loop
      vertex 93 -2 47
      vertex 107 0 47
      vertex 107 -2 47
    endloop
  endfacet
  facet normal -0 0 -1
    outer loop
      vertex 107 0 47
      vertex 93 -2 47
      vertex 93 0 47
    endloop
  endfacet
  facet normal -1 0 0
    outer loop
      vertex 93 -2 47
      vertex 93 0 62
      vertex 93 0 47
    endloop
  endfacet
  facet normal -1 -0 0
    outer loop
      vertex 93 0 62
      vertex 93 -2 47
      vertex 93 -2 62
    endloop
  endfacet
  facet normal 0 -1 0
    outer loop
      vertex 93 -2 62
      vertex 93.0555 -2 61
      vertex 93.0555 -2 62
    endloop
  endfacet
  facet normal 0 -1 0
    outer loop
      vertex 93.0555 -2 61
      vertex 95.062 -2 60.519
      vertex 95.1382 -2 61
    endloop
  endfacet
  facet normal 0 -1 0
    outer loop
      vertex 93.0555 -2 61
      vertex 95.0348 -2 60
      vertex 95.062 -2 60.519
    endloop
  endfacet
  facet normal 0 -1 0
    outer loop
      vertex 93.0555 -2 61
      vertex 95.062 -2 59.481
      vertex 95.0348 -2 60
    endloop
  endfacet
  facet normal 0 -1 0
    outer loop
      vertex 93.0555 -2 61
      vertex 95.1433 -2 58.9677
      vertex 95.062 -2 59.481
    endloop
  endfacet
  facet normal 0 -1 0
    outer loop
      vertex 93.0555 -2 61
      vertex 95.2778 -2 58.4657
      vertex 95.1433 -2 58.9677
    endloop
  endfacet
  facet normal 0 -1 0
    outer loop
      vertex 93.0555 -2 61
      vertex 95.4641 -2 57.9805
      vertex 95.2778 -2 58.4657
    endloop
  endfacet
  facet normal 0 -1 0
    outer loop
      vertex 93 -2 47
      vertex 95.4641 -2 57.9805
      vertex 93.0555 -2 61
    endloop
  endfacet
  facet normal 0 -1 -0
    outer loop
      vertex 95.4641 -2 57.9805
      vertex 93 -2 47
      vertex 95.7 -2 57.5174
    endloop
  endfacet
  facet normal 0 -1 -0
    outer loop
      vertex 99.481 -2 55.062
      vertex 93 -2 47
      vertex 100 -2 55.0348
    endloop
  endfacet
  facet normal 0 -1 -0
    outer loop
      vertex 98.9677 -2 55.1433
      vertex 93 -2 47
      vertex 99.481 -2 55.062
    endloop
  endfacet
  facet normal 0 -1 -0
    outer loop
      vertex 98.4657 -2 55.2778
      vertex 93 -2 47
      vertex 98.9677 -2 55.1433
    endloop
  endfacet
  facet normal 0 -1 -0
    outer loop
      vertex 97.9805 -2 55.4641
      vertex 93 -2 47
      vertex 98.4657 -2 55.2778
    endloop
  endfacet
  facet normal 0 -1 -0
    outer loop
      vertex 97.5174 -2 55.7
      vertex 93 -2 47
      vertex 97.9805 -2 55.4641
    endloop
  endfacet
  facet normal 0 -1 -0
    outer loop
      vertex 97.0815 -2 55.9831
      vertex 93 -2 47
      vertex 97.5174 -2 55.7
    endloop
  endfacet
  facet normal 0 -1 -0
    outer loop
      vertex 96.6776 -2 56.3101
      vertex 93 -2 47
      vertex 97.0815 -2 55.9831
    endloop
  endfacet
  facet normal 0 -1 -0
    outer loop
      vertex 96.3101 -2 56.6776
      vertex 93 -2 47
      vertex 96.6776 -2 56.3101
    endloop
  endfacet
  facet normal 0 -1 -0
    outer loop
      vertex 95.9831 -2 57.0815
      vertex 93 -2 47
      vertex 96.3101 -2 56.6776
    endloop
  endfacet
  facet normal 0 -1 -0
    outer loop
      vertex 95.7 -2 57.5174
      vertex 93 -2 47
      vertex 95.9831 -2 57.0815
    endloop
  endfacet
  facet normal 0 -1 0
    outer loop
      vertex 93 -2 47
      vertex 93.0555 -2 61
      vertex 93 -2 62
    endloop
  endfacet
  facet normal 0 -1 0
    outer loop
      vertex 104.862 -2 61
      vertex 104.938 -2 60.519
      vertex 106.944 -2 61
    endloop
  endfacet
  facet normal 0 -1 0
    outer loop
      vertex 106.944 -2 61
      vertex 107 -2 62
      vertex 106.944 -2 62
    endloop
  endfacet
  facet normal 0 -1 0
    outer loop
      vertex 104.965 -2 60
      vertex 106.944 -2 61
      vertex 104.938 -2 60.519
    endloop
  endfacet
  facet normal 0 -1 0
    outer loop
      vertex 104.938 -2 59.481
      vertex 106.944 -2 61
      vertex 104.965 -2 60
    endloop
  endfacet
  facet normal 0 -1 0
    outer loop
      vertex 104.857 -2 58.9677
      vertex 106.944 -2 61
      vertex 104.938 -2 59.481
    endloop
  endfacet
  facet normal 0 -1 0
    outer loop
      vertex 104.722 -2 58.4657
      vertex 106.944 -2 61
      vertex 104.857 -2 58.9677
    endloop
  endfacet
  facet normal 0 -1 0
    outer loop
      vertex 104.536 -2 57.9805
      vertex 106.944 -2 61
      vertex 104.722 -2 58.4657
    endloop
  endfacet
  facet normal 0 -1 0
    outer loop
      vertex 107 -2 47
      vertex 104.536 -2 57.9805
      vertex 104.3 -2 57.5174
    endloop
  endfacet
  facet normal 0 -1 0
    outer loop
      vertex 107 -2 47
      vertex 104.3 -2 57.5174
      vertex 104.017 -2 57.0815
    endloop
  endfacet
  facet normal 0 -1 0
    outer loop
      vertex 107 -2 47
      vertex 100 -2 55.0348
      vertex 93 -2 47
    endloop
  endfacet
  facet normal 0 -1 0
    outer loop
      vertex 100 -2 55.0348
      vertex 107 -2 47
      vertex 100.519 -2 55.062
    endloop
  endfacet
  facet normal 0 -1 0
    outer loop
      vertex 100.519 -2 55.062
      vertex 107 -2 47
      vertex 101.032 -2 55.1433
    endloop
  endfacet
  facet normal 0 -1 0
    outer loop
      vertex 101.032 -2 55.1433
      vertex 107 -2 47
      vertex 101.534 -2 55.2778
    endloop
  endfacet
  facet normal 0 -1 0
    outer loop
      vertex 101.534 -2 55.2778
      vertex 107 -2 47
      vertex 102.02 -2 55.4641
    endloop
  endfacet
  facet normal 0 -1 0
    outer loop
      vertex 102.02 -2 55.4641
      vertex 107 -2 47
      vertex 102.483 -2 55.7
    endloop
  endfacet
  facet normal 0 -1 0
    outer loop
      vertex 102.483 -2 55.7
      vertex 107 -2 47
      vertex 102.918 -2 55.9831
    endloop
  endfacet
  facet normal 0 -1 0
    outer loop
      vertex 106.944 -2 61
      vertex 107 -2 47
      vertex 107 -2 62
    endloop
  endfacet
  facet normal 0 -1 0
    outer loop
      vertex 104.536 -2 57.9805
      vertex 107 -2 47
      vertex 106.944 -2 61
    endloop
  endfacet
  facet normal 0 -1 0
    outer loop
      vertex 103.69 -2 56.6776
      vertex 107 -2 47
      vertex 104.017 -2 57.0815
    endloop
  endfacet
  facet normal 0 -1 0
    outer loop
      vertex 103.322 -2 56.3101
      vertex 107 -2 47
      vertex 103.69 -2 56.6776
    endloop
  endfacet
  facet normal 0 -1 0
    outer loop
      vertex 102.918 -2 55.9831
      vertex 107 -2 47
      vertex 103.322 -2 56.3101
    endloop
  endfacet
  facet normal -0 0 1
    outer loop
      vertex 93 0 62
      vertex 93.0555 -2 62
      vertex 94.2102 0 62
    endloop
  endfacet
  facet normal 0 0 1
    outer loop
      vertex 93.0555 -2 62
      vertex 93 0 62
      vertex 93 -2 62
    endloop
  endfacet
  facet normal 0 0 1
    outer loop
      vertex 107 0 62
      vertex 106.944 -2 62
      vertex 107 -2 62
    endloop
  endfacet
  facet normal 0 -0 1
    outer loop
      vertex 106.944 -2 62
      vertex 107 0 62
      vertex 105.79 0 62
    endloop
  endfacet
  facet normal 0.866026 -0.5 0
    outer loop
      vertex 93.0555 -2 62
      vertex 94.2102 0 61
      vertex 94.2102 0 62
    endloop
  endfacet
  facet normal 0.866026 -0.5 0
    outer loop
      vertex 94.2102 0 61
      vertex 93.0555 -2 62
      vertex 93.0555 -2 61
    endloop
  endfacet
  facet normal -0.866157 -0.499772 0
    outer loop
      vertex 106.944 -2 61
      vertex 105.79 0 62
      vertex 105.79 0 61
    endloop
  endfacet
  facet normal -0.866157 -0.499772 0
    outer loop
      vertex 105.79 0 62
      vertex 106.944 -2 61
      vertex 106.944 -2 62
    endloop
  endfacet
  facet normal -0.156526 -4.10913e-19 0.987674
    outer loop
      vertex 100.519 0 55.062
      vertex 101.032 -2 55.1433
      vertex 101.032 0 55.1433
    endloop
  endfacet
  facet normal -0.156526 -4.10913e-19 0.987674
    outer loop
      vertex 101.032 -2 55.1433
      vertex 100.519 0 55.062
      vertex 100.519 -2 55.062
    endloop
  endfacet
  facet normal -0.987746 0 -0.156068
    outer loop
      vertex 104.938 -2 60.519
      vertex 104.862 0 61
      vertex 104.938 0 60.519
    endloop
  endfacet
  facet normal -0.987746 -0 -0.156068
    outer loop
      vertex 104.862 0 61
      vertex 104.938 -2 60.519
      vertex 104.862 -2 61
    endloop
  endfacet
  facet normal -0.99865 0 -0.0519529
    outer loop
      vertex 104.965 -2 60
      vertex 104.938 0 60.519
      vertex 104.965 0 60
    endloop
  endfacet
  facet normal -0.99865 -0 -0.0519529
    outer loop
      vertex 104.938 0 60.519
      vertex 104.965 -2 60
      vertex 104.938 -2 60.519
    endloop
  endfacet
  facet normal 0.933549 -0 0.35845
    outer loop
      vertex 95.2778 -2 58.4657
      vertex 95.4641 0 57.9805
      vertex 95.2778 0 58.4657
    endloop
  endfacet
  facet normal 0.933549 0 0.35845
    outer loop
      vertex 95.4641 0 57.9805
      vertex 95.2778 -2 58.4657
      vertex 95.4641 -2 57.9805
    endloop
  endfacet
  facet normal 0.35845 -4.2917e-18 0.933549
    outer loop
      vertex 97.9805 0 55.4641
      vertex 98.4657 -2 55.2778
      vertex 98.4657 0 55.2778
    endloop
  endfacet
  facet normal 0.35845 -4.2917e-18 0.933549
    outer loop
      vertex 98.4657 -2 55.2778
      vertex 97.9805 0 55.4641
      vertex 97.9805 -2 55.4641
    endloop
  endfacet
  facet normal -0.0523367 -1.2717e-19 0.998629
    outer loop
      vertex 100 0 55.0348
      vertex 100.519 -2 55.062
      vertex 100.519 0 55.062
    endloop
  endfacet
  facet normal -0.0523367 -1.2717e-19 0.998629
    outer loop
      vertex 100.519 -2 55.062
      vertex 100 0 55.0348
      vertex 100 -2 55.0348
    endloop
  endfacet
  facet normal 0.891054 -0 0.453897
    outer loop
      vertex 95.4641 -2 57.9805
      vertex 95.7 0 57.5174
      vertex 95.4641 0 57.9805
    endloop
  endfacet
  facet normal 0.891054 0 0.453897
    outer loop
      vertex 95.7 0 57.5174
      vertex 95.4641 -2 57.9805
      vertex 95.7 -2 57.5174
    endloop
  endfacet
  facet normal -0.987777 0 0.155874
    outer loop
      vertex 104.857 -2 58.9677
      vertex 104.938 0 59.481
      vertex 104.857 0 58.9677
    endloop
  endfacet
  facet normal -0.987777 0 0.155874
    outer loop
      vertex 104.938 0 59.481
      vertex 104.857 -2 58.9677
      vertex 104.938 -2 59.481
    endloop
  endfacet
  facet normal 0.998629 -0 0.0523367
    outer loop
      vertex 95.0348 -2 60
      vertex 95.062 0 59.481
      vertex 95.0348 0 60
    endloop
  endfacet
  facet normal 0.998629 0 0.0523367
    outer loop
      vertex 95.062 0 59.481
      vertex 95.0348 -2 60
      vertex 95.062 -2 59.481
    endloop
  endfacet
  facet normal -0.933742 0 0.357947
    outer loop
      vertex 104.536 -2 57.9805
      vertex 104.722 0 58.4657
      vertex 104.536 0 57.9805
    endloop
  endfacet
  facet normal -0.933742 0 0.357947
    outer loop
      vertex 104.722 0 58.4657
      vertex 104.536 -2 57.9805
      vertex 104.722 -2 58.4657
    endloop
  endfacet
  facet normal -0.357936 3.10727e-18 0.933746
    outer loop
      vertex 101.534 0 55.2778
      vertex 102.02 -2 55.4641
      vertex 102.02 0 55.4641
    endloop
  endfacet
  facet normal -0.357936 3.10727e-18 0.933746
    outer loop
      vertex 102.02 -2 55.4641
      vertex 101.534 0 55.2778
      vertex 101.534 -2 55.2778
    endloop
  endfacet
  facet normal -0.890976 0 0.45405
    outer loop
      vertex 104.3 -2 57.5174
      vertex 104.536 0 57.9805
      vertex 104.3 0 57.5174
    endloop
  endfacet
  facet normal -0.890976 0 0.45405
    outer loop
      vertex 104.536 0 57.9805
      vertex 104.3 -2 57.5174
      vertex 104.536 -2 57.9805
    endloop
  endfacet
  facet normal 0.777214 -0 0.629237
    outer loop
      vertex 95.9831 -2 57.0815
      vertex 96.3101 0 56.6776
      vertex 95.9831 0 57.0815
    endloop
  endfacet
  facet normal 0.777214 0 0.629237
    outer loop
      vertex 96.3101 0 56.6776
      vertex 95.9831 -2 57.0815
      vertex 96.3101 -2 56.6776
    endloop
  endfacet
  facet normal -0.777214 0 0.629237
    outer loop
      vertex 103.69 -2 56.6776
      vertex 104.017 0 57.0815
      vertex 103.69 0 56.6776
    endloop
  endfacet
  facet normal -0.777214 0 0.629237
    outer loop
      vertex 104.017 0 57.0815
      vertex 103.69 -2 56.6776
      vertex 104.017 -2 57.0815
    endloop
  endfacet
  facet normal -0.545462 4.58713e-18 0.838135
    outer loop
      vertex 102.483 0 55.7
      vertex 102.918 -2 55.9831
      vertex 102.918 0 55.9831
    endloop
  endfacet
  facet normal -0.545462 4.58713e-18 0.838135
    outer loop
      vertex 102.918 -2 55.9831
      vertex 102.483 0 55.7
      vertex 102.483 -2 55.7
    endloop
  endfacet
  facet normal 0.707107 5.4259e-18 0.707107
    outer loop
      vertex 96.3101 0 56.6776
      vertex 96.6776 -2 56.3101
      vertex 96.6776 0 56.3101
    endloop
  endfacet
  facet normal 0.707107 5.4259e-18 0.707107
    outer loop
      vertex 96.6776 -2 56.3101
      vertex 96.3101 0 56.6776
      vertex 96.3101 -2 56.6776
    endloop
  endfacet
  facet normal -0.838738 0 0.544535
    outer loop
      vertex 104.017 -2 57.0815
      vertex 104.3 0 57.5174
      vertex 104.017 0 57.0815
    endloop
  endfacet
  facet normal -0.838738 0 0.544535
    outer loop
      vertex 104.3 0 57.5174
      vertex 104.017 -2 57.0815
      vertex 104.3 -2 57.5174
    endloop
  endfacet
  facet normal -0.99865 0 0.0519529
    outer loop
      vertex 104.938 -2 59.481
      vertex 104.965 0 60
      vertex 104.938 0 59.481
    endloop
  endfacet
  facet normal -0.99865 0 0.0519529
    outer loop
      vertex 104.965 0 60
      vertex 104.938 -2 59.481
      vertex 104.965 -2 60
    endloop
  endfacet
  facet normal -0.2588 -6.1789e-18 0.965931
    outer loop
      vertex 101.032 0 55.1433
      vertex 101.534 -2 55.2778
      vertex 101.534 0 55.2778
    endloop
  endfacet
  facet normal -0.2588 -6.1789e-18 0.965931
    outer loop
      vertex 101.534 -2 55.2778
      vertex 101.032 0 55.1433
      vertex 101.032 -2 55.1433
    endloop
  endfacet
  facet normal 0.83865 -0 0.54467
    outer loop
      vertex 95.7 -2 57.5174
      vertex 95.9831 0 57.0815
      vertex 95.7 0 57.5174
    endloop
  endfacet
  facet normal 0.83865 0 0.54467
    outer loop
      vertex 95.9831 0 57.0815
      vertex 95.7 -2 57.5174
      vertex 95.9831 -2 57.0815
    endloop
  endfacet
  facet normal -0.96569 0 0.259698
    outer loop
      vertex 104.722 -2 58.4657
      vertex 104.857 0 58.9677
      vertex 104.722 0 58.4657
    endloop
  endfacet
  facet normal -0.96569 0 0.259698
    outer loop
      vertex 104.857 0 58.9677
      vertex 104.722 -2 58.4657
      vertex 104.857 -2 58.9677
    endloop
  endfacet
  facet normal 0.987688 -0 0.156437
    outer loop
      vertex 95.062 -2 59.481
      vertex 95.1433 0 58.9677
      vertex 95.062 0 59.481
    endloop
  endfacet
  facet normal 0.987688 0 0.156437
    outer loop
      vertex 95.1433 0 58.9677
      vertex 95.062 -2 59.481
      vertex 95.1433 -2 58.9677
    endloop
  endfacet
  facet normal -0.706626 8.45352e-19 0.707587
    outer loop
      vertex 103.322 0 56.3101
      vertex 103.69 -2 56.6776
      vertex 103.69 0 56.6776
    endloop
  endfacet
  facet normal -0.706626 8.45352e-19 0.707587
    outer loop
      vertex 103.69 -2 56.6776
      vertex 103.322 0 56.3101
      vertex 103.322 -2 56.3101
    endloop
  endfacet
  facet normal 0.987683 0 -0.156469
    outer loop
      vertex 95.1382 -2 61
      vertex 95.062 0 60.519
      vertex 95.1382 0 61
    endloop
  endfacet
  facet normal 0.987683 0 -0.156469
    outer loop
      vertex 95.062 0 60.519
      vertex 95.1382 -2 61
      vertex 95.062 -2 60.519
    endloop
  endfacet
  facet normal 0.965931 -0 0.2588
    outer loop
      vertex 95.1433 -2 58.9677
      vertex 95.2778 0 58.4657
      vertex 95.1433 0 58.9677
    endloop
  endfacet
  facet normal 0.965931 0 0.2588
    outer loop
      vertex 95.2778 0 58.4657
      vertex 95.1433 -2 58.9677
      vertex 95.2778 -2 58.4657
    endloop
  endfacet
  facet normal 0.0523367 1.2717e-19 0.998629
    outer loop
      vertex 99.481 0 55.062
      vertex 100 -2 55.0348
      vertex 100 0 55.0348
    endloop
  endfacet
  facet normal 0.0523367 1.2717e-19 0.998629
    outer loop
      vertex 100 -2 55.0348
      vertex 99.481 0 55.062
      vertex 99.481 -2 55.062
    endloop
  endfacet
  facet normal 0.453897 5.41819e-18 0.891054
    outer loop
      vertex 97.5174 0 55.7
      vertex 97.9805 -2 55.4641
      vertex 97.9805 0 55.4641
    endloop
  endfacet
  facet normal 0.453897 5.41819e-18 0.891054
    outer loop
      vertex 97.9805 -2 55.4641
      vertex 97.5174 0 55.7
      vertex 97.5174 -2 55.7
    endloop
  endfacet
  facet normal 0.629237 6.78272e-18 0.777214
    outer loop
      vertex 96.6776 0 56.3101
      vertex 97.0815 -2 55.9831
      vertex 97.0815 0 55.9831
    endloop
  endfacet
  facet normal 0.629237 6.78272e-18 0.777214
    outer loop
      vertex 97.0815 -2 55.9831
      vertex 96.6776 0 56.3101
      vertex 96.6776 -2 56.3101
    endloop
  endfacet
  facet normal 0.2588 2.54727e-18 0.965931
    outer loop
      vertex 98.4657 0 55.2778
      vertex 98.9677 -2 55.1433
      vertex 98.9677 0 55.1433
    endloop
  endfacet
  facet normal 0.2588 2.54727e-18 0.965931
    outer loop
      vertex 98.9677 -2 55.1433
      vertex 98.4657 0 55.2778
      vertex 98.4657 -2 55.2778
    endloop
  endfacet
  facet normal 0.54467 4.96235e-18 0.83865
    outer loop
      vertex 97.0815 0 55.9831
      vertex 97.5174 -2 55.7
      vertex 97.5174 0 55.7
    endloop
  endfacet
  facet normal 0.54467 4.96235e-18 0.83865
    outer loop
      vertex 97.5174 -2 55.7
      vertex 97.0815 0 55.9831
      vertex 97.0815 -2 55.9831
    endloop
  endfacet
  facet normal -0.453975 5.86202e-18 0.891015
    outer loop
      vertex 102.02 0 55.4641
      vertex 102.483 -2 55.7
      vertex 102.483 0 55.7
    endloop
  endfacet
  facet normal -0.453975 5.86202e-18 0.891015
    outer loop
      vertex 102.483 -2 55.7
      vertex 102.02 0 55.4641
      vertex 102.02 -2 55.4641
    endloop
  endfacet
  facet normal -0.629143 -1.20832e-17 0.77729
    outer loop
      vertex 102.918 0 55.9831
      vertex 103.322 -2 56.3101
      vertex 103.322 0 56.3101
    endloop
  endfacet
  facet normal -0.629143 -1.20832e-17 0.77729
    outer loop
      vertex 103.322 -2 56.3101
      vertex 102.918 0 55.9831
      vertex 102.918 -2 55.9831
    endloop
  endfacet
  facet normal 0.156437 -2.78059e-20 0.987688
    outer loop
      vertex 98.9677 0 55.1433
      vertex 99.481 -2 55.062
      vertex 99.481 0 55.062
    endloop
  endfacet
  facet normal 0.156437 -2.78059e-20 0.987688
    outer loop
      vertex 99.481 -2 55.062
      vertex 98.9677 0 55.1433
      vertex 98.9677 -2 55.1433
    endloop
  endfacet
  facet normal 0.998629 0 -0.0523367
    outer loop
      vertex 95.062 -2 60.519
      vertex 95.0348 0 60
      vertex 95.062 0 60.519
    endloop
  endfacet
  facet normal 0.998629 0 -0.0523367
    outer loop
      vertex 95.0348 0 60
      vertex 95.062 -2 60.519
      vertex 95.0348 -2 60
    endloop
  endfacet
  facet normal -0 0 1
    outer loop
      vertex 4.21021 0 66
      vertex 5.82236 -2 66
      vertex 5.82236 0 66
    endloop
  endfacet
  facet normal 0 0 1
    outer loop
      vertex 5.82236 -2 66
      vertex 4.21021 0 66
      vertex 3.05551 -2 66
    endloop
  endfacet
  facet normal 0 0 1
    outer loop
      vertex 14.1776 -2 66
      vertex 15.7898 0 66
      vertex 14.1776 0 66
    endloop
  endfacet
  facet normal 0 0 1
    outer loop
      vertex 15.7898 0 66
      vertex 14.1776 -2 66
      vertex 16.9445 -2 66
    endloop
  endfacet
  facet normal 1 -0 0
    outer loop
      vertex 17 -2 67
      vertex 17 0 55
      vertex 17 0 67
    endloop
  endfacet
  facet normal 1 0 0
    outer loop
      vertex 17 0 55
      vertex 17 -2 67
      vertex 17 -2 55
    endloop
  endfacet
  facet normal 0 0 -1
    outer loop
      vertex 3 -2 55
      vertex 17 0 55
      vertex 17 -2 55
    endloop
  endfacet
  facet normal -0 0 -1
    outer loop
      vertex 17 0 55
      vertex 3 -2 55
      vertex 3 0 55
    endloop
  endfacet
  facet normal -1 0 0
    outer loop
      vertex 3 -2 55
      vertex 3 0 67
      vertex 3 0 55
    endloop
  endfacet
  facet normal -1 -0 0
    outer loop
      vertex 3 0 67
      vertex 3 -2 55
      vertex 3 -2 67
    endloop
  endfacet
  facet normal 0 -1 0
    outer loop
      vertex 3 -2 67
      vertex 3.05551 -2 66
      vertex 3.05551 -2 67
    endloop
  endfacet
  facet normal 0 -1 0
    outer loop
      vertex 3.05551 -2 66
      vertex 5.79396 -2 65.894
      vertex 5.82236 -2 66
    endloop
  endfacet
  facet normal 0 -1 0
    outer loop
      vertex 3.05551 -2 66
      vertex 5.72356 -2 65.4495
      vertex 5.79396 -2 65.894
    endloop
  endfacet
  facet normal 0 -1 0
    outer loop
      vertex 3.05551 -2 66
      vertex 5.7 -2 65
      vertex 5.72356 -2 65.4495
    endloop
  endfacet
  facet normal 0 -1 0
    outer loop
      vertex 3.05551 -2 66
      vertex 5.72356 -2 64.5505
      vertex 5.7 -2 65
    endloop
  endfacet
  facet normal 0 -1 0
    outer loop
      vertex 3.05551 -2 66
      vertex 5.79396 -2 64.106
      vertex 5.72356 -2 64.5505
    endloop
  endfacet
  facet normal 0 -1 0
    outer loop
      vertex 3.05551 -2 66
      vertex 5.91046 -2 63.6712
      vertex 5.79396 -2 64.106
    endloop
  endfacet
  facet normal 0 -1 0
    outer loop
      vertex 3.05551 -2 66
      vertex 6.07175 -2 63.251
      vertex 5.91046 -2 63.6712
    endloop
  endfacet
  facet normal 0 -1 0
    outer loop
      vertex 3 -2 55
      vertex 6.07175 -2 63.251
      vertex 3.05551 -2 66
    endloop
  endfacet
  facet normal 0 -1 -0
    outer loop
      vertex 6.07175 -2 63.251
      vertex 3 -2 55
      vertex 6.27609 -2 62.85
    endloop
  endfacet
  facet normal 0 -1 -0
    outer loop
      vertex 6.27609 -2 62.85
      vertex 3 -2 55
      vertex 6.52123 -2 62.4725
    endloop
  endfacet
  facet normal 0 -1 -0
    outer loop
      vertex 9.55053 -2 60.7236
      vertex 3 -2 55
      vertex 10 -2 60.7
    endloop
  endfacet
  facet normal 0 -1 -0
    outer loop
      vertex 9.10598 -2 60.794
      vertex 3 -2 55
      vertex 9.55053 -2 60.7236
    endloop
  endfacet
  facet normal 0 -1 -0
    outer loop
      vertex 8.67123 -2 60.9105
      vertex 3 -2 55
      vertex 9.10598 -2 60.794
    endloop
  endfacet
  facet normal 0 -1 -0
    outer loop
      vertex 8.25103 -2 61.0718
      vertex 3 -2 55
      vertex 8.67123 -2 60.9105
    endloop
  endfacet
  facet normal 0 -1 -0
    outer loop
      vertex 7.85 -2 61.2761
      vertex 3 -2 55
      vertex 8.25103 -2 61.0718
    endloop
  endfacet
  facet normal 0 -1 -0
    outer loop
      vertex 7.47252 -2 61.5212
      vertex 3 -2 55
      vertex 7.85 -2 61.2761
    endloop
  endfacet
  facet normal 0 -1 -0
    outer loop
      vertex 7.12274 -2 61.8045
      vertex 3 -2 55
      vertex 7.47252 -2 61.5212
    endloop
  endfacet
  facet normal 0 -1 -0
    outer loop
      vertex 6.80448 -2 62.1227
      vertex 3 -2 55
      vertex 7.12274 -2 61.8045
    endloop
  endfacet
  facet normal 0 -1 -0
    outer loop
      vertex 6.52123 -2 62.4725
      vertex 3 -2 55
      vertex 6.80448 -2 62.1227
    endloop
  endfacet
  facet normal 0 -1 0
    outer loop
      vertex 3 -2 55
      vertex 3.05551 -2 66
      vertex 3 -2 67
    endloop
  endfacet
  facet normal 0 -1 0
    outer loop
      vertex 14.1776 -2 66
      vertex 14.206 -2 65.894
      vertex 16.9445 -2 66
    endloop
  endfacet
  facet normal 0 -1 0
    outer loop
      vertex 16.9445 -2 66
      vertex 17 -2 67
      vertex 16.9445 -2 67
    endloop
  endfacet
  facet normal 0 -1 0
    outer loop
      vertex 14.2764 -2 65.4495
      vertex 16.9445 -2 66
      vertex 14.206 -2 65.894
    endloop
  endfacet
  facet normal 0 -1 0
    outer loop
      vertex 14.3 -2 65
      vertex 16.9445 -2 66
      vertex 14.2764 -2 65.4495
    endloop
  endfacet
  facet normal 0 -1 0
    outer loop
      vertex 14.2764 -2 64.5505
      vertex 16.9445 -2 66
      vertex 14.3 -2 65
    endloop
  endfacet
  facet normal 0 -1 0
    outer loop
      vertex 14.206 -2 64.106
      vertex 16.9445 -2 66
      vertex 14.2764 -2 64.5505
    endloop
  endfacet
  facet normal 0 -1 0
    outer loop
      vertex 14.0895 -2 63.6712
      vertex 16.9445 -2 66
      vertex 14.206 -2 64.106
    endloop
  endfacet
  facet normal 0 -1 0
    outer loop
      vertex 13.9282 -2 63.251
      vertex 16.9445 -2 66
      vertex 14.0895 -2 63.6712
    endloop
  endfacet
  facet normal 0 -1 0
    outer loop
      vertex 17 -2 55
      vertex 13.9282 -2 63.251
      vertex 13.7239 -2 62.85
    endloop
  endfacet
  facet normal 0 -1 0
    outer loop
      vertex 17 -2 55
      vertex 13.7239 -2 62.85
      vertex 13.4788 -2 62.4725
    endloop
  endfacet
  facet normal 0 -1 0
    outer loop
      vertex 17 -2 55
      vertex 13.4788 -2 62.4725
      vertex 13.1955 -2 62.1227
    endloop
  endfacet
  facet normal 0 -1 0
    outer loop
      vertex 17 -2 55
      vertex 10 -2 60.7
      vertex 3 -2 55
    endloop
  endfacet
  facet normal 0 -1 0
    outer loop
      vertex 10 -2 60.7
      vertex 17 -2 55
      vertex 10.4495 -2 60.7236
    endloop
  endfacet
  facet normal 0 -1 0
    outer loop
      vertex 10.4495 -2 60.7236
      vertex 17 -2 55
      vertex 10.894 -2 60.794
    endloop
  endfacet
  facet normal 0 -1 0
    outer loop
      vertex 10.894 -2 60.794
      vertex 17 -2 55
      vertex 11.3288 -2 60.9105
    endloop
  endfacet
  facet normal 0 -1 0
    outer loop
      vertex 11.3288 -2 60.9105
      vertex 17 -2 55
      vertex 11.749 -2 61.0718
    endloop
  endfacet
  facet normal 0 -1 0
    outer loop
      vertex 11.749 -2 61.0718
      vertex 17 -2 55
      vertex 12.15 -2 61.2761
    endloop
  endfacet
  facet normal 0 -1 0
    outer loop
      vertex 16.9445 -2 66
      vertex 17 -2 55
      vertex 17 -2 67
    endloop
  endfacet
  facet normal 0 -1 0
    outer loop
      vertex 13.9282 -2 63.251
      vertex 17 -2 55
      vertex 16.9445 -2 66
    endloop
  endfacet
  facet normal 0 -1 0
    outer loop
      vertex 12.8773 -2 61.8045
      vertex 17 -2 55
      vertex 13.1955 -2 62.1227
    endloop
  endfacet
  facet normal 0 -1 0
    outer loop
      vertex 12.5275 -2 61.5212
      vertex 17 -2 55
      vertex 12.8773 -2 61.8045
    endloop
  endfacet
  facet normal 0 -1 0
    outer loop
      vertex 12.15 -2 61.2761
      vertex 17 -2 55
      vertex 12.5275 -2 61.5212
    endloop
  endfacet
  facet normal -0 0 1
    outer loop
      vertex 3 0 67
      vertex 3.05551 -2 67
      vertex 4.21021 0 67
    endloop
  endfacet
  facet normal 0 0 1
    outer loop
      vertex 3.05551 -2 67
      vertex 3 0 67
      vertex 3 -2 67
    endloop
  endfacet
  facet normal 0 0 1
    outer loop
      vertex 17 0 67
      vertex 16.9445 -2 67
      vertex 17 -2 67
    endloop
  endfacet
  facet normal 0 -0 1
    outer loop
      vertex 16.9445 -2 67
      vertex 17 0 67
      vertex 15.7898 0 67
    endloop
  endfacet
  facet normal 0.866026 -0.5 0
    outer loop
      vertex 3.05551 -2 67
      vertex 4.21021 0 66
      vertex 4.21021 0 67
    endloop
  endfacet
  facet normal 0.866026 -0.5 0
    outer loop
      vertex 4.21021 0 66
      vertex 3.05551 -2 67
      vertex 3.05551 -2 66
    endloop
  endfacet
  facet normal -0.866026 -0.5 0
    outer loop
      vertex 16.9445 -2 66
      vertex 15.7898 0 67
      vertex 15.7898 0 66
    endloop
  endfacet
  facet normal -0.866026 -0.5 0
    outer loop
      vertex 15.7898 0 67
      vertex 16.9445 -2 66
      vertex 16.9445 -2 67
    endloop
  endfacet
  facet normal -0.987689 0 -0.15643
    outer loop
      vertex 14.2764 -2 65.4495
      vertex 14.206 3 65.894
      vertex 14.2764 3 65.4495
    endloop
  endfacet
  facet normal -0.987689 -0 -0.15643
    outer loop
      vertex 14.206 3 65.894
      vertex 14.2764 -2 65.4495
      vertex 14.206 -2 65.894
    endloop
  endfacet
  facet normal -0.998625 0 -0.0524306
    outer loop
      vertex 14.3 -2 65
      vertex 14.2764 3 65.4495
      vertex 14.3 3 65
    endloop
  endfacet
  facet normal -0.998625 -0 -0.0524306
    outer loop
      vertex 14.2764 3 65.4495
      vertex 14.3 -2 65
      vertex 14.2764 -2 65.4495
    endloop
  endfacet
  facet normal -0.93358 0 0.358369
    outer loop
      vertex 13.9282 -2 63.251
      vertex 14.0895 3 63.6712
      vertex 13.9282 3 63.251
    endloop
  endfacet
  facet normal -0.93358 0 0.358369
    outer loop
      vertex 14.0895 3 63.6712
      vertex 13.9282 -2 63.251
      vertex 14.0895 -2 63.6712
    endloop
  endfacet
  facet normal -0.0524306 2.36321e-19 0.998625
    outer loop
      vertex 10 3 60.7
      vertex 10.4495 -2 60.7236
      vertex 10.4495 3 60.7236
    endloop
  endfacet
  facet normal -0.0524306 2.36321e-19 0.998625
    outer loop
      vertex 10.4495 -2 60.7236
      vertex 10 3 60.7
      vertex 10 -2 60.7
    endloop
  endfacet
  facet normal -0.965928 -5.0355e-07 -0.25881
    outer loop
      vertex 14.206 3 65.894
      vertex 14.1776 0 66
      vertex 14.0895 3 66.3288
    endloop
  endfacet
  facet normal -0.965932 0 -0.258797
    outer loop
      vertex 14.206 -2 65.894
      vertex 14.1776 0 66
      vertex 14.206 3 65.894
    endloop
  endfacet
  facet normal -0.965932 -0 -0.258797
    outer loop
      vertex 14.1776 0 66
      vertex 14.206 -2 65.894
      vertex 14.1776 -2 66
    endloop
  endfacet
  facet normal -0.965927 -0 -0.258814
    outer loop
      vertex 14.0895 3 66.3288
      vertex 14.1776 0 66
      vertex 14.0895 0 66.3288
    endloop
  endfacet
  facet normal 0.933588 -0 0.358349
    outer loop
      vertex 5.91046 -2 63.6712
      vertex 6.07175 3 63.251
      vertex 5.91046 3 63.6712
    endloop
  endfacet
  facet normal 0.933588 0 0.358349
    outer loop
      vertex 6.07175 3 63.251
      vertex 5.91046 -2 63.6712
      vertex 6.07175 -2 63.251
    endloop
  endfacet
  facet normal 0.890988 -0 0.454026
    outer loop
      vertex 6.07175 -2 63.251
      vertex 6.27609 3 62.85
      vertex 6.07175 3 63.251
    endloop
  endfacet
  facet normal 0.890988 0 0.454026
    outer loop
      vertex 6.27609 3 62.85
      vertex 6.07175 -2 63.251
      vertex 6.27609 -2 62.85
    endloop
  endfacet
  facet normal 0.70704 -1.76585e-18 0.707173
    outer loop
      vertex 6.80448 3 62.1227
      vertex 7.12274 -2 61.8045
      vertex 7.12274 3 61.8045
    endloop
  endfacet
  facet normal 0.70704 -1.76585e-18 0.707173
    outer loop
      vertex 7.12274 -2 61.8045
      vertex 6.80448 3 62.1227
      vertex 6.80448 -2 62.1227
    endloop
  endfacet
  facet normal -0.777105 0 0.629371
    outer loop
      vertex 13.1955 -2 62.1227
      vertex 13.4788 3 62.4725
      vertex 13.1955 3 62.1227
    endloop
  endfacet
  facet normal -0.777105 0 0.629371
    outer loop
      vertex 13.4788 3 62.4725
      vertex 13.1955 -2 62.1227
      vertex 13.4788 -2 62.4725
    endloop
  endfacet
  facet normal 0.777159 -0 0.629304
    outer loop
      vertex 6.52123 -2 62.4725
      vertex 6.80448 3 62.1227
      vertex 6.52123 3 62.4725
    endloop
  endfacet
  facet normal 0.777159 0 0.629304
    outer loop
      vertex 6.80448 3 62.1227
      vertex 6.52123 -2 62.4725
      vertex 6.80448 -2 62.1227
    endloop
  endfacet
  facet normal -0.25881 2.82828e-19 0.965928
    outer loop
      vertex 10.894 3 60.794
      vertex 11.3288 -2 60.9105
      vertex 11.3288 3 60.9105
    endloop
  endfacet
  facet normal -0.25881 2.82828e-19 0.965928
    outer loop
      vertex 11.3288 -2 60.9105
      vertex 10.894 3 60.794
      vertex 10.894 -2 60.794
    endloop
  endfacet
  facet normal 0.629392 2.84206e-18 0.777088
    outer loop
      vertex 7.12274 3 61.8045
      vertex 7.47252 -2 61.5212
      vertex 7.47252 3 61.5212
    endloop
  endfacet
  facet normal 0.629392 2.84206e-18 0.777088
    outer loop
      vertex 7.47252 -2 61.5212
      vertex 7.12274 3 61.8045
      vertex 7.12274 -2 61.8045
    endloop
  endfacet
  facet normal -0.998625 0 0.0524306
    outer loop
      vertex 14.2764 -2 64.5505
      vertex 14.3 3 65
      vertex 14.2764 3 64.5505
    endloop
  endfacet
  facet normal -0.998625 0 0.0524306
    outer loop
      vertex 14.3 3 65
      vertex 14.2764 -2 64.5505
      vertex 14.3 -2 65
    endloop
  endfacet
  facet normal -0.629371 6.73176e-19 0.777105
    outer loop
      vertex 12.5275 3 61.5212
      vertex 12.8773 -2 61.8045
      vertex 12.8773 3 61.8045
    endloop
  endfacet
  facet normal -0.629371 6.73176e-19 0.777105
    outer loop
      vertex 12.8773 -2 61.8045
      vertex 12.5275 3 61.5212
      vertex 12.5275 -2 61.5212
    endloop
  endfacet
  facet normal -0.544559 -1.87704e-18 0.838723
    outer loop
      vertex 12.15 3 61.2761
      vertex 12.5275 -2 61.5212
      vertex 12.5275 3 61.5212
    endloop
  endfacet
  facet normal -0.544559 -1.87704e-18 0.838723
    outer loop
      vertex 12.5275 -2 61.5212
      vertex 12.15 3 61.2761
      vertex 12.15 -2 61.2761
    endloop
  endfacet
  facet normal -0.707107 -1.42256e-18 0.707107
    outer loop
      vertex 12.8773 3 61.8045
      vertex 13.1955 -2 62.1227
      vertex 13.1955 3 62.1227
    endloop
  endfacet
  facet normal -0.707107 -1.42256e-18 0.707107
    outer loop
      vertex 13.1955 -2 62.1227
      vertex 12.8773 3 61.8045
      vertex 12.8773 -2 61.8045
    endloop
  endfacet
  facet normal -0.15643 -6.04775e-19 0.987689
    outer loop
      vertex 10.4495 3 60.7236
      vertex 10.894 -2 60.794
      vertex 10.894 3 60.794
    endloop
  endfacet
  facet normal -0.15643 -6.04775e-19 0.987689
    outer loop
      vertex 10.894 -2 60.794
      vertex 10.4495 3 60.7236
      vertex 10.4495 -2 60.7236
    endloop
  endfacet
  facet normal -0.987689 0 0.15643
    outer loop
      vertex 14.206 -2 64.106
      vertex 14.2764 3 64.5505
      vertex 14.206 3 64.106
    endloop
  endfacet
  facet normal -0.987689 0 0.15643
    outer loop
      vertex 14.2764 3 64.5505
      vertex 14.206 -2 64.106
      vertex 14.2764 -2 64.5505
    endloop
  endfacet
  facet normal -0.453956 -6.95948e-19 0.891024
    outer loop
      vertex 11.749 3 61.0718
      vertex 12.15 -2 61.2761
      vertex 12.15 3 61.2761
    endloop
  endfacet
  facet normal -0.453956 -6.95948e-19 0.891024
    outer loop
      vertex 12.15 -2 61.2761
      vertex 11.749 3 61.0718
      vertex 11.749 -2 61.0718
    endloop
  endfacet
  facet normal -0.965928 0 0.25881
    outer loop
      vertex 14.0895 -2 63.6712
      vertex 14.206 3 64.106
      vertex 14.0895 3 63.6712
    endloop
  endfacet
  facet normal -0.965928 0 0.25881
    outer loop
      vertex 14.206 3 64.106
      vertex 14.0895 -2 63.6712
      vertex 14.206 -2 64.106
    endloop
  endfacet
  facet normal 0.965927 -1.35264e-18 -0.258814
    outer loop
      vertex 5.82236 0 66
      vertex 5.91046 3 66.3288
      vertex 5.91046 0 66.3288
    endloop
  endfacet
  facet normal 0.965928 -5.0355e-07 -0.25881
    outer loop
      vertex 5.91046 3 66.3288
      vertex 5.82236 0 66
      vertex 5.79396 3 65.894
    endloop
  endfacet
  facet normal 0.965932 -6.2184e-19 -0.258797
    outer loop
      vertex 5.79396 -2 65.894
      vertex 5.82236 0 66
      vertex 5.82236 -2 66
    endloop
  endfacet
  facet normal 0.965932 -2.48736e-19 -0.258797
    outer loop
      vertex 5.82236 0 66
      vertex 5.79396 -2 65.894
      vertex 5.79396 3 65.894
    endloop
  endfacet
  facet normal -0.838723 0 0.544559
    outer loop
      vertex 13.4788 -2 62.4725
      vertex 13.7239 3 62.85
      vertex 13.4788 3 62.4725
    endloop
  endfacet
  facet normal -0.838723 0 0.544559
    outer loop
      vertex 13.7239 3 62.85
      vertex 13.4788 -2 62.4725
      vertex 13.7239 -2 62.85
    endloop
  endfacet
  facet normal 0.358369 1.69405e-19 0.93358
    outer loop
      vertex 8.25103 3 61.0718
      vertex 8.67123 -2 60.9105
      vertex 8.67123 3 60.9105
    endloop
  endfacet
  facet normal 0.358369 1.69405e-19 0.93358
    outer loop
      vertex 8.67123 -2 60.9105
      vertex 8.25103 3 61.0718
      vertex 8.25103 -2 61.0718
    endloop
  endfacet
  facet normal 0.0524341 1.09129e-19 0.998624
    outer loop
      vertex 9.55053 3 60.7236
      vertex 10 -2 60.7
      vertex 10 3 60.7
    endloop
  endfacet
  facet normal 0.0524341 1.09129e-19 0.998624
    outer loop
      vertex 10 -2 60.7
      vertex 9.55053 3 60.7236
      vertex 9.55053 -2 60.7236
    endloop
  endfacet
  facet normal -0.358369 -2.34991e-18 0.93358
    outer loop
      vertex 11.3288 3 60.9105
      vertex 11.749 -2 61.0718
      vertex 11.749 3 61.0718
    endloop
  endfacet
  facet normal -0.358369 -2.34991e-18 0.93358
    outer loop
      vertex 11.749 -2 61.0718
      vertex 11.3288 3 60.9105
      vertex 11.3288 -2 60.9105
    endloop
  endfacet
  facet normal 0.987689 -0 0.15643
    outer loop
      vertex 5.72356 -2 64.5505
      vertex 5.79396 3 64.106
      vertex 5.72356 3 64.5505
    endloop
  endfacet
  facet normal 0.987689 0 0.15643
    outer loop
      vertex 5.79396 3 64.106
      vertex 5.72356 -2 64.5505
      vertex 5.79396 -2 64.106
    endloop
  endfacet
  facet normal 0.965928 -0 0.25881
    outer loop
      vertex 5.79396 -2 64.106
      vertex 5.91046 3 63.6712
      vertex 5.79396 3 64.106
    endloop
  endfacet
  facet normal 0.965928 0 0.25881
    outer loop
      vertex 5.91046 3 63.6712
      vertex 5.79396 -2 64.106
      vertex 5.91046 -2 63.6712
    endloop
  endfacet
  facet normal 0.544579 -2.82271e-18 0.83871
    outer loop
      vertex 7.47252 3 61.5212
      vertex 7.85 -2 61.2761
      vertex 7.85 3 61.2761
    endloop
  endfacet
  facet normal 0.544579 -2.82271e-18 0.83871
    outer loop
      vertex 7.85 -2 61.2761
      vertex 7.47252 3 61.5212
      vertex 7.47252 -2 61.5212
    endloop
  endfacet
  facet normal 0.156413 1.14204e-18 0.987692
    outer loop
      vertex 9.10598 3 60.794
      vertex 9.55053 -2 60.7236
      vertex 9.55053 3 60.7236
    endloop
  endfacet
  facet normal 0.156413 1.14204e-18 0.987692
    outer loop
      vertex 9.55053 -2 60.7236
      vertex 9.10598 3 60.794
      vertex 9.10598 -2 60.794
    endloop
  endfacet
  facet normal 0.987689 0 -0.15643
    outer loop
      vertex 5.79396 -2 65.894
      vertex 5.72356 3 65.4495
      vertex 5.79396 3 65.894
    endloop
  endfacet
  facet normal 0.987689 0 -0.15643
    outer loop
      vertex 5.72356 3 65.4495
      vertex 5.79396 -2 65.894
      vertex 5.72356 -2 65.4495
    endloop
  endfacet
  facet normal -0.891024 0 0.453956
    outer loop
      vertex 13.7239 -2 62.85
      vertex 13.9282 3 63.251
      vertex 13.7239 3 62.85
    endloop
  endfacet
  facet normal -0.891024 0 0.453956
    outer loop
      vertex 13.9282 3 63.251
      vertex 13.7239 -2 62.85
      vertex 13.9282 -2 63.251
    endloop
  endfacet
  facet normal 0.838682 -0 0.544621
    outer loop
      vertex 6.27609 -2 62.85
      vertex 6.52123 3 62.4725
      vertex 6.27609 3 62.85
    endloop
  endfacet
  facet normal 0.838682 0 0.544621
    outer loop
      vertex 6.52123 3 62.4725
      vertex 6.27609 -2 62.85
      vertex 6.52123 -2 62.4725
    endloop
  endfacet
  facet normal 0.998629 0 -0.0523419
    outer loop
      vertex 5.72356 -2 65.4495
      vertex 5.7 3 65
      vertex 5.72356 3 65.4495
    endloop
  endfacet
  facet normal 0.998629 0 -0.0523419
    outer loop
      vertex 5.7 3 65
      vertex 5.72356 -2 65.4495
      vertex 5.7 -2 65
    endloop
  endfacet
  facet normal 0.998629 -0 0.0523419
    outer loop
      vertex 5.7 -2 65
      vertex 5.72356 3 64.5505
      vertex 5.7 3 65
    endloop
  endfacet
  facet normal 0.998629 0 0.0523419
    outer loop
      vertex 5.72356 3 64.5505
      vertex 5.7 -2 65
      vertex 5.72356 -2 64.5505
    endloop
  endfacet
  facet normal 0.258838 9.2747e-21 0.965921
    outer loop
      vertex 8.67123 3 60.9105
      vertex 9.10598 -2 60.794
      vertex 9.10598 3 60.794
    endloop
  endfacet
  facet normal 0.258838 9.2747e-21 0.965921
    outer loop
      vertex 9.10598 -2 60.794
      vertex 8.67123 3 60.9105
      vertex 8.67123 -2 60.9105
    endloop
  endfacet
  facet normal 0.453929 1.41522e-18 0.891038
    outer loop
      vertex 7.85 3 61.2761
      vertex 8.25103 -2 61.0718
      vertex 8.25103 3 61.0718
    endloop
  endfacet
  facet normal 0.453929 1.41522e-18 0.891038
    outer loop
      vertex 8.25103 -2 61.0718
      vertex 7.85 3 61.2761
      vertex 7.85 -2 61.2761
    endloop
  endfacet
  facet normal -1 0 0
    outer loop
      vertex 4 3 4
      vertex 4 6 16.85
      vertex 4 6 4
    endloop
  endfacet
  facet normal -1 -0 0
    outer loop
      vertex 4 6 16.85
      vertex 4 3 4
      vertex 4 3 16.85
    endloop
  endfacet
  facet normal 0 -1 0
    outer loop
      vertex 163.928 0 61.749
      vertex 165.79 0 62
      vertex 163.724 0 62.15
    endloop
  endfacet
  facet normal 0 -1 0
    outer loop
      vertex 164.09 0 61.3288
      vertex 165.79 0 62
      vertex 163.928 0 61.749
    endloop
  endfacet
  facet normal 0 -1 0
    outer loop
      vertex 165.79 0 61
      vertex 164.09 0 61.3288
      vertex 164.178 0 61
    endloop
  endfacet
  facet normal 0 -1 0
    outer loop
      vertex 164.09 0 61.3288
      vertex 165.79 0 61
      vertex 165.79 0 62
    endloop
  endfacet
  facet normal 0 -1 0
    outer loop
      vertex 120 0 40
      vertex 107 0 62
      vertex 107 0 47
    endloop
  endfacet
  facet normal 0 -1 0
    outer loop
      vertex 107 0 62
      vertex 120 0 40
      vertex 153 0 62
    endloop
  endfacet
  facet normal 0 -1 0
    outer loop
      vertex 200 0 110
      vertex 159.551 0 64.2764
      vertex 160 0 64.3
    endloop
  endfacet
  facet normal 0 -1 0
    outer loop
      vertex 200 0 110
      vertex 159.106 0 64.206
      vertex 159.551 0 64.2764
    endloop
  endfacet
  facet normal 0 -1 0
    outer loop
      vertex 200 0 110
      vertex 158.671 0 64.0895
      vertex 159.106 0 64.206
    endloop
  endfacet
  facet normal 0 -1 0
    outer loop
      vertex 200 0 110
      vertex 158.251 0 63.9282
      vertex 158.671 0 64.0895
    endloop
  endfacet
  facet normal 0 -1 0
    outer loop
      vertex 153 0 62
      vertex 158.251 0 63.9282
      vertex 102.483 0 64.3
    endloop
  endfacet
  facet normal 0 -1 0
    outer loop
      vertex 158.251 0 63.9282
      vertex 153 0 62
      vertex 157.85 0 63.7239
    endloop
  endfacet
  facet normal 0 -1 0
    outer loop
      vertex 157.85 0 63.7239
      vertex 153 0 62
      vertex 157.473 0 63.4788
    endloop
  endfacet
  facet normal 0 -1 0
    outer loop
      vertex 157.473 0 63.4788
      vertex 153 0 62
      vertex 157.123 0 63.1955
    endloop
  endfacet
  facet normal 0 -1 0
    outer loop
      vertex 154.21 0 62
      vertex 157.123 0 63.1955
      vertex 153 0 62
    endloop
  endfacet
  facet normal 0 -1 0
    outer loop
      vertex 157.123 0 63.1955
      vertex 154.21 0 62
      vertex 156.804 0 62.8773
    endloop
  endfacet
  facet normal 0 -1 0
    outer loop
      vertex 107 0 62
      vertex 102.483 0 64.3
      vertex 105.79 0 62
    endloop
  endfacet
  facet normal 0 -1 0
    outer loop
      vertex 102.483 0 64.3
      vertex 104.862 0 61
      vertex 105.79 0 62
    endloop
  endfacet
  facet normal 0 -1 0
    outer loop
      vertex 102.483 0 64.3
      vertex 104.938 0 60.519
      vertex 104.862 0 61
    endloop
  endfacet
  facet normal -0 -1 -0
    outer loop
      vertex 104.938 0 60.519
      vertex 102.483 0 64.3
      vertex 104.965 0 60
    endloop
  endfacet
  facet normal 0 -1 0
    outer loop
      vertex 0 0 110
      vertex 93 0 62
      vertex 97.5174 0 64.3
    endloop
  endfacet
  facet normal 0 -1 0
    outer loop
      vertex 17 0 55
      vertex 93 0 62
      vertex 17 0 67
    endloop
  endfacet
  facet normal 0 -1 0
    outer loop
      vertex 90 0 40
      vertex 93 0 62
      vertex 17 0 55
    endloop
  endfacet
  facet normal 0 -1 0
    outer loop
      vertex 13.9282 0 66.749
      vertex 15.7898 0 67
      vertex 13.7239 0 67.15
    endloop
  endfacet
  facet normal 0 -1 0
    outer loop
      vertex 14.0895 0 66.3288
      vertex 15.7898 0 67
      vertex 13.9282 0 66.749
    endloop
  endfacet
  facet normal 0 -1 0
    outer loop
      vertex 15.7898 0 66
      vertex 14.0895 0 66.3288
      vertex 14.1776 0 66
    endloop
  endfacet
  facet normal 0 -1 0
    outer loop
      vertex 14.0895 0 66.3288
      vertex 15.7898 0 66
      vertex 15.7898 0 67
    endloop
  endfacet
  facet normal 0 -1 0
    outer loop
      vertex 10.4495 0 69.2764
      vertex 0 0 110
      vertex 10 0 69.3
    endloop
  endfacet
  facet normal 0 -1 0
    outer loop
      vertex 0 0 110
      vertex 9.55053 0 69.2764
      vertex 10 0 69.3
    endloop
  endfacet
  facet normal 0 -1 0
    outer loop
      vertex 0 0 110
      vertex 9.10598 0 69.206
      vertex 9.55053 0 69.2764
    endloop
  endfacet
  facet normal 0 -1 0
    outer loop
      vertex 0 0 110
      vertex 8.67123 0 69.0895
      vertex 9.10598 0 69.206
    endloop
  endfacet
  facet normal 0 -1 0
    outer loop
      vertex 0 0 110
      vertex 8.25103 0 68.9282
      vertex 8.67123 0 69.0895
    endloop
  endfacet
  facet normal 0 -1 0
    outer loop
      vertex 0 0 110
      vertex 7.85 0 68.7239
      vertex 8.25103 0 68.9282
    endloop
  endfacet
  facet normal 0 -1 0
    outer loop
      vertex 3 0 67
      vertex 7.85 0 68.7239
      vertex 0 0 110
    endloop
  endfacet
  facet normal 0 -1 0
    outer loop
      vertex 7.85 0 68.7239
      vertex 3 0 67
      vertex 7.47252 0 68.4788
    endloop
  endfacet
  facet normal 0 -1 0
    outer loop
      vertex 7.47252 0 68.4788
      vertex 3 0 67
      vertex 7.12274 0 68.1955
    endloop
  endfacet
  facet normal 0 -1 0
    outer loop
      vertex 4.21021 0 67
      vertex 7.12274 0 68.1955
      vertex 3 0 67
    endloop
  endfacet
  facet normal 0 -1 0
    outer loop
      vertex 7.12274 0 68.1955
      vertex 4.21021 0 67
      vertex 6.80448 0 67.8773
    endloop
  endfacet
  facet normal 0 -1 0
    outer loop
      vertex 6.80448 0 67.8773
      vertex 4.21021 0 67
      vertex 6.52123 0 67.5275
    endloop
  endfacet
  facet normal 0 -1 0
    outer loop
      vertex 0 0 110
      vertex 3 0 55
      vertex 3 0 67
    endloop
  endfacet
  facet normal 0 -1 0
    outer loop
      vertex 0 0 5.76777
      vertex 17 0 55
      vertex 3 0 55
    endloop
  endfacet
  facet normal 0 -1 0
    outer loop
      vertex 90 0 40
      vertex 107 0 47
      vertex 93 0 47
    endloop
  endfacet
  facet normal 0 -1 -0
    outer loop
      vertex 153 0 62
      vertex 120 0 40
      vertex 153 0 47
    endloop
  endfacet
  facet normal 0 -1 -0
    outer loop
      vertex 107 0 47
      vertex 90 0 40
      vertex 120 0 40
    endloop
  endfacet
  facet normal 0 -1 -0
    outer loop
      vertex 93 0 62
      vertex 90 0 40
      vertex 93 0 47
    endloop
  endfacet
  facet normal 0 -1 0
    outer loop
      vertex 17 0 55
      vertex 90 0 18
      vertex 90 0 40
    endloop
  endfacet
  facet normal 0 -1 -0
    outer loop
      vertex 17 0 55
      vertex 1.76777 0 4
      vertex 90 0 18
    endloop
  endfacet
  facet normal 0 -1 0
    outer loop
      vertex 17 0 55
      vertex 0 0 5.76777
      vertex 1.76777 0 4
    endloop
  endfacet
  facet normal 0 -1 0
    outer loop
      vertex 0 0 5.76777
      vertex 3 0 55
      vertex 0 0 110
    endloop
  endfacet
  facet normal 0 -1 0
    outer loop
      vertex 10.894 0 69.206
      vertex 0 0 110
      vertex 10.4495 0 69.2764
    endloop
  endfacet
  facet normal 0 -1 0
    outer loop
      vertex 11.3288 0 69.0895
      vertex 0 0 110
      vertex 10.894 0 69.206
    endloop
  endfacet
  facet normal 0 -1 0
    outer loop
      vertex 11.749 0 68.9282
      vertex 0 0 110
      vertex 11.3288 0 69.0895
    endloop
  endfacet
  facet normal 0 -1 0
    outer loop
      vertex 17 0 67
      vertex 0 0 110
      vertex 11.749 0 68.9282
    endloop
  endfacet
  facet normal 0 -1 0
    outer loop
      vertex 17 0 67
      vertex 11.749 0 68.9282
      vertex 12.15 0 68.7239
    endloop
  endfacet
  facet normal 0 -1 0
    outer loop
      vertex 17 0 67
      vertex 12.15 0 68.7239
      vertex 12.5275 0 68.4788
    endloop
  endfacet
  facet normal 0 -1 0
    outer loop
      vertex 17 0 67
      vertex 12.5275 0 68.4788
      vertex 12.8773 0 68.1955
    endloop
  endfacet
  facet normal 0 -1 0
    outer loop
      vertex 15.7898 0 67
      vertex 12.8773 0 68.1955
      vertex 13.1955 0 67.8773
    endloop
  endfacet
  facet normal 0 -1 0
    outer loop
      vertex 15.7898 0 67
      vertex 13.1955 0 67.8773
      vertex 13.4788 0 67.5275
    endloop
  endfacet
  facet normal 0 -1 0
    outer loop
      vertex 15.7898 0 67
      vertex 13.4788 0 67.5275
      vertex 13.7239 0 67.15
    endloop
  endfacet
  facet normal 0 -1 0
    outer loop
      vertex 12.8773 0 68.1955
      vertex 15.7898 0 67
      vertex 17 0 67
    endloop
  endfacet
  facet normal 0 -1 0
    outer loop
      vertex 93 0 62
      vertex 0 0 110
      vertex 17 0 67
    endloop
  endfacet
  facet normal 0 -1 0
    outer loop
      vertex 0 0 110
      vertex 97.5174 0 64.3
      vertex 200 0 110
    endloop
  endfacet
  facet normal 0 -1 0
    outer loop
      vertex 102.483 0 64.3
      vertex 200 0 110
      vertex 97.5174 0 64.3
    endloop
  endfacet
  facet normal 0 -1 0
    outer loop
      vertex 158.251 0 63.9282
      vertex 200 0 110
      vertex 102.483 0 64.3
    endloop
  endfacet
  facet normal 0 -1 0
    outer loop
      vertex 160.449 0 64.2764
      vertex 200 0 110
      vertex 160 0 64.3
    endloop
  endfacet
  facet normal 0 -1 0
    outer loop
      vertex 160.894 0 64.206
      vertex 200 0 110
      vertex 160.449 0 64.2764
    endloop
  endfacet
  facet normal 0 -1 0
    outer loop
      vertex 161.329 0 64.0895
      vertex 200 0 110
      vertex 160.894 0 64.206
    endloop
  endfacet
  facet normal 0 -1 0
    outer loop
      vertex 161.749 0 63.9282
      vertex 200 0 110
      vertex 161.329 0 64.0895
    endloop
  endfacet
  facet normal 0 -1 0
    outer loop
      vertex 167 0 62
      vertex 161.749 0 63.9282
      vertex 162.15 0 63.7239
    endloop
  endfacet
  facet normal 0 -1 0
    outer loop
      vertex 167 0 62
      vertex 162.15 0 63.7239
      vertex 162.527 0 63.4788
    endloop
  endfacet
  facet normal 0 -1 0
    outer loop
      vertex 167 0 62
      vertex 162.527 0 63.4788
      vertex 162.877 0 63.1955
    endloop
  endfacet
  facet normal 0 -1 0
    outer loop
      vertex 165.79 0 62
      vertex 162.877 0 63.1955
      vertex 163.196 0 62.8773
    endloop
  endfacet
  facet normal 0 -1 0
    outer loop
      vertex 165.79 0 62
      vertex 163.196 0 62.8773
      vertex 163.479 0 62.5275
    endloop
  endfacet
  facet normal 0 -1 0
    outer loop
      vertex 165.79 0 62
      vertex 163.479 0 62.5275
      vertex 163.724 0 62.15
    endloop
  endfacet
  facet normal 0 -1 0
    outer loop
      vertex 162.877 0 63.1955
      vertex 165.79 0 62
      vertex 167 0 62
    endloop
  endfacet
  facet normal 0 -1 0
    outer loop
      vertex 161.749 0 63.9282
      vertex 167 0 62
      vertex 200 0 110
    endloop
  endfacet
  facet normal 0 -1 0
    outer loop
      vertex 200 0 5.76777
      vertex 167 0 62
      vertex 167 0 47
    endloop
  endfacet
  facet normal 0 -1 0
    outer loop
      vertex 120 0 18
      vertex 153 0 47
      vertex 120 0 40
    endloop
  endfacet
  facet normal 0 -1 0
    outer loop
      vertex 198.232 0 4
      vertex 153 0 47
      vertex 120 0 18
    endloop
  endfacet
  facet normal 0 -1 0
    outer loop
      vertex 167 0 62
      vertex 200 0 5.76777
      vertex 200 0 110
    endloop
  endfacet
  facet normal 0 -1 0
    outer loop
      vertex 153 0 47
      vertex 198.232 0 4
      vertex 167 0 47
    endloop
  endfacet
  facet normal 0 -1 0
    outer loop
      vertex 0 0 0
      vertex 90 0 18
      vertex 1.76777 0 4
    endloop
  endfacet
  facet normal 0 -1 0
    outer loop
      vertex 200 0 0
      vertex 90 0 18
      vertex 0 0 0
    endloop
  endfacet
  facet normal 0 -1 0
    outer loop
      vertex 167 0 47
      vertex 198.232 0 4
      vertex 200 0 5.76777
    endloop
  endfacet
  facet normal 0 -1 0
    outer loop
      vertex 0 0 0
      vertex 1.76777 0 4
      vertex 0 0 2.23223
    endloop
  endfacet
  facet normal 0 -1 0
    outer loop
      vertex 90 0 18
      vertex 200 0 0
      vertex 120 0 18
    endloop
  endfacet
  facet normal 0 -1 0
    outer loop
      vertex 120 0 18
      vertex 200 0 0
      vertex 198.232 0 4
    endloop
  endfacet
  facet normal 0 -1 0
    outer loop
      vertex 198.232 0 4
      vertex 200 0 0
      vertex 200 0 2.23223
    endloop
  endfacet
  facet normal 0 -1 0
    outer loop
      vertex 6.52123 0 67.5275
      vertex 4.21021 0 67
      vertex 6.27609 0 67.15
    endloop
  endfacet
  facet normal 0 -1 0
    outer loop
      vertex 4.21021 0 67
      vertex 6.07175 0 66.749
      vertex 6.27609 0 67.15
    endloop
  endfacet
  facet normal 0 -1 0
    outer loop
      vertex 4.21021 0 67
      vertex 5.91046 0 66.3288
      vertex 6.07175 0 66.749
    endloop
  endfacet
  facet normal 0 -1 0
    outer loop
      vertex 4.21021 0 66
      vertex 5.91046 0 66.3288
      vertex 4.21021 0 67
    endloop
  endfacet
  facet normal 0 -1 0
    outer loop
      vertex 5.91046 0 66.3288
      vertex 4.21021 0 66
      vertex 5.82236 0 66
    endloop
  endfacet
  facet normal 0 -1 0
    outer loop
      vertex 94.2102 0 62
      vertex 97.5174 0 64.3
      vertex 93 0 62
    endloop
  endfacet
  facet normal 0 -1 0
    outer loop
      vertex 95.1382 0 61
      vertex 94.2102 0 62
      vertex 94.2102 0 61
    endloop
  endfacet
  facet normal 0 -1 0
    outer loop
      vertex 94.2102 0 62
      vertex 95.1382 0 61
      vertex 97.5174 0 64.3
    endloop
  endfacet
  facet normal 0 -1 0
    outer loop
      vertex 95.062 0 60.519
      vertex 97.5174 0 64.3
      vertex 95.1382 0 61
    endloop
  endfacet
  facet normal 0 -1 0
    outer loop
      vertex 97.5174 0 64.3
      vertex 95.062 0 60.519
      vertex 95.0348 0 60
    endloop
  endfacet
  facet normal 0 -1 0
    outer loop
      vertex 153 0 62
      vertex 102.483 0 64.3
      vertex 107 0 62
    endloop
  endfacet
  facet normal 0 -1 0
    outer loop
      vertex 156.804 0 62.8773
      vertex 154.21 0 62
      vertex 156.521 0 62.5275
    endloop
  endfacet
  facet normal 0 -1 0
    outer loop
      vertex 156.521 0 62.5275
      vertex 154.21 0 62
      vertex 156.276 0 62.15
    endloop
  endfacet
  facet normal 0 -1 0
    outer loop
      vertex 154.21 0 62
      vertex 156.072 0 61.749
      vertex 156.276 0 62.15
    endloop
  endfacet
  facet normal 0 -1 0
    outer loop
      vertex 154.21 0 62
      vertex 155.91 0 61.3288
      vertex 156.072 0 61.749
    endloop
  endfacet
  facet normal 0 -1 0
    outer loop
      vertex 154.21 0 61
      vertex 155.91 0 61.3288
      vertex 154.21 0 62
    endloop
  endfacet
  facet normal 0 -1 0
    outer loop
      vertex 155.91 0 61.3288
      vertex 154.21 0 61
      vertex 155.822 0 61
    endloop
  endfacet
  facet normal 0 -1 -0
    outer loop
      vertex 105.79 0 62
      vertex 104.862 0 61
      vertex 105.79 0 61
    endloop
  endfacet
  facet normal 0 -1 0
    outer loop
      vertex 97.9805 0 55.4641
      vertex 102.483 0 55.7
      vertex 97.5174 0 55.7
    endloop
  endfacet
  facet normal 0 -1 0
    outer loop
      vertex 97.9805 0 55.4641
      vertex 102.02 0 55.4641
      vertex 102.483 0 55.7
    endloop
  endfacet
  facet normal 0 -1 0
    outer loop
      vertex 98.4657 0 55.2778
      vertex 102.02 0 55.4641
      vertex 97.9805 0 55.4641
    endloop
  endfacet
  facet normal 0 -1 0
    outer loop
      vertex 98.4657 0 55.2778
      vertex 101.534 0 55.2778
      vertex 102.02 0 55.4641
    endloop
  endfacet
  facet normal 0 -1 0
    outer loop
      vertex 98.9677 0 55.1433
      vertex 101.534 0 55.2778
      vertex 98.4657 0 55.2778
    endloop
  endfacet
  facet normal 0 -1 0
    outer loop
      vertex 98.9677 0 55.1433
      vertex 101.032 0 55.1433
      vertex 101.534 0 55.2778
    endloop
  endfacet
  facet normal 0 -1 0
    outer loop
      vertex 99.481 0 55.062
      vertex 101.032 0 55.1433
      vertex 98.9677 0 55.1433
    endloop
  endfacet
  facet normal 0 -1 0
    outer loop
      vertex 99.481 0 55.062
      vertex 100.519 0 55.062
      vertex 101.032 0 55.1433
    endloop
  endfacet
  facet normal -0 -1 0
    outer loop
      vertex 100.519 0 55.062
      vertex 99.481 0 55.062
      vertex 100 0 55.0348
    endloop
  endfacet
  facet normal 0 -1 0
    outer loop
      vertex 95.1433 0 58.9677
      vertex 95.0348 0 60
      vertex 95.062 0 59.481
    endloop
  endfacet
  facet normal 0 -1 0
    outer loop
      vertex 95.2778 0 58.4657
      vertex 95.0348 0 60
      vertex 95.1433 0 58.9677
    endloop
  endfacet
  facet normal 0 -1 0
    outer loop
      vertex 95.4641 0 57.9805
      vertex 95.0348 0 60
      vertex 95.2778 0 58.4657
    endloop
  endfacet
  facet normal 0 -1 0
    outer loop
      vertex 95.7 0 57.5174
      vertex 95.0348 0 60
      vertex 95.4641 0 57.9805
    endloop
  endfacet
  facet normal 0 -1 0
    outer loop
      vertex 95.9831 0 57.0815
      vertex 95.0348 0 60
      vertex 95.7 0 57.5174
    endloop
  endfacet
  facet normal 0 -1 0
    outer loop
      vertex 96.3101 0 56.6776
      vertex 95.0348 0 60
      vertex 95.9831 0 57.0815
    endloop
  endfacet
  facet normal 0 -1 0
    outer loop
      vertex 96.6776 0 56.3101
      vertex 95.0348 0 60
      vertex 96.3101 0 56.6776
    endloop
  endfacet
  facet normal 0 -1 0
    outer loop
      vertex 97.0815 0 55.9831
      vertex 95.0348 0 60
      vertex 96.6776 0 56.3101
    endloop
  endfacet
  facet normal 0 -1 0
    outer loop
      vertex 95.0348 0 60
      vertex 97.0815 0 55.9831
      vertex 97.5174 0 55.7
    endloop
  endfacet
  facet normal 0 -1 0
    outer loop
      vertex 104.965 0 60
      vertex 104.857 0 58.9677
      vertex 104.938 0 59.481
    endloop
  endfacet
  facet normal 0 -1 0
    outer loop
      vertex 104.965 0 60
      vertex 104.722 0 58.4657
      vertex 104.857 0 58.9677
    endloop
  endfacet
  facet normal 0 -1 0
    outer loop
      vertex 104.965 0 60
      vertex 104.536 0 57.9805
      vertex 104.722 0 58.4657
    endloop
  endfacet
  facet normal 0 -1 0
    outer loop
      vertex 104.965 0 60
      vertex 104.3 0 57.5174
      vertex 104.536 0 57.9805
    endloop
  endfacet
  facet normal 0 -1 0
    outer loop
      vertex 104.965 0 60
      vertex 104.017 0 57.0815
      vertex 104.3 0 57.5174
    endloop
  endfacet
  facet normal 0 -1 0
    outer loop
      vertex 104.965 0 60
      vertex 103.69 0 56.6776
      vertex 104.017 0 57.0815
    endloop
  endfacet
  facet normal 0 -1 0
    outer loop
      vertex 104.965 0 60
      vertex 103.322 0 56.3101
      vertex 103.69 0 56.6776
    endloop
  endfacet
  facet normal 0 -1 0
    outer loop
      vertex 104.965 0 60
      vertex 102.918 0 55.9831
      vertex 103.322 0 56.3101
    endloop
  endfacet
  facet normal -0 -1 0
    outer loop
      vertex 102.918 0 55.9831
      vertex 104.965 0 60
      vertex 102.483 0 55.7
    endloop
  endfacet
  facet normal -0 0 1
    outer loop
      vertex 4 6 16.85
      vertex 5.5 3 16.85
      vertex 5.5 6 16.85
    endloop
  endfacet
  facet normal 0 0 1
    outer loop
      vertex 5.5 3 16.85
      vertex 4 6 16.85
      vertex 4 3 16.85
    endloop
  endfacet
  facet normal 0.748454 -0 0.663187
    outer loop
      vertex 5.5 3 16.85
      vertex 16 6 5
      vertex 5.5 6 16.85
    endloop
  endfacet
  facet normal 0.748454 0 0.663187
    outer loop
      vertex 16 6 5
      vertex 5.5 3 16.85
      vertex 16 3 5
    endloop
  endfacet
  facet normal 1 -0 0
    outer loop
      vertex 16 3 5
      vertex 16 6 4
      vertex 16 6 5
    endloop
  endfacet
  facet normal 1 0 0
    outer loop
      vertex 16 6 4
      vertex 16 3 5
      vertex 16 3 4
    endloop
  endfacet
  facet normal 0 1 0
    outer loop
      vertex 4 6 4
      vertex 5.5 6 16.85
      vertex 16 6 5
    endloop
  endfacet
  facet normal 0 1 0
    outer loop
      vertex 4 6 4
      vertex 16 6 5
      vertex 16 6 4
    endloop
  endfacet
  facet normal 0 1 0
    outer loop
      vertex 5.5 6 16.85
      vertex 4 6 4
      vertex 4 6 16.85
    endloop
  endfacet
  facet normal -1 0 0
    outer loop
      vertex 184 3 4
      vertex 184 6 5
      vertex 184 6 4
    endloop
  endfacet
  facet normal -1 -0 0
    outer loop
      vertex 184 6 5
      vertex 184 3 4
      vertex 184 3 5
    endloop
  endfacet
  facet normal 1 -0 0
    outer loop
      vertex 196 3 16.85
      vertex 196 6 4
      vertex 196 6 16.85
    endloop
  endfacet
  facet normal 1 0 0
    outer loop
      vertex 196 6 4
      vertex 196 3 16.85
      vertex 196 3 4
    endloop
  endfacet
  facet normal -0.748454 0 0.663187
    outer loop
      vertex 184 3 5
      vertex 194.5 6 16.85
      vertex 184 6 5
    endloop
  endfacet
  facet normal -0.748454 0 0.663187
    outer loop
      vertex 194.5 6 16.85
      vertex 184 3 5
      vertex 194.5 3 16.85
    endloop
  endfacet
  facet normal -0 0 1
    outer loop
      vertex 194.5 6 16.85
      vertex 196 3 16.85
      vertex 196 6 16.85
    endloop
  endfacet
  facet normal 0 0 1
    outer loop
      vertex 196 3 16.85
      vertex 194.5 6 16.85
      vertex 194.5 3 16.85
    endloop
  endfacet
  facet normal 0 1 -0
    outer loop
      vertex 196 6 4
      vertex 194.5 6 16.85
      vertex 196 6 16.85
    endloop
  endfacet
  facet normal 0 1 0
    outer loop
      vertex 194.5 6 16.85
      vertex 196 6 4
      vertex 184 6 5
    endloop
  endfacet
  facet normal 0 1 0
    outer loop
      vertex 184 6 5
      vertex 196 6 4
      vertex 184 6 4
    endloop
  endfacet
  facet normal -1 0 0
    outer loop
      vertex 4 54 4
      vertex 4 57 16.85
      vertex 4 57 4
    endloop
  endfacet
  facet normal -1 -0 0
    outer loop
      vertex 4 57 16.85
      vertex 4 54 4
      vertex 4 54 16.85
    endloop
  endfacet
  facet normal 0 -1 0
    outer loop
      vertex 4 54 4
      vertex 5.5 54 16.85
      vertex 4 54 16.85
    endloop
  endfacet
  facet normal 0 -1 -0
    outer loop
      vertex 5.5 54 16.85
      vertex 4 54 4
      vertex 16 54 5
    endloop
  endfacet
  facet normal 0 -1 -0
    outer loop
      vertex 16 54 5
      vertex 4 54 4
      vertex 16 54 4
    endloop
  endfacet
  facet normal 1 -0 0
    outer loop
      vertex 16 54 5
      vertex 16 57 4
      vertex 16 57 5
    endloop
  endfacet
  facet normal 1 0 0
    outer loop
      vertex 16 57 4
      vertex 16 54 5
      vertex 16 54 4
    endloop
  endfacet
  facet normal -0 0 1
    outer loop
      vertex 4 57 16.85
      vertex 5.5 54 16.85
      vertex 5.5 57 16.85
    endloop
  endfacet
  facet normal 0 0 1
    outer loop
      vertex 5.5 54 16.85
      vertex 4 57 16.85
      vertex 4 54 16.85
    endloop
  endfacet
  facet normal 0.748454 -0 0.663187
    outer loop
      vertex 5.5 54 16.85
      vertex 16 57 5
      vertex 5.5 57 16.85
    endloop
  endfacet
  facet normal 0.748454 0 0.663187
    outer loop
      vertex 16 57 5
      vertex 5.5 54 16.85
      vertex 16 54 5
    endloop
  endfacet
  facet normal 0 1 0
    outer loop
      vertex 159.106 60 64.206
      vertex 200 60 110
      vertex 159.551 60 64.2764
    endloop
  endfacet
  facet normal 0 1 0
    outer loop
      vertex 158.671 60 64.0895
      vertex 200 60 110
      vertex 159.106 60 64.206
    endloop
  endfacet
  facet normal 0 1 0
    outer loop
      vertex 158.251 60 63.9282
      vertex 200 60 110
      vertex 158.671 60 64.0895
    endloop
  endfacet
  facet normal 0 1 0
    outer loop
      vertex 200 60 110
      vertex 158.251 60 63.9282
      vertex 102.483 60 64.3
    endloop
  endfacet
  facet normal 0 1 -0
    outer loop
      vertex 157.85 60 63.7239
      vertex 102.483 60 64.3
      vertex 158.251 60 63.9282
    endloop
  endfacet
  facet normal 0 1 -0
    outer loop
      vertex 157.473 60 63.4788
      vertex 102.483 60 64.3
      vertex 157.85 60 63.7239
    endloop
  endfacet
  facet normal 0 1 -0
    outer loop
      vertex 157.123 60 63.1955
      vertex 102.483 60 64.3
      vertex 157.473 60 63.4788
    endloop
  endfacet
  facet normal 0 1 -0
    outer loop
      vertex 156.804 60 62.8773
      vertex 102.483 60 64.3
      vertex 157.123 60 63.1955
    endloop
  endfacet
  facet normal 0 1 -0
    outer loop
      vertex 156.521 60 62.5275
      vertex 102.483 60 64.3
      vertex 156.804 60 62.8773
    endloop
  endfacet
  facet normal 0 1 -0
    outer loop
      vertex 156.276 60 62.15
      vertex 102.483 60 64.3
      vertex 156.521 60 62.5275
    endloop
  endfacet
  facet normal 0 1 0
    outer loop
      vertex 104.965 60 60
      vertex 156.276 60 62.15
      vertex 156.072 60 61.749
    endloop
  endfacet
  facet normal 0 1 0
    outer loop
      vertex 104.965 60 60
      vertex 156.072 60 61.749
      vertex 155.91 60 61.3288
    endloop
  endfacet
  facet normal 0 1 0
    outer loop
      vertex 104.965 60 60
      vertex 155.91 60 61.3288
      vertex 155.794 60 60.894
    endloop
  endfacet
  facet normal 0 1 0
    outer loop
      vertex 104.965 60 60
      vertex 155.794 60 60.894
      vertex 155.724 60 60.4495
    endloop
  endfacet
  facet normal 0 1 0
    outer loop
      vertex 120 60 40
      vertex 155.724 60 60.4495
      vertex 155.7 60 60
    endloop
  endfacet
  facet normal 0 1 0
    outer loop
      vertex 156.276 60 62.15
      vertex 104.965 60 60
      vertex 102.483 60 64.3
    endloop
  endfacet
  facet normal 0 1 0
    outer loop
      vertex 120 60 40
      vertex 155.7 60 60
      vertex 155.724 60 59.5505
    endloop
  endfacet
  facet normal 0 1 0
    outer loop
      vertex 120 60 40
      vertex 155.724 60 59.5505
      vertex 155.794 60 59.106
    endloop
  endfacet
  facet normal 0 1 0
    outer loop
      vertex 120 60 40
      vertex 155.794 60 59.106
      vertex 155.91 60 58.6712
    endloop
  endfacet
  facet normal 0 1 0
    outer loop
      vertex 120 60 40
      vertex 155.91 60 58.6712
      vertex 156.072 60 58.251
    endloop
  endfacet
  facet normal 0 1 0
    outer loop
      vertex 120 60 40
      vertex 156.072 60 58.251
      vertex 156.276 60 57.85
    endloop
  endfacet
  facet normal 0 1 0
    outer loop
      vertex 120 60 40
      vertex 156.276 60 57.85
      vertex 156.521 60 57.4725
    endloop
  endfacet
  facet normal 0 1 0
    outer loop
      vertex 120 60 40
      vertex 156.521 60 57.4725
      vertex 156.804 60 57.1227
    endloop
  endfacet
  facet normal 0 1 0
    outer loop
      vertex 120 60 40
      vertex 156.804 60 57.1227
      vertex 157.123 60 56.8045
    endloop
  endfacet
  facet normal 0 1 0
    outer loop
      vertex 120 60 40
      vertex 157.123 60 56.8045
      vertex 157.473 60 56.5212
    endloop
  endfacet
  facet normal 0 1 0
    outer loop
      vertex 120 60 40
      vertex 157.473 60 56.5212
      vertex 157.85 60 56.2761
    endloop
  endfacet
  facet normal 0 1 0
    outer loop
      vertex 120 60 40
      vertex 157.85 60 56.2761
      vertex 158.251 60 56.0718
    endloop
  endfacet
  facet normal 0 1 0
    outer loop
      vertex 120 60 18
      vertex 158.251 60 56.0718
      vertex 158.671 60 55.9105
    endloop
  endfacet
  facet normal 0 1 0
    outer loop
      vertex 120 60 18
      vertex 158.671 60 55.9105
      vertex 159.106 60 55.794
    endloop
  endfacet
  facet normal 0 1 0
    outer loop
      vertex 120 60 18
      vertex 159.106 60 55.794
      vertex 159.551 60 55.7236
    endloop
  endfacet
  facet normal 0 1 0
    outer loop
      vertex 155.724 60 60.4495
      vertex 120 60 40
      vertex 104.965 60 60
    endloop
  endfacet
  facet normal 0 1 0
    outer loop
      vertex 120 60 18
      vertex 159.551 60 55.7236
      vertex 160 60 55.7
    endloop
  endfacet
  facet normal 0 1 -0
    outer loop
      vertex 97.5174 60 64.3
      vertex 0 60 110
      vertex 200 60 110
    endloop
  endfacet
  facet normal 0 1 0
    outer loop
      vertex 0 60 110
      vertex 10.4495 60 69.2764
      vertex 10 60 69.3
    endloop
  endfacet
  facet normal 0 1 0
    outer loop
      vertex 0 60 110
      vertex 10.894 60 69.206
      vertex 10.4495 60 69.2764
    endloop
  endfacet
  facet normal 0 1 0
    outer loop
      vertex 0 60 110
      vertex 11.3288 60 69.0895
      vertex 10.894 60 69.206
    endloop
  endfacet
  facet normal -0 1 -0
    outer loop
      vertex 13.1955 60 67.8773
      vertex 0 60 110
      vertex 97.5174 60 64.3
    endloop
  endfacet
  facet normal 0 1 0
    outer loop
      vertex 0 60 110
      vertex 11.749 60 68.9282
      vertex 11.3288 60 69.0895
    endloop
  endfacet
  facet normal 0 1 0
    outer loop
      vertex 0 60 110
      vertex 12.15 60 68.7239
      vertex 11.749 60 68.9282
    endloop
  endfacet
  facet normal 0 1 0
    outer loop
      vertex 0 60 110
      vertex 12.5275 60 68.4788
      vertex 12.15 60 68.7239
    endloop
  endfacet
  facet normal 0 1 0
    outer loop
      vertex 0 60 110
      vertex 12.8773 60 68.1955
      vertex 12.5275 60 68.4788
    endloop
  endfacet
  facet normal 0 1 0
    outer loop
      vertex 0 60 110
      vertex 13.1955 60 67.8773
      vertex 12.8773 60 68.1955
    endloop
  endfacet
  facet normal 0 1 0
    outer loop
      vertex 13.1955 60 67.8773
      vertex 97.5174 60 64.3
      vertex 13.4788 60 67.5275
    endloop
  endfacet
  facet normal 0 1 0
    outer loop
      vertex 13.4788 60 67.5275
      vertex 97.5174 60 64.3
      vertex 13.7239 60 67.15
    endloop
  endfacet
  facet normal 0 1 0
    outer loop
      vertex 13.7239 60 67.15
      vertex 97.5174 60 64.3
      vertex 13.9282 60 66.749
    endloop
  endfacet
  facet normal 0 1 -0
    outer loop
      vertex 95.0348 60 60
      vertex 13.9282 60 66.749
      vertex 97.5174 60 64.3
    endloop
  endfacet
  facet normal 0 1 0
    outer loop
      vertex 13.9282 60 66.749
      vertex 95.0348 60 60
      vertex 14.0895 60 66.3288
    endloop
  endfacet
  facet normal 0 1 0
    outer loop
      vertex 14.0895 60 66.3288
      vertex 95.0348 60 60
      vertex 14.206 60 65.894
    endloop
  endfacet
  facet normal 0 1 0
    outer loop
      vertex 14.206 60 65.894
      vertex 95.0348 60 60
      vertex 14.2764 60 65.4495
    endloop
  endfacet
  facet normal 0 1 0
    outer loop
      vertex 159.551 60 64.2764
      vertex 200 60 110
      vertex 160 60 64.3
    endloop
  endfacet
  facet normal 0 1 0
    outer loop
      vertex 200 60 110
      vertex 160.449 60 64.2764
      vertex 160 60 64.3
    endloop
  endfacet
  facet normal 0 1 0
    outer loop
      vertex 200 60 110
      vertex 160.894 60 64.206
      vertex 160.449 60 64.2764
    endloop
  endfacet
  facet normal 0 1 0
    outer loop
      vertex 200 60 110
      vertex 161.329 60 64.0895
      vertex 160.894 60 64.206
    endloop
  endfacet
  facet normal 0 1 0
    outer loop
      vertex 200 60 110
      vertex 161.749 60 63.9282
      vertex 161.329 60 64.0895
    endloop
  endfacet
  facet normal 0 1 0
    outer loop
      vertex 200 60 110
      vertex 162.15 60 63.7239
      vertex 161.749 60 63.9282
    endloop
  endfacet
  facet normal 0 1 0
    outer loop
      vertex 200 60 110
      vertex 162.527 60 63.4788
      vertex 162.15 60 63.7239
    endloop
  endfacet
  facet normal 0 1 0
    outer loop
      vertex 200 60 110
      vertex 162.877 60 63.1955
      vertex 162.527 60 63.4788
    endloop
  endfacet
  facet normal 0 1 0
    outer loop
      vertex 200 60 110
      vertex 163.196 60 62.8773
      vertex 162.877 60 63.1955
    endloop
  endfacet
  facet normal 0 1 0
    outer loop
      vertex 200 60 110
      vertex 163.479 60 62.5275
      vertex 163.196 60 62.8773
    endloop
  endfacet
  facet normal 0 1 0
    outer loop
      vertex 200 60 110
      vertex 163.724 60 62.15
      vertex 163.479 60 62.5275
    endloop
  endfacet
  facet normal 0 1 0
    outer loop
      vertex 200 60 110
      vertex 163.928 60 61.749
      vertex 163.724 60 62.15
    endloop
  endfacet
  facet normal 0 1 0
    outer loop
      vertex 200 60 110
      vertex 164.09 60 61.3288
      vertex 163.928 60 61.749
    endloop
  endfacet
  facet normal 0 1 0
    outer loop
      vertex 200 60 110
      vertex 164.206 60 60.894
      vertex 164.09 60 61.3288
    endloop
  endfacet
  facet normal 0 1 0
    outer loop
      vertex 200 60 110
      vertex 164.276 60 60.4495
      vertex 164.206 60 60.894
    endloop
  endfacet
  facet normal 0 1 0
    outer loop
      vertex 200 60 110
      vertex 164.3 60 60
      vertex 164.276 60 60.4495
    endloop
  endfacet
  facet normal 0 1 -0
    outer loop
      vertex 200 60 5.76777
      vertex 164.3 60 60
      vertex 200 60 110
    endloop
  endfacet
  facet normal 0 1 0
    outer loop
      vertex 164.3 60 60
      vertex 200 60 5.76777
      vertex 164.276 60 59.5505
    endloop
  endfacet
  facet normal 0 1 0
    outer loop
      vertex 164.276 60 59.5505
      vertex 200 60 5.76777
      vertex 164.206 60 59.106
    endloop
  endfacet
  facet normal 0 1 0
    outer loop
      vertex 164.206 60 59.106
      vertex 200 60 5.76777
      vertex 164.09 60 58.6712
    endloop
  endfacet
  facet normal 0 1 0
    outer loop
      vertex 164.09 60 58.6712
      vertex 200 60 5.76777
      vertex 163.928 60 58.251
    endloop
  endfacet
  facet normal 0 1 0
    outer loop
      vertex 163.928 60 58.251
      vertex 200 60 5.76777
      vertex 163.724 60 57.85
    endloop
  endfacet
  facet normal 0 1 0
    outer loop
      vertex 104.965 60 60
      vertex 120 60 40
      vertex 102.483 60 55.7
    endloop
  endfacet
  facet normal 0 1 0
    outer loop
      vertex 90 60 40
      vertex 102.483 60 55.7
      vertex 120 60 40
    endloop
  endfacet
  facet normal 0 1 0
    outer loop
      vertex 198.232 60 4
      vertex 160 60 55.7
      vertex 160.449 60 55.7236
    endloop
  endfacet
  facet normal 0 1 0
    outer loop
      vertex 198.232 60 4
      vertex 160.449 60 55.7236
      vertex 160.894 60 55.794
    endloop
  endfacet
  facet normal 0 1 0
    outer loop
      vertex 198.232 60 4
      vertex 160.894 60 55.794
      vertex 161.329 60 55.9105
    endloop
  endfacet
  facet normal 0 1 0
    outer loop
      vertex 198.232 60 4
      vertex 161.329 60 55.9105
      vertex 161.749 60 56.0718
    endloop
  endfacet
  facet normal 0 1 0
    outer loop
      vertex 158.251 60 56.0718
      vertex 120 60 18
      vertex 120 60 40
    endloop
  endfacet
  facet normal 0 1 0
    outer loop
      vertex 198.232 60 4
      vertex 161.749 60 56.0718
      vertex 162.15 60 56.2761
    endloop
  endfacet
  facet normal 0 1 0
    outer loop
      vertex 200 60 5.76777
      vertex 162.15 60 56.2761
      vertex 162.527 60 56.5212
    endloop
  endfacet
  facet normal 0 1 0
    outer loop
      vertex 200 60 5.76777
      vertex 162.527 60 56.5212
      vertex 162.877 60 56.8045
    endloop
  endfacet
  facet normal 0 1 0
    outer loop
      vertex 160 60 55.7
      vertex 198.232 60 4
      vertex 120 60 18
    endloop
  endfacet
  facet normal 0 1 0
    outer loop
      vertex 162.15 60 56.2761
      vertex 200 60 5.76777
      vertex 198.232 60 4
    endloop
  endfacet
  facet normal 0 1 0
    outer loop
      vertex 163.196 60 57.1227
      vertex 200 60 5.76777
      vertex 162.877 60 56.8045
    endloop
  endfacet
  facet normal 0 1 0
    outer loop
      vertex 163.479 60 57.4725
      vertex 200 60 5.76777
      vertex 163.196 60 57.1227
    endloop
  endfacet
  facet normal 0 1 0
    outer loop
      vertex 163.724 60 57.85
      vertex 200 60 5.76777
      vertex 163.479 60 57.4725
    endloop
  endfacet
  facet normal 0 1 -0
    outer loop
      vertex 9.55053 60 69.2764
      vertex 0 60 110
      vertex 10 60 69.3
    endloop
  endfacet
  facet normal 0 1 -0
    outer loop
      vertex 9.10598 60 69.206
      vertex 0 60 110
      vertex 9.55053 60 69.2764
    endloop
  endfacet
  facet normal 0 1 -0
    outer loop
      vertex 8.67123 60 69.0895
      vertex 0 60 110
      vertex 9.10598 60 69.206
    endloop
  endfacet
  facet normal 0 1 -0
    outer loop
      vertex 8.25103 60 68.9282
      vertex 0 60 110
      vertex 8.67123 60 69.0895
    endloop
  endfacet
  facet normal 0 1 -0
    outer loop
      vertex 7.85 60 68.7239
      vertex 0 60 110
      vertex 8.25103 60 68.9282
    endloop
  endfacet
  facet normal 0 1 -0
    outer loop
      vertex 7.47252 60 68.4788
      vertex 0 60 110
      vertex 7.85 60 68.7239
    endloop
  endfacet
  facet normal 0 1 -0
    outer loop
      vertex 7.12274 60 68.1955
      vertex 0 60 110
      vertex 7.47252 60 68.4788
    endloop
  endfacet
  facet normal 0 1 -0
    outer loop
      vertex 6.80448 60 67.8773
      vertex 0 60 110
      vertex 7.12274 60 68.1955
    endloop
  endfacet
  facet normal 0 1 -0
    outer loop
      vertex 6.52123 60 67.5275
      vertex 0 60 110
      vertex 6.80448 60 67.8773
    endloop
  endfacet
  facet normal 0 1 -0
    outer loop
      vertex 6.27609 60 67.15
      vertex 0 60 110
      vertex 6.52123 60 67.5275
    endloop
  endfacet
  facet normal 0 1 -0
    outer loop
      vertex 6.07175 60 66.749
      vertex 0 60 110
      vertex 6.27609 60 67.15
    endloop
  endfacet
  facet normal 0 1 -0
    outer loop
      vertex 5.91046 60 66.3288
      vertex 0 60 110
      vertex 6.07175 60 66.749
    endloop
  endfacet
  facet normal 0 1 -0
    outer loop
      vertex 5.79396 60 65.894
      vertex 0 60 110
      vertex 5.91046 60 66.3288
    endloop
  endfacet
  facet normal 0 1 -0
    outer loop
      vertex 5.72356 60 65.4495
      vertex 0 60 110
      vertex 5.79396 60 65.894
    endloop
  endfacet
  facet normal 0 1 -0
    outer loop
      vertex 5.7 60 65
      vertex 0 60 110
      vertex 5.72356 60 65.4495
    endloop
  endfacet
  facet normal 0 1 0
    outer loop
      vertex 0 60 5.76777
      vertex 5.7 60 65
      vertex 5.72356 60 64.5505
    endloop
  endfacet
  facet normal -0 1 0
    outer loop
      vertex 0 60 5.76777
      vertex 11.749 60 61.0718
      vertex 1.76777 60 4
    endloop
  endfacet
  facet normal 0 1 0
    outer loop
      vertex 11.749 60 61.0718
      vertex 0 60 5.76777
      vertex 11.3288 60 60.9105
    endloop
  endfacet
  facet normal 0 1 0
    outer loop
      vertex 102.483 60 55.7
      vertex 90 60 40
      vertex 97.5174 60 55.7
    endloop
  endfacet
  facet normal 0 1 0
    outer loop
      vertex 11.3288 60 60.9105
      vertex 0 60 5.76777
      vertex 10.894 60 60.794
    endloop
  endfacet
  facet normal 0 1 0
    outer loop
      vertex 10.894 60 60.794
      vertex 0 60 5.76777
      vertex 10.4495 60 60.7236
    endloop
  endfacet
  facet normal 0 1 0
    outer loop
      vertex 10.4495 60 60.7236
      vertex 0 60 5.76777
      vertex 10 60 60.7
    endloop
  endfacet
  facet normal 0 1 0
    outer loop
      vertex 10 60 60.7
      vertex 0 60 5.76777
      vertex 9.55053 60 60.7236
    endloop
  endfacet
  facet normal 0 1 0
    outer loop
      vertex 9.55053 60 60.7236
      vertex 0 60 5.76777
      vertex 9.10598 60 60.794
    endloop
  endfacet
  facet normal 0 1 0
    outer loop
      vertex 9.10598 60 60.794
      vertex 0 60 5.76777
      vertex 8.67123 60 60.9105
    endloop
  endfacet
  facet normal 0 1 0
    outer loop
      vertex 5.7 60 65
      vertex 0 60 5.76777
      vertex 0 60 110
    endloop
  endfacet
  facet normal 0 1 0
    outer loop
      vertex 5.79396 60 64.106
      vertex 0 60 5.76777
      vertex 5.72356 60 64.5505
    endloop
  endfacet
  facet normal 0 1 0
    outer loop
      vertex 5.91046 60 63.6712
      vertex 0 60 5.76777
      vertex 5.79396 60 64.106
    endloop
  endfacet
  facet normal 0 1 0
    outer loop
      vertex 6.07175 60 63.251
      vertex 0 60 5.76777
      vertex 5.91046 60 63.6712
    endloop
  endfacet
  facet normal 0 1 0
    outer loop
      vertex 6.27609 60 62.85
      vertex 0 60 5.76777
      vertex 6.07175 60 63.251
    endloop
  endfacet
  facet normal 0 1 0
    outer loop
      vertex 6.52123 60 62.4725
      vertex 0 60 5.76777
      vertex 6.27609 60 62.85
    endloop
  endfacet
  facet normal 0 1 0
    outer loop
      vertex 6.80448 60 62.1227
      vertex 0 60 5.76777
      vertex 6.52123 60 62.4725
    endloop
  endfacet
  facet normal 0 1 0
    outer loop
      vertex 7.12274 60 61.8045
      vertex 0 60 5.76777
      vertex 6.80448 60 62.1227
    endloop
  endfacet
  facet normal 0 1 0
    outer loop
      vertex 7.47252 60 61.5212
      vertex 0 60 5.76777
      vertex 7.12274 60 61.8045
    endloop
  endfacet
  facet normal 0 1 0
    outer loop
      vertex 7.85 60 61.2761
      vertex 0 60 5.76777
      vertex 7.47252 60 61.5212
    endloop
  endfacet
  facet normal 0 1 0
    outer loop
      vertex 8.67123 60 60.9105
      vertex 0 60 5.76777
      vertex 8.25103 60 61.0718
    endloop
  endfacet
  facet normal 0 1 0
    outer loop
      vertex 200 60 0
      vertex 120 60 18
      vertex 198.232 60 4
    endloop
  endfacet
  facet normal 0 1 0
    outer loop
      vertex 120 60 18
      vertex 200 60 0
      vertex 90 60 18
    endloop
  endfacet
  facet normal 0 1 0
    outer loop
      vertex 8.25103 60 61.0718
      vertex 0 60 5.76777
      vertex 7.85 60 61.2761
    endloop
  endfacet
  facet normal 0 1 -0
    outer loop
      vertex 200 60 0
      vertex 198.232 60 4
      vertex 200 60 2.23223
    endloop
  endfacet
  facet normal 0 1 0
    outer loop
      vertex 0 60 0
      vertex 90 60 18
      vertex 200 60 0
    endloop
  endfacet
  facet normal 0 1 0
    outer loop
      vertex 90 60 18
      vertex 0 60 0
      vertex 1.76777 60 4
    endloop
  endfacet
  facet normal 0 1 0
    outer loop
      vertex 1.76777 60 4
      vertex 0 60 0
      vertex 0 60 2.23223
    endloop
  endfacet
  facet normal 0 1 0
    outer loop
      vertex 97.5174 60 64.3
      vertex 200 60 110
      vertex 102.483 60 64.3
    endloop
  endfacet
  facet normal 0 1 0
    outer loop
      vertex 14.2764 60 65.4495
      vertex 95.0348 60 60
      vertex 14.3 60 65
    endloop
  endfacet
  facet normal 0 1 0
    outer loop
      vertex 14.3 60 65
      vertex 95.0348 60 60
      vertex 14.2764 60 64.5505
    endloop
  endfacet
  facet normal 0 1 -0
    outer loop
      vertex 90 60 40
      vertex 14.2764 60 64.5505
      vertex 95.0348 60 60
    endloop
  endfacet
  facet normal 0 1 0
    outer loop
      vertex 14.2764 60 64.5505
      vertex 90 60 40
      vertex 14.206 60 64.106
    endloop
  endfacet
  facet normal 0 1 0
    outer loop
      vertex 14.206 60 64.106
      vertex 90 60 40
      vertex 14.0895 60 63.6712
    endloop
  endfacet
  facet normal 0 1 0
    outer loop
      vertex 14.0895 60 63.6712
      vertex 90 60 40
      vertex 13.9282 60 63.251
    endloop
  endfacet
  facet normal 0 1 0
    outer loop
      vertex 13.9282 60 63.251
      vertex 90 60 40
      vertex 13.7239 60 62.85
    endloop
  endfacet
  facet normal 0 1 0
    outer loop
      vertex 90 60 40
      vertex 95.0348 60 60
      vertex 97.5174 60 55.7
    endloop
  endfacet
  facet normal 0 1 0
    outer loop
      vertex 13.7239 60 62.85
      vertex 90 60 40
      vertex 13.4788 60 62.4725
    endloop
  endfacet
  facet normal 0 1 0
    outer loop
      vertex 13.4788 60 62.4725
      vertex 90 60 40
      vertex 13.1955 60 62.1227
    endloop
  endfacet
  facet normal 0 1 0
    outer loop
      vertex 13.1955 60 62.1227
      vertex 90 60 40
      vertex 12.8773 60 61.8045
    endloop
  endfacet
  facet normal 0 1 -0
    outer loop
      vertex 90 60 18
      vertex 12.8773 60 61.8045
      vertex 90 60 40
    endloop
  endfacet
  facet normal 0 1 0
    outer loop
      vertex 1.76777 60 4
      vertex 12.8773 60 61.8045
      vertex 90 60 18
    endloop
  endfacet
  facet normal 0 1 0
    outer loop
      vertex 12.8773 60 61.8045
      vertex 1.76777 60 4
      vertex 12.5275 60 61.5212
    endloop
  endfacet
  facet normal 0 1 0
    outer loop
      vertex 12.5275 60 61.5212
      vertex 1.76777 60 4
      vertex 12.15 60 61.2761
    endloop
  endfacet
  facet normal 0 1 0
    outer loop
      vertex 12.15 60 61.2761
      vertex 1.76777 60 4
      vertex 11.749 60 61.0718
    endloop
  endfacet
  facet normal -1 0 0
    outer loop
      vertex 184 54 4
      vertex 184 57 5
      vertex 184 57 4
    endloop
  endfacet
  facet normal -1 -0 0
    outer loop
      vertex 184 57 5
      vertex 184 54 4
      vertex 184 54 5
    endloop
  endfacet
  facet normal 1 -0 0
    outer loop
      vertex 196 54 16.85
      vertex 196 57 4
      vertex 196 57 16.85
    endloop
  endfacet
  facet normal 1 0 0
    outer loop
      vertex 196 57 4
      vertex 196 54 16.85
      vertex 196 54 4
    endloop
  endfacet
  facet normal -0.748454 0 0.663187
    outer loop
      vertex 184 54 5
      vertex 194.5 57 16.85
      vertex 184 57 5
    endloop
  endfacet
  facet normal -0.748454 0 0.663187
    outer loop
      vertex 194.5 57 16.85
      vertex 184 54 5
      vertex 194.5 54 16.85
    endloop
  endfacet
  facet normal -0 0 1
    outer loop
      vertex 194.5 57 16.85
      vertex 196 54 16.85
      vertex 196 57 16.85
    endloop
  endfacet
  facet normal 0 0 1
    outer loop
      vertex 196 54 16.85
      vertex 194.5 57 16.85
      vertex 194.5 54 16.85
    endloop
  endfacet
  facet normal 0 -1 0
    outer loop
      vertex 196 54 4
      vertex 194.5 54 16.85
      vertex 184 54 5
    endloop
  endfacet
  facet normal 0 -1 0
    outer loop
      vertex 196 54 4
      vertex 184 54 5
      vertex 184 54 4
    endloop
  endfacet
  facet normal 0 -1 0
    outer loop
      vertex 194.5 54 16.85
      vertex 196 54 4
      vertex 196 54 16.85
    endloop
  endfacet
  facet normal 1 -0 0
    outer loop
      vertex 200 0 2.23223
      vertex 200 60 0
      vertex 200 60 2.23223
    endloop
  endfacet
  facet normal 1 0 0
    outer loop
      vertex 200 60 0
      vertex 200 0 2.23223
      vertex 200 0 0
    endloop
  endfacet
  facet normal 1 -0 0
    outer loop
      vertex 200 57 110
      vertex 200 60 5.76777
      vertex 200 60 110
    endloop
  endfacet
  facet normal 1 0 0
    outer loop
      vertex 200 60 5.76777
      vertex 200 57 110
      vertex 200 57 5.76777
    endloop
  endfacet
  facet normal 1 -0 0
    outer loop
      vertex 200 0 110
      vertex 200 3 5.76777
      vertex 200 3 110
    endloop
  endfacet
  facet normal 1 0 0
    outer loop
      vertex 200 3 5.76777
      vertex 200 0 110
      vertex 200 0 5.76777
    endloop
  endfacet
  facet normal -0 0 1
    outer loop
      vertex 10 42.7 4
      vertex 198.232 17.3 4
      vertex 198.232 42.7 4
    endloop
  endfacet
  facet normal 0 0 1
    outer loop
      vertex 198.232 17.3 4
      vertex 10 42.7 4
      vertex 10 17.3 4
    endloop
  endfacet
  facet normal 0 0 1
    outer loop
      vertex 198.232 15.3 4
      vertex 196 6 4
      vertex 198.232 3 4
    endloop
  endfacet
  facet normal 0 0 1
    outer loop
      vertex 198.232 15.3 4
      vertex 184 6 4
      vertex 196 6 4
    endloop
  endfacet
  facet normal 0 0 1
    outer loop
      vertex 154.79 5.81185 4
      vertex 184 6 4
      vertex 154.8 6 4
    endloop
  endfacet
  facet normal -0 0 1
    outer loop
      vertex 153.732 7.64438 4
      vertex 184 6 4
      vertex 198.232 15.3 4
    endloop
  endfacet
  facet normal 0 0 1
    outer loop
      vertex 184 6 4
      vertex 154.79 6.18815 4
      vertex 154.8 6 4
    endloop
  endfacet
  facet normal 0 0 1
    outer loop
      vertex 184 6 4
      vertex 154.761 6.37424 4
      vertex 154.79 6.18815 4
    endloop
  endfacet
  facet normal 0 0 1
    outer loop
      vertex 184 6 4
      vertex 154.712 6.55623 4
      vertex 154.761 6.37424 4
    endloop
  endfacet
  facet normal 0 0 1
    outer loop
      vertex 184 6 4
      vertex 154.644 6.73213 4
      vertex 154.712 6.55623 4
    endloop
  endfacet
  facet normal 0 0 1
    outer loop
      vertex 184 6 4
      vertex 154.559 6.9 4
      vertex 154.644 6.73213 4
    endloop
  endfacet
  facet normal 0 0 1
    outer loop
      vertex 184 6 4
      vertex 154.456 7.05801 4
      vertex 154.559 6.9 4
    endloop
  endfacet
  facet normal 0 0 1
    outer loop
      vertex 184 6 4
      vertex 154.338 7.20443 4
      vertex 154.456 7.05801 4
    endloop
  endfacet
  facet normal 0 0 1
    outer loop
      vertex 184 6 4
      vertex 154.204 7.33766 4
      vertex 154.338 7.20443 4
    endloop
  endfacet
  facet normal 0 0 1
    outer loop
      vertex 184 6 4
      vertex 154.058 7.45623 4
      vertex 154.204 7.33766 4
    endloop
  endfacet
  facet normal 0 0 1
    outer loop
      vertex 184 6 4
      vertex 153.9 7.55885 4
      vertex 154.058 7.45623 4
    endloop
  endfacet
  facet normal 0 0 1
    outer loop
      vertex 184 6 4
      vertex 153.732 7.64438 4
      vertex 153.9 7.55885 4
    endloop
  endfacet
  facet normal 0 0 1
    outer loop
      vertex 198.232 15.3 4
      vertex 153.556 7.7119 4
      vertex 153.732 7.64438 4
    endloop
  endfacet
  facet normal 0 0 1
    outer loop
      vertex 198.232 15.3 4
      vertex 153.374 7.76066 4
      vertex 153.556 7.7119 4
    endloop
  endfacet
  facet normal 0 0 1
    outer loop
      vertex 198.232 15.3 4
      vertex 153.188 7.79014 4
      vertex 153.374 7.76066 4
    endloop
  endfacet
  facet normal -0 0 1
    outer loop
      vertex 122 15 4
      vertex 153.188 7.79014 4
      vertex 198.232 15.3 4
    endloop
  endfacet
  facet normal 0 0 1
    outer loop
      vertex 153.188 7.79014 4
      vertex 122 15 4
      vertex 153 7.8 4
    endloop
  endfacet
  facet normal 0 0 1
    outer loop
      vertex 153 7.8 4
      vertex 122 15 4
      vertex 152.812 7.79014 4
    endloop
  endfacet
  facet normal 0 0 1
    outer loop
      vertex 151.21 6.18815 4
      vertex 133.8 6 4
      vertex 151.2 6 4
    endloop
  endfacet
  facet normal 0 0 1
    outer loop
      vertex 133.79 6.18815 4
      vertex 151.21 6.18815 4
      vertex 151.239 6.37424 4
    endloop
  endfacet
  facet normal 0 0 1
    outer loop
      vertex 133.761 6.37424 4
      vertex 151.239 6.37424 4
      vertex 151.288 6.55623 4
    endloop
  endfacet
  facet normal 0 0 1
    outer loop
      vertex 133.712 6.55623 4
      vertex 151.288 6.55623 4
      vertex 151.356 6.73213 4
    endloop
  endfacet
  facet normal 0 0 1
    outer loop
      vertex 133.644 6.73213 4
      vertex 151.356 6.73213 4
      vertex 151.441 6.9 4
    endloop
  endfacet
  facet normal 0 0 1
    outer loop
      vertex 133.559 6.9 4
      vertex 151.441 6.9 4
      vertex 151.544 7.05801 4
    endloop
  endfacet
  facet normal 0 0 1
    outer loop
      vertex 133.456 7.05801 4
      vertex 151.544 7.05801 4
      vertex 151.662 7.20443 4
    endloop
  endfacet
  facet normal 0 0 1
    outer loop
      vertex 133.338 7.20443 4
      vertex 151.662 7.20443 4
      vertex 151.796 7.33766 4
    endloop
  endfacet
  facet normal 0 0 1
    outer loop
      vertex 133.204 7.33766 4
      vertex 151.796 7.33766 4
      vertex 151.942 7.45623 4
    endloop
  endfacet
  facet normal 0 0 1
    outer loop
      vertex 133.058 7.45623 4
      vertex 151.942 7.45623 4
      vertex 152.1 7.55885 4
    endloop
  endfacet
  facet normal 0 0 1
    outer loop
      vertex 132.9 7.55885 4
      vertex 152.1 7.55885 4
      vertex 152.268 7.64438 4
    endloop
  endfacet
  facet normal 0 0 1
    outer loop
      vertex 132.732 7.64438 4
      vertex 152.268 7.64438 4
      vertex 152.444 7.7119 4
    endloop
  endfacet
  facet normal 0 0 1
    outer loop
      vertex 122 15 4
      vertex 152.444 7.7119 4
      vertex 152.626 7.76066 4
    endloop
  endfacet
  facet normal 0 0 1
    outer loop
      vertex 152.812 7.79014 4
      vertex 122 15 4
      vertex 152.626 7.76066 4
    endloop
  endfacet
  facet normal 0 0 1
    outer loop
      vertex 151.21 6.18815 4
      vertex 133.79 6.18815 4
      vertex 133.8 6 4
    endloop
  endfacet
  facet normal 0 0 1
    outer loop
      vertex 151.239 6.37424 4
      vertex 133.761 6.37424 4
      vertex 133.79 6.18815 4
    endloop
  endfacet
  facet normal 0 0 1
    outer loop
      vertex 151.288 6.55623 4
      vertex 133.712 6.55623 4
      vertex 133.761 6.37424 4
    endloop
  endfacet
  facet normal 0 0 1
    outer loop
      vertex 151.356 6.73213 4
      vertex 133.644 6.73213 4
      vertex 133.712 6.55623 4
    endloop
  endfacet
  facet normal 0 0 1
    outer loop
      vertex 151.441 6.9 4
      vertex 133.559 6.9 4
      vertex 133.644 6.73213 4
    endloop
  endfacet
  facet normal 0 0 1
    outer loop
      vertex 151.544 7.05801 4
      vertex 133.456 7.05801 4
      vertex 133.559 6.9 4
    endloop
  endfacet
  facet normal 0 0 1
    outer loop
      vertex 151.662 7.20443 4
      vertex 133.338 7.20443 4
      vertex 133.456 7.05801 4
    endloop
  endfacet
  facet normal 0 0 1
    outer loop
      vertex 151.796 7.33766 4
      vertex 133.204 7.33766 4
      vertex 133.338 7.20443 4
    endloop
  endfacet
  facet normal 0 0 1
    outer loop
      vertex 151.942 7.45623 4
      vertex 133.058 7.45623 4
      vertex 133.204 7.33766 4
    endloop
  endfacet
  facet normal 0 0 1
    outer loop
      vertex 152.1 7.55885 4
      vertex 132.9 7.55885 4
      vertex 133.058 7.45623 4
    endloop
  endfacet
  facet normal 0 0 1
    outer loop
      vertex 152.444 7.7119 4
      vertex 122 15 4
      vertex 132.732 7.64438 4
    endloop
  endfacet
  facet normal 0 0 1
    outer loop
      vertex 152.268 7.64438 4
      vertex 132.732 7.64438 4
      vertex 132.9 7.55885 4
    endloop
  endfacet
  facet normal 0 0 1
    outer loop
      vertex 132.732 7.64438 4
      vertex 122 15 4
      vertex 132.556 7.7119 4
    endloop
  endfacet
  facet normal 0 0 1
    outer loop
      vertex 132.556 7.7119 4
      vertex 122 15 4
      vertex 132.374 7.76066 4
    endloop
  endfacet
  facet normal 0 0 1
    outer loop
      vertex 132.374 7.76066 4
      vertex 122 15 4
      vertex 132.188 7.79014 4
    endloop
  endfacet
  facet normal 0 0 1
    outer loop
      vertex 132.188 7.79014 4
      vertex 122 15 4
      vertex 132 7.8 4
    endloop
  endfacet
  facet normal 0 0 1
    outer loop
      vertex 130.239 6.37424 4
      vertex 122 7 4
      vertex 130.21 6.18815 4
    endloop
  endfacet
  facet normal 0 0 1
    outer loop
      vertex 130.288 6.55623 4
      vertex 122 7 4
      vertex 130.239 6.37424 4
    endloop
  endfacet
  facet normal 0 0 1
    outer loop
      vertex 130.356 6.73213 4
      vertex 122 7 4
      vertex 130.288 6.55623 4
    endloop
  endfacet
  facet normal 0 0 1
    outer loop
      vertex 130.441 6.9 4
      vertex 122 7 4
      vertex 130.356 6.73213 4
    endloop
  endfacet
  facet normal 0 0 1
    outer loop
      vertex 130.544 7.05801 4
      vertex 122 7 4
      vertex 130.441 6.9 4
    endloop
  endfacet
  facet normal 0 0 1
    outer loop
      vertex 130.662 7.20443 4
      vertex 122 7 4
      vertex 130.544 7.05801 4
    endloop
  endfacet
  facet normal 0 0 1
    outer loop
      vertex 122 7 4
      vertex 130.662 7.20443 4
      vertex 122 15 4
    endloop
  endfacet
  facet normal 0 0 1
    outer loop
      vertex 130.796 7.33766 4
      vertex 122 15 4
      vertex 130.662 7.20443 4
    endloop
  endfacet
  facet normal 0 0 1
    outer loop
      vertex 130.942 7.45623 4
      vertex 122 15 4
      vertex 130.796 7.33766 4
    endloop
  endfacet
  facet normal 0 0 1
    outer loop
      vertex 131.1 7.55885 4
      vertex 122 15 4
      vertex 130.942 7.45623 4
    endloop
  endfacet
  facet normal 0 0 1
    outer loop
      vertex 131.268 7.64438 4
      vertex 122 15 4
      vertex 131.1 7.55885 4
    endloop
  endfacet
  facet normal 0 0 1
    outer loop
      vertex 131.444 7.7119 4
      vertex 122 15 4
      vertex 131.268 7.64438 4
    endloop
  endfacet
  facet normal 0 0 1
    outer loop
      vertex 131.626 7.76066 4
      vertex 122 15 4
      vertex 131.444 7.7119 4
    endloop
  endfacet
  facet normal 0 0 1
    outer loop
      vertex 131.812 7.79014 4
      vertex 122 15 4
      vertex 131.626 7.76066 4
    endloop
  endfacet
  facet normal 0 0 1
    outer loop
      vertex 132 7.8 4
      vertex 122 15 4
      vertex 131.812 7.79014 4
    endloop
  endfacet
  facet normal 0 0 1
    outer loop
      vertex 198.232 15.3 4
      vertex 78 15 4
      vertex 122 15 4
    endloop
  endfacet
  facet normal 0 0 1
    outer loop
      vertex 78 15 4
      vertex 16 6 4
      vertex 78 7 4
    endloop
  endfacet
  facet normal -0 0 1
    outer loop
      vertex 10 15.3 4
      vertex 78 15 4
      vertex 198.232 15.3 4
    endloop
  endfacet
  facet normal 0 0 1
    outer loop
      vertex 10 15.3 4
      vertex 16 6 4
      vertex 78 15 4
    endloop
  endfacet
  facet normal 0 0 1
    outer loop
      vertex 10 15.3 4
      vertex 4 6 4
      vertex 16 6 4
    endloop
  endfacet
  facet normal 0 0 1
    outer loop
      vertex 10 17.3 4
      vertex 4 6 4
      vertex 10 15.3 4
    endloop
  endfacet
  facet normal 0 0 1
    outer loop
      vertex 198.232 3 4
      vertex 196 6 4
      vertex 196 3 4
    endloop
  endfacet
  facet normal 0 0 1
    outer loop
      vertex 184 6 4
      vertex 154.79 5.81185 4
      vertex 184 3 4
    endloop
  endfacet
  facet normal -0 0 1
    outer loop
      vertex 154.761 5.62576 4
      vertex 184 3 4
      vertex 154.79 5.81185 4
    endloop
  endfacet
  facet normal -0 0 1
    outer loop
      vertex 154.712 5.44377 4
      vertex 184 3 4
      vertex 154.761 5.62576 4
    endloop
  endfacet
  facet normal -0 0 1
    outer loop
      vertex 154.644 5.26787 4
      vertex 184 3 4
      vertex 154.712 5.44377 4
    endloop
  endfacet
  facet normal -0 0 1
    outer loop
      vertex 154.559 5.1 4
      vertex 184 3 4
      vertex 154.644 5.26787 4
    endloop
  endfacet
  facet normal -0 0 1
    outer loop
      vertex 154.456 4.94199 4
      vertex 184 3 4
      vertex 154.559 5.1 4
    endloop
  endfacet
  facet normal -0 0 1
    outer loop
      vertex 154.338 4.79556 4
      vertex 184 3 4
      vertex 154.456 4.94199 4
    endloop
  endfacet
  facet normal -0 0 1
    outer loop
      vertex 154.204 4.66234 4
      vertex 184 3 4
      vertex 154.338 4.79556 4
    endloop
  endfacet
  facet normal -0 0 1
    outer loop
      vertex 154.058 4.54377 4
      vertex 184 3 4
      vertex 154.204 4.66234 4
    endloop
  endfacet
  facet normal -0 0 1
    outer loop
      vertex 153.9 4.44115 4
      vertex 184 3 4
      vertex 154.058 4.54377 4
    endloop
  endfacet
  facet normal -0 0 1
    outer loop
      vertex 153.732 4.35562 4
      vertex 184 3 4
      vertex 153.9 4.44115 4
    endloop
  endfacet
  facet normal -0 0 1
    outer loop
      vertex 153.556 4.2881 4
      vertex 184 3 4
      vertex 153.732 4.35562 4
    endloop
  endfacet
  facet normal -0 0 1
    outer loop
      vertex 153.374 4.23933 4
      vertex 184 3 4
      vertex 153.556 4.2881 4
    endloop
  endfacet
  facet normal -0 0 1
    outer loop
      vertex 153.188 4.20986 4
      vertex 184 3 4
      vertex 153.374 4.23933 4
    endloop
  endfacet
  facet normal -0 0 1
    outer loop
      vertex 153 4.2 4
      vertex 184 3 4
      vertex 153.188 4.20986 4
    endloop
  endfacet
  facet normal -0 0 1
    outer loop
      vertex 133.8 6 4
      vertex 151.21 5.81185 4
      vertex 151.2 6 4
    endloop
  endfacet
  facet normal 0 0 1
    outer loop
      vertex 133.79 5.81185 4
      vertex 151.21 5.81185 4
      vertex 133.8 6 4
    endloop
  endfacet
  facet normal 0 0 1
    outer loop
      vertex 151.21 5.81185 4
      vertex 133.79 5.81185 4
      vertex 151.239 5.62576 4
    endloop
  endfacet
  facet normal 0 0 1
    outer loop
      vertex 133.761 5.62576 4
      vertex 151.239 5.62576 4
      vertex 133.79 5.81185 4
    endloop
  endfacet
  facet normal 0 0 1
    outer loop
      vertex 151.239 5.62576 4
      vertex 133.761 5.62576 4
      vertex 151.288 5.44377 4
    endloop
  endfacet
  facet normal 0 0 1
    outer loop
      vertex 133.712 5.44377 4
      vertex 151.288 5.44377 4
      vertex 133.761 5.62576 4
    endloop
  endfacet
  facet normal 0 0 1
    outer loop
      vertex 151.288 5.44377 4
      vertex 133.712 5.44377 4
      vertex 151.356 5.26787 4
    endloop
  endfacet
  facet normal 0 0 1
    outer loop
      vertex 133.644 5.26787 4
      vertex 151.356 5.26787 4
      vertex 133.712 5.44377 4
    endloop
  endfacet
  facet normal 0 0 1
    outer loop
      vertex 151.356 5.26787 4
      vertex 133.644 5.26787 4
      vertex 151.441 5.1 4
    endloop
  endfacet
  facet normal 0 0 1
    outer loop
      vertex 133.559 5.1 4
      vertex 151.441 5.1 4
      vertex 133.644 5.26787 4
    endloop
  endfacet
  facet normal 0 0 1
    outer loop
      vertex 151.441 5.1 4
      vertex 133.559 5.1 4
      vertex 151.544 4.94199 4
    endloop
  endfacet
  facet normal 0 0 1
    outer loop
      vertex 133.456 4.94199 4
      vertex 151.544 4.94199 4
      vertex 133.559 5.1 4
    endloop
  endfacet
  facet normal 0 0 1
    outer loop
      vertex 151.544 4.94199 4
      vertex 133.456 4.94199 4
      vertex 151.662 4.79556 4
    endloop
  endfacet
  facet normal 0 0 1
    outer loop
      vertex 133.338 4.79556 4
      vertex 151.662 4.79556 4
      vertex 133.456 4.94199 4
    endloop
  endfacet
  facet normal 0 0 1
    outer loop
      vertex 151.662 4.79556 4
      vertex 133.338 4.79556 4
      vertex 151.796 4.66234 4
    endloop
  endfacet
  facet normal 0 0 1
    outer loop
      vertex 133.204 4.66234 4
      vertex 151.796 4.66234 4
      vertex 133.338 4.79556 4
    endloop
  endfacet
  facet normal 0 0 1
    outer loop
      vertex 151.796 4.66234 4
      vertex 133.204 4.66234 4
      vertex 151.942 4.54377 4
    endloop
  endfacet
  facet normal 0 0 1
    outer loop
      vertex 133.058 4.54377 4
      vertex 151.942 4.54377 4
      vertex 133.204 4.66234 4
    endloop
  endfacet
  facet normal 0 0 1
    outer loop
      vertex 151.942 4.54377 4
      vertex 133.058 4.54377 4
      vertex 152.1 4.44115 4
    endloop
  endfacet
  facet normal 0 0 1
    outer loop
      vertex 132.9 4.44115 4
      vertex 152.1 4.44115 4
      vertex 133.058 4.54377 4
    endloop
  endfacet
  facet normal 0 0 1
    outer loop
      vertex 152.1 4.44115 4
      vertex 132.9 4.44115 4
      vertex 152.268 4.35562 4
    endloop
  endfacet
  facet normal 0 0 1
    outer loop
      vertex 132.732 4.35562 4
      vertex 152.268 4.35562 4
      vertex 132.9 4.44115 4
    endloop
  endfacet
  facet normal 0 0 1
    outer loop
      vertex 152.268 4.35562 4
      vertex 132.732 4.35562 4
      vertex 152.444 4.2881 4
    endloop
  endfacet
  facet normal 0 0 1
    outer loop
      vertex 132.556 4.2881 4
      vertex 152.444 4.2881 4
      vertex 132.732 4.35562 4
    endloop
  endfacet
  facet normal 0 0 1
    outer loop
      vertex 152.444 4.2881 4
      vertex 132.556 4.2881 4
      vertex 152.626 4.23933 4
    endloop
  endfacet
  facet normal 0 0 1
    outer loop
      vertex 132.374 4.23933 4
      vertex 152.626 4.23933 4
      vertex 132.556 4.2881 4
    endloop
  endfacet
  facet normal 0 0 1
    outer loop
      vertex 152.626 4.23933 4
      vertex 132.374 4.23933 4
      vertex 152.812 4.20986 4
    endloop
  endfacet
  facet normal 0 0 1
    outer loop
      vertex 132.188 4.20986 4
      vertex 152.812 4.20986 4
      vertex 132.374 4.23933 4
    endloop
  endfacet
  facet normal 0 0 1
    outer loop
      vertex 152.812 4.20986 4
      vertex 132.188 4.20986 4
      vertex 153 4.2 4
    endloop
  endfacet
  facet normal 0 0 1
    outer loop
      vertex 132 4.2 4
      vertex 153 4.2 4
      vertex 132.188 4.20986 4
    endloop
  endfacet
  facet normal 0 0 1
    outer loop
      vertex 153 4.2 4
      vertex 132 4.2 4
      vertex 184 3 4
    endloop
  endfacet
  facet normal 0 0 1
    outer loop
      vertex 130.21 6.18815 4
      vertex 122 7 4
      vertex 130.2 6 4
    endloop
  endfacet
  facet normal 0 0 1
    outer loop
      vertex 130.2 6 4
      vertex 122 7 4
      vertex 130.21 5.81185 4
    endloop
  endfacet
  facet normal 0 0 1
    outer loop
      vertex 130.21 5.81185 4
      vertex 122 7 4
      vertex 130.239 5.62576 4
    endloop
  endfacet
  facet normal 0 0 1
    outer loop
      vertex 130.239 5.62576 4
      vertex 122 7 4
      vertex 130.288 5.44377 4
    endloop
  endfacet
  facet normal 0 0 1
    outer loop
      vertex 130.288 5.44377 4
      vertex 122 7 4
      vertex 130.356 5.26787 4
    endloop
  endfacet
  facet normal 0 0 1
    outer loop
      vertex 130.356 5.26787 4
      vertex 122 7 4
      vertex 130.441 5.1 4
    endloop
  endfacet
  facet normal 0 0 1
    outer loop
      vertex 130.441 5.1 4
      vertex 122 7 4
      vertex 130.544 4.94199 4
    endloop
  endfacet
  facet normal 0 0 1
    outer loop
      vertex 130.544 4.94199 4
      vertex 122 7 4
      vertex 130.662 4.79556 4
    endloop
  endfacet
  facet normal 0 0 1
    outer loop
      vertex 122 7 4
      vertex 130.796 4.66234 4
      vertex 130.662 4.79556 4
    endloop
  endfacet
  facet normal 0 0 1
    outer loop
      vertex 122 7 4
      vertex 130.942 4.54377 4
      vertex 130.796 4.66234 4
    endloop
  endfacet
  facet normal 0 0 1
    outer loop
      vertex 122 7 4
      vertex 131.1 4.44115 4
      vertex 130.942 4.54377 4
    endloop
  endfacet
  facet normal 0 0 1
    outer loop
      vertex 122 7 4
      vertex 131.268 4.35562 4
      vertex 131.1 4.44115 4
    endloop
  endfacet
  facet normal 0 0 1
    outer loop
      vertex 122 7 4
      vertex 131.444 4.2881 4
      vertex 131.268 4.35562 4
    endloop
  endfacet
  facet normal -0 0 1
    outer loop
      vertex 78 7 4
      vertex 131.444 4.2881 4
      vertex 122 7 4
    endloop
  endfacet
  facet normal 0 0 1
    outer loop
      vertex 78 7 4
      vertex 131.626 4.23933 4
      vertex 131.444 4.2881 4
    endloop
  endfacet
  facet normal 0 0 1
    outer loop
      vertex 78 7 4
      vertex 131.812 4.20986 4
      vertex 131.626 4.23933 4
    endloop
  endfacet
  facet normal 0 0 1
    outer loop
      vertex 16 3 4
      vertex 131.812 4.20986 4
      vertex 78 7 4
    endloop
  endfacet
  facet normal 0 0 1
    outer loop
      vertex 16 3 4
      vertex 78 7 4
      vertex 16 6 4
    endloop
  endfacet
  facet normal 0 0 1
    outer loop
      vertex 131.812 4.20986 4
      vertex 16 3 4
      vertex 132 4.2 4
    endloop
  endfacet
  facet normal 0 0 1
    outer loop
      vertex 132 4.2 4
      vertex 16 3 4
      vertex 184 3 4
    endloop
  endfacet
  facet normal -0 0 1
    outer loop
      vertex 1.76777 57 4
      vertex 4 54 4
      vertex 4 57 4
    endloop
  endfacet
  facet normal 0 0 1
    outer loop
      vertex 4 54 4
      vertex 1.76777 57 4
      vertex 4 6 4
    endloop
  endfacet
  facet normal 0 0 1
    outer loop
      vertex 1.76777 3 4
      vertex 4 6 4
      vertex 1.76777 57 4
    endloop
  endfacet
  facet normal 0 0 1
    outer loop
      vertex 4 6 4
      vertex 1.76777 3 4
      vertex 4 3 4
    endloop
  endfacet
  facet normal -0 0 1
    outer loop
      vertex 154.79 54.1881 4
      vertex 184 54 4
      vertex 184 57 4
    endloop
  endfacet
  facet normal 0 0 1
    outer loop
      vertex 184 54 4
      vertex 154.79 54.1881 4
      vertex 154.8 54 4
    endloop
  endfacet
  facet normal 0 0 1
    outer loop
      vertex 184 57 4
      vertex 154.761 54.3742 4
      vertex 154.79 54.1881 4
    endloop
  endfacet
  facet normal 0 0 1
    outer loop
      vertex 184 57 4
      vertex 154.712 54.5562 4
      vertex 154.761 54.3742 4
    endloop
  endfacet
  facet normal 0 0 1
    outer loop
      vertex 184 57 4
      vertex 154.644 54.7321 4
      vertex 154.712 54.5562 4
    endloop
  endfacet
  facet normal 0 0 1
    outer loop
      vertex 184 57 4
      vertex 154.559 54.9 4
      vertex 154.644 54.7321 4
    endloop
  endfacet
  facet normal 0 0 1
    outer loop
      vertex 184 57 4
      vertex 154.456 55.058 4
      vertex 154.559 54.9 4
    endloop
  endfacet
  facet normal 0 0 1
    outer loop
      vertex 184 57 4
      vertex 154.338 55.2044 4
      vertex 154.456 55.058 4
    endloop
  endfacet
  facet normal 0 0 1
    outer loop
      vertex 184 57 4
      vertex 154.204 55.3377 4
      vertex 154.338 55.2044 4
    endloop
  endfacet
  facet normal 0 0 1
    outer loop
      vertex 184 57 4
      vertex 154.058 55.4562 4
      vertex 154.204 55.3377 4
    endloop
  endfacet
  facet normal 0 0 1
    outer loop
      vertex 184 57 4
      vertex 153.9 55.5588 4
      vertex 154.058 55.4562 4
    endloop
  endfacet
  facet normal 0 0 1
    outer loop
      vertex 184 57 4
      vertex 153.732 55.6444 4
      vertex 153.9 55.5588 4
    endloop
  endfacet
  facet normal 0 0 1
    outer loop
      vertex 184 57 4
      vertex 153.556 55.7119 4
      vertex 153.732 55.6444 4
    endloop
  endfacet
  facet normal 0 0 1
    outer loop
      vertex 184 57 4
      vertex 153.374 55.7607 4
      vertex 153.556 55.7119 4
    endloop
  endfacet
  facet normal 0 0 1
    outer loop
      vertex 184 57 4
      vertex 153.188 55.7901 4
      vertex 153.374 55.7607 4
    endloop
  endfacet
  facet normal 0 0 1
    outer loop
      vertex 184 57 4
      vertex 153 55.8 4
      vertex 153.188 55.7901 4
    endloop
  endfacet
  facet normal 0 0 1
    outer loop
      vertex 151.21 54.1881 4
      vertex 133.8 54 4
      vertex 151.2 54 4
    endloop
  endfacet
  facet normal 0 0 1
    outer loop
      vertex 133.79 54.1881 4
      vertex 151.21 54.1881 4
      vertex 151.239 54.3742 4
    endloop
  endfacet
  facet normal 0 0 1
    outer loop
      vertex 133.761 54.3742 4
      vertex 151.239 54.3742 4
      vertex 151.288 54.5562 4
    endloop
  endfacet
  facet normal 0 0 1
    outer loop
      vertex 133.712 54.5562 4
      vertex 151.288 54.5562 4
      vertex 151.356 54.7321 4
    endloop
  endfacet
  facet normal 0 0 1
    outer loop
      vertex 133.644 54.7321 4
      vertex 151.356 54.7321 4
      vertex 151.441 54.9 4
    endloop
  endfacet
  facet normal 0 0 1
    outer loop
      vertex 133.559 54.9 4
      vertex 151.441 54.9 4
      vertex 151.544 55.058 4
    endloop
  endfacet
  facet normal 0 0 1
    outer loop
      vertex 133.456 55.058 4
      vertex 151.544 55.058 4
      vertex 151.662 55.2044 4
    endloop
  endfacet
  facet normal 0 0 1
    outer loop
      vertex 133.338 55.2044 4
      vertex 151.662 55.2044 4
      vertex 151.796 55.3377 4
    endloop
  endfacet
  facet normal 0 0 1
    outer loop
      vertex 133.204 55.3377 4
      vertex 151.796 55.3377 4
      vertex 151.942 55.4562 4
    endloop
  endfacet
  facet normal 0 0 1
    outer loop
      vertex 133.058 55.4562 4
      vertex 151.942 55.4562 4
      vertex 152.1 55.5588 4
    endloop
  endfacet
  facet normal 0 0 1
    outer loop
      vertex 132.9 55.5588 4
      vertex 152.1 55.5588 4
      vertex 152.268 55.6444 4
    endloop
  endfacet
  facet normal 0 0 1
    outer loop
      vertex 132.732 55.6444 4
      vertex 152.268 55.6444 4
      vertex 152.444 55.7119 4
    endloop
  endfacet
  facet normal 0 0 1
    outer loop
      vertex 132.556 55.7119 4
      vertex 152.444 55.7119 4
      vertex 152.626 55.7607 4
    endloop
  endfacet
  facet normal 0 0 1
    outer loop
      vertex 132.374 55.7607 4
      vertex 152.626 55.7607 4
      vertex 152.812 55.7901 4
    endloop
  endfacet
  facet normal 0 0 1
    outer loop
      vertex 151.21 54.1881 4
      vertex 133.79 54.1881 4
      vertex 133.8 54 4
    endloop
  endfacet
  facet normal 0 0 1
    outer loop
      vertex 151.239 54.3742 4
      vertex 133.761 54.3742 4
      vertex 133.79 54.1881 4
    endloop
  endfacet
  facet normal 0 0 1
    outer loop
      vertex 151.288 54.5562 4
      vertex 133.712 54.5562 4
      vertex 133.761 54.3742 4
    endloop
  endfacet
  facet normal 0 0 1
    outer loop
      vertex 151.356 54.7321 4
      vertex 133.644 54.7321 4
      vertex 133.712 54.5562 4
    endloop
  endfacet
  facet normal 0 0 1
    outer loop
      vertex 151.441 54.9 4
      vertex 133.559 54.9 4
      vertex 133.644 54.7321 4
    endloop
  endfacet
  facet normal 0 0 1
    outer loop
      vertex 132.188 55.7901 4
      vertex 152.812 55.7901 4
      vertex 153 55.8 4
    endloop
  endfacet
  facet normal 0 0 1
    outer loop
      vertex 151.544 55.058 4
      vertex 133.456 55.058 4
      vertex 133.559 54.9 4
    endloop
  endfacet
  facet normal 0 0 1
    outer loop
      vertex 132 55.8 4
      vertex 153 55.8 4
      vertex 184 57 4
    endloop
  endfacet
  facet normal 0 0 1
    outer loop
      vertex 151.662 55.2044 4
      vertex 133.338 55.2044 4
      vertex 133.456 55.058 4
    endloop
  endfacet
  facet normal 0 0 1
    outer loop
      vertex 151.796 55.3377 4
      vertex 133.204 55.3377 4
      vertex 133.338 55.2044 4
    endloop
  endfacet
  facet normal 0 0 1
    outer loop
      vertex 151.942 55.4562 4
      vertex 133.058 55.4562 4
      vertex 133.204 55.3377 4
    endloop
  endfacet
  facet normal 0 0 1
    outer loop
      vertex 152.1 55.5588 4
      vertex 132.9 55.5588 4
      vertex 133.058 55.4562 4
    endloop
  endfacet
  facet normal 0 0 1
    outer loop
      vertex 152.268 55.6444 4
      vertex 132.732 55.6444 4
      vertex 132.9 55.5588 4
    endloop
  endfacet
  facet normal 0 0 1
    outer loop
      vertex 152.444 55.7119 4
      vertex 132.556 55.7119 4
      vertex 132.732 55.6444 4
    endloop
  endfacet
  facet normal 0 0 1
    outer loop
      vertex 152.626 55.7607 4
      vertex 132.374 55.7607 4
      vertex 132.556 55.7119 4
    endloop
  endfacet
  facet normal 0 0 1
    outer loop
      vertex 152.812 55.7901 4
      vertex 132.188 55.7901 4
      vertex 132.374 55.7607 4
    endloop
  endfacet
  facet normal 0 0 1
    outer loop
      vertex 153 55.8 4
      vertex 132 55.8 4
      vertex 132.188 55.7901 4
    endloop
  endfacet
  facet normal 0 0 1
    outer loop
      vertex 130.21 54.1881 4
      vertex 122 53 4
      vertex 130.2 54 4
    endloop
  endfacet
  facet normal 0 0 1
    outer loop
      vertex 130.239 54.3742 4
      vertex 122 53 4
      vertex 130.21 54.1881 4
    endloop
  endfacet
  facet normal 0 0 1
    outer loop
      vertex 130.288 54.5562 4
      vertex 122 53 4
      vertex 130.239 54.3742 4
    endloop
  endfacet
  facet normal 0 0 1
    outer loop
      vertex 130.356 54.7321 4
      vertex 122 53 4
      vertex 130.288 54.5562 4
    endloop
  endfacet
  facet normal 0 0 1
    outer loop
      vertex 130.441 54.9 4
      vertex 122 53 4
      vertex 130.356 54.7321 4
    endloop
  endfacet
  facet normal 0 0 1
    outer loop
      vertex 130.544 55.058 4
      vertex 122 53 4
      vertex 130.441 54.9 4
    endloop
  endfacet
  facet normal 0 0 1
    outer loop
      vertex 130.662 55.2044 4
      vertex 122 53 4
      vertex 130.544 55.058 4
    endloop
  endfacet
  facet normal 0 0 1
    outer loop
      vertex 130.796 55.3377 4
      vertex 122 53 4
      vertex 130.662 55.2044 4
    endloop
  endfacet
  facet normal 0 0 1
    outer loop
      vertex 130.942 55.4562 4
      vertex 122 53 4
      vertex 130.796 55.3377 4
    endloop
  endfacet
  facet normal 0 0 1
    outer loop
      vertex 131.1 55.5588 4
      vertex 122 53 4
      vertex 130.942 55.4562 4
    endloop
  endfacet
  facet normal 0 0 1
    outer loop
      vertex 131.268 55.6444 4
      vertex 122 53 4
      vertex 131.1 55.5588 4
    endloop
  endfacet
  facet normal 0 0 1
    outer loop
      vertex 131.444 55.7119 4
      vertex 122 53 4
      vertex 131.268 55.6444 4
    endloop
  endfacet
  facet normal 0 0 1
    outer loop
      vertex 131.444 55.7119 4
      vertex 78 53 4
      vertex 122 53 4
    endloop
  endfacet
  facet normal 0 0 1
    outer loop
      vertex 131.626 55.7607 4
      vertex 78 53 4
      vertex 131.444 55.7119 4
    endloop
  endfacet
  facet normal 0 0 1
    outer loop
      vertex 131.812 55.7901 4
      vertex 78 53 4
      vertex 131.626 55.7607 4
    endloop
  endfacet
  facet normal 0 0 1
    outer loop
      vertex 16 57 4
      vertex 131.812 55.7901 4
      vertex 132 55.8 4
    endloop
  endfacet
  facet normal -0 0 1
    outer loop
      vertex 16 54 4
      vertex 78 53 4
      vertex 16 57 4
    endloop
  endfacet
  facet normal 0 0 1
    outer loop
      vertex 131.812 55.7901 4
      vertex 16 57 4
      vertex 78 53 4
    endloop
  endfacet
  facet normal -0 0 1
    outer loop
      vertex 16 57 4
      vertex 132 55.8 4
      vertex 184 57 4
    endloop
  endfacet
  facet normal 0 0 1
    outer loop
      vertex 196 54 4
      vertex 198.232 57 4
      vertex 196 57 4
    endloop
  endfacet
  facet normal 0 0 1
    outer loop
      vertex 198.232 57 4
      vertex 196 54 4
      vertex 198.232 44.7 4
    endloop
  endfacet
  facet normal -0 0 1
    outer loop
      vertex 184 54 4
      vertex 198.232 44.7 4
      vertex 196 54 4
    endloop
  endfacet
  facet normal 0 0 1
    outer loop
      vertex 154.79 53.8118 4
      vertex 184 54 4
      vertex 154.8 54 4
    endloop
  endfacet
  facet normal 0 0 1
    outer loop
      vertex 154.761 53.6258 4
      vertex 184 54 4
      vertex 154.79 53.8118 4
    endloop
  endfacet
  facet normal 0 0 1
    outer loop
      vertex 154.712 53.4438 4
      vertex 184 54 4
      vertex 154.761 53.6258 4
    endloop
  endfacet
  facet normal 0 0 1
    outer loop
      vertex 154.644 53.2679 4
      vertex 184 54 4
      vertex 154.712 53.4438 4
    endloop
  endfacet
  facet normal 0 0 1
    outer loop
      vertex 154.559 53.1 4
      vertex 184 54 4
      vertex 154.644 53.2679 4
    endloop
  endfacet
  facet normal 0 0 1
    outer loop
      vertex 154.456 52.942 4
      vertex 184 54 4
      vertex 154.559 53.1 4
    endloop
  endfacet
  facet normal 0 0 1
    outer loop
      vertex 154.338 52.7956 4
      vertex 184 54 4
      vertex 154.456 52.942 4
    endloop
  endfacet
  facet normal 0 0 1
    outer loop
      vertex 154.204 52.6623 4
      vertex 184 54 4
      vertex 154.338 52.7956 4
    endloop
  endfacet
  facet normal 0 0 1
    outer loop
      vertex 154.058 52.5438 4
      vertex 184 54 4
      vertex 154.204 52.6623 4
    endloop
  endfacet
  facet normal 0 0 1
    outer loop
      vertex 153.9 52.4412 4
      vertex 184 54 4
      vertex 154.058 52.5438 4
    endloop
  endfacet
  facet normal 0 0 1
    outer loop
      vertex 153.732 52.3556 4
      vertex 184 54 4
      vertex 153.9 52.4412 4
    endloop
  endfacet
  facet normal 0 0 1
    outer loop
      vertex 184 54 4
      vertex 153.732 52.3556 4
      vertex 198.232 44.7 4
    endloop
  endfacet
  facet normal -0 0 1
    outer loop
      vertex 153.556 52.2881 4
      vertex 198.232 44.7 4
      vertex 153.732 52.3556 4
    endloop
  endfacet
  facet normal -0 0 1
    outer loop
      vertex 153.374 52.2393 4
      vertex 198.232 44.7 4
      vertex 153.556 52.2881 4
    endloop
  endfacet
  facet normal -0 0 1
    outer loop
      vertex 153.188 52.2099 4
      vertex 198.232 44.7 4
      vertex 153.374 52.2393 4
    endloop
  endfacet
  facet normal 0 0 1
    outer loop
      vertex 122 45 4
      vertex 153.188 52.2099 4
      vertex 153 52.2 4
    endloop
  endfacet
  facet normal 0 0 1
    outer loop
      vertex 122 45 4
      vertex 153 52.2 4
      vertex 152.812 52.2099 4
    endloop
  endfacet
  facet normal 0 0 1
    outer loop
      vertex 122 45 4
      vertex 152.812 52.2099 4
      vertex 152.626 52.2393 4
    endloop
  endfacet
  facet normal -0 0 1
    outer loop
      vertex 133.8 54 4
      vertex 151.21 53.8118 4
      vertex 151.2 54 4
    endloop
  endfacet
  facet normal 0 0 1
    outer loop
      vertex 133.79 53.8118 4
      vertex 151.21 53.8118 4
      vertex 133.8 54 4
    endloop
  endfacet
  facet normal 0 0 1
    outer loop
      vertex 151.21 53.8118 4
      vertex 133.79 53.8118 4
      vertex 151.239 53.6258 4
    endloop
  endfacet
  facet normal 0 0 1
    outer loop
      vertex 133.761 53.6258 4
      vertex 151.239 53.6258 4
      vertex 133.79 53.8118 4
    endloop
  endfacet
  facet normal 0 0 1
    outer loop
      vertex 151.239 53.6258 4
      vertex 133.761 53.6258 4
      vertex 151.288 53.4438 4
    endloop
  endfacet
  facet normal 0 0 1
    outer loop
      vertex 133.712 53.4438 4
      vertex 151.288 53.4438 4
      vertex 133.761 53.6258 4
    endloop
  endfacet
  facet normal 0 0 1
    outer loop
      vertex 151.288 53.4438 4
      vertex 133.712 53.4438 4
      vertex 151.356 53.2679 4
    endloop
  endfacet
  facet normal 0 0 1
    outer loop
      vertex 133.644 53.2679 4
      vertex 151.356 53.2679 4
      vertex 133.712 53.4438 4
    endloop
  endfacet
  facet normal 0 0 1
    outer loop
      vertex 151.356 53.2679 4
      vertex 133.644 53.2679 4
      vertex 151.441 53.1 4
    endloop
  endfacet
  facet normal 0 0 1
    outer loop
      vertex 133.559 53.1 4
      vertex 151.441 53.1 4
      vertex 133.644 53.2679 4
    endloop
  endfacet
  facet normal 0 0 1
    outer loop
      vertex 151.441 53.1 4
      vertex 133.559 53.1 4
      vertex 151.544 52.942 4
    endloop
  endfacet
  facet normal 0 0 1
    outer loop
      vertex 133.456 52.942 4
      vertex 151.544 52.942 4
      vertex 133.559 53.1 4
    endloop
  endfacet
  facet normal 0 0 1
    outer loop
      vertex 151.544 52.942 4
      vertex 133.456 52.942 4
      vertex 151.662 52.7956 4
    endloop
  endfacet
  facet normal 0 0 1
    outer loop
      vertex 133.338 52.7956 4
      vertex 151.662 52.7956 4
      vertex 133.456 52.942 4
    endloop
  endfacet
  facet normal 0 0 1
    outer loop
      vertex 151.662 52.7956 4
      vertex 133.338 52.7956 4
      vertex 151.796 52.6623 4
    endloop
  endfacet
  facet normal 0 0 1
    outer loop
      vertex 133.204 52.6623 4
      vertex 151.796 52.6623 4
      vertex 133.338 52.7956 4
    endloop
  endfacet
  facet normal 0 0 1
    outer loop
      vertex 151.796 52.6623 4
      vertex 133.204 52.6623 4
      vertex 151.942 52.5438 4
    endloop
  endfacet
  facet normal 0 0 1
    outer loop
      vertex 133.058 52.5438 4
      vertex 151.942 52.5438 4
      vertex 133.204 52.6623 4
    endloop
  endfacet
  facet normal 0 0 1
    outer loop
      vertex 151.942 52.5438 4
      vertex 133.058 52.5438 4
      vertex 152.1 52.4412 4
    endloop
  endfacet
  facet normal 0 0 1
    outer loop
      vertex 132.9 52.4412 4
      vertex 152.1 52.4412 4
      vertex 133.058 52.5438 4
    endloop
  endfacet
  facet normal 0 0 1
    outer loop
      vertex 152.1 52.4412 4
      vertex 132.9 52.4412 4
      vertex 152.268 52.3556 4
    endloop
  endfacet
  facet normal 0 0 1
    outer loop
      vertex 132.732 52.3556 4
      vertex 152.268 52.3556 4
      vertex 132.9 52.4412 4
    endloop
  endfacet
  facet normal 0 0 1
    outer loop
      vertex 152.268 52.3556 4
      vertex 132.732 52.3556 4
      vertex 152.444 52.2881 4
    endloop
  endfacet
  facet normal 0 0 1
    outer loop
      vertex 122 45 4
      vertex 152.444 52.2881 4
      vertex 132.732 52.3556 4
    endloop
  endfacet
  facet normal 0 0 1
    outer loop
      vertex 152.444 52.2881 4
      vertex 122 45 4
      vertex 152.626 52.2393 4
    endloop
  endfacet
  facet normal 0 0 1
    outer loop
      vertex 122 45 4
      vertex 132.732 52.3556 4
      vertex 132.556 52.2881 4
    endloop
  endfacet
  facet normal 0 0 1
    outer loop
      vertex 122 45 4
      vertex 132.556 52.2881 4
      vertex 132.374 52.2393 4
    endloop
  endfacet
  facet normal 0 0 1
    outer loop
      vertex 122 45 4
      vertex 132.374 52.2393 4
      vertex 132.188 52.2099 4
    endloop
  endfacet
  facet normal 0 0 1
    outer loop
      vertex 122 45 4
      vertex 132.188 52.2099 4
      vertex 132 52.2 4
    endloop
  endfacet
  facet normal 0 0 1
    outer loop
      vertex 122 45 4
      vertex 132 52.2 4
      vertex 131.812 52.2099 4
    endloop
  endfacet
  facet normal 0 0 1
    outer loop
      vertex 122 53 4
      vertex 130.21 53.8118 4
      vertex 130.2 54 4
    endloop
  endfacet
  facet normal 0 0 1
    outer loop
      vertex 122 53 4
      vertex 130.239 53.6258 4
      vertex 130.21 53.8118 4
    endloop
  endfacet
  facet normal 0 0 1
    outer loop
      vertex 122 53 4
      vertex 130.288 53.4438 4
      vertex 130.239 53.6258 4
    endloop
  endfacet
  facet normal 0 0 1
    outer loop
      vertex 122 53 4
      vertex 130.356 53.2679 4
      vertex 130.288 53.4438 4
    endloop
  endfacet
  facet normal 0 0 1
    outer loop
      vertex 122 53 4
      vertex 130.441 53.1 4
      vertex 130.356 53.2679 4
    endloop
  endfacet
  facet normal -0 0 1
    outer loop
      vertex 122 53 4
      vertex 130.544 52.942 4
      vertex 130.441 53.1 4
    endloop
  endfacet
  facet normal 0 0 1
    outer loop
      vertex 122 53 4
      vertex 130.662 52.7956 4
      vertex 130.544 52.942 4
    endloop
  endfacet
  facet normal 0 0 1
    outer loop
      vertex 122 45 4
      vertex 130.662 52.7956 4
      vertex 122 53 4
    endloop
  endfacet
  facet normal 0 0 1
    outer loop
      vertex 130.662 52.7956 4
      vertex 122 45 4
      vertex 130.796 52.6623 4
    endloop
  endfacet
  facet normal 0 0 1
    outer loop
      vertex 130.796 52.6623 4
      vertex 122 45 4
      vertex 130.942 52.5438 4
    endloop
  endfacet
  facet normal 0 0 1
    outer loop
      vertex 130.942 52.5438 4
      vertex 122 45 4
      vertex 131.1 52.4412 4
    endloop
  endfacet
  facet normal 0 0 1
    outer loop
      vertex 131.1 52.4412 4
      vertex 122 45 4
      vertex 131.268 52.3556 4
    endloop
  endfacet
  facet normal 0 0 1
    outer loop
      vertex 131.268 52.3556 4
      vertex 122 45 4
      vertex 131.444 52.2881 4
    endloop
  endfacet
  facet normal 0 0 1
    outer loop
      vertex 131.444 52.2881 4
      vertex 122 45 4
      vertex 131.626 52.2393 4
    endloop
  endfacet
  facet normal 0 0 1
    outer loop
      vertex 131.626 52.2393 4
      vertex 122 45 4
      vertex 131.812 52.2099 4
    endloop
  endfacet
  facet normal 0 0 1
    outer loop
      vertex 153.188 52.2099 4
      vertex 122 45 4
      vertex 198.232 44.7 4
    endloop
  endfacet
  facet normal -0 0 1
    outer loop
      vertex 78 45 4
      vertex 198.232 44.7 4
      vertex 122 45 4
    endloop
  endfacet
  facet normal 0 0 1
    outer loop
      vertex 78 53 4
      vertex 16 54 4
      vertex 78 45 4
    endloop
  endfacet
  facet normal 0 0 1
    outer loop
      vertex 78 45 4
      vertex 10 44.7 4
      vertex 198.232 44.7 4
    endloop
  endfacet
  facet normal 0 0 1
    outer loop
      vertex 16 54 4
      vertex 10 44.7 4
      vertex 78 45 4
    endloop
  endfacet
  facet normal 0 0 1
    outer loop
      vertex 4 54 4
      vertex 10 42.7 4
      vertex 10 44.7 4
    endloop
  endfacet
  facet normal 0 0 1
    outer loop
      vertex 10 42.7 4
      vertex 4 54 4
      vertex 10 17.3 4
    endloop
  endfacet
  facet normal 0 0 1
    outer loop
      vertex 4 6 4
      vertex 10 17.3 4
      vertex 4 54 4
    endloop
  endfacet
  facet normal -0 0 1
    outer loop
      vertex 4 54 4
      vertex 10 44.7 4
      vertex 16 54 4
    endloop
  endfacet
  facet normal 0 0 -1
    outer loop
      vertex 133.761 50.95 0
      vertex 151.239 50.95 0
      vertex 133.761 9.05 0
    endloop
  endfacet
  facet normal 0 0 -1
    outer loop
      vertex 151.239 50.95 0
      vertex 133.761 50.95 0
      vertex 135.522 54 0
    endloop
  endfacet
  facet normal 0 0 -1
    outer loop
      vertex 130.239 9.05 0
      vertex 133.761 50.95 0
      vertex 133.761 9.05 0
    endloop
  endfacet
  facet normal 0 0 -1
    outer loop
      vertex 130.239 9.05 0
      vertex 130.239 50.95 0
      vertex 133.761 50.95 0
    endloop
  endfacet
  facet normal 0 0 -1
    outer loop
      vertex 128.478 6 0
      vertex 130.239 50.95 0
      vertex 130.239 9.05 0
    endloop
  endfacet
  facet normal -0 0 -1
    outer loop
      vertex 130.239 50.95 0
      vertex 128.478 6 0
      vertex 128.478 54 0
    endloop
  endfacet
  facet normal 0 0 -1
    outer loop
      vertex 154.761 50.95 0
      vertex 200 60 0
      vertex 154.761 9.05 0
    endloop
  endfacet
  facet normal 0 0 -1
    outer loop
      vertex 200 60 0
      vertex 154.761 50.95 0
      vertex 156.522 54 0
    endloop
  endfacet
  facet normal 0 0 -1
    outer loop
      vertex 151.239 9.05 0
      vertex 154.761 50.95 0
      vertex 154.761 9.05 0
    endloop
  endfacet
  facet normal 0 0 -1
    outer loop
      vertex 151.239 9.05 0
      vertex 151.239 50.95 0
      vertex 154.761 50.95 0
    endloop
  endfacet
  facet normal 0 0 -1
    outer loop
      vertex 135.522 6 0
      vertex 151.239 9.05 0
      vertex 149.478 6 0
    endloop
  endfacet
  facet normal 0 0 -1
    outer loop
      vertex 133.761 9.05 0
      vertex 151.239 9.05 0
      vertex 135.522 6 0
    endloop
  endfacet
  facet normal 0 0 -1
    outer loop
      vertex 154.761 9.05 0
      vertex 200 0 0
      vertex 156.522 6 0
    endloop
  endfacet
  facet normal 0 0 -1
    outer loop
      vertex 200 0 0
      vertex 154.761 2.95 0
      vertex 156.522 6 0
    endloop
  endfacet
  facet normal 0 0 -1
    outer loop
      vertex 200 0 0
      vertex 151.239 2.95 0
      vertex 154.761 2.95 0
    endloop
  endfacet
  facet normal 0 0 -1
    outer loop
      vertex 151.239 9.05 0
      vertex 133.761 9.05 0
      vertex 151.239 50.95 0
    endloop
  endfacet
  facet normal 0 0 -1
    outer loop
      vertex 151.239 2.95 0
      vertex 135.522 6 0
      vertex 149.478 6 0
    endloop
  endfacet
  facet normal 0 0 -1
    outer loop
      vertex 151.239 2.95 0
      vertex 133.761 2.95 0
      vertex 135.522 6 0
    endloop
  endfacet
  facet normal 0 0 -1
    outer loop
      vertex 200 0 0
      vertex 133.761 2.95 0
      vertex 151.239 2.95 0
    endloop
  endfacet
  facet normal 0 0 -1
    outer loop
      vertex 200 0 0
      vertex 130.239 2.95 0
      vertex 133.761 2.95 0
    endloop
  endfacet
  facet normal -0 0 -1
    outer loop
      vertex 128.478 6 0
      vertex 0 0 0
      vertex 128.478 54 0
    endloop
  endfacet
  facet normal -0 0 -1
    outer loop
      vertex 130.239 2.95 0
      vertex 0 0 0
      vertex 128.478 6 0
    endloop
  endfacet
  facet normal 0 0 -1
    outer loop
      vertex 0 0 0
      vertex 130.239 2.95 0
      vertex 200 0 0
    endloop
  endfacet
  facet normal 0 0 -1
    outer loop
      vertex 200 0 0
      vertex 154.761 9.05 0
      vertex 200 60 0
    endloop
  endfacet
  facet normal 0 0 -1
    outer loop
      vertex 154.761 57.05 0
      vertex 200 60 0
      vertex 156.522 54 0
    endloop
  endfacet
  facet normal 0 0 -1
    outer loop
      vertex 151.239 57.05 0
      vertex 200 60 0
      vertex 154.761 57.05 0
    endloop
  endfacet
  facet normal 0 0 -1
    outer loop
      vertex 151.239 50.95 0
      vertex 135.522 54 0
      vertex 149.478 54 0
    endloop
  endfacet
  facet normal 0 0 -1
    outer loop
      vertex 135.522 54 0
      vertex 151.239 57.05 0
      vertex 149.478 54 0
    endloop
  endfacet
  facet normal 0 0 -1
    outer loop
      vertex 133.761 57.05 0
      vertex 151.239 57.05 0
      vertex 135.522 54 0
    endloop
  endfacet
  facet normal 0 0 -1
    outer loop
      vertex 133.761 57.05 0
      vertex 200 60 0
      vertex 151.239 57.05 0
    endloop
  endfacet
  facet normal 0 0 -1
    outer loop
      vertex 130.239 57.05 0
      vertex 200 60 0
      vertex 133.761 57.05 0
    endloop
  endfacet
  facet normal 0 0 -1
    outer loop
      vertex 0 60 0
      vertex 128.478 54 0
      vertex 0 0 0
    endloop
  endfacet
  facet normal 0 0 -1
    outer loop
      vertex 130.239 57.05 0
      vertex 0 60 0
      vertex 200 60 0
    endloop
  endfacet
  facet normal 0 0 -1
    outer loop
      vertex 128.478 54 0
      vertex 0 60 0
      vertex 130.239 57.05 0
    endloop
  endfacet
  facet normal -1 0 0
    outer loop
      vertex 0 0 0
      vertex 0 60 2.23223
      vertex 0 60 0
    endloop
  endfacet
  facet normal -1 -0 0
    outer loop
      vertex 0 60 2.23223
      vertex 0 0 0
      vertex 0 0 2.23223
    endloop
  endfacet
  facet normal -1 0 0
    outer loop
      vertex 0 57 5.76777
      vertex 0 60 110
      vertex 0 60 5.76777
    endloop
  endfacet
  facet normal -1 -0 0
    outer loop
      vertex 0 60 110
      vertex 0 57 5.76777
      vertex 0 57 110
    endloop
  endfacet
  facet normal -1 0 0
    outer loop
      vertex 0 0 5.76777
      vertex 0 3 110
      vertex 0 3 5.76777
    endloop
  endfacet
  facet normal -1 -0 0
    outer loop
      vertex 0 3 110
      vertex 0 0 5.76777
      vertex 0 0 110
    endloop
  endfacet
  facet normal -0 0 1
    outer loop
      vertex 0 3 110
      vertex 200 0 110
      vertex 200 3 110
    endloop
  endfacet
  facet normal 0 0 1
    outer loop
      vertex 200 0 110
      vertex 0 3 110
      vertex 0 0 110
    endloop
  endfacet
  facet normal 0 1 0
    outer loop
      vertex 120 3 18
      vertex 184 3 4
      vertex 90 3 18
    endloop
  endfacet
  facet normal 0 1 0
    outer loop
      vertex 90 3 18
      vertex 16 3 5
      vertex 5.5 3 16.85
    endloop
  endfacet
  facet normal 0 1 0
    outer loop
      vertex 16 3 4
      vertex 90 3 18
      vertex 184 3 4
    endloop
  endfacet
  facet normal 0 1 0
    outer loop
      vertex 90 3 18
      vertex 16 3 4
      vertex 16 3 5
    endloop
  endfacet
  facet normal 0 1 0
    outer loop
      vertex 159.106 3 64.206
      vertex 200 3 110
      vertex 159.551 3 64.2764
    endloop
  endfacet
  facet normal 0 1 0
    outer loop
      vertex 158.671 3 64.0895
      vertex 200 3 110
      vertex 159.106 3 64.206
    endloop
  endfacet
  facet normal 0 1 0
    outer loop
      vertex 158.251 3 63.9282
      vertex 200 3 110
      vertex 158.671 3 64.0895
    endloop
  endfacet
  facet normal 0 1 0
    outer loop
      vertex 200 3 110
      vertex 158.251 3 63.9282
      vertex 102.483 3 64.3
    endloop
  endfacet
  facet normal 0 1 -0
    outer loop
      vertex 157.85 3 63.7239
      vertex 102.483 3 64.3
      vertex 158.251 3 63.9282
    endloop
  endfacet
  facet normal 0 1 -0
    outer loop
      vertex 157.473 3 63.4788
      vertex 102.483 3 64.3
      vertex 157.85 3 63.7239
    endloop
  endfacet
  facet normal 0 1 -0
    outer loop
      vertex 157.123 3 63.1955
      vertex 102.483 3 64.3
      vertex 157.473 3 63.4788
    endloop
  endfacet
  facet normal 0 1 -0
    outer loop
      vertex 156.804 3 62.8773
      vertex 102.483 3 64.3
      vertex 157.123 3 63.1955
    endloop
  endfacet
  facet normal 0 1 -0
    outer loop
      vertex 156.521 3 62.5275
      vertex 102.483 3 64.3
      vertex 156.804 3 62.8773
    endloop
  endfacet
  facet normal 0 1 -0
    outer loop
      vertex 156.276 3 62.15
      vertex 102.483 3 64.3
      vertex 156.521 3 62.5275
    endloop
  endfacet
  facet normal 0 1 0
    outer loop
      vertex 104.965 3 60
      vertex 156.276 3 62.15
      vertex 156.072 3 61.749
    endloop
  endfacet
  facet normal 0 1 0
    outer loop
      vertex 104.965 3 60
      vertex 156.072 3 61.749
      vertex 155.91 3 61.3288
    endloop
  endfacet
  facet normal 0 1 0
    outer loop
      vertex 104.965 3 60
      vertex 155.91 3 61.3288
      vertex 155.794 3 60.894
    endloop
  endfacet
  facet normal 0 1 0
    outer loop
      vertex 104.965 3 60
      vertex 155.794 3 60.894
      vertex 155.724 3 60.4495
    endloop
  endfacet
  facet normal 0 1 0
    outer loop
      vertex 120 3 40
      vertex 155.724 3 60.4495
      vertex 155.7 3 60
    endloop
  endfacet
  facet normal 0 1 0
    outer loop
      vertex 156.276 3 62.15
      vertex 104.965 3 60
      vertex 102.483 3 64.3
    endloop
  endfacet
  facet normal 0 1 0
    outer loop
      vertex 120 3 40
      vertex 155.7 3 60
      vertex 155.724 3 59.5505
    endloop
  endfacet
  facet normal 0 1 0
    outer loop
      vertex 120 3 40
      vertex 155.724 3 59.5505
      vertex 155.794 3 59.106
    endloop
  endfacet
  facet normal 0 1 0
    outer loop
      vertex 120 3 40
      vertex 155.794 3 59.106
      vertex 155.91 3 58.6712
    endloop
  endfacet
  facet normal 0 1 0
    outer loop
      vertex 120 3 40
      vertex 155.91 3 58.6712
      vertex 156.072 3 58.251
    endloop
  endfacet
  facet normal 0 1 0
    outer loop
      vertex 120 3 40
      vertex 156.072 3 58.251
      vertex 156.276 3 57.85
    endloop
  endfacet
  facet normal 0 1 0
    outer loop
      vertex 120 3 40
      vertex 156.276 3 57.85
      vertex 156.521 3 57.4725
    endloop
  endfacet
  facet normal 0 1 0
    outer loop
      vertex 120 3 40
      vertex 156.521 3 57.4725
      vertex 156.804 3 57.1227
    endloop
  endfacet
  facet normal 0 1 0
    outer loop
      vertex 120 3 40
      vertex 156.804 3 57.1227
      vertex 157.123 3 56.8045
    endloop
  endfacet
  facet normal 0 1 0
    outer loop
      vertex 120 3 40
      vertex 157.123 3 56.8045
      vertex 157.473 3 56.5212
    endloop
  endfacet
  facet normal 0 1 0
    outer loop
      vertex 120 3 40
      vertex 157.473 3 56.5212
      vertex 157.85 3 56.2761
    endloop
  endfacet
  facet normal 0 1 0
    outer loop
      vertex 120 3 40
      vertex 157.85 3 56.2761
      vertex 158.251 3 56.0718
    endloop
  endfacet
  facet normal 0 1 0
    outer loop
      vertex 120 3 18
      vertex 158.251 3 56.0718
      vertex 158.671 3 55.9105
    endloop
  endfacet
  facet normal 0 1 0
    outer loop
      vertex 120 3 18
      vertex 158.671 3 55.9105
      vertex 159.106 3 55.794
    endloop
  endfacet
  facet normal 0 1 0
    outer loop
      vertex 120 3 18
      vertex 159.106 3 55.794
      vertex 159.551 3 55.7236
    endloop
  endfacet
  facet normal 0 1 0
    outer loop
      vertex 155.724 3 60.4495
      vertex 120 3 40
      vertex 104.965 3 60
    endloop
  endfacet
  facet normal 0 1 0
    outer loop
      vertex 160.449 3 55.7236
      vertex 184 3 5
      vertex 160 3 55.7
    endloop
  endfacet
  facet normal 0 1 -0
    outer loop
      vertex 97.5174 3 64.3
      vertex 0 3 110
      vertex 200 3 110
    endloop
  endfacet
  facet normal 0 1 0
    outer loop
      vertex 0 3 110
      vertex 10.4495 3 69.2764
      vertex 10 3 69.3
    endloop
  endfacet
  facet normal 0 1 0
    outer loop
      vertex 0 3 110
      vertex 10.894 3 69.206
      vertex 10.4495 3 69.2764
    endloop
  endfacet
  facet normal 0 1 0
    outer loop
      vertex 0 3 110
      vertex 11.3288 3 69.0895
      vertex 10.894 3 69.206
    endloop
  endfacet
  facet normal -0 1 -0
    outer loop
      vertex 13.1955 3 67.8773
      vertex 0 3 110
      vertex 97.5174 3 64.3
    endloop
  endfacet
  facet normal 0 1 0
    outer loop
      vertex 0 3 110
      vertex 11.749 3 68.9282
      vertex 11.3288 3 69.0895
    endloop
  endfacet
  facet normal 0 1 0
    outer loop
      vertex 0 3 110
      vertex 12.15 3 68.7239
      vertex 11.749 3 68.9282
    endloop
  endfacet
  facet normal 0 1 0
    outer loop
      vertex 0 3 110
      vertex 12.5275 3 68.4788
      vertex 12.15 3 68.7239
    endloop
  endfacet
  facet normal 0 1 0
    outer loop
      vertex 0 3 110
      vertex 12.8773 3 68.1955
      vertex 12.5275 3 68.4788
    endloop
  endfacet
  facet normal 0 1 0
    outer loop
      vertex 0 3 110
      vertex 13.1955 3 67.8773
      vertex 12.8773 3 68.1955
    endloop
  endfacet
  facet normal 0 1 0
    outer loop
      vertex 13.1955 3 67.8773
      vertex 97.5174 3 64.3
      vertex 13.4788 3 67.5275
    endloop
  endfacet
  facet normal 0 1 0
    outer loop
      vertex 13.4788 3 67.5275
      vertex 97.5174 3 64.3
      vertex 13.7239 3 67.15
    endloop
  endfacet
  facet normal 0 1 0
    outer loop
      vertex 13.7239 3 67.15
      vertex 97.5174 3 64.3
      vertex 13.9282 3 66.749
    endloop
  endfacet
  facet normal 0 1 -0
    outer loop
      vertex 95.0348 3 60
      vertex 13.9282 3 66.749
      vertex 97.5174 3 64.3
    endloop
  endfacet
  facet normal 0 1 0
    outer loop
      vertex 13.9282 3 66.749
      vertex 95.0348 3 60
      vertex 14.0895 3 66.3288
    endloop
  endfacet
  facet normal 0 1 0
    outer loop
      vertex 14.0895 3 66.3288
      vertex 95.0348 3 60
      vertex 14.206 3 65.894
    endloop
  endfacet
  facet normal 0 1 0
    outer loop
      vertex 14.206 3 65.894
      vertex 95.0348 3 60
      vertex 14.2764 3 65.4495
    endloop
  endfacet
  facet normal 0 1 0
    outer loop
      vertex 159.551 3 64.2764
      vertex 200 3 110
      vertex 160 3 64.3
    endloop
  endfacet
  facet normal 0 1 0
    outer loop
      vertex 200 3 110
      vertex 160.449 3 64.2764
      vertex 160 3 64.3
    endloop
  endfacet
  facet normal 0 1 0
    outer loop
      vertex 200 3 110
      vertex 160.894 3 64.206
      vertex 160.449 3 64.2764
    endloop
  endfacet
  facet normal 0 1 0
    outer loop
      vertex 200 3 110
      vertex 161.329 3 64.0895
      vertex 160.894 3 64.206
    endloop
  endfacet
  facet normal 0 1 0
    outer loop
      vertex 200 3 110
      vertex 161.749 3 63.9282
      vertex 161.329 3 64.0895
    endloop
  endfacet
  facet normal 0 1 0
    outer loop
      vertex 200 3 110
      vertex 162.15 3 63.7239
      vertex 161.749 3 63.9282
    endloop
  endfacet
  facet normal 0 1 0
    outer loop
      vertex 200 3 110
      vertex 162.527 3 63.4788
      vertex 162.15 3 63.7239
    endloop
  endfacet
  facet normal 0 1 0
    outer loop
      vertex 200 3 110
      vertex 162.877 3 63.1955
      vertex 162.527 3 63.4788
    endloop
  endfacet
  facet normal 0 1 0
    outer loop
      vertex 200 3 110
      vertex 163.196 3 62.8773
      vertex 162.877 3 63.1955
    endloop
  endfacet
  facet normal 0 1 0
    outer loop
      vertex 200 3 110
      vertex 163.479 3 62.5275
      vertex 163.196 3 62.8773
    endloop
  endfacet
  facet normal 0 1 0
    outer loop
      vertex 200 3 110
      vertex 163.724 3 62.15
      vertex 163.479 3 62.5275
    endloop
  endfacet
  facet normal 0 1 0
    outer loop
      vertex 200 3 110
      vertex 163.928 3 61.749
      vertex 163.724 3 62.15
    endloop
  endfacet
  facet normal 0 1 0
    outer loop
      vertex 200 3 110
      vertex 164.09 3 61.3288
      vertex 163.928 3 61.749
    endloop
  endfacet
  facet normal 0 1 0
    outer loop
      vertex 200 3 110
      vertex 164.206 3 60.894
      vertex 164.09 3 61.3288
    endloop
  endfacet
  facet normal 0 1 0
    outer loop
      vertex 200 3 110
      vertex 164.276 3 60.4495
      vertex 164.206 3 60.894
    endloop
  endfacet
  facet normal 0 1 0
    outer loop
      vertex 200 3 110
      vertex 164.3 3 60
      vertex 164.276 3 60.4495
    endloop
  endfacet
  facet normal 0 1 -0
    outer loop
      vertex 196 3 16.85
      vertex 164.3 3 60
      vertex 200 3 110
    endloop
  endfacet
  facet normal 0 1 0
    outer loop
      vertex 164.3 3 60
      vertex 196 3 16.85
      vertex 164.276 3 59.5505
    endloop
  endfacet
  facet normal 0 1 0
    outer loop
      vertex 164.276 3 59.5505
      vertex 196 3 16.85
      vertex 164.206 3 59.106
    endloop
  endfacet
  facet normal 0 1 0
    outer loop
      vertex 164.206 3 59.106
      vertex 196 3 16.85
      vertex 164.09 3 58.6712
    endloop
  endfacet
  facet normal 0 1 -0
    outer loop
      vertex 194.5 3 16.85
      vertex 164.09 3 58.6712
      vertex 196 3 16.85
    endloop
  endfacet
  facet normal 0 1 0
    outer loop
      vertex 164.09 3 58.6712
      vertex 194.5 3 16.85
      vertex 163.928 3 58.251
    endloop
  endfacet
  facet normal 0 1 0
    outer loop
      vertex 104.965 3 60
      vertex 120 3 40
      vertex 102.483 3 55.7
    endloop
  endfacet
  facet normal 0 1 0
    outer loop
      vertex 90 3 40
      vertex 102.483 3 55.7
      vertex 120 3 40
    endloop
  endfacet
  facet normal 0 1 0
    outer loop
      vertex 160.894 3 55.794
      vertex 184 3 5
      vertex 160.449 3 55.7236
    endloop
  endfacet
  facet normal 0 1 0
    outer loop
      vertex 161.329 3 55.9105
      vertex 184 3 5
      vertex 160.894 3 55.794
    endloop
  endfacet
  facet normal 0 1 -0
    outer loop
      vertex 184 3 5
      vertex 161.329 3 55.9105
      vertex 194.5 3 16.85
    endloop
  endfacet
  facet normal 0 1 0
    outer loop
      vertex 194.5 3 16.85
      vertex 161.329 3 55.9105
      vertex 161.749 3 56.0718
    endloop
  endfacet
  facet normal 0 1 0
    outer loop
      vertex 158.251 3 56.0718
      vertex 120 3 18
      vertex 120 3 40
    endloop
  endfacet
  facet normal 0 1 0
    outer loop
      vertex 194.5 3 16.85
      vertex 161.749 3 56.0718
      vertex 162.15 3 56.2761
    endloop
  endfacet
  facet normal 0 1 0
    outer loop
      vertex 194.5 3 16.85
      vertex 162.15 3 56.2761
      vertex 162.527 3 56.5212
    endloop
  endfacet
  facet normal 0 1 0
    outer loop
      vertex 194.5 3 16.85
      vertex 162.527 3 56.5212
      vertex 162.877 3 56.8045
    endloop
  endfacet
  facet normal 0 1 0
    outer loop
      vertex 160 3 55.7
      vertex 184 3 5
      vertex 159.551 3 55.7236
    endloop
  endfacet
  facet normal 0 1 0
    outer loop
      vertex 163.196 3 57.1227
      vertex 194.5 3 16.85
      vertex 162.877 3 56.8045
    endloop
  endfacet
  facet normal 0 1 0
    outer loop
      vertex 163.479 3 57.4725
      vertex 194.5 3 16.85
      vertex 163.196 3 57.1227
    endloop
  endfacet
  facet normal 0 1 0
    outer loop
      vertex 163.724 3 57.85
      vertex 194.5 3 16.85
      vertex 163.479 3 57.4725
    endloop
  endfacet
  facet normal 0 1 0
    outer loop
      vertex 163.928 3 58.251
      vertex 194.5 3 16.85
      vertex 163.724 3 57.85
    endloop
  endfacet
  facet normal 0 1 -0
    outer loop
      vertex 200 3 5.76777
      vertex 196 3 16.85
      vertex 200 3 110
    endloop
  endfacet
  facet normal 0 1 0
    outer loop
      vertex 196 3 4
      vertex 200 3 5.76777
      vertex 198.232 3 4
    endloop
  endfacet
  facet normal 0 1 0
    outer loop
      vertex 200 3 5.76777
      vertex 196 3 4
      vertex 196 3 16.85
    endloop
  endfacet
  facet normal 0 1 -0
    outer loop
      vertex 9.55053 3 69.2764
      vertex 0 3 110
      vertex 10 3 69.3
    endloop
  endfacet
  facet normal 0 1 -0
    outer loop
      vertex 9.10598 3 69.206
      vertex 0 3 110
      vertex 9.55053 3 69.2764
    endloop
  endfacet
  facet normal 0 1 -0
    outer loop
      vertex 8.67123 3 69.0895
      vertex 0 3 110
      vertex 9.10598 3 69.206
    endloop
  endfacet
  facet normal 0 1 -0
    outer loop
      vertex 8.25103 3 68.9282
      vertex 0 3 110
      vertex 8.67123 3 69.0895
    endloop
  endfacet
  facet normal 0 1 -0
    outer loop
      vertex 7.85 3 68.7239
      vertex 0 3 110
      vertex 8.25103 3 68.9282
    endloop
  endfacet
  facet normal 0 1 -0
    outer loop
      vertex 7.47252 3 68.4788
      vertex 0 3 110
      vertex 7.85 3 68.7239
    endloop
  endfacet
  facet normal 0 1 -0
    outer loop
      vertex 7.12274 3 68.1955
      vertex 0 3 110
      vertex 7.47252 3 68.4788
    endloop
  endfacet
  facet normal 0 1 -0
    outer loop
      vertex 6.80448 3 67.8773
      vertex 0 3 110
      vertex 7.12274 3 68.1955
    endloop
  endfacet
  facet normal 0 1 -0
    outer loop
      vertex 6.52123 3 67.5275
      vertex 0 3 110
      vertex 6.80448 3 67.8773
    endloop
  endfacet
  facet normal 0 1 -0
    outer loop
      vertex 6.27609 3 67.15
      vertex 0 3 110
      vertex 6.52123 3 67.5275
    endloop
  endfacet
  facet normal 0 1 -0
    outer loop
      vertex 6.07175 3 66.749
      vertex 0 3 110
      vertex 6.27609 3 67.15
    endloop
  endfacet
  facet normal 0 1 -0
    outer loop
      vertex 5.91046 3 66.3288
      vertex 0 3 110
      vertex 6.07175 3 66.749
    endloop
  endfacet
  facet normal 0 1 -0
    outer loop
      vertex 5.79396 3 65.894
      vertex 0 3 110
      vertex 5.91046 3 66.3288
    endloop
  endfacet
  facet normal 0 1 -0
    outer loop
      vertex 5.72356 3 65.4495
      vertex 0 3 110
      vertex 5.79396 3 65.894
    endloop
  endfacet
  facet normal 0 1 -0
    outer loop
      vertex 5.7 3 65
      vertex 0 3 110
      vertex 5.72356 3 65.4495
    endloop
  endfacet
  facet normal 0 1 0
    outer loop
      vertex 0 3 5.76777
      vertex 5.7 3 65
      vertex 5.72356 3 64.5505
    endloop
  endfacet
  facet normal 0 1 0
    outer loop
      vertex 11.3288 3 60.9105
      vertex 5.5 3 16.85
      vertex 10.894 3 60.794
    endloop
  endfacet
  facet normal 0 1 0
    outer loop
      vertex 10.894 3 60.794
      vertex 5.5 3 16.85
      vertex 10.4495 3 60.7236
    endloop
  endfacet
  facet normal 0 1 0
    outer loop
      vertex 102.483 3 55.7
      vertex 90 3 40
      vertex 97.5174 3 55.7
    endloop
  endfacet
  facet normal 0 1 0
    outer loop
      vertex 10.4495 3 60.7236
      vertex 5.5 3 16.85
      vertex 10 3 60.7
    endloop
  endfacet
  facet normal 0 1 0
    outer loop
      vertex 10 3 60.7
      vertex 5.5 3 16.85
      vertex 9.55053 3 60.7236
    endloop
  endfacet
  facet normal 0 1 0
    outer loop
      vertex 5.5 3 16.85
      vertex 90 3 40
      vertex 90 3 18
    endloop
  endfacet
  facet normal 0 1 0
    outer loop
      vertex 9.55053 3 60.7236
      vertex 5.5 3 16.85
      vertex 9.10598 3 60.794
    endloop
  endfacet
  facet normal 0 1 0
    outer loop
      vertex 4 3 16.85
      vertex 9.10598 3 60.794
      vertex 5.5 3 16.85
    endloop
  endfacet
  facet normal 0 1 0
    outer loop
      vertex 9.10598 3 60.794
      vertex 4 3 16.85
      vertex 8.67123 3 60.9105
    endloop
  endfacet
  facet normal 0 1 0
    outer loop
      vertex 159.551 3 55.7236
      vertex 184 3 5
      vertex 120 3 18
    endloop
  endfacet
  facet normal 0 1 -0
    outer loop
      vertex 184 3 4
      vertex 120 3 18
      vertex 184 3 5
    endloop
  endfacet
  facet normal 0 1 0
    outer loop
      vertex 8.67123 3 60.9105
      vertex 4 3 16.85
      vertex 8.25103 3 61.0718
    endloop
  endfacet
  facet normal 0 1 0
    outer loop
      vertex 8.25103 3 61.0718
      vertex 4 3 16.85
      vertex 7.85 3 61.2761
    endloop
  endfacet
  facet normal 0 1 0
    outer loop
      vertex 7.85 3 61.2761
      vertex 4 3 16.85
      vertex 7.47252 3 61.5212
    endloop
  endfacet
  facet normal 0 1 0
    outer loop
      vertex 7.47252 3 61.5212
      vertex 4 3 16.85
      vertex 7.12274 3 61.8045
    endloop
  endfacet
  facet normal 0 1 0
    outer loop
      vertex 7.12274 3 61.8045
      vertex 4 3 16.85
      vertex 6.80448 3 62.1227
    endloop
  endfacet
  facet normal 0 1 0
    outer loop
      vertex 6.80448 3 62.1227
      vertex 4 3 16.85
      vertex 6.52123 3 62.4725
    endloop
  endfacet
  facet normal 0 1 0
    outer loop
      vertex 6.52123 3 62.4725
      vertex 4 3 16.85
      vertex 6.27609 3 62.85
    endloop
  endfacet
  facet normal 0 1 0
    outer loop
      vertex 6.27609 3 62.85
      vertex 4 3 16.85
      vertex 6.07175 3 63.251
    endloop
  endfacet
  facet normal 0 1 0
    outer loop
      vertex 6.07175 3 63.251
      vertex 4 3 16.85
      vertex 5.91046 3 63.6712
    endloop
  endfacet
  facet normal 0 1 0
    outer loop
      vertex 5.91046 3 63.6712
      vertex 4 3 16.85
      vertex 5.79396 3 64.106
    endloop
  endfacet
  facet normal 0 1 0
    outer loop
      vertex 0 3 5.76777
      vertex 5.79396 3 64.106
      vertex 4 3 16.85
    endloop
  endfacet
  facet normal 0 1 0
    outer loop
      vertex 5.79396 3 64.106
      vertex 0 3 5.76777
      vertex 5.72356 3 64.5505
    endloop
  endfacet
  facet normal 0 1 0
    outer loop
      vertex 5.7 3 65
      vertex 0 3 5.76777
      vertex 0 3 110
    endloop
  endfacet
  facet normal 0 1 -0
    outer loop
      vertex 4 3 4
      vertex 0 3 5.76777
      vertex 4 3 16.85
    endloop
  endfacet
  facet normal 0 1 0
    outer loop
      vertex 0 3 5.76777
      vertex 4 3 4
      vertex 1.76777 3 4
    endloop
  endfacet
  facet normal 0 1 0
    outer loop
      vertex 97.5174 3 64.3
      vertex 200 3 110
      vertex 102.483 3 64.3
    endloop
  endfacet
  facet normal 0 1 0
    outer loop
      vertex 14.2764 3 65.4495
      vertex 95.0348 3 60
      vertex 14.3 3 65
    endloop
  endfacet
  facet normal 0 1 0
    outer loop
      vertex 14.3 3 65
      vertex 95.0348 3 60
      vertex 14.2764 3 64.5505
    endloop
  endfacet
  facet normal 0 1 -0
    outer loop
      vertex 90 3 40
      vertex 14.2764 3 64.5505
      vertex 95.0348 3 60
    endloop
  endfacet
  facet normal 0 1 0
    outer loop
      vertex 14.2764 3 64.5505
      vertex 90 3 40
      vertex 14.206 3 64.106
    endloop
  endfacet
  facet normal 0 1 0
    outer loop
      vertex 14.206 3 64.106
      vertex 90 3 40
      vertex 14.0895 3 63.6712
    endloop
  endfacet
  facet normal 0 1 0
    outer loop
      vertex 14.0895 3 63.6712
      vertex 90 3 40
      vertex 13.9282 3 63.251
    endloop
  endfacet
  facet normal 0 1 0
    outer loop
      vertex 13.9282 3 63.251
      vertex 90 3 40
      vertex 13.7239 3 62.85
    endloop
  endfacet
  facet normal 0 1 0
    outer loop
      vertex 90 3 40
      vertex 95.0348 3 60
      vertex 97.5174 3 55.7
    endloop
  endfacet
  facet normal 0 1 0
    outer loop
      vertex 13.7239 3 62.85
      vertex 90 3 40
      vertex 13.4788 3 62.4725
    endloop
  endfacet
  facet normal 0 1 0
    outer loop
      vertex 13.4788 3 62.4725
      vertex 90 3 40
      vertex 13.1955 3 62.1227
    endloop
  endfacet
  facet normal 0 1 0
    outer loop
      vertex 5.5 3 16.85
      vertex 13.1955 3 62.1227
      vertex 90 3 40
    endloop
  endfacet
  facet normal 0 1 0
    outer loop
      vertex 13.1955 3 62.1227
      vertex 5.5 3 16.85
      vertex 12.8773 3 61.8045
    endloop
  endfacet
  facet normal 0 1 0
    outer loop
      vertex 12.8773 3 61.8045
      vertex 5.5 3 16.85
      vertex 12.5275 3 61.5212
    endloop
  endfacet
  facet normal 0 1 0
    outer loop
      vertex 12.5275 3 61.5212
      vertex 5.5 3 16.85
      vertex 12.15 3 61.2761
    endloop
  endfacet
  facet normal 0 1 0
    outer loop
      vertex 12.15 3 61.2761
      vertex 5.5 3 16.85
      vertex 11.749 3 61.0718
    endloop
  endfacet
  facet normal 0 1 0
    outer loop
      vertex 11.749 3 61.0718
      vertex 5.5 3 16.85
      vertex 11.3288 3 60.9105
    endloop
  endfacet
  facet normal -0 0 1
    outer loop
      vertex 0 60 110
      vertex 200 57 110
      vertex 200 60 110
    endloop
  endfacet
  facet normal 0 0 1
    outer loop
      vertex 200 57 110
      vertex 0 60 110
      vertex 0 57 110
    endloop
  endfacet
  facet normal 0 -1 0
    outer loop
      vertex 184 57 4
      vertex 90 57 18
      vertex 16 57 4
    endloop
  endfacet
  facet normal 0 -1 0
    outer loop
      vertex 120 57 18
      vertex 184 57 5
      vertex 194.5 57 16.85
    endloop
  endfacet
  facet normal 0 -1 0
    outer loop
      vertex 90 57 18
      vertex 184 57 4
      vertex 120 57 18
    endloop
  endfacet
  facet normal 0 -1 0
    outer loop
      vertex 120 57 18
      vertex 184 57 4
      vertex 184 57 5
    endloop
  endfacet
  facet normal 0 -1 0
    outer loop
      vertex 200 57 110
      vertex 159.551 57 64.2764
      vertex 160 57 64.3
    endloop
  endfacet
  facet normal 0 -1 0
    outer loop
      vertex 200 57 110
      vertex 159.106 57 64.206
      vertex 159.551 57 64.2764
    endloop
  endfacet
  facet normal 0 -1 0
    outer loop
      vertex 200 57 110
      vertex 158.671 57 64.0895
      vertex 159.106 57 64.206
    endloop
  endfacet
  facet normal 0 -1 0
    outer loop
      vertex 200 57 110
      vertex 158.251 57 63.9282
      vertex 158.671 57 64.0895
    endloop
  endfacet
  facet normal 0 -1 0
    outer loop
      vertex 102.483 57 64.3
      vertex 157.85 57 63.7239
      vertex 158.251 57 63.9282
    endloop
  endfacet
  facet normal 0 -1 0
    outer loop
      vertex 102.483 57 64.3
      vertex 157.473 57 63.4788
      vertex 157.85 57 63.7239
    endloop
  endfacet
  facet normal 0 -1 0
    outer loop
      vertex 102.483 57 64.3
      vertex 157.123 57 63.1955
      vertex 157.473 57 63.4788
    endloop
  endfacet
  facet normal 0 -1 0
    outer loop
      vertex 102.483 57 64.3
      vertex 156.804 57 62.8773
      vertex 157.123 57 63.1955
    endloop
  endfacet
  facet normal 0 -1 0
    outer loop
      vertex 102.483 57 64.3
      vertex 156.521 57 62.5275
      vertex 156.804 57 62.8773
    endloop
  endfacet
  facet normal 0 -1 0
    outer loop
      vertex 102.483 57 64.3
      vertex 156.276 57 62.15
      vertex 156.521 57 62.5275
    endloop
  endfacet
  facet normal 0 -1 0
    outer loop
      vertex 104.965 57 60
      vertex 156.276 57 62.15
      vertex 102.483 57 64.3
    endloop
  endfacet
  facet normal 0 -1 0
    outer loop
      vertex 156.276 57 62.15
      vertex 104.965 57 60
      vertex 156.072 57 61.749
    endloop
  endfacet
  facet normal 0 -1 0
    outer loop
      vertex 156.072 57 61.749
      vertex 104.965 57 60
      vertex 155.91 57 61.3288
    endloop
  endfacet
  facet normal 0 -1 0
    outer loop
      vertex 155.91 57 61.3288
      vertex 104.965 57 60
      vertex 155.794 57 60.894
    endloop
  endfacet
  facet normal 0 -1 0
    outer loop
      vertex 155.794 57 60.894
      vertex 104.965 57 60
      vertex 155.724 57 60.4495
    endloop
  endfacet
  facet normal 0 -1 0
    outer loop
      vertex 120 57 40
      vertex 155.724 57 60.4495
      vertex 104.965 57 60
    endloop
  endfacet
  facet normal 0 -1 0
    outer loop
      vertex 155.724 57 60.4495
      vertex 120 57 40
      vertex 155.7 57 60
    endloop
  endfacet
  facet normal 0 -1 -0
    outer loop
      vertex 155.7 57 60
      vertex 120 57 40
      vertex 155.724 57 59.5505
    endloop
  endfacet
  facet normal 0 -1 -0
    outer loop
      vertex 155.724 57 59.5505
      vertex 120 57 40
      vertex 155.794 57 59.106
    endloop
  endfacet
  facet normal 0 -1 -0
    outer loop
      vertex 155.794 57 59.106
      vertex 120 57 40
      vertex 155.91 57 58.6712
    endloop
  endfacet
  facet normal 0 -1 -0
    outer loop
      vertex 155.91 57 58.6712
      vertex 120 57 40
      vertex 156.072 57 58.251
    endloop
  endfacet
  facet normal 0 -1 -0
    outer loop
      vertex 156.072 57 58.251
      vertex 120 57 40
      vertex 156.276 57 57.85
    endloop
  endfacet
  facet normal 0 -1 -0
    outer loop
      vertex 156.276 57 57.85
      vertex 120 57 40
      vertex 156.521 57 57.4725
    endloop
  endfacet
  facet normal 0 -1 -0
    outer loop
      vertex 156.521 57 57.4725
      vertex 120 57 40
      vertex 156.804 57 57.1227
    endloop
  endfacet
  facet normal 0 -1 -0
    outer loop
      vertex 156.804 57 57.1227
      vertex 120 57 40
      vertex 157.123 57 56.8045
    endloop
  endfacet
  facet normal 0 -1 -0
    outer loop
      vertex 157.123 57 56.8045
      vertex 120 57 40
      vertex 157.473 57 56.5212
    endloop
  endfacet
  facet normal 0 -1 -0
    outer loop
      vertex 157.473 57 56.5212
      vertex 120 57 40
      vertex 157.85 57 56.2761
    endloop
  endfacet
  facet normal 0 -1 -0
    outer loop
      vertex 157.85 57 56.2761
      vertex 120 57 40
      vertex 158.251 57 56.0718
    endloop
  endfacet
  facet normal 0 -1 0
    outer loop
      vertex 120 57 18
      vertex 158.251 57 56.0718
      vertex 120 57 40
    endloop
  endfacet
  facet normal 0 -1 -0
    outer loop
      vertex 158.251 57 56.0718
      vertex 120 57 18
      vertex 158.671 57 55.9105
    endloop
  endfacet
  facet normal 0 -1 0
    outer loop
      vertex 120 57 40
      vertex 104.965 57 60
      vertex 102.483 57 55.7
    endloop
  endfacet
  facet normal 0 -1 -0
    outer loop
      vertex 158.671 57 55.9105
      vertex 120 57 18
      vertex 159.106 57 55.794
    endloop
  endfacet
  facet normal 0 -1 0
    outer loop
      vertex 90 57 40
      vertex 14.2764 57 64.5505
      vertex 14.206 57 64.106
    endloop
  endfacet
  facet normal 0 -1 0
    outer loop
      vertex 90 57 40
      vertex 14.206 57 64.106
      vertex 14.0895 57 63.6712
    endloop
  endfacet
  facet normal 0 -1 0
    outer loop
      vertex 90 57 40
      vertex 14.0895 57 63.6712
      vertex 13.9282 57 63.251
    endloop
  endfacet
  facet normal 0 -1 0
    outer loop
      vertex 90 57 40
      vertex 13.9282 57 63.251
      vertex 13.7239 57 62.85
    endloop
  endfacet
  facet normal 0 -1 0
    outer loop
      vertex 90 57 40
      vertex 13.7239 57 62.85
      vertex 13.4788 57 62.4725
    endloop
  endfacet
  facet normal 0 -1 0
    outer loop
      vertex 90 57 40
      vertex 13.4788 57 62.4725
      vertex 13.1955 57 62.1227
    endloop
  endfacet
  facet normal 0 -1 0
    outer loop
      vertex 16 57 5
      vertex 12.8773 57 61.8045
      vertex 5.5 57 16.85
    endloop
  endfacet
  facet normal 0 -1 0
    outer loop
      vertex 5.5 57 16.85
      vertex 12.8773 57 61.8045
      vertex 12.5275 57 61.5212
    endloop
  endfacet
  facet normal 0 -1 0
    outer loop
      vertex 5.5 57 16.85
      vertex 12.5275 57 61.5212
      vertex 12.15 57 61.2761
    endloop
  endfacet
  facet normal 0 -1 0
    outer loop
      vertex 5.5 57 16.85
      vertex 12.15 57 61.2761
      vertex 11.749 57 61.0718
    endloop
  endfacet
  facet normal 0 -1 0
    outer loop
      vertex 5.5 57 16.85
      vertex 11.749 57 61.0718
      vertex 11.3288 57 60.9105
    endloop
  endfacet
  facet normal 0 -1 0
    outer loop
      vertex 5.5 57 16.85
      vertex 11.3288 57 60.9105
      vertex 10.894 57 60.794
    endloop
  endfacet
  facet normal 0 -1 0
    outer loop
      vertex 5.5 57 16.85
      vertex 10.894 57 60.794
      vertex 10.4495 57 60.7236
    endloop
  endfacet
  facet normal 0 -1 0
    outer loop
      vertex 5.5 57 16.85
      vertex 10.4495 57 60.7236
      vertex 10 57 60.7
    endloop
  endfacet
  facet normal 0 -1 0
    outer loop
      vertex 14.2764 57 64.5505
      vertex 95.0348 57 60
      vertex 97.5174 57 64.3
    endloop
  endfacet
  facet normal 0 -1 0
    outer loop
      vertex 10.4495 57 69.2764
      vertex 0 57 110
      vertex 10 57 69.3
    endloop
  endfacet
  facet normal 0 -1 0
    outer loop
      vertex 0 57 110
      vertex 9.55053 57 69.2764
      vertex 10 57 69.3
    endloop
  endfacet
  facet normal 0 -1 0
    outer loop
      vertex 0 57 110
      vertex 9.10598 57 69.206
      vertex 9.55053 57 69.2764
    endloop
  endfacet
  facet normal 0 -1 0
    outer loop
      vertex 0 57 110
      vertex 8.67123 57 69.0895
      vertex 9.10598 57 69.206
    endloop
  endfacet
  facet normal 0 -1 0
    outer loop
      vertex 0 57 110
      vertex 8.25103 57 68.9282
      vertex 8.67123 57 69.0895
    endloop
  endfacet
  facet normal 0 -1 0
    outer loop
      vertex 0 57 110
      vertex 7.85 57 68.7239
      vertex 8.25103 57 68.9282
    endloop
  endfacet
  facet normal 0 -1 0
    outer loop
      vertex 0 57 110
      vertex 7.47252 57 68.4788
      vertex 7.85 57 68.7239
    endloop
  endfacet
  facet normal 0 -1 0
    outer loop
      vertex 0 57 110
      vertex 7.12274 57 68.1955
      vertex 7.47252 57 68.4788
    endloop
  endfacet
  facet normal 0 -1 0
    outer loop
      vertex 0 57 110
      vertex 6.80448 57 67.8773
      vertex 7.12274 57 68.1955
    endloop
  endfacet
  facet normal 0 -1 0
    outer loop
      vertex 0 57 110
      vertex 6.52123 57 67.5275
      vertex 6.80448 57 67.8773
    endloop
  endfacet
  facet normal 0 -1 0
    outer loop
      vertex 0 57 110
      vertex 6.27609 57 67.15
      vertex 6.52123 57 67.5275
    endloop
  endfacet
  facet normal 0 -1 0
    outer loop
      vertex 0 57 110
      vertex 6.07175 57 66.749
      vertex 6.27609 57 67.15
    endloop
  endfacet
  facet normal 0 -1 0
    outer loop
      vertex 0 57 110
      vertex 5.91046 57 66.3288
      vertex 6.07175 57 66.749
    endloop
  endfacet
  facet normal 0 -1 0
    outer loop
      vertex 0 57 110
      vertex 5.79396 57 65.894
      vertex 5.91046 57 66.3288
    endloop
  endfacet
  facet normal 0 -1 0
    outer loop
      vertex 0 57 110
      vertex 5.72356 57 65.4495
      vertex 5.79396 57 65.894
    endloop
  endfacet
  facet normal 0 -1 0
    outer loop
      vertex 0 57 110
      vertex 5.7 57 65
      vertex 5.72356 57 65.4495
    endloop
  endfacet
  facet normal 0 -1 0
    outer loop
      vertex 0 57 5.76777
      vertex 5.7 57 65
      vertex 0 57 110
    endloop
  endfacet
  facet normal 0 -1 0
    outer loop
      vertex 14.2764 57 64.5505
      vertex 90 57 40
      vertex 95.0348 57 60
    endloop
  endfacet
  facet normal 0 -1 0
    outer loop
      vertex 5.5 57 16.85
      vertex 10 57 60.7
      vertex 9.55053 57 60.7236
    endloop
  endfacet
  facet normal 0 -1 0
    outer loop
      vertex 90 57 40
      vertex 102.483 57 55.7
      vertex 97.5174 57 55.7
    endloop
  endfacet
  facet normal 0 -1 -0
    outer loop
      vertex 102.483 57 55.7
      vertex 90 57 40
      vertex 120 57 40
    endloop
  endfacet
  facet normal 0 -1 -0
    outer loop
      vertex 95.0348 57 60
      vertex 90 57 40
      vertex 97.5174 57 55.7
    endloop
  endfacet
  facet normal 0 -1 0
    outer loop
      vertex 5.5 57 16.85
      vertex 9.55053 57 60.7236
      vertex 9.10598 57 60.794
    endloop
  endfacet
  facet normal 0 -1 0
    outer loop
      vertex 12.8773 57 61.8045
      vertex 16 57 5
      vertex 13.1955 57 62.1227
    endloop
  endfacet
  facet normal 0 -1 0
    outer loop
      vertex 4 57 16.85
      vertex 9.10598 57 60.794
      vertex 8.67123 57 60.9105
    endloop
  endfacet
  facet normal 0 -1 0
    outer loop
      vertex 4 57 16.85
      vertex 8.67123 57 60.9105
      vertex 8.25103 57 61.0718
    endloop
  endfacet
  facet normal 0 -1 0
    outer loop
      vertex 4 57 16.85
      vertex 8.25103 57 61.0718
      vertex 7.85 57 61.2761
    endloop
  endfacet
  facet normal 0 -1 0
    outer loop
      vertex 13.1955 57 62.1227
      vertex 16 57 5
      vertex 90 57 40
    endloop
  endfacet
  facet normal 0 -1 0
    outer loop
      vertex 9.10598 57 60.794
      vertex 4 57 16.85
      vertex 5.5 57 16.85
    endloop
  endfacet
  facet normal 0 -1 -0
    outer loop
      vertex 7.47252 57 61.5212
      vertex 4 57 16.85
      vertex 7.85 57 61.2761
    endloop
  endfacet
  facet normal 0 -1 -0
    outer loop
      vertex 7.12274 57 61.8045
      vertex 4 57 16.85
      vertex 7.47252 57 61.5212
    endloop
  endfacet
  facet normal 0 -1 -0
    outer loop
      vertex 6.80448 57 62.1227
      vertex 4 57 16.85
      vertex 7.12274 57 61.8045
    endloop
  endfacet
  facet normal 0 -1 -0
    outer loop
      vertex 6.52123 57 62.4725
      vertex 4 57 16.85
      vertex 6.80448 57 62.1227
    endloop
  endfacet
  facet normal 0 -1 -0
    outer loop
      vertex 6.27609 57 62.85
      vertex 4 57 16.85
      vertex 6.52123 57 62.4725
    endloop
  endfacet
  facet normal 0 -1 -0
    outer loop
      vertex 6.07175 57 63.251
      vertex 4 57 16.85
      vertex 6.27609 57 62.85
    endloop
  endfacet
  facet normal 0 -1 -0
    outer loop
      vertex 5.91046 57 63.6712
      vertex 4 57 16.85
      vertex 6.07175 57 63.251
    endloop
  endfacet
  facet normal 0 -1 -0
    outer loop
      vertex 5.79396 57 64.106
      vertex 4 57 16.85
      vertex 5.91046 57 63.6712
    endloop
  endfacet
  facet normal 0 -1 0
    outer loop
      vertex 0 57 5.76777
      vertex 5.79396 57 64.106
      vertex 5.72356 57 64.5505
    endloop
  endfacet
  facet normal 0 -1 -0
    outer loop
      vertex 5.7 57 65
      vertex 0 57 5.76777
      vertex 5.72356 57 64.5505
    endloop
  endfacet
  facet normal 0 -1 0
    outer loop
      vertex 5.79396 57 64.106
      vertex 0 57 5.76777
      vertex 4 57 16.85
    endloop
  endfacet
  facet normal 0 -1 0
    outer loop
      vertex 4 57 4
      vertex 0 57 5.76777
      vertex 1.76777 57 4
    endloop
  endfacet
  facet normal 0 -1 0
    outer loop
      vertex 0 57 5.76777
      vertex 4 57 4
      vertex 4 57 16.85
    endloop
  endfacet
  facet normal 0 -1 0
    outer loop
      vertex 10.894 57 69.206
      vertex 0 57 110
      vertex 10.4495 57 69.2764
    endloop
  endfacet
  facet normal 0 -1 0
    outer loop
      vertex 11.3288 57 69.0895
      vertex 0 57 110
      vertex 10.894 57 69.206
    endloop
  endfacet
  facet normal 0 -1 0
    outer loop
      vertex 11.749 57 68.9282
      vertex 0 57 110
      vertex 11.3288 57 69.0895
    endloop
  endfacet
  facet normal 0 -1 0
    outer loop
      vertex 12.15 57 68.7239
      vertex 0 57 110
      vertex 11.749 57 68.9282
    endloop
  endfacet
  facet normal 0 -1 0
    outer loop
      vertex 12.5275 57 68.4788
      vertex 0 57 110
      vertex 12.15 57 68.7239
    endloop
  endfacet
  facet normal 0 -1 0
    outer loop
      vertex 12.8773 57 68.1955
      vertex 0 57 110
      vertex 12.5275 57 68.4788
    endloop
  endfacet
  facet normal 0 -1 0
    outer loop
      vertex 13.1955 57 67.8773
      vertex 0 57 110
      vertex 12.8773 57 68.1955
    endloop
  endfacet
  facet normal 0 -1 0
    outer loop
      vertex 0 57 110
      vertex 13.1955 57 67.8773
      vertex 97.5174 57 64.3
    endloop
  endfacet
  facet normal 0 -1 0
    outer loop
      vertex 97.5174 57 64.3
      vertex 13.1955 57 67.8773
      vertex 13.4788 57 67.5275
    endloop
  endfacet
  facet normal 0 -1 0
    outer loop
      vertex 97.5174 57 64.3
      vertex 13.4788 57 67.5275
      vertex 13.7239 57 67.15
    endloop
  endfacet
  facet normal 0 -1 0
    outer loop
      vertex 97.5174 57 64.3
      vertex 13.7239 57 67.15
      vertex 13.9282 57 66.749
    endloop
  endfacet
  facet normal 0 -1 0
    outer loop
      vertex 97.5174 57 64.3
      vertex 13.9282 57 66.749
      vertex 14.0895 57 66.3288
    endloop
  endfacet
  facet normal 0 -1 0
    outer loop
      vertex 97.5174 57 64.3
      vertex 14.0895 57 66.3288
      vertex 14.206 57 65.894
    endloop
  endfacet
  facet normal 0 -1 0
    outer loop
      vertex 97.5174 57 64.3
      vertex 14.206 57 65.894
      vertex 14.2764 57 65.4495
    endloop
  endfacet
  facet normal 0 -1 0
    outer loop
      vertex 97.5174 57 64.3
      vertex 14.2764 57 65.4495
      vertex 14.3 57 65
    endloop
  endfacet
  facet normal 0 -1 0
    outer loop
      vertex 97.5174 57 64.3
      vertex 14.3 57 65
      vertex 14.2764 57 64.5505
    endloop
  endfacet
  facet normal 0 -1 0
    outer loop
      vertex 0 57 110
      vertex 97.5174 57 64.3
      vertex 200 57 110
    endloop
  endfacet
  facet normal 0 -1 0
    outer loop
      vertex 102.483 57 64.3
      vertex 200 57 110
      vertex 97.5174 57 64.3
    endloop
  endfacet
  facet normal 0 -1 0
    outer loop
      vertex 158.251 57 63.9282
      vertex 200 57 110
      vertex 102.483 57 64.3
    endloop
  endfacet
  facet normal 0 -1 0
    outer loop
      vertex 160.449 57 64.2764
      vertex 200 57 110
      vertex 160 57 64.3
    endloop
  endfacet
  facet normal 0 -1 0
    outer loop
      vertex 160.894 57 64.206
      vertex 200 57 110
      vertex 160.449 57 64.2764
    endloop
  endfacet
  facet normal 0 -1 0
    outer loop
      vertex 161.329 57 64.0895
      vertex 200 57 110
      vertex 160.894 57 64.206
    endloop
  endfacet
  facet normal 0 -1 0
    outer loop
      vertex 161.749 57 63.9282
      vertex 200 57 110
      vertex 161.329 57 64.0895
    endloop
  endfacet
  facet normal 0 -1 0
    outer loop
      vertex 162.15 57 63.7239
      vertex 200 57 110
      vertex 161.749 57 63.9282
    endloop
  endfacet
  facet normal 0 -1 0
    outer loop
      vertex 162.527 57 63.4788
      vertex 200 57 110
      vertex 162.15 57 63.7239
    endloop
  endfacet
  facet normal 0 -1 0
    outer loop
      vertex 162.877 57 63.1955
      vertex 200 57 110
      vertex 162.527 57 63.4788
    endloop
  endfacet
  facet normal 0 -1 0
    outer loop
      vertex 163.196 57 62.8773
      vertex 200 57 110
      vertex 162.877 57 63.1955
    endloop
  endfacet
  facet normal 0 -1 0
    outer loop
      vertex 163.479 57 62.5275
      vertex 200 57 110
      vertex 163.196 57 62.8773
    endloop
  endfacet
  facet normal 0 -1 0
    outer loop
      vertex 163.724 57 62.15
      vertex 200 57 110
      vertex 163.479 57 62.5275
    endloop
  endfacet
  facet normal 0 -1 0
    outer loop
      vertex 163.928 57 61.749
      vertex 200 57 110
      vertex 163.724 57 62.15
    endloop
  endfacet
  facet normal 0 -1 0
    outer loop
      vertex 164.09 57 61.3288
      vertex 200 57 110
      vertex 163.928 57 61.749
    endloop
  endfacet
  facet normal 0 -1 0
    outer loop
      vertex 164.206 57 60.894
      vertex 200 57 110
      vertex 164.09 57 61.3288
    endloop
  endfacet
  facet normal 0 -1 0
    outer loop
      vertex 164.276 57 60.4495
      vertex 200 57 110
      vertex 164.206 57 60.894
    endloop
  endfacet
  facet normal 0 -1 0
    outer loop
      vertex 164.3 57 60
      vertex 200 57 110
      vertex 164.276 57 60.4495
    endloop
  endfacet
  facet normal 0 -1 0
    outer loop
      vertex 196 57 16.85
      vertex 164.3 57 60
      vertex 164.276 57 59.5505
    endloop
  endfacet
  facet normal 0 -1 0
    outer loop
      vertex 196 57 16.85
      vertex 164.276 57 59.5505
      vertex 164.206 57 59.106
    endloop
  endfacet
  facet normal 0 -1 0
    outer loop
      vertex 196 57 16.85
      vertex 164.206 57 59.106
      vertex 164.09 57 58.6712
    endloop
  endfacet
  facet normal 0 -1 0
    outer loop
      vertex 194.5 57 16.85
      vertex 164.09 57 58.6712
      vertex 163.928 57 58.251
    endloop
  endfacet
  facet normal 0 -1 0
    outer loop
      vertex 194.5 57 16.85
      vertex 163.928 57 58.251
      vertex 163.724 57 57.85
    endloop
  endfacet
  facet normal 0 -1 0
    outer loop
      vertex 194.5 57 16.85
      vertex 163.724 57 57.85
      vertex 163.479 57 57.4725
    endloop
  endfacet
  facet normal 0 -1 -0
    outer loop
      vertex 159.106 57 55.794
      vertex 120 57 18
      vertex 159.551 57 55.7236
    endloop
  endfacet
  facet normal 0 -1 0
    outer loop
      vertex 194.5 57 16.85
      vertex 159.551 57 55.7236
      vertex 120 57 18
    endloop
  endfacet
  facet normal 0 -1 0
    outer loop
      vertex 159.551 57 55.7236
      vertex 194.5 57 16.85
      vertex 160 57 55.7
    endloop
  endfacet
  facet normal 0 -1 0
    outer loop
      vertex 160 57 55.7
      vertex 194.5 57 16.85
      vertex 160.449 57 55.7236
    endloop
  endfacet
  facet normal 0 -1 0
    outer loop
      vertex 160.449 57 55.7236
      vertex 194.5 57 16.85
      vertex 160.894 57 55.794
    endloop
  endfacet
  facet normal 0 -1 0
    outer loop
      vertex 160.894 57 55.794
      vertex 194.5 57 16.85
      vertex 161.329 57 55.9105
    endloop
  endfacet
  facet normal 0 -1 0
    outer loop
      vertex 161.329 57 55.9105
      vertex 194.5 57 16.85
      vertex 161.749 57 56.0718
    endloop
  endfacet
  facet normal 0 -1 0
    outer loop
      vertex 161.749 57 56.0718
      vertex 194.5 57 16.85
      vertex 162.15 57 56.2761
    endloop
  endfacet
  facet normal 0 -1 0
    outer loop
      vertex 162.15 57 56.2761
      vertex 194.5 57 16.85
      vertex 162.527 57 56.5212
    endloop
  endfacet
  facet normal 0 -1 -0
    outer loop
      vertex 90 57 40
      vertex 16 57 5
      vertex 90 57 18
    endloop
  endfacet
  facet normal 0 -1 0
    outer loop
      vertex 16 57 4
      vertex 90 57 18
      vertex 16 57 5
    endloop
  endfacet
  facet normal 0 -1 0
    outer loop
      vertex 162.527 57 56.5212
      vertex 194.5 57 16.85
      vertex 162.877 57 56.8045
    endloop
  endfacet
  facet normal 0 -1 0
    outer loop
      vertex 194.5 57 16.85
      vertex 163.196 57 57.1227
      vertex 162.877 57 56.8045
    endloop
  endfacet
  facet normal 0 -1 0
    outer loop
      vertex 194.5 57 16.85
      vertex 163.479 57 57.4725
      vertex 163.196 57 57.1227
    endloop
  endfacet
  facet normal 0 -1 0
    outer loop
      vertex 164.09 57 58.6712
      vertex 194.5 57 16.85
      vertex 196 57 16.85
    endloop
  endfacet
  facet normal 0 -1 0
    outer loop
      vertex 164.3 57 60
      vertex 196 57 16.85
      vertex 200 57 110
    endloop
  endfacet
  facet normal 0 -1 0
    outer loop
      vertex 196 57 16.85
      vertex 200 57 5.76777
      vertex 200 57 110
    endloop
  endfacet
  facet normal 0 -1 0
    outer loop
      vertex 196 57 4
      vertex 200 57 5.76777
      vertex 196 57 16.85
    endloop
  endfacet
  facet normal 0 -1 0
    outer loop
      vertex 200 57 5.76777
      vertex 196 57 4
      vertex 198.232 57 4
    endloop
  endfacet
  facet normal 1 -0 0
    outer loop
      vertex 210 15.3 7
      vertex 210 17.3 3.85
      vertex 210 17.3 7
    endloop
  endfacet
  facet normal 1 0 0
    outer loop
      vertex 210 17.3 3.85
      vertex 210 15.3 7
      vertex 210 15.3 3.85
    endloop
  endfacet
  facet normal -0 0 1
    outer loop
      vertex 10 17.3 7
      vertex 210 15.3 7
      vertex 210 17.3 7
    endloop
  endfacet
  facet normal 0 0 1
    outer loop
      vertex 210 15.3 7
      vertex 10 17.3 7
      vertex 10 15.3 7
    endloop
  endfacet
  facet normal 0 0 -1
    outer loop
      vertex 201.618 15.3 3.85
      vertex 210 17.3 3.85
      vertex 210 15.3 3.85
    endloop
  endfacet
  facet normal -0 0 -1
    outer loop
      vertex 210 17.3 3.85
      vertex 201.618 15.3 3.85
      vertex 201.618 17.3 3.85
    endloop
  endfacet
  facet normal -1 0 0
    outer loop
      vertex 10 15.3 4
      vertex 10 17.3 7
      vertex 10 17.3 4
    endloop
  endfacet
  facet normal -1 -0 0
    outer loop
      vertex 10 17.3 7
      vertex 10 15.3 4
      vertex 10 15.3 7
    endloop
  endfacet
  facet normal 0 1 0
    outer loop
      vertex 210 17.3 7
      vertex 200 17.3 5.76777
      vertex 10 17.3 7
    endloop
  endfacet
  facet normal 0 1 0
    outer loop
      vertex 210 17.3 7
      vertex 201.768 17.3 4
      vertex 200 17.3 5.76777
    endloop
  endfacet
  facet normal 0 1 -0
    outer loop
      vertex 210 17.3 3.85
      vertex 201.768 17.3 4
      vertex 210 17.3 7
    endloop
  endfacet
  facet normal 0 1 0
    outer loop
      vertex 201.768 17.3 4
      vertex 210 17.3 3.85
      vertex 201.618 17.3 3.85
    endloop
  endfacet
  facet normal 0 1 -0
    outer loop
      vertex 198.232 17.3 4
      vertex 10 17.3 7
      vertex 200 17.3 5.76777
    endloop
  endfacet
  facet normal 0 1 0
    outer loop
      vertex 10 17.3 7
      vertex 198.232 17.3 4
      vertex 10 17.3 4
    endloop
  endfacet
  facet normal 0 -1 0
    outer loop
      vertex 10 15.3 7
      vertex 200 15.3 5.76777
      vertex 210 15.3 7
    endloop
  endfacet
  facet normal 0 -1 0
    outer loop
      vertex 198.232 15.3 4
      vertex 10 15.3 7
      vertex 10 15.3 4
    endloop
  endfacet
  facet normal 0 -1 0
    outer loop
      vertex 10 15.3 7
      vertex 198.232 15.3 4
      vertex 200 15.3 5.76777
    endloop
  endfacet
  facet normal 0 -1 0
    outer loop
      vertex 201.768 15.3 4
      vertex 210 15.3 7
      vertex 200 15.3 5.76777
    endloop
  endfacet
  facet normal 0 -1 0
    outer loop
      vertex 210 15.3 3.85
      vertex 201.768 15.3 4
      vertex 201.618 15.3 3.85
    endloop
  endfacet
  facet normal 0 -1 0
    outer loop
      vertex 201.768 15.3 4
      vertex 210 15.3 3.85
      vertex 210 15.3 7
    endloop
  endfacet
  facet normal 1 -0 0
    outer loop
      vertex 210 42.7 7
      vertex 210 44.7 3.85
      vertex 210 44.7 7
    endloop
  endfacet
  facet normal 1 0 0
    outer loop
      vertex 210 44.7 3.85
      vertex 210 42.7 7
      vertex 210 42.7 3.85
    endloop
  endfacet
  facet normal -0 0 1
    outer loop
      vertex 10 44.7 7
      vertex 210 42.7 7
      vertex 210 44.7 7
    endloop
  endfacet
  facet normal 0 0 1
    outer loop
      vertex 210 42.7 7
      vertex 10 44.7 7
      vertex 10 42.7 7
    endloop
  endfacet
  facet normal 0 0 -1
    outer loop
      vertex 201.618 42.7 3.85
      vertex 210 44.7 3.85
      vertex 210 42.7 3.85
    endloop
  endfacet
  facet normal -0 0 -1
    outer loop
      vertex 210 44.7 3.85
      vertex 201.618 42.7 3.85
      vertex 201.618 44.7 3.85
    endloop
  endfacet
  facet normal -1 0 0
    outer loop
      vertex 10 42.7 4
      vertex 10 44.7 7
      vertex 10 44.7 4
    endloop
  endfacet
  facet normal -1 -0 0
    outer loop
      vertex 10 44.7 7
      vertex 10 42.7 4
      vertex 10 42.7 7
    endloop
  endfacet
  facet normal 0 1 0
    outer loop
      vertex 210 44.7 7
      vertex 200 44.7 5.76777
      vertex 10 44.7 7
    endloop
  endfacet
  facet normal 0 1 0
    outer loop
      vertex 210 44.7 7
      vertex 201.768 44.7 4
      vertex 200 44.7 5.76777
    endloop
  endfacet
  facet normal 0 1 -0
    outer loop
      vertex 210 44.7 3.85
      vertex 201.768 44.7 4
      vertex 210 44.7 7
    endloop
  endfacet
  facet normal 0 1 0
    outer loop
      vertex 201.768 44.7 4
      vertex 210 44.7 3.85
      vertex 201.618 44.7 3.85
    endloop
  endfacet
  facet normal 0 1 -0
    outer loop
      vertex 198.232 44.7 4
      vertex 10 44.7 7
      vertex 200 44.7 5.76777
    endloop
  endfacet
  facet normal 0 1 0
    outer loop
      vertex 10 44.7 7
      vertex 198.232 44.7 4
      vertex 10 44.7 4
    endloop
  endfacet
  facet normal 0 -1 0
    outer loop
      vertex 10 42.7 7
      vertex 200 42.7 5.76777
      vertex 210 42.7 7
    endloop
  endfacet
  facet normal 0 -1 0
    outer loop
      vertex 198.232 42.7 4
      vertex 10 42.7 7
      vertex 10 42.7 4
    endloop
  endfacet
  facet normal 0 -1 0
    outer loop
      vertex 10 42.7 7
      vertex 198.232 42.7 4
      vertex 200 42.7 5.76777
    endloop
  endfacet
  facet normal 0 -1 0
    outer loop
      vertex 201.768 42.7 4
      vertex 210 42.7 7
      vertex 200 42.7 5.76777
    endloop
  endfacet
  facet normal 0 -1 0
    outer loop
      vertex 210 42.7 3.85
      vertex 201.768 42.7 4
      vertex 201.618 42.7 3.85
    endloop
  endfacet
  facet normal 0 -1 0
    outer loop
      vertex 201.768 42.7 4
      vertex 210 42.7 3.85
      vertex 210 42.7 7
    endloop
  endfacet
  facet normal 1 -0 0
    outer loop
      vertex 122 7 10
      vertex 122 15 4
      vertex 122 15 10
    endloop
  endfacet
  facet normal 1 0 0
    outer loop
      vertex 122 15 4
      vertex 122 7 10
      vertex 122 7 4
    endloop
  endfacet
  facet normal 0 0 1
    outer loop
      vertex 122 15 10
      vertex 120.2 14.2 10
      vertex 122 7 10
    endloop
  endfacet
  facet normal 0 0 1
    outer loop
      vertex 122 15 10
      vertex 79.8 14.2 10
      vertex 120.2 14.2 10
    endloop
  endfacet
  facet normal 0 0 1
    outer loop
      vertex 79.8 14.2 10
      vertex 78 15 10
      vertex 79.8 7.8 10
    endloop
  endfacet
  facet normal -0 0 1
    outer loop
      vertex 78 15 10
      vertex 79.8 14.2 10
      vertex 122 15 10
    endloop
  endfacet
  facet normal -0 0 1
    outer loop
      vertex 120.2 7.8 10
      vertex 122 7 10
      vertex 120.2 14.2 10
    endloop
  endfacet
  facet normal -0 0 1
    outer loop
      vertex 79.8 7.8 10
      vertex 122 7 10
      vertex 120.2 7.8 10
    endloop
  endfacet
  facet normal 0 0 1
    outer loop
      vertex 79.8 7.8 10
      vertex 78 7 10
      vertex 122 7 10
    endloop
  endfacet
  facet normal 0 0 1
    outer loop
      vertex 78 7 10
      vertex 79.8 7.8 10
      vertex 78 15 10
    endloop
  endfacet
  facet normal -1 0 0
    outer loop
      vertex 78 7 4
      vertex 78 15 10
      vertex 78 15 4
    endloop
  endfacet
  facet normal -1 -0 0
    outer loop
      vertex 78 15 10
      vertex 78 7 4
      vertex 78 7 10
    endloop
  endfacet
  facet normal 0 1 -0
    outer loop
      vertex 122 15 4
      vertex 78 15 10
      vertex 122 15 10
    endloop
  endfacet
  facet normal 0 1 0
    outer loop
      vertex 78 15 10
      vertex 122 15 4
      vertex 78 15 4
    endloop
  endfacet
  facet normal 0 -1 0
    outer loop
      vertex 78 7 4
      vertex 122 7 10
      vertex 78 7 10
    endloop
  endfacet
  facet normal 0 -1 -0
    outer loop
      vertex 122 7 10
      vertex 78 7 4
      vertex 122 7 4
    endloop
  endfacet
  facet normal 1 -0 0
    outer loop
      vertex 122 45 10
      vertex 122 53 4
      vertex 122 53 10
    endloop
  endfacet
  facet normal 1 0 0
    outer loop
      vertex 122 53 4
      vertex 122 45 10
      vertex 122 45 4
    endloop
  endfacet
  facet normal 0 0 1
    outer loop
      vertex 122 53 10
      vertex 120.2 52.2 10
      vertex 122 45 10
    endloop
  endfacet
  facet normal 0 0 1
    outer loop
      vertex 122 53 10
      vertex 79.8 52.2 10
      vertex 120.2 52.2 10
    endloop
  endfacet
  facet normal 0 0 1
    outer loop
      vertex 79.8 52.2 10
      vertex 78 53 10
      vertex 79.8 45.8 10
    endloop
  endfacet
  facet normal -0 0 1
    outer loop
      vertex 78 53 10
      vertex 79.8 52.2 10
      vertex 122 53 10
    endloop
  endfacet
  facet normal -0 0 1
    outer loop
      vertex 120.2 45.8 10
      vertex 122 45 10
      vertex 120.2 52.2 10
    endloop
  endfacet
  facet normal -0 0 1
    outer loop
      vertex 79.8 45.8 10
      vertex 122 45 10
      vertex 120.2 45.8 10
    endloop
  endfacet
  facet normal 0 0 1
    outer loop
      vertex 79.8 45.8 10
      vertex 78 45 10
      vertex 122 45 10
    endloop
  endfacet
  facet normal 0 0 1
    outer loop
      vertex 78 45 10
      vertex 79.8 45.8 10
      vertex 78 53 10
    endloop
  endfacet
  facet normal -1 0 0
    outer loop
      vertex 78 45 4
      vertex 78 53 10
      vertex 78 53 4
    endloop
  endfacet
  facet normal -1 -0 0
    outer loop
      vertex 78 53 10
      vertex 78 45 4
      vertex 78 45 10
    endloop
  endfacet
  facet normal 0 1 -0
    outer loop
      vertex 122 53 4
      vertex 78 53 10
      vertex 122 53 10
    endloop
  endfacet
  facet normal 0 1 0
    outer loop
      vertex 78 53 10
      vertex 122 53 4
      vertex 78 53 4
    endloop
  endfacet
  facet normal 0 -1 0
    outer loop
      vertex 78 45 4
      vertex 122 45 10
      vertex 78 45 10
    endloop
  endfacet
  facet normal 0 -1 -0
    outer loop
      vertex 122 45 10
      vertex 78 45 4
      vertex 122 45 4
    endloop
  endfacet
  facet normal -0.15643 1.87139e-18 -0.987689
    outer loop
      vertex 10.4495 0 69.2764
      vertex 10.894 3 69.206
      vertex 10.894 0 69.206
    endloop
  endfacet
  facet normal -0.15643 1.87139e-18 -0.987689
    outer loop
      vertex 10.894 3 69.206
      vertex 10.4495 0 69.2764
      vertex 10.4495 3 69.2764
    endloop
  endfacet
  facet normal 0.358369 -1.74588e-18 -0.93358
    outer loop
      vertex 8.25103 0 68.9282
      vertex 8.67123 3 69.0895
      vertex 8.67123 0 69.0895
    endloop
  endfacet
  facet normal 0.358369 -1.74588e-18 -0.93358
    outer loop
      vertex 8.67123 3 69.0895
      vertex 8.25103 0 68.9282
      vertex 8.25103 3 68.9282
    endloop
  endfacet
  facet normal 0.0524341 -1.4447e-19 -0.998624
    outer loop
      vertex 9.55053 0 69.2764
      vertex 10 3 69.3
      vertex 10 0 69.3
    endloop
  endfacet
  facet normal 0.0524341 -1.4447e-19 -0.998624
    outer loop
      vertex 10 3 69.3
      vertex 9.55053 0 69.2764
      vertex 9.55053 3 69.2764
    endloop
  endfacet
  facet normal 0.933588 0 -0.358349
    outer loop
      vertex 6.07175 0 66.749
      vertex 5.91046 3 66.3288
      vertex 6.07175 3 66.749
    endloop
  endfacet
  facet normal 0.933588 0 -0.358349
    outer loop
      vertex 5.91046 3 66.3288
      vertex 6.07175 0 66.749
      vertex 5.91046 0 66.3288
    endloop
  endfacet
  facet normal -0.707107 0 -0.707107
    outer loop
      vertex 13.1955 0 67.8773
      vertex 12.8773 3 68.1955
      vertex 13.1955 3 67.8773
    endloop
  endfacet
  facet normal -0.707107 -0 -0.707107
    outer loop
      vertex 12.8773 3 68.1955
      vertex 13.1955 0 67.8773
      vertex 12.8773 0 68.1955
    endloop
  endfacet
  facet normal -0.0524306 -5.89134e-19 -0.998625
    outer loop
      vertex 10 0 69.3
      vertex 10.4495 3 69.2764
      vertex 10.4495 0 69.2764
    endloop
  endfacet
  facet normal -0.0524306 -5.89134e-19 -0.998625
    outer loop
      vertex 10.4495 3 69.2764
      vertex 10 0 69.3
      vertex 10 3 69.3
    endloop
  endfacet
  facet normal 0.629392 -2.94113e-18 -0.777088
    outer loop
      vertex 7.12274 0 68.1955
      vertex 7.47252 3 68.4788
      vertex 7.47252 0 68.4788
    endloop
  endfacet
  facet normal 0.629392 -2.94113e-18 -0.777088
    outer loop
      vertex 7.47252 3 68.4788
      vertex 7.12274 0 68.1955
      vertex 7.12274 3 68.1955
    endloop
  endfacet
  facet normal -0.891024 0 -0.453956
    outer loop
      vertex 13.9282 0 66.749
      vertex 13.7239 3 67.15
      vertex 13.9282 3 66.749
    endloop
  endfacet
  facet normal -0.891024 -0 -0.453956
    outer loop
      vertex 13.7239 3 67.15
      vertex 13.9282 0 66.749
      vertex 13.7239 0 67.15
    endloop
  endfacet
  facet normal 0.777159 0 -0.629304
    outer loop
      vertex 6.80448 0 67.8773
      vertex 6.52123 3 67.5275
      vertex 6.80448 3 67.8773
    endloop
  endfacet
  facet normal 0.777159 0 -0.629304
    outer loop
      vertex 6.52123 3 67.5275
      vertex 6.80448 0 67.8773
      vertex 6.52123 0 67.5275
    endloop
  endfacet
  facet normal -0.544559 -4.27162e-18 -0.838723
    outer loop
      vertex 12.15 0 68.7239
      vertex 12.5275 3 68.4788
      vertex 12.5275 0 68.4788
    endloop
  endfacet
  facet normal -0.544559 -4.27162e-18 -0.838723
    outer loop
      vertex 12.5275 3 68.4788
      vertex 12.15 0 68.7239
      vertex 12.15 3 68.7239
    endloop
  endfacet
  facet normal 0.156413 2.10905e-18 -0.987692
    outer loop
      vertex 9.10598 0 69.206
      vertex 9.55053 3 69.2764
      vertex 9.55053 0 69.2764
    endloop
  endfacet
  facet normal 0.156413 2.10905e-18 -0.987692
    outer loop
      vertex 9.55053 3 69.2764
      vertex 9.10598 0 69.206
      vertex 9.10598 3 69.206
    endloop
  endfacet
  facet normal 0.70704 0 -0.707173
    outer loop
      vertex 7.12274 0 68.1955
      vertex 6.80448 3 67.8773
      vertex 7.12274 3 68.1955
    endloop
  endfacet
  facet normal 0.70704 0 -0.707173
    outer loop
      vertex 6.80448 3 67.8773
      vertex 7.12274 0 68.1955
      vertex 6.80448 0 67.8773
    endloop
  endfacet
  facet normal 0.838682 0 -0.544621
    outer loop
      vertex 6.52123 0 67.5275
      vertex 6.27609 3 67.15
      vertex 6.52123 3 67.5275
    endloop
  endfacet
  facet normal 0.838682 0 -0.544621
    outer loop
      vertex 6.27609 3 67.15
      vertex 6.52123 0 67.5275
      vertex 6.27609 0 67.15
    endloop
  endfacet
  facet normal -0.777105 0 -0.629371
    outer loop
      vertex 13.4788 0 67.5275
      vertex 13.1955 3 67.8773
      vertex 13.4788 3 67.5275
    endloop
  endfacet
  facet normal -0.777105 -0 -0.629371
    outer loop
      vertex 13.1955 3 67.8773
      vertex 13.4788 0 67.5275
      vertex 13.1955 0 67.8773
    endloop
  endfacet
  facet normal -0.453956 -2.04708e-18 -0.891024
    outer loop
      vertex 11.749 0 68.9282
      vertex 12.15 3 68.7239
      vertex 12.15 0 68.7239
    endloop
  endfacet
  facet normal -0.453956 -2.04708e-18 -0.891024
    outer loop
      vertex 12.15 3 68.7239
      vertex 11.749 0 68.9282
      vertex 11.749 3 68.9282
    endloop
  endfacet
  facet normal -0.358369 -4.8976e-18 -0.93358
    outer loop
      vertex 11.3288 0 69.0895
      vertex 11.749 3 68.9282
      vertex 11.749 0 68.9282
    endloop
  endfacet
  facet normal -0.358369 -4.8976e-18 -0.93358
    outer loop
      vertex 11.749 3 68.9282
      vertex 11.3288 0 69.0895
      vertex 11.3288 3 69.0895
    endloop
  endfacet
  facet normal -0.629371 -3.128e-18 -0.777105
    outer loop
      vertex 12.5275 0 68.4788
      vertex 12.8773 3 68.1955
      vertex 12.8773 0 68.1955
    endloop
  endfacet
  facet normal -0.629371 -3.128e-18 -0.777105
    outer loop
      vertex 12.8773 3 68.1955
      vertex 12.5275 0 68.4788
      vertex 12.5275 3 68.4788
    endloop
  endfacet
  facet normal -0.838723 0 -0.544559
    outer loop
      vertex 13.7239 0 67.15
      vertex 13.4788 3 67.5275
      vertex 13.7239 3 67.15
    endloop
  endfacet
  facet normal -0.838723 -0 -0.544559
    outer loop
      vertex 13.4788 3 67.5275
      vertex 13.7239 0 67.15
      vertex 13.4788 0 67.5275
    endloop
  endfacet
  facet normal 0.453929 1.00599e-18 -0.891038
    outer loop
      vertex 7.85 0 68.7239
      vertex 8.25103 3 68.9282
      vertex 8.25103 0 68.9282
    endloop
  endfacet
  facet normal 0.453929 1.00599e-18 -0.891038
    outer loop
      vertex 8.25103 3 68.9282
      vertex 7.85 0 68.7239
      vertex 7.85 3 68.7239
    endloop
  endfacet
  facet normal -0.93358 0 -0.358369
    outer loop
      vertex 14.0895 0 66.3288
      vertex 13.9282 3 66.749
      vertex 14.0895 3 66.3288
    endloop
  endfacet
  facet normal -0.93358 -0 -0.358369
    outer loop
      vertex 13.9282 3 66.749
      vertex 14.0895 0 66.3288
      vertex 13.9282 0 66.749
    endloop
  endfacet
  facet normal 0.258838 -1.54578e-20 -0.965921
    outer loop
      vertex 8.67123 0 69.0895
      vertex 9.10598 3 69.206
      vertex 9.10598 0 69.206
    endloop
  endfacet
  facet normal 0.258838 -1.54578e-20 -0.965921
    outer loop
      vertex 9.10598 3 69.206
      vertex 8.67123 0 69.0895
      vertex 8.67123 3 69.0895
    endloop
  endfacet
  facet normal 0.544579 1.93187e-18 -0.83871
    outer loop
      vertex 7.47252 0 68.4788
      vertex 7.85 3 68.7239
      vertex 7.85 0 68.7239
    endloop
  endfacet
  facet normal 0.544579 1.93187e-18 -0.83871
    outer loop
      vertex 7.85 3 68.7239
      vertex 7.47252 0 68.4788
      vertex 7.47252 3 68.4788
    endloop
  endfacet
  facet normal 0.890988 0 -0.454026
    outer loop
      vertex 6.27609 0 67.15
      vertex 6.07175 3 66.749
      vertex 6.27609 3 67.15
    endloop
  endfacet
  facet normal 0.890988 0 -0.454026
    outer loop
      vertex 6.07175 3 66.749
      vertex 6.27609 0 67.15
      vertex 6.07175 0 66.749
    endloop
  endfacet
  facet normal -0.25881 -4.71381e-19 -0.965928
    outer loop
      vertex 10.894 0 69.206
      vertex 11.3288 3 69.0895
      vertex 11.3288 0 69.0895
    endloop
  endfacet
  facet normal -0.25881 -4.71381e-19 -0.965928
    outer loop
      vertex 11.3288 3 69.0895
      vertex 10.894 0 69.206
      vertex 10.894 3 69.206
    endloop
  endfacet
  facet normal -0.987689 0 -0.15643
    outer loop
      vertex 14.2764 57 65.4495
      vertex 14.206 60 65.894
      vertex 14.2764 60 65.4495
    endloop
  endfacet
  facet normal -0.987689 -0 -0.15643
    outer loop
      vertex 14.206 60 65.894
      vertex 14.2764 57 65.4495
      vertex 14.206 57 65.894
    endloop
  endfacet
  facet normal -0.998625 0 -0.0524306
    outer loop
      vertex 14.3 57 65
      vertex 14.2764 60 65.4495
      vertex 14.3 60 65
    endloop
  endfacet
  facet normal -0.998625 -0 -0.0524306
    outer loop
      vertex 14.2764 60 65.4495
      vertex 14.3 57 65
      vertex 14.2764 57 65.4495
    endloop
  endfacet
  facet normal -0.93358 0 0.358369
    outer loop
      vertex 13.9282 57 63.251
      vertex 14.0895 60 63.6712
      vertex 13.9282 60 63.251
    endloop
  endfacet
  facet normal -0.93358 0 0.358369
    outer loop
      vertex 14.0895 60 63.6712
      vertex 13.9282 57 63.251
      vertex 14.0895 57 63.6712
    endloop
  endfacet
  facet normal -0.15643 1.87139e-18 -0.987689
    outer loop
      vertex 10.4495 57 69.2764
      vertex 10.894 60 69.206
      vertex 10.894 57 69.206
    endloop
  endfacet
  facet normal -0.15643 1.87139e-18 -0.987689
    outer loop
      vertex 10.894 60 69.206
      vertex 10.4495 57 69.2764
      vertex 10.4495 60 69.2764
    endloop
  endfacet
  facet normal 0.358369 -1.74588e-18 -0.93358
    outer loop
      vertex 8.25103 57 68.9282
      vertex 8.67123 60 69.0895
      vertex 8.67123 57 69.0895
    endloop
  endfacet
  facet normal 0.358369 -1.74588e-18 -0.93358
    outer loop
      vertex 8.67123 60 69.0895
      vertex 8.25103 57 68.9282
      vertex 8.25103 60 68.9282
    endloop
  endfacet
  facet normal 0.258838 -1.54578e-20 -0.965921
    outer loop
      vertex 8.67123 57 69.0895
      vertex 9.10598 60 69.206
      vertex 9.10598 57 69.206
    endloop
  endfacet
  facet normal 0.258838 -1.54578e-20 -0.965921
    outer loop
      vertex 9.10598 60 69.206
      vertex 8.67123 57 69.0895
      vertex 8.67123 60 69.0895
    endloop
  endfacet
  facet normal 0.0524341 -1.4447e-19 -0.998624
    outer loop
      vertex 9.55053 57 69.2764
      vertex 10 60 69.3
      vertex 10 57 69.3
    endloop
  endfacet
  facet normal 0.0524341 -1.4447e-19 -0.998624
    outer loop
      vertex 10 60 69.3
      vertex 9.55053 57 69.2764
      vertex 9.55053 60 69.2764
    endloop
  endfacet
  facet normal 0.933588 0 -0.358349
    outer loop
      vertex 6.07175 57 66.749
      vertex 5.91046 60 66.3288
      vertex 6.07175 60 66.749
    endloop
  endfacet
  facet normal 0.933588 0 -0.358349
    outer loop
      vertex 5.91046 60 66.3288
      vertex 6.07175 57 66.749
      vertex 5.91046 57 66.3288
    endloop
  endfacet
  facet normal -0.0524306 3.93869e-19 0.998625
    outer loop
      vertex 10 60 60.7
      vertex 10.4495 57 60.7236
      vertex 10.4495 60 60.7236
    endloop
  endfacet
  facet normal -0.0524306 3.93869e-19 0.998625
    outer loop
      vertex 10.4495 57 60.7236
      vertex 10 60 60.7
      vertex 10 57 60.7
    endloop
  endfacet
  facet normal -0.965928 0 -0.25881
    outer loop
      vertex 14.206 57 65.894
      vertex 14.0895 60 66.3288
      vertex 14.206 60 65.894
    endloop
  endfacet
  facet normal -0.965928 -0 -0.25881
    outer loop
      vertex 14.0895 60 66.3288
      vertex 14.206 57 65.894
      vertex 14.0895 57 66.3288
    endloop
  endfacet
  facet normal -0.707107 0 -0.707107
    outer loop
      vertex 13.1955 57 67.8773
      vertex 12.8773 60 68.1955
      vertex 13.1955 60 67.8773
    endloop
  endfacet
  facet normal -0.707107 -0 -0.707107
    outer loop
      vertex 12.8773 60 68.1955
      vertex 13.1955 57 67.8773
      vertex 12.8773 57 68.1955
    endloop
  endfacet
  facet normal -0.0524306 -5.89134e-19 -0.998625
    outer loop
      vertex 10 57 69.3
      vertex 10.4495 60 69.2764
      vertex 10.4495 57 69.2764
    endloop
  endfacet
  facet normal -0.0524306 -5.89134e-19 -0.998625
    outer loop
      vertex 10.4495 60 69.2764
      vertex 10 57 69.3
      vertex 10 60 69.3
    endloop
  endfacet
  facet normal 0.629392 -2.94113e-18 -0.777088
    outer loop
      vertex 7.12274 57 68.1955
      vertex 7.47252 60 68.4788
      vertex 7.47252 57 68.4788
    endloop
  endfacet
  facet normal 0.629392 -2.94113e-18 -0.777088
    outer loop
      vertex 7.47252 60 68.4788
      vertex 7.12274 57 68.1955
      vertex 7.12274 60 68.1955
    endloop
  endfacet
  facet normal 0.933588 -0 0.358349
    outer loop
      vertex 5.91046 57 63.6712
      vertex 6.07175 60 63.251
      vertex 5.91046 60 63.6712
    endloop
  endfacet
  facet normal 0.933588 0 0.358349
    outer loop
      vertex 6.07175 60 63.251
      vertex 5.91046 57 63.6712
      vertex 6.07175 57 63.251
    endloop
  endfacet
  facet normal 0.890988 -0 0.454026
    outer loop
      vertex 6.07175 57 63.251
      vertex 6.27609 60 62.85
      vertex 6.07175 60 63.251
    endloop
  endfacet
  facet normal 0.890988 0 0.454026
    outer loop
      vertex 6.27609 60 62.85
      vertex 6.07175 57 63.251
      vertex 6.27609 57 62.85
    endloop
  endfacet
  facet normal -0.891024 0 -0.453956
    outer loop
      vertex 13.9282 57 66.749
      vertex 13.7239 60 67.15
      vertex 13.9282 60 66.749
    endloop
  endfacet
  facet normal -0.891024 -0 -0.453956
    outer loop
      vertex 13.7239 60 67.15
      vertex 13.9282 57 66.749
      vertex 13.7239 57 67.15
    endloop
  endfacet
  facet normal 0.777159 0 -0.629304
    outer loop
      vertex 6.80448 57 67.8773
      vertex 6.52123 60 67.5275
      vertex 6.80448 60 67.8773
    endloop
  endfacet
  facet normal 0.777159 0 -0.629304
    outer loop
      vertex 6.52123 60 67.5275
      vertex 6.80448 57 67.8773
      vertex 6.52123 57 67.5275
    endloop
  endfacet
  facet normal 0.70704 -2.94308e-18 0.707173
    outer loop
      vertex 6.80448 60 62.1227
      vertex 7.12274 57 61.8045
      vertex 7.12274 60 61.8045
    endloop
  endfacet
  facet normal 0.70704 -2.94308e-18 0.707173
    outer loop
      vertex 7.12274 57 61.8045
      vertex 6.80448 60 62.1227
      vertex 6.80448 57 62.1227
    endloop
  endfacet
  facet normal -0.544559 -4.27162e-18 -0.838723
    outer loop
      vertex 12.15 57 68.7239
      vertex 12.5275 60 68.4788
      vertex 12.5275 57 68.4788
    endloop
  endfacet
  facet normal -0.544559 -4.27162e-18 -0.838723
    outer loop
      vertex 12.5275 60 68.4788
      vertex 12.15 57 68.7239
      vertex 12.15 60 68.7239
    endloop
  endfacet
  facet normal 0.156413 2.10905e-18 -0.987692
    outer loop
      vertex 9.10598 57 69.206
      vertex 9.55053 60 69.2764
      vertex 9.55053 57 69.2764
    endloop
  endfacet
  facet normal 0.156413 2.10905e-18 -0.987692
    outer loop
      vertex 9.55053 60 69.2764
      vertex 9.10598 57 69.206
      vertex 9.10598 60 69.206
    endloop
  endfacet
  facet normal 0.70704 0 -0.707173
    outer loop
      vertex 7.12274 57 68.1955
      vertex 6.80448 60 67.8773
      vertex 7.12274 60 68.1955
    endloop
  endfacet
  facet normal 0.70704 0 -0.707173
    outer loop
      vertex 6.80448 60 67.8773
      vertex 7.12274 57 68.1955
      vertex 6.80448 57 67.8773
    endloop
  endfacet
  facet normal 0.838682 0 -0.544621
    outer loop
      vertex 6.52123 57 67.5275
      vertex 6.27609 60 67.15
      vertex 6.52123 60 67.5275
    endloop
  endfacet
  facet normal 0.838682 0 -0.544621
    outer loop
      vertex 6.27609 60 67.15
      vertex 6.52123 57 67.5275
      vertex 6.27609 57 67.15
    endloop
  endfacet
  facet normal -0.777105 0 0.629371
    outer loop
      vertex 13.1955 57 62.1227
      vertex 13.4788 60 62.4725
      vertex 13.1955 60 62.1227
    endloop
  endfacet
  facet normal -0.777105 0 0.629371
    outer loop
      vertex 13.4788 60 62.4725
      vertex 13.1955 57 62.1227
      vertex 13.4788 57 62.4725
    endloop
  endfacet
  facet normal -0.777105 0 -0.629371
    outer loop
      vertex 13.4788 57 67.5275
      vertex 13.1955 60 67.8773
      vertex 13.4788 60 67.5275
    endloop
  endfacet
  facet normal -0.777105 -0 -0.629371
    outer loop
      vertex 13.1955 60 67.8773
      vertex 13.4788 57 67.5275
      vertex 13.1955 57 67.8773
    endloop
  endfacet
  facet normal 0.777159 -0 0.629304
    outer loop
      vertex 6.52123 57 62.4725
      vertex 6.80448 60 62.1227
      vertex 6.52123 60 62.4725
    endloop
  endfacet
  facet normal 0.777159 0 0.629304
    outer loop
      vertex 6.80448 60 62.1227
      vertex 6.52123 57 62.4725
      vertex 6.80448 57 62.1227
    endloop
  endfacet
  facet normal -0.25881 4.71381e-19 0.965928
    outer loop
      vertex 10.894 60 60.794
      vertex 11.3288 57 60.9105
      vertex 11.3288 60 60.9105
    endloop
  endfacet
  facet normal -0.25881 4.71381e-19 0.965928
    outer loop
      vertex 11.3288 57 60.9105
      vertex 10.894 60 60.794
      vertex 10.894 57 60.794
    endloop
  endfacet
  facet normal -0.453956 -2.04708e-18 -0.891024
    outer loop
      vertex 11.749 57 68.9282
      vertex 12.15 60 68.7239
      vertex 12.15 57 68.7239
    endloop
  endfacet
  facet normal -0.453956 -2.04708e-18 -0.891024
    outer loop
      vertex 12.15 60 68.7239
      vertex 11.749 57 68.9282
      vertex 11.749 60 68.9282
    endloop
  endfacet
  facet normal -0.358369 -4.8976e-18 -0.93358
    outer loop
      vertex 11.3288 57 69.0895
      vertex 11.749 60 68.9282
      vertex 11.749 57 68.9282
    endloop
  endfacet
  facet normal -0.358369 -4.8976e-18 -0.93358
    outer loop
      vertex 11.749 60 68.9282
      vertex 11.3288 57 69.0895
      vertex 11.3288 60 69.0895
    endloop
  endfacet
  facet normal 0.629392 4.73676e-18 0.777088
    outer loop
      vertex 7.12274 60 61.8045
      vertex 7.47252 57 61.5212
      vertex 7.47252 60 61.5212
    endloop
  endfacet
  facet normal 0.629392 4.73676e-18 0.777088
    outer loop
      vertex 7.47252 57 61.5212
      vertex 7.12274 60 61.8045
      vertex 7.12274 57 61.8045
    endloop
  endfacet
  facet normal -0.629371 -3.128e-18 -0.777105
    outer loop
      vertex 12.5275 57 68.4788
      vertex 12.8773 60 68.1955
      vertex 12.8773 57 68.1955
    endloop
  endfacet
  facet normal -0.629371 -3.128e-18 -0.777105
    outer loop
      vertex 12.8773 60 68.1955
      vertex 12.5275 57 68.4788
      vertex 12.5275 60 68.4788
    endloop
  endfacet
  facet normal -0.838723 0 -0.544559
    outer loop
      vertex 13.7239 57 67.15
      vertex 13.4788 60 67.5275
      vertex 13.7239 60 67.15
    endloop
  endfacet
  facet normal -0.838723 -0 -0.544559
    outer loop
      vertex 13.4788 60 67.5275
      vertex 13.7239 57 67.15
      vertex 13.4788 57 67.5275
    endloop
  endfacet
  facet normal -0.998625 0 0.0524306
    outer loop
      vertex 14.2764 57 64.5505
      vertex 14.3 60 65
      vertex 14.2764 60 64.5505
    endloop
  endfacet
  facet normal -0.998625 0 0.0524306
    outer loop
      vertex 14.3 60 65
      vertex 14.2764 57 64.5505
      vertex 14.3 57 65
    endloop
  endfacet
  facet normal -0.629371 1.12196e-18 0.777105
    outer loop
      vertex 12.5275 60 61.5212
      vertex 12.8773 57 61.8045
      vertex 12.8773 60 61.8045
    endloop
  endfacet
  facet normal -0.629371 1.12196e-18 0.777105
    outer loop
      vertex 12.8773 57 61.8045
      vertex 12.5275 60 61.5212
      vertex 12.5275 57 61.5212
    endloop
  endfacet
  facet normal -0.544559 -3.1284e-18 0.838723
    outer loop
      vertex 12.15 60 61.2761
      vertex 12.5275 57 61.5212
      vertex 12.5275 60 61.5212
    endloop
  endfacet
  facet normal -0.544559 -3.1284e-18 0.838723
    outer loop
      vertex 12.5275 57 61.5212
      vertex 12.15 60 61.2761
      vertex 12.15 57 61.2761
    endloop
  endfacet
  facet normal -0.707107 -2.37094e-18 0.707107
    outer loop
      vertex 12.8773 60 61.8045
      vertex 13.1955 57 62.1227
      vertex 13.1955 60 62.1227
    endloop
  endfacet
  facet normal -0.707107 -2.37094e-18 0.707107
    outer loop
      vertex 13.1955 57 62.1227
      vertex 12.8773 60 61.8045
      vertex 12.8773 57 61.8045
    endloop
  endfacet
  facet normal -0.93358 0 -0.358369
    outer loop
      vertex 14.0895 57 66.3288
      vertex 13.9282 60 66.749
      vertex 14.0895 60 66.3288
    endloop
  endfacet
  facet normal -0.93358 -0 -0.358369
    outer loop
      vertex 13.9282 60 66.749
      vertex 14.0895 57 66.3288
      vertex 13.9282 57 66.749
    endloop
  endfacet
  facet normal -0.15643 -1.00796e-18 0.987689
    outer loop
      vertex 10.4495 60 60.7236
      vertex 10.894 57 60.794
      vertex 10.894 60 60.794
    endloop
  endfacet
  facet normal -0.15643 -1.00796e-18 0.987689
    outer loop
      vertex 10.894 57 60.794
      vertex 10.4495 60 60.7236
      vertex 10.4495 57 60.7236
    endloop
  endfacet
  facet normal -0.987689 0 0.15643
    outer loop
      vertex 14.206 57 64.106
      vertex 14.2764 60 64.5505
      vertex 14.206 60 64.106
    endloop
  endfacet
  facet normal -0.987689 0 0.15643
    outer loop
      vertex 14.2764 60 64.5505
      vertex 14.206 57 64.106
      vertex 14.2764 57 64.5505
    endloop
  endfacet
  facet normal -0.358369 -3.91652e-18 0.93358
    outer loop
      vertex 11.3288 60 60.9105
      vertex 11.749 57 61.0718
      vertex 11.749 60 61.0718
    endloop
  endfacet
  facet normal -0.358369 -3.91652e-18 0.93358
    outer loop
      vertex 11.749 57 61.0718
      vertex 11.3288 60 60.9105
      vertex 11.3288 57 60.9105
    endloop
  endfacet
  facet normal 0.890988 0 -0.454026
    outer loop
      vertex 6.27609 57 67.15
      vertex 6.07175 60 66.749
      vertex 6.27609 60 67.15
    endloop
  endfacet
  facet normal 0.890988 0 -0.454026
    outer loop
      vertex 6.07175 60 66.749
      vertex 6.27609 57 67.15
      vertex 6.07175 57 66.749
    endloop
  endfacet
  facet normal -0.453956 -1.15991e-18 0.891024
    outer loop
      vertex 11.749 60 61.0718
      vertex 12.15 57 61.2761
      vertex 12.15 60 61.2761
    endloop
  endfacet
  facet normal -0.453956 -1.15991e-18 0.891024
    outer loop
      vertex 12.15 57 61.2761
      vertex 11.749 60 61.0718
      vertex 11.749 57 61.0718
    endloop
  endfacet
  facet normal -0.965928 0 0.25881
    outer loop
      vertex 14.0895 57 63.6712
      vertex 14.206 60 64.106
      vertex 14.0895 60 63.6712
    endloop
  endfacet
  facet normal -0.965928 0 0.25881
    outer loop
      vertex 14.206 60 64.106
      vertex 14.0895 57 63.6712
      vertex 14.206 57 64.106
    endloop
  endfacet
  facet normal 0.965928 0 -0.25881
    outer loop
      vertex 5.91046 57 66.3288
      vertex 5.79396 60 65.894
      vertex 5.91046 60 66.3288
    endloop
  endfacet
  facet normal 0.965928 0 -0.25881
    outer loop
      vertex 5.79396 60 65.894
      vertex 5.91046 57 66.3288
      vertex 5.79396 57 65.894
    endloop
  endfacet
  facet normal -0.838723 0 0.544559
    outer loop
      vertex 13.4788 57 62.4725
      vertex 13.7239 60 62.85
      vertex 13.4788 60 62.4725
    endloop
  endfacet
  facet normal -0.838723 0 0.544559
    outer loop
      vertex 13.7239 60 62.85
      vertex 13.4788 57 62.4725
      vertex 13.7239 57 62.85
    endloop
  endfacet
  facet normal 0.358369 2.82342e-19 0.93358
    outer loop
      vertex 8.25103 60 61.0718
      vertex 8.67123 57 60.9105
      vertex 8.67123 60 60.9105
    endloop
  endfacet
  facet normal 0.358369 2.82342e-19 0.93358
    outer loop
      vertex 8.67123 57 60.9105
      vertex 8.25103 60 61.0718
      vertex 8.25103 57 61.0718
    endloop
  endfacet
  facet normal 0.0524341 1.81881e-19 0.998624
    outer loop
      vertex 9.55053 60 60.7236
      vertex 10 57 60.7
      vertex 10 60 60.7
    endloop
  endfacet
  facet normal 0.0524341 1.81881e-19 0.998624
    outer loop
      vertex 10 57 60.7
      vertex 9.55053 60 60.7236
      vertex 9.55053 57 60.7236
    endloop
  endfacet
  facet normal 0.544579 1.93187e-18 -0.83871
    outer loop
      vertex 7.47252 57 68.4788
      vertex 7.85 60 68.7239
      vertex 7.85 57 68.7239
    endloop
  endfacet
  facet normal 0.544579 1.93187e-18 -0.83871
    outer loop
      vertex 7.85 60 68.7239
      vertex 7.47252 57 68.4788
      vertex 7.47252 60 68.4788
    endloop
  endfacet
  facet normal 0.453929 1.00599e-18 -0.891038
    outer loop
      vertex 7.85 57 68.7239
      vertex 8.25103 60 68.9282
      vertex 8.25103 57 68.9282
    endloop
  endfacet
  facet normal 0.453929 1.00599e-18 -0.891038
    outer loop
      vertex 8.25103 60 68.9282
      vertex 7.85 57 68.7239
      vertex 7.85 60 68.7239
    endloop
  endfacet
  facet normal 0.987689 -0 0.15643
    outer loop
      vertex 5.72356 57 64.5505
      vertex 5.79396 60 64.106
      vertex 5.72356 60 64.5505
    endloop
  endfacet
  facet normal 0.987689 0 0.15643
    outer loop
      vertex 5.79396 60 64.106
      vertex 5.72356 57 64.5505
      vertex 5.79396 57 64.106
    endloop
  endfacet
  facet normal 0.965928 -0 0.25881
    outer loop
      vertex 5.79396 57 64.106
      vertex 5.91046 60 63.6712
      vertex 5.79396 60 64.106
    endloop
  endfacet
  facet normal 0.965928 0 0.25881
    outer loop
      vertex 5.91046 60 63.6712
      vertex 5.79396 57 64.106
      vertex 5.91046 57 63.6712
    endloop
  endfacet
  facet normal 0.544579 -4.70452e-18 0.83871
    outer loop
      vertex 7.47252 60 61.5212
      vertex 7.85 57 61.2761
      vertex 7.85 60 61.2761
    endloop
  endfacet
  facet normal 0.544579 -4.70452e-18 0.83871
    outer loop
      vertex 7.85 57 61.2761
      vertex 7.47252 60 61.5212
      vertex 7.47252 57 61.5212
    endloop
  endfacet
  facet normal 0.156413 1.9034e-18 0.987692
    outer loop
      vertex 9.10598 60 60.794
      vertex 9.55053 57 60.7236
      vertex 9.55053 60 60.7236
    endloop
  endfacet
  facet normal 0.156413 1.9034e-18 0.987692
    outer loop
      vertex 9.55053 57 60.7236
      vertex 9.10598 60 60.794
      vertex 9.10598 57 60.794
    endloop
  endfacet
  facet normal 0.987689 0 -0.15643
    outer loop
      vertex 5.79396 57 65.894
      vertex 5.72356 60 65.4495
      vertex 5.79396 60 65.894
    endloop
  endfacet
  facet normal 0.987689 0 -0.15643
    outer loop
      vertex 5.72356 60 65.4495
      vertex 5.79396 57 65.894
      vertex 5.72356 57 65.4495
    endloop
  endfacet
  facet normal -0.891024 0 0.453956
    outer loop
      vertex 13.7239 57 62.85
      vertex 13.9282 60 63.251
      vertex 13.7239 60 62.85
    endloop
  endfacet
  facet normal -0.891024 0 0.453956
    outer loop
      vertex 13.9282 60 63.251
      vertex 13.7239 57 62.85
      vertex 13.9282 57 63.251
    endloop
  endfacet
  facet normal -0.25881 -4.71381e-19 -0.965928
    outer loop
      vertex 10.894 57 69.206
      vertex 11.3288 60 69.0895
      vertex 11.3288 57 69.0895
    endloop
  endfacet
  facet normal -0.25881 -4.71381e-19 -0.965928
    outer loop
      vertex 11.3288 60 69.0895
      vertex 10.894 57 69.206
      vertex 10.894 60 69.206
    endloop
  endfacet
  facet normal 0.838682 -0 0.544621
    outer loop
      vertex 6.27609 57 62.85
      vertex 6.52123 60 62.4725
      vertex 6.27609 60 62.85
    endloop
  endfacet
  facet normal 0.838682 0 0.544621
    outer loop
      vertex 6.52123 60 62.4725
      vertex 6.27609 57 62.85
      vertex 6.52123 57 62.4725
    endloop
  endfacet
  facet normal 0.998629 0 -0.0523419
    outer loop
      vertex 5.72356 57 65.4495
      vertex 5.7 60 65
      vertex 5.72356 60 65.4495
    endloop
  endfacet
  facet normal 0.998629 0 -0.0523419
    outer loop
      vertex 5.7 60 65
      vertex 5.72356 57 65.4495
      vertex 5.7 57 65
    endloop
  endfacet
  facet normal 0.998629 -0 0.0523419
    outer loop
      vertex 5.7 57 65
      vertex 5.72356 60 64.5505
      vertex 5.7 60 65
    endloop
  endfacet
  facet normal 0.998629 0 0.0523419
    outer loop
      vertex 5.72356 60 64.5505
      vertex 5.7 57 65
      vertex 5.72356 57 64.5505
    endloop
  endfacet
  facet normal 0.258838 1.54578e-20 0.965921
    outer loop
      vertex 8.67123 60 60.9105
      vertex 9.10598 57 60.794
      vertex 9.10598 60 60.794
    endloop
  endfacet
  facet normal 0.258838 1.54578e-20 0.965921
    outer loop
      vertex 9.10598 57 60.794
      vertex 8.67123 60 60.9105
      vertex 8.67123 57 60.9105
    endloop
  endfacet
  facet normal 0.453929 2.35869e-18 0.891038
    outer loop
      vertex 7.85 60 61.2761
      vertex 8.25103 57 61.0718
      vertex 8.25103 60 61.0718
    endloop
  endfacet
  facet normal 0.453929 2.35869e-18 0.891038
    outer loop
      vertex 8.25103 57 61.0718
      vertex 7.85 60 61.2761
      vertex 7.85 57 61.2761
    endloop
  endfacet
  facet normal -0.156259 -1.61194e-18 -0.987716
    outer loop
      vertex 160.449 0 64.2764
      vertex 160.894 3 64.206
      vertex 160.894 0 64.206
    endloop
  endfacet
  facet normal -0.156259 -1.61194e-18 -0.987716
    outer loop
      vertex 160.894 3 64.206
      vertex 160.449 0 64.2764
      vertex 160.449 3 64.2764
    endloop
  endfacet
  facet normal 0.358517 2.56374e-18 -0.933523
    outer loop
      vertex 158.251 0 63.9282
      vertex 158.671 3 64.0895
      vertex 158.671 0 64.0895
    endloop
  endfacet
  facet normal 0.358517 2.56374e-18 -0.933523
    outer loop
      vertex 158.671 3 64.0895
      vertex 158.251 0 63.9282
      vertex 158.251 3 63.9282
    endloop
  endfacet
  facet normal 0.258699 2.13007e-18 -0.965958
    outer loop
      vertex 158.671 0 64.0895
      vertex 159.106 3 64.206
      vertex 159.106 0 64.206
    endloop
  endfacet
  facet normal 0.258699 2.13007e-18 -0.965958
    outer loop
      vertex 159.106 3 64.206
      vertex 158.671 0 64.0895
      vertex 158.671 3 64.0895
    endloop
  endfacet
  facet normal 0.0524888 4.91479e-19 -0.998622
    outer loop
      vertex 159.551 0 64.2764
      vertex 160 3 64.3
      vertex 160 0 64.3
    endloop
  endfacet
  facet normal 0.0524888 4.91479e-19 -0.998622
    outer loop
      vertex 160 3 64.3
      vertex 159.551 0 64.2764
      vertex 159.551 3 64.2764
    endloop
  endfacet
  facet normal 0.933059 0 -0.359723
    outer loop
      vertex 156.072 0 61.749
      vertex 155.91 3 61.3288
      vertex 156.072 3 61.749
    endloop
  endfacet
  facet normal 0.933059 0 -0.359723
    outer loop
      vertex 155.91 3 61.3288
      vertex 156.072 0 61.749
      vertex 155.91 0 61.3288
    endloop
  endfacet
  facet normal -0.706218 4.46433e-18 -0.707994
    outer loop
      vertex 162.877 0 63.1955
      vertex 163.196 3 62.8773
      vertex 163.196 0 62.8773
    endloop
  endfacet
  facet normal -0.706218 4.46433e-18 -0.707994
    outer loop
      vertex 163.196 3 62.8773
      vertex 162.877 0 63.1955
      vertex 162.877 3 63.1955
    endloop
  endfacet
  facet normal -0.0524888 -4.91479e-19 -0.998622
    outer loop
      vertex 160 0 64.3
      vertex 160.449 3 64.2764
      vertex 160.449 0 64.2764
    endloop
  endfacet
  facet normal -0.0524888 -4.91479e-19 -0.998622
    outer loop
      vertex 160.449 3 64.2764
      vertex 160 0 64.3
      vertex 160 3 64.3
    endloop
  endfacet
  facet normal 0.629154 -4.24081e-19 -0.777281
    outer loop
      vertex 157.123 0 63.1955
      vertex 157.473 3 63.4788
      vertex 157.473 0 63.4788
    endloop
  endfacet
  facet normal 0.629154 -4.24081e-19 -0.777281
    outer loop
      vertex 157.473 3 63.4788
      vertex 157.123 0 63.1955
      vertex 157.123 3 63.1955
    endloop
  endfacet
  facet normal -0.891294 0 -0.453426
    outer loop
      vertex 163.928 0 61.749
      vertex 163.724 3 62.15
      vertex 163.928 3 61.749
    endloop
  endfacet
  facet normal -0.891294 -0 -0.453426
    outer loop
      vertex 163.724 3 62.15
      vertex 163.928 0 61.749
      vertex 163.724 0 62.15
    endloop
  endfacet
  facet normal 0.777431 0 -0.628968
    outer loop
      vertex 156.804 0 62.8773
      vertex 156.521 3 62.5275
      vertex 156.804 3 62.8773
    endloop
  endfacet
  facet normal 0.777431 0 -0.628968
    outer loop
      vertex 156.521 3 62.5275
      vertex 156.804 0 62.8773
      vertex 156.521 0 62.5275
    endloop
  endfacet
  facet normal -0.545067 -8.16539e-19 -0.838393
    outer loop
      vertex 162.15 0 63.7239
      vertex 162.527 3 63.4788
      vertex 162.527 0 63.4788
    endloop
  endfacet
  facet normal -0.545067 -8.16539e-19 -0.838393
    outer loop
      vertex 162.527 3 63.4788
      vertex 162.15 0 63.7239
      vertex 162.15 3 63.7239
    endloop
  endfacet
  facet normal 0.156259 1.61194e-18 -0.987716
    outer loop
      vertex 159.106 0 64.206
      vertex 159.551 3 64.2764
      vertex 159.551 0 64.2764
    endloop
  endfacet
  facet normal 0.156259 1.61194e-18 -0.987716
    outer loop
      vertex 159.551 3 64.2764
      vertex 159.106 0 64.206
      vertex 159.106 3 64.206
    endloop
  endfacet
  facet normal 0.706218 -4.46433e-18 -0.707994
    outer loop
      vertex 156.804 0 62.8773
      vertex 157.123 3 63.1955
      vertex 157.123 0 63.1955
    endloop
  endfacet
  facet normal 0.706218 -4.46433e-18 -0.707994
    outer loop
      vertex 157.123 3 63.1955
      vertex 156.804 0 62.8773
      vertex 156.804 3 62.8773
    endloop
  endfacet
  facet normal 0.838824 0 -0.544402
    outer loop
      vertex 156.521 0 62.5275
      vertex 156.276 3 62.15
      vertex 156.521 3 62.5275
    endloop
  endfacet
  facet normal 0.838824 0 -0.544402
    outer loop
      vertex 156.276 3 62.15
      vertex 156.521 0 62.5275
      vertex 156.276 0 62.15
    endloop
  endfacet
  facet normal -0.777431 0 -0.628968
    outer loop
      vertex 163.479 0 62.5275
      vertex 163.196 3 62.8773
      vertex 163.479 3 62.5275
    endloop
  endfacet
  facet normal -0.777431 -0 -0.628968
    outer loop
      vertex 163.196 3 62.8773
      vertex 163.479 0 62.5275
      vertex 163.196 0 62.8773
    endloop
  endfacet
  facet normal -0.453956 2.16313e-18 -0.891024
    outer loop
      vertex 161.749 0 63.9282
      vertex 162.15 3 63.7239
      vertex 162.15 0 63.7239
    endloop
  endfacet
  facet normal -0.453956 2.16313e-18 -0.891024
    outer loop
      vertex 162.15 3 63.7239
      vertex 161.749 0 63.9282
      vertex 161.749 3 63.9282
    endloop
  endfacet
  facet normal -0.358517 -2.56374e-18 -0.933523
    outer loop
      vertex 161.329 0 64.0895
      vertex 161.749 3 63.9282
      vertex 161.749 0 63.9282
    endloop
  endfacet
  facet normal -0.358517 -2.56374e-18 -0.933523
    outer loop
      vertex 161.749 3 63.9282
      vertex 161.329 0 64.0895
      vertex 161.329 3 64.0895
    endloop
  endfacet
  facet normal -0.629154 4.24081e-19 -0.777281
    outer loop
      vertex 162.527 0 63.4788
      vertex 162.877 3 63.1955
      vertex 162.877 0 63.1955
    endloop
  endfacet
  facet normal -0.629154 4.24081e-19 -0.777281
    outer loop
      vertex 162.877 3 63.1955
      vertex 162.527 0 63.4788
      vertex 162.527 3 63.4788
    endloop
  endfacet
  facet normal -0.838824 0 -0.544402
    outer loop
      vertex 163.724 0 62.15
      vertex 163.479 3 62.5275
      vertex 163.724 3 62.15
    endloop
  endfacet
  facet normal -0.838824 -0 -0.544402
    outer loop
      vertex 163.479 3 62.5275
      vertex 163.724 0 62.15
      vertex 163.479 0 62.5275
    endloop
  endfacet
  facet normal -0.933059 0 -0.359723
    outer loop
      vertex 164.09 0 61.3288
      vertex 163.928 3 61.749
      vertex 164.09 3 61.3288
    endloop
  endfacet
  facet normal -0.933059 -0 -0.359723
    outer loop
      vertex 163.928 3 61.749
      vertex 164.09 0 61.3288
      vertex 163.928 0 61.749
    endloop
  endfacet
  facet normal 0.545067 8.16539e-19 -0.838393
    outer loop
      vertex 157.473 0 63.4788
      vertex 157.85 3 63.7239
      vertex 157.85 0 63.7239
    endloop
  endfacet
  facet normal 0.545067 8.16539e-19 -0.838393
    outer loop
      vertex 157.85 3 63.7239
      vertex 157.473 0 63.4788
      vertex 157.473 3 63.4788
    endloop
  endfacet
  facet normal 0.453956 -2.16313e-18 -0.891024
    outer loop
      vertex 157.85 0 63.7239
      vertex 158.251 3 63.9282
      vertex 158.251 0 63.9282
    endloop
  endfacet
  facet normal 0.453956 -2.16313e-18 -0.891024
    outer loop
      vertex 158.251 3 63.9282
      vertex 157.85 0 63.7239
      vertex 157.85 3 63.7239
    endloop
  endfacet
  facet normal 0.891294 0 -0.453426
    outer loop
      vertex 156.276 0 62.15
      vertex 156.072 3 61.749
      vertex 156.276 3 62.15
    endloop
  endfacet
  facet normal 0.891294 0 -0.453426
    outer loop
      vertex 156.072 3 61.749
      vertex 156.276 0 62.15
      vertex 156.072 0 61.749
    endloop
  endfacet
  facet normal -0.258699 -2.13007e-18 -0.965958
    outer loop
      vertex 160.894 0 64.206
      vertex 161.329 3 64.0895
      vertex 161.329 0 64.0895
    endloop
  endfacet
  facet normal -0.258699 -2.13007e-18 -0.965958
    outer loop
      vertex 161.329 3 64.0895
      vertex 160.894 0 64.206
      vertex 160.894 3 64.206
    endloop
  endfacet
  facet normal -0.987826 0 -0.155563
    outer loop
      vertex 164.276 57 60.4495
      vertex 164.206 60 60.894
      vertex 164.276 60 60.4495
    endloop
  endfacet
  facet normal -0.987826 -0 -0.155563
    outer loop
      vertex 164.206 60 60.894
      vertex 164.276 57 60.4495
      vertex 164.206 57 60.894
    endloop
  endfacet
  facet normal -0.998578 0 -0.0533167
    outer loop
      vertex 164.3 57 60
      vertex 164.276 60 60.4495
      vertex 164.3 60 60
    endloop
  endfacet
  facet normal -0.998578 -0 -0.0533167
    outer loop
      vertex 164.276 60 60.4495
      vertex 164.3 57 60
      vertex 164.276 57 60.4495
    endloop
  endfacet
  facet normal -0.933059 0 0.359723
    outer loop
      vertex 163.928 57 58.251
      vertex 164.09 60 58.6712
      vertex 163.928 60 58.251
    endloop
  endfacet
  facet normal -0.933059 0 0.359723
    outer loop
      vertex 164.09 60 58.6712
      vertex 163.928 57 58.251
      vertex 164.09 57 58.6712
    endloop
  endfacet
  facet normal -0.156259 -1.61194e-18 -0.987716
    outer loop
      vertex 160.449 57 64.2764
      vertex 160.894 60 64.206
      vertex 160.894 57 64.206
    endloop
  endfacet
  facet normal -0.156259 -1.61194e-18 -0.987716
    outer loop
      vertex 160.894 60 64.206
      vertex 160.449 57 64.2764
      vertex 160.449 60 64.2764
    endloop
  endfacet
  facet normal 0.358517 2.56374e-18 -0.933523
    outer loop
      vertex 158.251 57 63.9282
      vertex 158.671 60 64.0895
      vertex 158.671 57 64.0895
    endloop
  endfacet
  facet normal 0.358517 2.56374e-18 -0.933523
    outer loop
      vertex 158.671 60 64.0895
      vertex 158.251 57 63.9282
      vertex 158.251 60 63.9282
    endloop
  endfacet
  facet normal 0.258699 2.13007e-18 -0.965958
    outer loop
      vertex 158.671 57 64.0895
      vertex 159.106 60 64.206
      vertex 159.106 57 64.206
    endloop
  endfacet
  facet normal 0.258699 2.13007e-18 -0.965958
    outer loop
      vertex 159.106 60 64.206
      vertex 158.671 57 64.0895
      vertex 158.671 60 64.0895
    endloop
  endfacet
  facet normal 0.0524888 4.91479e-19 -0.998622
    outer loop
      vertex 159.551 57 64.2764
      vertex 160 60 64.3
      vertex 160 57 64.3
    endloop
  endfacet
  facet normal 0.0524888 4.91479e-19 -0.998622
    outer loop
      vertex 160 60 64.3
      vertex 159.551 57 64.2764
      vertex 159.551 60 64.2764
    endloop
  endfacet
  facet normal 0.933059 0 -0.359723
    outer loop
      vertex 156.072 57 61.749
      vertex 155.91 60 61.3288
      vertex 156.072 60 61.749
    endloop
  endfacet
  facet normal 0.933059 0 -0.359723
    outer loop
      vertex 155.91 60 61.3288
      vertex 156.072 57 61.749
      vertex 155.91 57 61.3288
    endloop
  endfacet
  facet normal -0.0524888 3.57728e-19 0.998622
    outer loop
      vertex 160 60 55.7
      vertex 160.449 57 55.7236
      vertex 160.449 60 55.7236
    endloop
  endfacet
  facet normal -0.0524888 3.57728e-19 0.998622
    outer loop
      vertex 160.449 57 55.7236
      vertex 160 60 55.7
      vertex 160 57 55.7
    endloop
  endfacet
  facet normal -0.966205 0 -0.257773
    outer loop
      vertex 164.206 57 60.894
      vertex 164.09 60 61.3288
      vertex 164.206 60 60.894
    endloop
  endfacet
  facet normal -0.966205 -0 -0.257773
    outer loop
      vertex 164.09 60 61.3288
      vertex 164.206 57 60.894
      vertex 164.09 57 61.3288
    endloop
  endfacet
  facet normal -0.706218 4.46433e-18 -0.707994
    outer loop
      vertex 162.877 57 63.1955
      vertex 163.196 60 62.8773
      vertex 163.196 57 62.8773
    endloop
  endfacet
  facet normal -0.706218 4.46433e-18 -0.707994
    outer loop
      vertex 163.196 60 62.8773
      vertex 162.877 57 63.1955
      vertex 162.877 60 63.1955
    endloop
  endfacet
  facet normal -0.0524888 -4.91479e-19 -0.998622
    outer loop
      vertex 160 57 64.3
      vertex 160.449 60 64.2764
      vertex 160.449 57 64.2764
    endloop
  endfacet
  facet normal -0.0524888 -4.91479e-19 -0.998622
    outer loop
      vertex 160.449 60 64.2764
      vertex 160 57 64.3
      vertex 160 60 64.3
    endloop
  endfacet
  facet normal 0.629154 -4.24081e-19 -0.777281
    outer loop
      vertex 157.123 57 63.1955
      vertex 157.473 60 63.4788
      vertex 157.473 57 63.4788
    endloop
  endfacet
  facet normal 0.629154 -4.24081e-19 -0.777281
    outer loop
      vertex 157.473 60 63.4788
      vertex 157.123 57 63.1955
      vertex 157.123 60 63.1955
    endloop
  endfacet
  facet normal 0.933059 -0 0.359723
    outer loop
      vertex 155.91 57 58.6712
      vertex 156.072 60 58.251
      vertex 155.91 60 58.6712
    endloop
  endfacet
  facet normal 0.933059 0 0.359723
    outer loop
      vertex 156.072 60 58.251
      vertex 155.91 57 58.6712
      vertex 156.072 57 58.251
    endloop
  endfacet
  facet normal 0.891294 -0 0.453426
    outer loop
      vertex 156.072 57 58.251
      vertex 156.276 60 57.85
      vertex 156.072 60 58.251
    endloop
  endfacet
  facet normal 0.891294 0 0.453426
    outer loop
      vertex 156.276 60 57.85
      vertex 156.072 57 58.251
      vertex 156.276 57 57.85
    endloop
  endfacet
  facet normal -0.891294 0 -0.453426
    outer loop
      vertex 163.928 57 61.749
      vertex 163.724 60 62.15
      vertex 163.928 60 61.749
    endloop
  endfacet
  facet normal -0.891294 -0 -0.453426
    outer loop
      vertex 163.724 60 62.15
      vertex 163.928 57 61.749
      vertex 163.724 57 62.15
    endloop
  endfacet
  facet normal 0.777431 0 -0.628968
    outer loop
      vertex 156.804 57 62.8773
      vertex 156.521 60 62.5275
      vertex 156.804 60 62.8773
    endloop
  endfacet
  facet normal 0.777431 0 -0.628968
    outer loop
      vertex 156.521 60 62.5275
      vertex 156.804 57 62.8773
      vertex 156.521 57 62.5275
    endloop
  endfacet
  facet normal 0.706218 4.46433e-18 0.707994
    outer loop
      vertex 156.804 60 57.1227
      vertex 157.123 57 56.8045
      vertex 157.123 60 56.8045
    endloop
  endfacet
  facet normal 0.706218 4.46433e-18 0.707994
    outer loop
      vertex 157.123 57 56.8045
      vertex 156.804 60 57.1227
      vertex 156.804 57 57.1227
    endloop
  endfacet
  facet normal -0.545067 -8.16539e-19 -0.838393
    outer loop
      vertex 162.15 57 63.7239
      vertex 162.527 60 63.4788
      vertex 162.527 57 63.4788
    endloop
  endfacet
  facet normal -0.545067 -8.16539e-19 -0.838393
    outer loop
      vertex 162.527 60 63.4788
      vertex 162.15 57 63.7239
      vertex 162.15 60 63.7239
    endloop
  endfacet
  facet normal 0.156259 1.61194e-18 -0.987716
    outer loop
      vertex 159.106 57 64.206
      vertex 159.551 60 64.2764
      vertex 159.551 57 64.2764
    endloop
  endfacet
  facet normal 0.156259 1.61194e-18 -0.987716
    outer loop
      vertex 159.551 60 64.2764
      vertex 159.106 57 64.206
      vertex 159.106 60 64.206
    endloop
  endfacet
  facet normal 0.706218 -4.46433e-18 -0.707994
    outer loop
      vertex 156.804 57 62.8773
      vertex 157.123 60 63.1955
      vertex 157.123 57 63.1955
    endloop
  endfacet
  facet normal 0.706218 -4.46433e-18 -0.707994
    outer loop
      vertex 157.123 60 63.1955
      vertex 156.804 57 62.8773
      vertex 156.804 60 62.8773
    endloop
  endfacet
  facet normal 0.838824 0 -0.544402
    outer loop
      vertex 156.521 57 62.5275
      vertex 156.276 60 62.15
      vertex 156.521 60 62.5275
    endloop
  endfacet
  facet normal 0.838824 0 -0.544402
    outer loop
      vertex 156.276 60 62.15
      vertex 156.521 57 62.5275
      vertex 156.276 57 62.15
    endloop
  endfacet
  facet normal -0.777431 0 0.628968
    outer loop
      vertex 163.196 57 57.1227
      vertex 163.479 60 57.4725
      vertex 163.196 60 57.1227
    endloop
  endfacet
  facet normal -0.777431 0 0.628968
    outer loop
      vertex 163.479 60 57.4725
      vertex 163.196 57 57.1227
      vertex 163.479 57 57.4725
    endloop
  endfacet
  facet normal -0.777431 0 -0.628968
    outer loop
      vertex 163.479 57 62.5275
      vertex 163.196 60 62.8773
      vertex 163.479 60 62.5275
    endloop
  endfacet
  facet normal -0.777431 -0 -0.628968
    outer loop
      vertex 163.196 60 62.8773
      vertex 163.479 57 62.5275
      vertex 163.196 57 62.8773
    endloop
  endfacet
  facet normal 0.777431 -0 0.628968
    outer loop
      vertex 156.521 57 57.4725
      vertex 156.804 60 57.1227
      vertex 156.521 60 57.4725
    endloop
  endfacet
  facet normal 0.777431 0 0.628968
    outer loop
      vertex 156.804 60 57.1227
      vertex 156.521 57 57.4725
      vertex 156.804 57 57.1227
    endloop
  endfacet
  facet normal -0.258699 2.13007e-18 0.965958
    outer loop
      vertex 160.894 60 55.794
      vertex 161.329 57 55.9105
      vertex 161.329 60 55.9105
    endloop
  endfacet
  facet normal -0.258699 2.13007e-18 0.965958
    outer loop
      vertex 161.329 57 55.9105
      vertex 160.894 60 55.794
      vertex 160.894 57 55.794
    endloop
  endfacet
  facet normal -0.453956 2.16313e-18 -0.891024
    outer loop
      vertex 161.749 57 63.9282
      vertex 162.15 60 63.7239
      vertex 162.15 57 63.7239
    endloop
  endfacet
  facet normal -0.453956 2.16313e-18 -0.891024
    outer loop
      vertex 162.15 60 63.7239
      vertex 161.749 57 63.9282
      vertex 161.749 60 63.9282
    endloop
  endfacet
  facet normal -0.358517 -2.56374e-18 -0.933523
    outer loop
      vertex 161.329 57 64.0895
      vertex 161.749 60 63.9282
      vertex 161.749 57 63.9282
    endloop
  endfacet
  facet normal -0.358517 -2.56374e-18 -0.933523
    outer loop
      vertex 161.749 60 63.9282
      vertex 161.329 57 64.0895
      vertex 161.329 60 64.0895
    endloop
  endfacet
  facet normal 0.629154 4.24081e-19 0.777281
    outer loop
      vertex 157.123 60 56.8045
      vertex 157.473 57 56.5212
      vertex 157.473 60 56.5212
    endloop
  endfacet
  facet normal 0.629154 4.24081e-19 0.777281
    outer loop
      vertex 157.473 57 56.5212
      vertex 157.123 60 56.8045
      vertex 157.123 57 56.8045
    endloop
  endfacet
  facet normal -0.629154 4.24081e-19 -0.777281
    outer loop
      vertex 162.527 57 63.4788
      vertex 162.877 60 63.1955
      vertex 162.877 57 63.1955
    endloop
  endfacet
  facet normal -0.629154 4.24081e-19 -0.777281
    outer loop
      vertex 162.877 60 63.1955
      vertex 162.527 57 63.4788
      vertex 162.527 60 63.4788
    endloop
  endfacet
  facet normal -0.838824 0 -0.544402
    outer loop
      vertex 163.724 57 62.15
      vertex 163.479 60 62.5275
      vertex 163.724 60 62.15
    endloop
  endfacet
  facet normal -0.838824 -0 -0.544402
    outer loop
      vertex 163.479 60 62.5275
      vertex 163.724 57 62.15
      vertex 163.479 57 62.5275
    endloop
  endfacet
  facet normal -0.998578 0 0.0533167
    outer loop
      vertex 164.276 57 59.5505
      vertex 164.3 60 60
      vertex 164.276 60 59.5505
    endloop
  endfacet
  facet normal -0.998578 0 0.0533167
    outer loop
      vertex 164.3 60 60
      vertex 164.276 57 59.5505
      vertex 164.3 57 60
    endloop
  endfacet
  facet normal -0.629154 -4.24081e-19 0.777281
    outer loop
      vertex 162.527 60 56.5212
      vertex 162.877 57 56.8045
      vertex 162.877 60 56.8045
    endloop
  endfacet
  facet normal -0.629154 -4.24081e-19 0.777281
    outer loop
      vertex 162.877 57 56.8045
      vertex 162.527 60 56.5212
      vertex 162.527 57 56.5212
    endloop
  endfacet
  facet normal -0.545067 8.16539e-19 0.838393
    outer loop
      vertex 162.15 60 56.2761
      vertex 162.527 57 56.5212
      vertex 162.527 60 56.5212
    endloop
  endfacet
  facet normal -0.545067 8.16539e-19 0.838393
    outer loop
      vertex 162.527 57 56.5212
      vertex 162.15 60 56.2761
      vertex 162.15 57 56.2761
    endloop
  endfacet
  facet normal -0.706218 -4.46433e-18 0.707994
    outer loop
      vertex 162.877 60 56.8045
      vertex 163.196 57 57.1227
      vertex 163.196 60 57.1227
    endloop
  endfacet
  facet normal -0.706218 -4.46433e-18 0.707994
    outer loop
      vertex 163.196 57 57.1227
      vertex 162.877 60 56.8045
      vertex 162.877 57 56.8045
    endloop
  endfacet
  facet normal -0.933059 0 -0.359723
    outer loop
      vertex 164.09 57 61.3288
      vertex 163.928 60 61.749
      vertex 164.09 60 61.3288
    endloop
  endfacet
  facet normal -0.933059 -0 -0.359723
    outer loop
      vertex 163.928 60 61.749
      vertex 164.09 57 61.3288
      vertex 163.928 57 61.749
    endloop
  endfacet
  facet normal -0.156259 -3.08851e-20 0.987716
    outer loop
      vertex 160.449 60 55.7236
      vertex 160.894 57 55.794
      vertex 160.894 60 55.794
    endloop
  endfacet
  facet normal -0.156259 -3.08851e-20 0.987716
    outer loop
      vertex 160.894 57 55.794
      vertex 160.449 60 55.7236
      vertex 160.449 57 55.7236
    endloop
  endfacet
  facet normal -0.987826 0 0.155563
    outer loop
      vertex 164.206 57 59.106
      vertex 164.276 60 59.5505
      vertex 164.206 60 59.106
    endloop
  endfacet
  facet normal -0.987826 0 0.155563
    outer loop
      vertex 164.276 60 59.5505
      vertex 164.206 57 59.106
      vertex 164.276 57 59.5505
    endloop
  endfacet
  facet normal -0.453956 -2.16313e-18 0.891024
    outer loop
      vertex 161.749 60 56.0718
      vertex 162.15 57 56.2761
      vertex 162.15 60 56.2761
    endloop
  endfacet
  facet normal -0.453956 -2.16313e-18 0.891024
    outer loop
      vertex 162.15 57 56.2761
      vertex 161.749 60 56.0718
      vertex 161.749 57 56.0718
    endloop
  endfacet
  facet normal -0.966205 0 0.257773
    outer loop
      vertex 164.09 57 58.6712
      vertex 164.206 60 59.106
      vertex 164.09 60 58.6712
    endloop
  endfacet
  facet normal -0.966205 0 0.257773
    outer loop
      vertex 164.206 60 59.106
      vertex 164.09 57 58.6712
      vertex 164.206 57 59.106
    endloop
  endfacet
  facet normal 0.966205 0 -0.257773
    outer loop
      vertex 155.91 57 61.3288
      vertex 155.794 60 60.894
      vertex 155.91 60 61.3288
    endloop
  endfacet
  facet normal 0.966205 0 -0.257773
    outer loop
      vertex 155.794 60 60.894
      vertex 155.91 57 61.3288
      vertex 155.794 57 60.894
    endloop
  endfacet
  facet normal -0.838824 0 0.544402
    outer loop
      vertex 163.479 57 57.4725
      vertex 163.724 60 57.85
      vertex 163.479 60 57.4725
    endloop
  endfacet
  facet normal -0.838824 0 0.544402
    outer loop
      vertex 163.724 60 57.85
      vertex 163.479 57 57.4725
      vertex 163.724 57 57.85
    endloop
  endfacet
  facet normal 0.358517 -2.56374e-18 0.933523
    outer loop
      vertex 158.251 60 56.0718
      vertex 158.671 57 55.9105
      vertex 158.671 60 55.9105
    endloop
  endfacet
  facet normal 0.358517 -2.56374e-18 0.933523
    outer loop
      vertex 158.671 57 55.9105
      vertex 158.251 60 56.0718
      vertex 158.251 57 56.0718
    endloop
  endfacet
  facet normal 0.0524888 -3.57728e-19 0.998622
    outer loop
      vertex 159.551 60 55.7236
      vertex 160 57 55.7
      vertex 160 60 55.7
    endloop
  endfacet
  facet normal 0.0524888 -3.57728e-19 0.998622
    outer loop
      vertex 160 57 55.7
      vertex 159.551 60 55.7236
      vertex 159.551 57 55.7236
    endloop
  endfacet
  facet normal 0.545067 8.16539e-19 -0.838393
    outer loop
      vertex 157.473 57 63.4788
      vertex 157.85 60 63.7239
      vertex 157.85 57 63.7239
    endloop
  endfacet
  facet normal 0.545067 8.16539e-19 -0.838393
    outer loop
      vertex 157.85 60 63.7239
      vertex 157.473 57 63.4788
      vertex 157.473 60 63.4788
    endloop
  endfacet
  facet normal 0.453956 -2.16313e-18 -0.891024
    outer loop
      vertex 157.85 57 63.7239
      vertex 158.251 60 63.9282
      vertex 158.251 57 63.9282
    endloop
  endfacet
  facet normal 0.453956 -2.16313e-18 -0.891024
    outer loop
      vertex 158.251 60 63.9282
      vertex 157.85 57 63.7239
      vertex 157.85 60 63.7239
    endloop
  endfacet
  facet normal -0.358517 2.56374e-18 0.933523
    outer loop
      vertex 161.329 60 55.9105
      vertex 161.749 57 56.0718
      vertex 161.749 60 56.0718
    endloop
  endfacet
  facet normal -0.358517 2.56374e-18 0.933523
    outer loop
      vertex 161.749 57 56.0718
      vertex 161.329 60 55.9105
      vertex 161.329 57 55.9105
    endloop
  endfacet
  facet normal 0.987826 -0 0.155563
    outer loop
      vertex 155.724 57 59.5505
      vertex 155.794 60 59.106
      vertex 155.724 60 59.5505
    endloop
  endfacet
  facet normal 0.987826 0 0.155563
    outer loop
      vertex 155.794 60 59.106
      vertex 155.724 57 59.5505
      vertex 155.794 57 59.106
    endloop
  endfacet
  facet normal 0.966205 -0 0.257773
    outer loop
      vertex 155.794 57 59.106
      vertex 155.91 60 58.6712
      vertex 155.794 60 59.106
    endloop
  endfacet
  facet normal 0.966205 0 0.257773
    outer loop
      vertex 155.91 60 58.6712
      vertex 155.794 57 59.106
      vertex 155.91 57 58.6712
    endloop
  endfacet
  facet normal 0.545067 -8.16539e-19 0.838393
    outer loop
      vertex 157.473 60 56.5212
      vertex 157.85 57 56.2761
      vertex 157.85 60 56.2761
    endloop
  endfacet
  facet normal 0.545067 -8.16539e-19 0.838393
    outer loop
      vertex 157.85 57 56.2761
      vertex 157.473 60 56.5212
      vertex 157.473 57 56.5212
    endloop
  endfacet
  facet normal 0.156259 3.08851e-20 0.987716
    outer loop
      vertex 159.106 60 55.794
      vertex 159.551 57 55.7236
      vertex 159.551 60 55.7236
    endloop
  endfacet
  facet normal 0.156259 3.08851e-20 0.987716
    outer loop
      vertex 159.551 57 55.7236
      vertex 159.106 60 55.794
      vertex 159.106 57 55.794
    endloop
  endfacet
  facet normal 0.891294 0 -0.453426
    outer loop
      vertex 156.276 57 62.15
      vertex 156.072 60 61.749
      vertex 156.276 60 62.15
    endloop
  endfacet
  facet normal 0.891294 0 -0.453426
    outer loop
      vertex 156.072 60 61.749
      vertex 156.276 57 62.15
      vertex 156.072 57 61.749
    endloop
  endfacet
  facet normal 0.987826 0 -0.155563
    outer loop
      vertex 155.794 57 60.894
      vertex 155.724 60 60.4495
      vertex 155.794 60 60.894
    endloop
  endfacet
  facet normal 0.987826 0 -0.155563
    outer loop
      vertex 155.724 60 60.4495
      vertex 155.794 57 60.894
      vertex 155.724 57 60.4495
    endloop
  endfacet
  facet normal -0.891294 0 0.453426
    outer loop
      vertex 163.724 57 57.85
      vertex 163.928 60 58.251
      vertex 163.724 60 57.85
    endloop
  endfacet
  facet normal -0.891294 0 0.453426
    outer loop
      vertex 163.928 60 58.251
      vertex 163.724 57 57.85
      vertex 163.928 57 58.251
    endloop
  endfacet
  facet normal -0.258699 -2.13007e-18 -0.965958
    outer loop
      vertex 160.894 57 64.206
      vertex 161.329 60 64.0895
      vertex 161.329 57 64.0895
    endloop
  endfacet
  facet normal -0.258699 -2.13007e-18 -0.965958
    outer loop
      vertex 161.329 60 64.0895
      vertex 160.894 57 64.206
      vertex 160.894 60 64.206
    endloop
  endfacet
  facet normal 0.838824 -0 0.544402
    outer loop
      vertex 156.276 57 57.85
      vertex 156.521 60 57.4725
      vertex 156.276 60 57.85
    endloop
  endfacet
  facet normal 0.838824 0 0.544402
    outer loop
      vertex 156.521 60 57.4725
      vertex 156.276 57 57.85
      vertex 156.521 57 57.4725
    endloop
  endfacet
  facet normal 0.998578 0 -0.0533167
    outer loop
      vertex 155.724 57 60.4495
      vertex 155.7 60 60
      vertex 155.724 60 60.4495
    endloop
  endfacet
  facet normal 0.998578 0 -0.0533167
    outer loop
      vertex 155.7 60 60
      vertex 155.724 57 60.4495
      vertex 155.7 57 60
    endloop
  endfacet
  facet normal 0.998578 -0 0.0533167
    outer loop
      vertex 155.7 57 60
      vertex 155.724 60 59.5505
      vertex 155.7 60 60
    endloop
  endfacet
  facet normal 0.998578 0 0.0533167
    outer loop
      vertex 155.724 60 59.5505
      vertex 155.7 57 60
      vertex 155.724 57 59.5505
    endloop
  endfacet
  facet normal 0.258699 -2.13007e-18 0.965958
    outer loop
      vertex 158.671 60 55.9105
      vertex 159.106 57 55.794
      vertex 159.106 60 55.794
    endloop
  endfacet
  facet normal 0.258699 -2.13007e-18 0.965958
    outer loop
      vertex 159.106 57 55.794
      vertex 158.671 60 55.9105
      vertex 158.671 57 55.9105
    endloop
  endfacet
  facet normal 0.453956 2.16313e-18 0.891024
    outer loop
      vertex 157.85 60 56.2761
      vertex 158.251 57 56.0718
      vertex 158.251 60 56.0718
    endloop
  endfacet
  facet normal 0.453956 2.16313e-18 0.891024
    outer loop
      vertex 158.251 57 56.0718
      vertex 157.85 60 56.2761
      vertex 157.85 57 56.2761
    endloop
  endfacet
  facet normal -0 0 1
    outer loop
      vertex 97.5174 3 55.7
      vertex 102.483 0 55.7
      vertex 102.483 3 55.7
    endloop
  endfacet
  facet normal 0 0 1
    outer loop
      vertex 102.483 0 55.7
      vertex 97.5174 3 55.7
      vertex 97.5174 0 55.7
    endloop
  endfacet
  facet normal 0 0 -1
    outer loop
      vertex 97.5174 0 64.3
      vertex 102.483 3 64.3
      vertex 102.483 0 64.3
    endloop
  endfacet
  facet normal -0 0 -1
    outer loop
      vertex 102.483 3 64.3
      vertex 97.5174 0 64.3
      vertex 97.5174 3 64.3
    endloop
  endfacet
  facet normal -0.866078 0 -0.499908
    outer loop
      vertex 104.965 0 60
      vertex 102.483 3 64.3
      vertex 104.965 3 60
    endloop
  endfacet
  facet normal -0.866078 -0 -0.499908
    outer loop
      vertex 102.483 3 64.3
      vertex 104.965 0 60
      vertex 102.483 0 64.3
    endloop
  endfacet
  facet normal 0.866026 0 -0.499999
    outer loop
      vertex 97.5174 0 64.3
      vertex 95.0348 3 60
      vertex 97.5174 3 64.3
    endloop
  endfacet
  facet normal 0.866026 0 -0.499999
    outer loop
      vertex 95.0348 3 60
      vertex 97.5174 0 64.3
      vertex 95.0348 0 60
    endloop
  endfacet
  facet normal -0.866078 0 0.499908
    outer loop
      vertex 102.483 0 55.7
      vertex 104.965 3 60
      vertex 102.483 3 55.7
    endloop
  endfacet
  facet normal -0.866078 0 0.499908
    outer loop
      vertex 104.965 3 60
      vertex 102.483 0 55.7
      vertex 104.965 0 60
    endloop
  endfacet
  facet normal 0.866026 -0 0.499999
    outer loop
      vertex 95.0348 0 60
      vertex 97.5174 3 55.7
      vertex 95.0348 3 60
    endloop
  endfacet
  facet normal 0.866026 0 0.499999
    outer loop
      vertex 97.5174 3 55.7
      vertex 95.0348 0 60
      vertex 97.5174 0 55.7
    endloop
  endfacet
  facet normal -0 0 1
    outer loop
      vertex 97.5174 60 55.7
      vertex 102.483 57 55.7
      vertex 102.483 60 55.7
    endloop
  endfacet
  facet normal 0 0 1
    outer loop
      vertex 102.483 57 55.7
      vertex 97.5174 60 55.7
      vertex 97.5174 57 55.7
    endloop
  endfacet
  facet normal 0 0 -1
    outer loop
      vertex 97.5174 57 64.3
      vertex 102.483 60 64.3
      vertex 102.483 57 64.3
    endloop
  endfacet
  facet normal -0 0 -1
    outer loop
      vertex 102.483 60 64.3
      vertex 97.5174 57 64.3
      vertex 97.5174 60 64.3
    endloop
  endfacet
  facet normal -0.866078 0 -0.499908
    outer loop
      vertex 104.965 57 60
      vertex 102.483 60 64.3
      vertex 104.965 60 60
    endloop
  endfacet
  facet normal -0.866078 -0 -0.499908
    outer loop
      vertex 102.483 60 64.3
      vertex 104.965 57 60
      vertex 102.483 57 64.3
    endloop
  endfacet
  facet normal 0.866026 0 -0.499999
    outer loop
      vertex 97.5174 57 64.3
      vertex 95.0348 60 60
      vertex 97.5174 60 64.3
    endloop
  endfacet
  facet normal 0.866026 0 -0.499999
    outer loop
      vertex 95.0348 60 60
      vertex 97.5174 57 64.3
      vertex 95.0348 57 60
    endloop
  endfacet
  facet normal -0.866078 0 0.499908
    outer loop
      vertex 102.483 57 55.7
      vertex 104.965 60 60
      vertex 102.483 60 55.7
    endloop
  endfacet
  facet normal -0.866078 0 0.499908
    outer loop
      vertex 104.965 60 60
      vertex 102.483 57 55.7
      vertex 104.965 57 60
    endloop
  endfacet
  facet normal 0.866026 -0 0.499999
    outer loop
      vertex 95.0348 57 60
      vertex 97.5174 60 55.7
      vertex 95.0348 60 60
    endloop
  endfacet
  facet normal 0.866026 0 0.499999
    outer loop
      vertex 97.5174 60 55.7
      vertex 95.0348 57 60
      vertex 97.5174 57 55.7
    endloop
  endfacet
  facet normal -0.988074 -0.15398 2.88701e-19
    outer loop
      vertex 133.79 6.18815 2.5
      vertex 133.761 6.37424 4
      vertex 133.761 6.37424 2.5
    endloop
  endfacet
  facet normal -0.988074 -0.15398 2.88701e-19
    outer loop
      vertex 133.761 6.37424 4
      vertex 133.79 6.18815 2.5
      vertex 133.79 6.18815 4
    endloop
  endfacet
  facet normal -0.998591 -0.0530742 -1.06064e-20
    outer loop
      vertex 133.8 6 2.5
      vertex 133.79 6.18815 4
      vertex 133.79 6.18815 2.5
    endloop
  endfacet
  facet normal -0.998591 -0.0530742 -1.06064e-20
    outer loop
      vertex 133.79 6.18815 4
      vertex 133.8 6 2.5
      vertex 133.8 6 4
    endloop
  endfacet
  facet normal -0.965612 -0.259987 -1.17817e-18
    outer loop
      vertex 133.761 6.37424 2.5
      vertex 133.712 6.55623 4
      vertex 133.712 6.55623 2.5
    endloop
  endfacet
  facet normal -0.965612 -0.259987 -1.17817e-18
    outer loop
      vertex 133.712 6.55623 4
      vertex 133.761 6.37424 2.5
      vertex 133.761 6.37424 4
    endloop
  endfacet
  facet normal 0.892152 0.451736 2.78432e-18
    outer loop
      vertex 130.441 5.1 4
      vertex 130.356 5.26787 2.5
      vertex 130.356 5.26787 4
    endloop
  endfacet
  facet normal 0.892152 0.451736 2.78432e-18
    outer loop
      vertex 130.356 5.26787 2.5
      vertex 130.441 5.1 4
      vertex 130.441 5.1 2.5
    endloop
  endfacet
  facet normal 0.932729 0.360578 -2.8904e-18
    outer loop
      vertex 130.356 5.26787 4
      vertex 130.288 5.44377 2.5
      vertex 130.288 5.44377 4
    endloop
  endfacet
  facet normal 0.932729 0.360578 -2.8904e-18
    outer loop
      vertex 130.288 5.44377 2.5
      vertex 130.356 5.26787 4
      vertex 130.356 5.26787 2.5
    endloop
  endfacet
  facet normal -0.453695 -0.891157 0
    outer loop
      vertex 132.732 7.64438 2.5
      vertex 132.9 7.55885 4
      vertex 132.732 7.64438 4
    endloop
  endfacet
  facet normal -0.453695 -0.891157 -0
    outer loop
      vertex 132.9 7.55885 4
      vertex 132.732 7.64438 2.5
      vertex 132.9 7.55885 2.5
    endloop
  endfacet
  facet normal -0.0523748 0.998627 0
    outer loop
      vertex 132.188 4.20986 2.5
      vertex 132 4.2 4
      vertex 132.188 4.20986 4
    endloop
  endfacet
  facet normal -0.0523748 0.998627 0
    outer loop
      vertex 132 4.2 4
      vertex 132.188 4.20986 2.5
      vertex 132 4.2 2.5
    endloop
  endfacet
  facet normal -0.358183 0.933652 0
    outer loop
      vertex 132.732 4.35562 2.5
      vertex 132.556 4.2881 4
      vertex 132.732 4.35562 4
    endloop
  endfacet
  facet normal -0.358183 0.933652 0
    outer loop
      vertex 132.556 4.2881 4
      vertex 132.732 4.35562 2.5
      vertex 132.556 4.2881 2.5
    endloop
  endfacet
  facet normal 0.778643 0.627467 4.9394e-18
    outer loop
      vertex 130.662 4.79556 4
      vertex 130.544 4.94199 2.5
      vertex 130.544 4.94199 4
    endloop
  endfacet
  facet normal 0.778643 0.627467 4.9394e-18
    outer loop
      vertex 130.544 4.94199 2.5
      vertex 130.662 4.79556 4
      vertex 130.662 4.79556 2.5
    endloop
  endfacet
  facet normal 0.892152 -0.451736 -2.78432e-18
    outer loop
      vertex 130.356 6.73213 4
      vertex 130.441 6.9 2.5
      vertex 130.441 6.9 4
    endloop
  endfacet
  facet normal 0.892152 -0.451736 -2.78432e-18
    outer loop
      vertex 130.441 6.9 2.5
      vertex 130.356 6.73213 4
      vertex 130.356 6.73213 2.5
    endloop
  endfacet
  facet normal -0.778623 -0.627493 -5.7663e-18
    outer loop
      vertex 133.456 7.05801 2.5
      vertex 133.338 7.20443 4
      vertex 133.338 7.20443 2.5
    endloop
  endfacet
  facet normal -0.778623 -0.627493 -5.7663e-18
    outer loop
      vertex 133.338 7.20443 4
      vertex 133.456 7.05801 2.5
      vertex 133.456 7.05801 4
    endloop
  endfacet
  facet normal -0.837732 0.546082 2.53898e-18
    outer loop
      vertex 133.456 4.94199 2.5
      vertex 133.559 5.1 4
      vertex 133.559 5.1 2.5
    endloop
  endfacet
  facet normal -0.837732 0.546082 2.53898e-18
    outer loop
      vertex 133.559 5.1 4
      vertex 133.456 4.94199 2.5
      vertex 133.456 4.94199 4
    endloop
  endfacet
  facet normal 0.965612 0.259987 -1.17817e-18
    outer loop
      vertex 130.288 5.44377 4
      vertex 130.239 5.62576 2.5
      vertex 130.239 5.62576 4
    endloop
  endfacet
  facet normal 0.965612 0.259987 -1.17817e-18
    outer loop
      vertex 130.239 5.62576 2.5
      vertex 130.288 5.44377 4
      vertex 130.288 5.44377 2.5
    endloop
  endfacet
  facet normal 0.988074 -0.15398 -2.88701e-19
    outer loop
      vertex 130.21 6.18815 4
      vertex 130.239 6.37424 2.5
      vertex 130.239 6.37424 4
    endloop
  endfacet
  facet normal 0.988074 -0.15398 -2.88701e-19
    outer loop
      vertex 130.239 6.37424 2.5
      vertex 130.21 6.18815 4
      vertex 130.21 6.18815 2.5
    endloop
  endfacet
  facet normal -0.705066 -0.709141 5.44746e-18
    outer loop
      vertex 133.338 7.20443 2.5
      vertex 133.204 7.33766 4
      vertex 133.204 7.33766 2.5
    endloop
  endfacet
  facet normal -0.705066 -0.709141 5.44746e-18
    outer loop
      vertex 133.204 7.33766 4
      vertex 133.338 7.20443 2.5
      vertex 133.338 7.20443 4
    endloop
  endfacet
  facet normal -0.54469 0.838638 0
    outer loop
      vertex 133.058 4.54377 2.5
      vertex 132.9 4.44115 4
      vertex 133.058 4.54377 4
    endloop
  endfacet
  facet normal -0.54469 0.838638 0
    outer loop
      vertex 132.9 4.44115 4
      vertex 133.058 4.54377 2.5
      vertex 132.9 4.44115 2.5
    endloop
  endfacet
  facet normal 0.837732 -0.546082 2.53898e-18
    outer loop
      vertex 130.441 6.9 4
      vertex 130.544 7.05801 2.5
      vertex 130.544 7.05801 4
    endloop
  endfacet
  facet normal 0.837732 -0.546082 2.53898e-18
    outer loop
      vertex 130.544 7.05801 2.5
      vertex 130.441 6.9 4
      vertex 130.441 6.9 2.5
    endloop
  endfacet
  facet normal 0.258786 -0.965935 0
    outer loop
      vertex 131.444 7.7119 2.5
      vertex 131.626 7.76066 4
      vertex 131.444 7.7119 4
    endloop
  endfacet
  facet normal 0.258786 -0.965935 0
    outer loop
      vertex 131.626 7.76066 4
      vertex 131.444 7.7119 2.5
      vertex 131.626 7.76066 2.5
    endloop
  endfacet
  facet normal -0.998591 0.0530742 1.06064e-20
    outer loop
      vertex 133.79 5.81185 2.5
      vertex 133.8 6 4
      vertex 133.8 6 2.5
    endloop
  endfacet
  facet normal -0.998591 0.0530742 1.06064e-20
    outer loop
      vertex 133.8 6 4
      vertex 133.79 5.81185 2.5
      vertex 133.79 5.81185 4
    endloop
  endfacet
  facet normal -0.54469 -0.838638 0
    outer loop
      vertex 132.9 7.55885 2.5
      vertex 133.058 7.45623 4
      vertex 132.9 7.55885 4
    endloop
  endfacet
  facet normal -0.54469 -0.838638 -0
    outer loop
      vertex 133.058 7.45623 4
      vertex 132.9 7.55885 2.5
      vertex 133.058 7.45623 2.5
    endloop
  endfacet
  facet normal 0.358183 -0.933652 0
    outer loop
      vertex 131.268 7.64438 2.5
      vertex 131.444 7.7119 4
      vertex 131.268 7.64438 4
    endloop
  endfacet
  facet normal 0.358183 -0.933652 0
    outer loop
      vertex 131.444 7.7119 4
      vertex 131.268 7.64438 2.5
      vertex 131.444 7.7119 2.5
    endloop
  endfacet
  facet normal -0.453695 0.891157 0
    outer loop
      vertex 132.9 4.44115 2.5
      vertex 132.732 4.35562 4
      vertex 132.9 4.44115 4
    endloop
  endfacet
  facet normal -0.453695 0.891157 0
    outer loop
      vertex 132.732 4.35562 4
      vertex 132.9 4.44115 2.5
      vertex 132.732 4.35562 2.5
    endloop
  endfacet
  facet normal 0.0523748 -0.998627 0
    outer loop
      vertex 131.812 7.79014 2.5
      vertex 132 7.8 4
      vertex 131.812 7.79014 4
    endloop
  endfacet
  facet normal 0.0523748 -0.998627 0
    outer loop
      vertex 132 7.8 4
      vertex 131.812 7.79014 2.5
      vertex 132 7.8 2.5
    endloop
  endfacet
  facet normal -0.156489 0.98768 0
    outer loop
      vertex 132.374 4.23933 2.5
      vertex 132.188 4.20986 4
      vertex 132.374 4.23933 4
    endloop
  endfacet
  facet normal -0.156489 0.98768 0
    outer loop
      vertex 132.188 4.20986 4
      vertex 132.374 4.23933 2.5
      vertex 132.188 4.20986 2.5
    endloop
  endfacet
  facet normal 0.705066 -0.709141 -5.44746e-18
    outer loop
      vertex 130.662 7.20443 4
      vertex 130.796 7.33766 2.5
      vertex 130.796 7.33766 4
    endloop
  endfacet
  facet normal 0.705066 -0.709141 -5.44746e-18
    outer loop
      vertex 130.796 7.33766 2.5
      vertex 130.662 7.20443 4
      vertex 130.662 7.20443 2.5
    endloop
  endfacet
  facet normal 0.54469 -0.838638 0
    outer loop
      vertex 130.942 7.45623 2.5
      vertex 131.1 7.55885 4
      vertex 130.942 7.45623 4
    endloop
  endfacet
  facet normal 0.54469 -0.838638 0
    outer loop
      vertex 131.1 7.55885 4
      vertex 130.942 7.45623 2.5
      vertex 131.1 7.55885 2.5
    endloop
  endfacet
  facet normal -0.892152 -0.451736 2.78432e-18
    outer loop
      vertex 133.644 6.73213 2.5
      vertex 133.559 6.9 4
      vertex 133.559 6.9 2.5
    endloop
  endfacet
  facet normal -0.892152 -0.451736 2.78432e-18
    outer loop
      vertex 133.559 6.9 4
      vertex 133.644 6.73213 2.5
      vertex 133.644 6.73213 4
    endloop
  endfacet
  facet normal -0.965612 0.259987 1.17817e-18
    outer loop
      vertex 133.712 5.44377 2.5
      vertex 133.761 5.62576 4
      vertex 133.761 5.62576 2.5
    endloop
  endfacet
  facet normal -0.965612 0.259987 1.17817e-18
    outer loop
      vertex 133.761 5.62576 4
      vertex 133.712 5.44377 2.5
      vertex 133.712 5.44377 4
    endloop
  endfacet
  facet normal 0.453695 0.891157 -0
    outer loop
      vertex 131.268 4.35562 2.5
      vertex 131.1 4.44115 4
      vertex 131.268 4.35562 4
    endloop
  endfacet
  facet normal 0.453695 0.891157 0
    outer loop
      vertex 131.1 4.44115 4
      vertex 131.268 4.35562 2.5
      vertex 131.1 4.44115 2.5
    endloop
  endfacet
  facet normal -0.892152 0.451736 -2.78432e-18
    outer loop
      vertex 133.559 5.1 2.5
      vertex 133.644 5.26787 4
      vertex 133.644 5.26787 2.5
    endloop
  endfacet
  facet normal -0.892152 0.451736 -2.78432e-18
    outer loop
      vertex 133.644 5.26787 4
      vertex 133.559 5.1 2.5
      vertex 133.559 5.1 4
    endloop
  endfacet
  facet normal 0.837732 0.546082 -2.53898e-18
    outer loop
      vertex 130.544 4.94199 4
      vertex 130.441 5.1 2.5
      vertex 130.441 5.1 4
    endloop
  endfacet
  facet normal 0.837732 0.546082 -2.53898e-18
    outer loop
      vertex 130.441 5.1 2.5
      vertex 130.544 4.94199 4
      vertex 130.544 4.94199 2.5
    endloop
  endfacet
  facet normal 0.358183 0.933652 -0
    outer loop
      vertex 131.444 4.2881 2.5
      vertex 131.268 4.35562 4
      vertex 131.444 4.2881 4
    endloop
  endfacet
  facet normal 0.358183 0.933652 0
    outer loop
      vertex 131.268 4.35562 4
      vertex 131.444 4.2881 2.5
      vertex 131.268 4.35562 2.5
    endloop
  endfacet
  facet normal -0.932729 -0.360578 -2.8904e-18
    outer loop
      vertex 133.712 6.55623 2.5
      vertex 133.644 6.73213 4
      vertex 133.644 6.73213 2.5
    endloop
  endfacet
  facet normal -0.932729 -0.360578 -2.8904e-18
    outer loop
      vertex 133.644 6.73213 4
      vertex 133.712 6.55623 2.5
      vertex 133.712 6.55623 4
    endloop
  endfacet
  facet normal -0.358183 -0.933652 0
    outer loop
      vertex 132.556 7.7119 2.5
      vertex 132.732 7.64438 4
      vertex 132.556 7.7119 4
    endloop
  endfacet
  facet normal -0.358183 -0.933652 -0
    outer loop
      vertex 132.732 7.64438 4
      vertex 132.556 7.7119 2.5
      vertex 132.732 7.64438 2.5
    endloop
  endfacet
  facet normal -0.258835 0.965922 0
    outer loop
      vertex 132.556 4.2881 2.5
      vertex 132.374 4.23933 4
      vertex 132.556 4.2881 4
    endloop
  endfacet
  facet normal -0.258835 0.965922 0
    outer loop
      vertex 132.374 4.23933 4
      vertex 132.556 4.2881 2.5
      vertex 132.374 4.23933 2.5
    endloop
  endfacet
  facet normal -0.988074 0.15398 -2.88701e-19
    outer loop
      vertex 133.761 5.62576 2.5
      vertex 133.79 5.81185 4
      vertex 133.79 5.81185 2.5
    endloop
  endfacet
  facet normal -0.988074 0.15398 -2.88701e-19
    outer loop
      vertex 133.79 5.81185 4
      vertex 133.761 5.62576 2.5
      vertex 133.761 5.62576 4
    endloop
  endfacet
  facet normal -0.258786 -0.965935 0
    outer loop
      vertex 132.374 7.76066 2.5
      vertex 132.556 7.7119 4
      vertex 132.374 7.76066 4
    endloop
  endfacet
  facet normal -0.258786 -0.965935 -0
    outer loop
      vertex 132.556 7.7119 4
      vertex 132.374 7.76066 2.5
      vertex 132.556 7.7119 2.5
    endloop
  endfacet
  facet normal 0.932729 -0.360578 2.8904e-18
    outer loop
      vertex 130.288 6.55623 4
      vertex 130.356 6.73213 2.5
      vertex 130.356 6.73213 4
    endloop
  endfacet
  facet normal 0.932729 -0.360578 2.8904e-18
    outer loop
      vertex 130.356 6.73213 2.5
      vertex 130.288 6.55623 4
      vertex 130.288 6.55623 2.5
    endloop
  endfacet
  facet normal -0.932729 0.360578 2.8904e-18
    outer loop
      vertex 133.644 5.26787 2.5
      vertex 133.712 5.44377 4
      vertex 133.712 5.44377 2.5
    endloop
  endfacet
  facet normal -0.932729 0.360578 2.8904e-18
    outer loop
      vertex 133.712 5.44377 4
      vertex 133.644 5.26787 2.5
      vertex 133.644 5.26787 4
    endloop
  endfacet
  facet normal -0.837732 -0.546082 -2.53898e-18
    outer loop
      vertex 133.559 6.9 2.5
      vertex 133.456 7.05801 4
      vertex 133.456 7.05801 2.5
    endloop
  endfacet
  facet normal -0.837732 -0.546082 -2.53898e-18
    outer loop
      vertex 133.456 7.05801 4
      vertex 133.559 6.9 2.5
      vertex 133.559 6.9 4
    endloop
  endfacet
  facet normal 0.778623 -0.627493 5.7663e-18
    outer loop
      vertex 130.544 7.05801 4
      vertex 130.662 7.20443 2.5
      vertex 130.662 7.20443 4
    endloop
  endfacet
  facet normal 0.778623 -0.627493 5.7663e-18
    outer loop
      vertex 130.662 7.20443 2.5
      vertex 130.544 7.05801 4
      vertex 130.544 7.05801 2.5
    endloop
  endfacet
  facet normal -0.630416 -0.776257 0
    outer loop
      vertex 133.058 7.45623 2.5
      vertex 133.204 7.33766 4
      vertex 133.058 7.45623 4
    endloop
  endfacet
  facet normal -0.630416 -0.776257 -0
    outer loop
      vertex 133.204 7.33766 4
      vertex 133.058 7.45623 2.5
      vertex 133.204 7.33766 2.5
    endloop
  endfacet
  facet normal 0.453695 -0.891157 0
    outer loop
      vertex 131.1 7.55885 2.5
      vertex 131.268 7.64438 4
      vertex 131.1 7.55885 4
    endloop
  endfacet
  facet normal 0.453695 -0.891157 0
    outer loop
      vertex 131.268 7.64438 4
      vertex 131.1 7.55885 2.5
      vertex 131.268 7.64438 2.5
    endloop
  endfacet
  facet normal 0.156489 0.98768 -0
    outer loop
      vertex 131.812 4.20986 2.5
      vertex 131.626 4.23933 4
      vertex 131.812 4.20986 4
    endloop
  endfacet
  facet normal 0.156489 0.98768 0
    outer loop
      vertex 131.626 4.23933 4
      vertex 131.812 4.20986 2.5
      vertex 131.626 4.23933 2.5
    endloop
  endfacet
  facet normal 0.156541 -0.987672 0
    outer loop
      vertex 131.626 7.76066 2.5
      vertex 131.812 7.79014 4
      vertex 131.626 7.76066 4
    endloop
  endfacet
  facet normal 0.156541 -0.987672 0
    outer loop
      vertex 131.812 7.79014 4
      vertex 131.626 7.76066 2.5
      vertex 131.812 7.79014 2.5
    endloop
  endfacet
  facet normal 0.70504 0.709168 9.43297e-19
    outer loop
      vertex 130.796 4.66234 4
      vertex 130.662 4.79556 2.5
      vertex 130.662 4.79556 4
    endloop
  endfacet
  facet normal 0.70504 0.709168 9.43297e-19
    outer loop
      vertex 130.662 4.79556 2.5
      vertex 130.796 4.66234 4
      vertex 130.796 4.66234 2.5
    endloop
  endfacet
  facet normal -0.0523748 -0.998627 0
    outer loop
      vertex 132 7.8 2.5
      vertex 132.188 7.79014 4
      vertex 132 7.8 4
    endloop
  endfacet
  facet normal -0.0523748 -0.998627 -0
    outer loop
      vertex 132.188 7.79014 4
      vertex 132 7.8 2.5
      vertex 132.188 7.79014 2.5
    endloop
  endfacet
  facet normal 0.630416 0.776257 -0
    outer loop
      vertex 130.942 4.54377 2.5
      vertex 130.796 4.66234 4
      vertex 130.942 4.54377 4
    endloop
  endfacet
  facet normal 0.630416 0.776257 0
    outer loop
      vertex 130.796 4.66234 4
      vertex 130.942 4.54377 2.5
      vertex 130.796 4.66234 2.5
    endloop
  endfacet
  facet normal 0.988074 0.15398 2.88701e-19
    outer loop
      vertex 130.239 5.62576 4
      vertex 130.21 5.81185 2.5
      vertex 130.21 5.81185 4
    endloop
  endfacet
  facet normal 0.988074 0.15398 2.88701e-19
    outer loop
      vertex 130.21 5.81185 2.5
      vertex 130.239 5.62576 4
      vertex 130.239 5.62576 2.5
    endloop
  endfacet
  facet normal 0.630416 -0.776257 0
    outer loop
      vertex 130.796 7.33766 2.5
      vertex 130.942 7.45623 4
      vertex 130.796 7.33766 4
    endloop
  endfacet
  facet normal 0.630416 -0.776257 0
    outer loop
      vertex 130.942 7.45623 4
      vertex 130.796 7.33766 2.5
      vertex 130.942 7.45623 2.5
    endloop
  endfacet
  facet normal 0.54469 0.838638 -0
    outer loop
      vertex 131.1 4.44115 2.5
      vertex 130.942 4.54377 4
      vertex 131.1 4.44115 4
    endloop
  endfacet
  facet normal 0.54469 0.838638 0
    outer loop
      vertex 130.942 4.54377 4
      vertex 131.1 4.44115 2.5
      vertex 130.942 4.54377 2.5
    endloop
  endfacet
  facet normal 0.258835 0.965922 -0
    outer loop
      vertex 131.626 4.23933 2.5
      vertex 131.444 4.2881 4
      vertex 131.626 4.23933 4
    endloop
  endfacet
  facet normal 0.258835 0.965922 0
    outer loop
      vertex 131.444 4.2881 4
      vertex 131.626 4.23933 2.5
      vertex 131.444 4.2881 2.5
    endloop
  endfacet
  facet normal -0.630416 0.776257 0
    outer loop
      vertex 133.204 4.66234 2.5
      vertex 133.058 4.54377 4
      vertex 133.204 4.66234 4
    endloop
  endfacet
  facet normal -0.630416 0.776257 0
    outer loop
      vertex 133.058 4.54377 4
      vertex 133.204 4.66234 2.5
      vertex 133.058 4.54377 2.5
    endloop
  endfacet
  facet normal -0.156541 -0.987672 0
    outer loop
      vertex 132.188 7.79014 2.5
      vertex 132.374 7.76066 4
      vertex 132.188 7.79014 4
    endloop
  endfacet
  facet normal -0.156541 -0.987672 -0
    outer loop
      vertex 132.374 7.76066 4
      vertex 132.188 7.79014 2.5
      vertex 132.374 7.76066 2.5
    endloop
  endfacet
  facet normal 0.965612 -0.259987 1.17817e-18
    outer loop
      vertex 130.239 6.37424 4
      vertex 130.288 6.55623 2.5
      vertex 130.288 6.55623 4
    endloop
  endfacet
  facet normal 0.965612 -0.259987 1.17817e-18
    outer loop
      vertex 130.288 6.55623 2.5
      vertex 130.239 6.37424 4
      vertex 130.239 6.37424 2.5
    endloop
  endfacet
  facet normal 0.998591 -0.0530742 1.06064e-20
    outer loop
      vertex 130.2 6 4
      vertex 130.21 6.18815 2.5
      vertex 130.21 6.18815 4
    endloop
  endfacet
  facet normal 0.998591 -0.0530742 1.06064e-20
    outer loop
      vertex 130.21 6.18815 2.5
      vertex 130.2 6 4
      vertex 130.2 6 2.5
    endloop
  endfacet
  facet normal 0.998591 0.0530742 -1.06064e-20
    outer loop
      vertex 130.21 5.81185 4
      vertex 130.2 6 2.5
      vertex 130.2 6 4
    endloop
  endfacet
  facet normal 0.998591 0.0530742 -1.06064e-20
    outer loop
      vertex 130.2 6 2.5
      vertex 130.21 5.81185 4
      vertex 130.21 5.81185 2.5
    endloop
  endfacet
  facet normal 0.0523748 0.998627 -0
    outer loop
      vertex 132 4.2 2.5
      vertex 131.812 4.20986 4
      vertex 132 4.2 4
    endloop
  endfacet
  facet normal 0.0523748 0.998627 0
    outer loop
      vertex 131.812 4.20986 4
      vertex 132 4.2 2.5
      vertex 131.812 4.20986 2.5
    endloop
  endfacet
  facet normal -0.778643 0.627467 -4.9394e-18
    outer loop
      vertex 133.338 4.79556 2.5
      vertex 133.456 4.94199 4
      vertex 133.456 4.94199 2.5
    endloop
  endfacet
  facet normal -0.778643 0.627467 -4.9394e-18
    outer loop
      vertex 133.456 4.94199 4
      vertex 133.338 4.79556 2.5
      vertex 133.338 4.79556 4
    endloop
  endfacet
  facet normal -0.70504 0.709168 -9.43297e-19
    outer loop
      vertex 133.204 4.66234 2.5
      vertex 133.338 4.79556 4
      vertex 133.338 4.79556 2.5
    endloop
  endfacet
  facet normal -0.70504 0.709168 -9.43297e-19
    outer loop
      vertex 133.338 4.79556 4
      vertex 133.204 4.66234 2.5
      vertex 133.204 4.66234 4
    endloop
  endfacet
  facet normal 0 -1 0
    outer loop
      vertex 130.239 9.05 0
      vertex 133.761 9.05 2.5
      vertex 130.239 9.05 2.5
    endloop
  endfacet
  facet normal 0 -1 -0
    outer loop
      vertex 133.761 9.05 2.5
      vertex 130.239 9.05 0
      vertex 133.761 9.05 0
    endloop
  endfacet
  facet normal -0.866015 -0.500017 -2.10628e-17
    outer loop
      vertex 135.522 6 0
      vertex 133.761 9.05 2.5
      vertex 133.761 9.05 0
    endloop
  endfacet
  facet normal -0.866015 -0.500017 -2.10628e-17
    outer loop
      vertex 133.761 9.05 2.5
      vertex 135.522 6 0
      vertex 135.522 6 2.5
    endloop
  endfacet
  facet normal 0.866015 -0.500017 2.10628e-17
    outer loop
      vertex 128.478 6 2.5
      vertex 130.239 9.05 0
      vertex 130.239 9.05 2.5
    endloop
  endfacet
  facet normal 0.866015 -0.500017 2.10628e-17
    outer loop
      vertex 130.239 9.05 0
      vertex 128.478 6 2.5
      vertex 128.478 6 0
    endloop
  endfacet
  facet normal 0.866015 0.500017 -4.51721e-17
    outer loop
      vertex 130.239 2.95 2.5
      vertex 128.478 6 0
      vertex 128.478 6 2.5
    endloop
  endfacet
  facet normal 0.866015 0.500017 -4.51721e-17
    outer loop
      vertex 128.478 6 0
      vertex 130.239 2.95 2.5
      vertex 130.239 2.95 0
    endloop
  endfacet
  facet normal -0 0 -1
    outer loop
      vertex 135.522 6 2.5
      vertex 133.79 5.81185 2.5
      vertex 133.8 6 2.5
    endloop
  endfacet
  facet normal 0 0 -1
    outer loop
      vertex 133.559 5.1 2.5
      vertex 135.522 6 2.5
      vertex 133.761 2.95 2.5
    endloop
  endfacet
  facet normal 0 0 -1
    outer loop
      vertex 135.522 6 2.5
      vertex 133.761 5.62576 2.5
      vertex 133.79 5.81185 2.5
    endloop
  endfacet
  facet normal 0 0 -1
    outer loop
      vertex 135.522 6 2.5
      vertex 133.712 5.44377 2.5
      vertex 133.761 5.62576 2.5
    endloop
  endfacet
  facet normal 0 0 -1
    outer loop
      vertex 135.522 6 2.5
      vertex 133.644 5.26787 2.5
      vertex 133.712 5.44377 2.5
    endloop
  endfacet
  facet normal 0 0 -1
    outer loop
      vertex 135.522 6 2.5
      vertex 133.559 5.1 2.5
      vertex 133.644 5.26787 2.5
    endloop
  endfacet
  facet normal 0 0 -1
    outer loop
      vertex 133.761 2.95 2.5
      vertex 133.456 4.94199 2.5
      vertex 133.559 5.1 2.5
    endloop
  endfacet
  facet normal 0 0 -1
    outer loop
      vertex 133.761 2.95 2.5
      vertex 133.338 4.79556 2.5
      vertex 133.456 4.94199 2.5
    endloop
  endfacet
  facet normal 0 0 -1
    outer loop
      vertex 133.761 2.95 2.5
      vertex 133.204 4.66234 2.5
      vertex 133.338 4.79556 2.5
    endloop
  endfacet
  facet normal 0 0 -1
    outer loop
      vertex 133.761 2.95 2.5
      vertex 133.058 4.54377 2.5
      vertex 133.204 4.66234 2.5
    endloop
  endfacet
  facet normal 0 0 -1
    outer loop
      vertex 133.761 2.95 2.5
      vertex 132.9 4.44115 2.5
      vertex 133.058 4.54377 2.5
    endloop
  endfacet
  facet normal 0 0 -1
    outer loop
      vertex 133.761 2.95 2.5
      vertex 132.732 4.35562 2.5
      vertex 132.9 4.44115 2.5
    endloop
  endfacet
  facet normal 0 0 -1
    outer loop
      vertex 133.761 2.95 2.5
      vertex 132.556 4.2881 2.5
      vertex 132.732 4.35562 2.5
    endloop
  endfacet
  facet normal 0 0 -1
    outer loop
      vertex 133.761 2.95 2.5
      vertex 132.374 4.23933 2.5
      vertex 132.556 4.2881 2.5
    endloop
  endfacet
  facet normal 0 0 -1
    outer loop
      vertex 133.761 2.95 2.5
      vertex 132.188 4.20986 2.5
      vertex 132.374 4.23933 2.5
    endloop
  endfacet
  facet normal 0 0 -1
    outer loop
      vertex 133.761 2.95 2.5
      vertex 132 4.2 2.5
      vertex 132.188 4.20986 2.5
    endloop
  endfacet
  facet normal 0 0 -1
    outer loop
      vertex 130.239 2.95 2.5
      vertex 132 4.2 2.5
      vertex 133.761 2.95 2.5
    endloop
  endfacet
  facet normal -0 0 -1
    outer loop
      vertex 132 4.2 2.5
      vertex 130.239 2.95 2.5
      vertex 131.812 4.20986 2.5
    endloop
  endfacet
  facet normal -0 0 -1
    outer loop
      vertex 131.812 4.20986 2.5
      vertex 130.239 2.95 2.5
      vertex 131.626 4.23933 2.5
    endloop
  endfacet
  facet normal -0 0 -1
    outer loop
      vertex 131.626 4.23933 2.5
      vertex 130.239 2.95 2.5
      vertex 131.444 4.2881 2.5
    endloop
  endfacet
  facet normal -0 0 -1
    outer loop
      vertex 131.444 4.2881 2.5
      vertex 130.239 2.95 2.5
      vertex 131.268 4.35562 2.5
    endloop
  endfacet
  facet normal -0 0 -1
    outer loop
      vertex 131.268 4.35562 2.5
      vertex 130.239 2.95 2.5
      vertex 131.1 4.44115 2.5
    endloop
  endfacet
  facet normal 0 0 -1
    outer loop
      vertex 130.239 2.95 2.5
      vertex 130.942 4.54377 2.5
      vertex 131.1 4.44115 2.5
    endloop
  endfacet
  facet normal 0 0 -1
    outer loop
      vertex 130.239 2.95 2.5
      vertex 130.796 4.66234 2.5
      vertex 130.942 4.54377 2.5
    endloop
  endfacet
  facet normal 0 0 -1
    outer loop
      vertex 130.239 2.95 2.5
      vertex 130.662 4.79556 2.5
      vertex 130.796 4.66234 2.5
    endloop
  endfacet
  facet normal 0 0 -1
    outer loop
      vertex 130.239 2.95 2.5
      vertex 130.544 4.94199 2.5
      vertex 130.662 4.79556 2.5
    endloop
  endfacet
  facet normal 0 0 -1
    outer loop
      vertex 130.239 2.95 2.5
      vertex 130.441 5.1 2.5
      vertex 130.544 4.94199 2.5
    endloop
  endfacet
  facet normal 0 0 -1
    outer loop
      vertex 128.478 6 2.5
      vertex 130.441 5.1 2.5
      vertex 130.239 2.95 2.5
    endloop
  endfacet
  facet normal 0 0 -1
    outer loop
      vertex 130.441 5.1 2.5
      vertex 128.478 6 2.5
      vertex 130.356 5.26787 2.5
    endloop
  endfacet
  facet normal 0 0 -1
    outer loop
      vertex 130.356 5.26787 2.5
      vertex 128.478 6 2.5
      vertex 130.288 5.44377 2.5
    endloop
  endfacet
  facet normal 0 0 -1
    outer loop
      vertex 130.288 5.44377 2.5
      vertex 128.478 6 2.5
      vertex 130.239 5.62576 2.5
    endloop
  endfacet
  facet normal 0 0 -1
    outer loop
      vertex 130.239 5.62576 2.5
      vertex 128.478 6 2.5
      vertex 130.21 5.81185 2.5
    endloop
  endfacet
  facet normal 0 0 -1
    outer loop
      vertex 130.21 5.81185 2.5
      vertex 128.478 6 2.5
      vertex 130.2 6 2.5
    endloop
  endfacet
  facet normal 0 0 -1
    outer loop
      vertex 133.79 6.18815 2.5
      vertex 135.522 6 2.5
      vertex 133.8 6 2.5
    endloop
  endfacet
  facet normal 0 0 -1
    outer loop
      vertex 133.761 6.37424 2.5
      vertex 135.522 6 2.5
      vertex 133.79 6.18815 2.5
    endloop
  endfacet
  facet normal 0 0 -1
    outer loop
      vertex 133.712 6.55623 2.5
      vertex 135.522 6 2.5
      vertex 133.761 6.37424 2.5
    endloop
  endfacet
  facet normal 0 0 -1
    outer loop
      vertex 133.644 6.73213 2.5
      vertex 135.522 6 2.5
      vertex 133.712 6.55623 2.5
    endloop
  endfacet
  facet normal 0 0 -1
    outer loop
      vertex 133.559 6.9 2.5
      vertex 135.522 6 2.5
      vertex 133.644 6.73213 2.5
    endloop
  endfacet
  facet normal 0 0 -1
    outer loop
      vertex 135.522 6 2.5
      vertex 133.559 6.9 2.5
      vertex 133.761 9.05 2.5
    endloop
  endfacet
  facet normal 0 0 -1
    outer loop
      vertex 133.456 7.05801 2.5
      vertex 133.761 9.05 2.5
      vertex 133.559 6.9 2.5
    endloop
  endfacet
  facet normal 0 0 -1
    outer loop
      vertex 133.338 7.20443 2.5
      vertex 133.761 9.05 2.5
      vertex 133.456 7.05801 2.5
    endloop
  endfacet
  facet normal 0 0 -1
    outer loop
      vertex 133.204 7.33766 2.5
      vertex 133.761 9.05 2.5
      vertex 133.338 7.20443 2.5
    endloop
  endfacet
  facet normal 0 0 -1
    outer loop
      vertex 133.058 7.45623 2.5
      vertex 133.761 9.05 2.5
      vertex 133.204 7.33766 2.5
    endloop
  endfacet
  facet normal 0 0 -1
    outer loop
      vertex 132.9 7.55885 2.5
      vertex 133.761 9.05 2.5
      vertex 133.058 7.45623 2.5
    endloop
  endfacet
  facet normal 0 0 -1
    outer loop
      vertex 132.732 7.64438 2.5
      vertex 133.761 9.05 2.5
      vertex 132.9 7.55885 2.5
    endloop
  endfacet
  facet normal 0 0 -1
    outer loop
      vertex 132.556 7.7119 2.5
      vertex 133.761 9.05 2.5
      vertex 132.732 7.64438 2.5
    endloop
  endfacet
  facet normal 0 0 -1
    outer loop
      vertex 132.374 7.76066 2.5
      vertex 133.761 9.05 2.5
      vertex 132.556 7.7119 2.5
    endloop
  endfacet
  facet normal 0 0 -1
    outer loop
      vertex 132.188 7.79014 2.5
      vertex 133.761 9.05 2.5
      vertex 132.374 7.76066 2.5
    endloop
  endfacet
  facet normal 0 0 -1
    outer loop
      vertex 132 7.8 2.5
      vertex 133.761 9.05 2.5
      vertex 132.188 7.79014 2.5
    endloop
  endfacet
  facet normal 0 0 -1
    outer loop
      vertex 130.239 9.05 2.5
      vertex 132 7.8 2.5
      vertex 131.812 7.79014 2.5
    endloop
  endfacet
  facet normal 0 0 -1
    outer loop
      vertex 130.239 9.05 2.5
      vertex 131.812 7.79014 2.5
      vertex 131.626 7.76066 2.5
    endloop
  endfacet
  facet normal 0 0 -1
    outer loop
      vertex 130.239 9.05 2.5
      vertex 131.626 7.76066 2.5
      vertex 131.444 7.7119 2.5
    endloop
  endfacet
  facet normal 0 0 -1
    outer loop
      vertex 130.239 9.05 2.5
      vertex 131.444 7.7119 2.5
      vertex 131.268 7.64438 2.5
    endloop
  endfacet
  facet normal 0 0 -1
    outer loop
      vertex 130.239 9.05 2.5
      vertex 131.268 7.64438 2.5
      vertex 131.1 7.55885 2.5
    endloop
  endfacet
  facet normal 0 0 -1
    outer loop
      vertex 132 7.8 2.5
      vertex 130.239 9.05 2.5
      vertex 133.761 9.05 2.5
    endloop
  endfacet
  facet normal 0 0 -1
    outer loop
      vertex 130.942 7.45623 2.5
      vertex 130.239 9.05 2.5
      vertex 131.1 7.55885 2.5
    endloop
  endfacet
  facet normal 0 0 -1
    outer loop
      vertex 130.796 7.33766 2.5
      vertex 130.239 9.05 2.5
      vertex 130.942 7.45623 2.5
    endloop
  endfacet
  facet normal 0 0 -1
    outer loop
      vertex 130.662 7.20443 2.5
      vertex 130.239 9.05 2.5
      vertex 130.796 7.33766 2.5
    endloop
  endfacet
  facet normal 0 0 -1
    outer loop
      vertex 130.544 7.05801 2.5
      vertex 130.239 9.05 2.5
      vertex 130.662 7.20443 2.5
    endloop
  endfacet
  facet normal 0 0 -1
    outer loop
      vertex 130.441 6.9 2.5
      vertex 130.239 9.05 2.5
      vertex 130.544 7.05801 2.5
    endloop
  endfacet
  facet normal 0 0 -1
    outer loop
      vertex 128.478 6 2.5
      vertex 130.441 6.9 2.5
      vertex 130.356 6.73213 2.5
    endloop
  endfacet
  facet normal 0 0 -1
    outer loop
      vertex 128.478 6 2.5
      vertex 130.356 6.73213 2.5
      vertex 130.288 6.55623 2.5
    endloop
  endfacet
  facet normal 0 0 -1
    outer loop
      vertex 128.478 6 2.5
      vertex 130.288 6.55623 2.5
      vertex 130.239 6.37424 2.5
    endloop
  endfacet
  facet normal 0 0 -1
    outer loop
      vertex 128.478 6 2.5
      vertex 130.239 6.37424 2.5
      vertex 130.21 6.18815 2.5
    endloop
  endfacet
  facet normal 0 0 -1
    outer loop
      vertex 128.478 6 2.5
      vertex 130.21 6.18815 2.5
      vertex 130.2 6 2.5
    endloop
  endfacet
  facet normal -0 0 -1
    outer loop
      vertex 130.441 6.9 2.5
      vertex 128.478 6 2.5
      vertex 130.239 9.05 2.5
    endloop
  endfacet
  facet normal -0.866015 0.500017 4.51721e-17
    outer loop
      vertex 133.761 2.95 0
      vertex 135.522 6 2.5
      vertex 135.522 6 0
    endloop
  endfacet
  facet normal -0.866015 0.500017 4.51721e-17
    outer loop
      vertex 135.522 6 2.5
      vertex 133.761 2.95 0
      vertex 133.761 2.95 2.5
    endloop
  endfacet
  facet normal 0 1 -0
    outer loop
      vertex 133.761 2.95 0
      vertex 130.239 2.95 2.5
      vertex 133.761 2.95 2.5
    endloop
  endfacet
  facet normal 0 1 0
    outer loop
      vertex 130.239 2.95 2.5
      vertex 133.761 2.95 0
      vertex 130.239 2.95 0
    endloop
  endfacet
  facet normal -0.988075 -0.153972 7.36038e-20
    outer loop
      vertex 133.79 54.1881 2.5
      vertex 133.761 54.3742 4
      vertex 133.761 54.3742 2.5
    endloop
  endfacet
  facet normal -0.988075 -0.153972 7.36038e-20
    outer loop
      vertex 133.761 54.3742 4
      vertex 133.79 54.1881 2.5
      vertex 133.79 54.1881 4
    endloop
  endfacet
  facet normal -0.99859 -0.0530882 -2.43569e-19
    outer loop
      vertex 133.8 54 2.5
      vertex 133.79 54.1881 4
      vertex 133.79 54.1881 2.5
    endloop
  endfacet
  facet normal -0.99859 -0.0530882 -2.43569e-19
    outer loop
      vertex 133.79 54.1881 4
      vertex 133.8 54 2.5
      vertex 133.8 54 4
    endloop
  endfacet
  facet normal -0.965616 -0.259973 1.3866e-18
    outer loop
      vertex 133.761 54.3742 2.5
      vertex 133.712 54.5562 4
      vertex 133.712 54.5562 2.5
    endloop
  endfacet
  facet normal -0.965616 -0.259973 1.3866e-18
    outer loop
      vertex 133.712 54.5562 4
      vertex 133.761 54.3742 2.5
      vertex 133.761 54.3742 4
    endloop
  endfacet
  facet normal 0.892184 0.451672 1.93818e-18
    outer loop
      vertex 130.441 53.1 4
      vertex 130.356 53.2679 2.5
      vertex 130.356 53.2679 4
    endloop
  endfacet
  facet normal 0.892184 0.451672 1.93818e-18
    outer loop
      vertex 130.356 53.2679 2.5
      vertex 130.441 53.1 4
      vertex 130.441 53.1 2.5
    endloop
  endfacet
  facet normal 0.932729 0.360578 -1.12428e-18
    outer loop
      vertex 130.356 53.2679 4
      vertex 130.288 53.4438 2.5
      vertex 130.288 53.4438 4
    endloop
  endfacet
  facet normal 0.932729 0.360578 -1.12428e-18
    outer loop
      vertex 130.288 53.4438 2.5
      vertex 130.356 53.2679 4
      vertex 130.356 53.2679 2.5
    endloop
  endfacet
  facet normal -0.453989 -0.891007 0
    outer loop
      vertex 132.732 55.6444 2.5
      vertex 132.9 55.5588 4
      vertex 132.732 55.6444 4
    endloop
  endfacet
  facet normal -0.453989 -0.891007 -0
    outer loop
      vertex 132.9 55.5588 4
      vertex 132.732 55.6444 2.5
      vertex 132.9 55.5588 2.5
    endloop
  endfacet
  facet normal -0.0525867 0.998616 0
    outer loop
      vertex 132.188 52.2099 2.5
      vertex 132 52.2 4
      vertex 132.188 52.2099 4
    endloop
  endfacet
  facet normal -0.0525867 0.998616 0
    outer loop
      vertex 132 52.2 4
      vertex 132.188 52.2099 2.5
      vertex 132 52.2 2.5
    endloop
  endfacet
  facet normal -0.35809 0.933687 0
    outer loop
      vertex 132.732 52.3556 2.5
      vertex 132.556 52.2881 4
      vertex 132.732 52.3556 4
    endloop
  endfacet
  facet normal -0.35809 0.933687 0
    outer loop
      vertex 132.556 52.2881 4
      vertex 132.732 52.3556 2.5
      vertex 132.556 52.2881 2.5
    endloop
  endfacet
  facet normal 0.778581 0.627545 -2.0311e-20
    outer loop
      vertex 130.662 52.7956 4
      vertex 130.544 52.942 2.5
      vertex 130.544 52.942 4
    endloop
  endfacet
  facet normal 0.778581 0.627545 -2.0311e-20
    outer loop
      vertex 130.544 52.942 2.5
      vertex 130.662 52.7956 4
      vertex 130.662 52.7956 2.5
    endloop
  endfacet
  facet normal 0.892184 -0.451672 -1.93818e-18
    outer loop
      vertex 130.356 54.7321 4
      vertex 130.441 54.9 2.5
      vertex 130.441 54.9 4
    endloop
  endfacet
  facet normal 0.892184 -0.451672 -1.93818e-18
    outer loop
      vertex 130.441 54.9 2.5
      vertex 130.356 54.7321 4
      vertex 130.356 54.7321 2.5
    endloop
  endfacet
  facet normal -0.778581 -0.627545 -2.0311e-20
    outer loop
      vertex 133.456 55.058 2.5
      vertex 133.338 55.2044 4
      vertex 133.338 55.2044 2.5
    endloop
  endfacet
  facet normal -0.778581 -0.627545 -2.0311e-20
    outer loop
      vertex 133.338 55.2044 4
      vertex 133.456 55.058 2.5
      vertex 133.456 55.058 4
    endloop
  endfacet
  facet normal -0.837716 0.546106 -5.81106e-18
    outer loop
      vertex 133.456 52.942 2.5
      vertex 133.559 53.1 4
      vertex 133.559 53.1 2.5
    endloop
  endfacet
  facet normal -0.837716 0.546106 -5.81106e-18
    outer loop
      vertex 133.559 53.1 4
      vertex 133.456 52.942 2.5
      vertex 133.456 52.942 4
    endloop
  endfacet
  facet normal 0.965616 0.259973 1.3866e-18
    outer loop
      vertex 130.288 53.4438 4
      vertex 130.239 53.6258 2.5
      vertex 130.239 53.6258 4
    endloop
  endfacet
  facet normal 0.965616 0.259973 1.3866e-18
    outer loop
      vertex 130.239 53.6258 2.5
      vertex 130.288 53.4438 4
      vertex 130.288 53.4438 2.5
    endloop
  endfacet
  facet normal 0.988075 -0.153972 -7.36038e-20
    outer loop
      vertex 130.21 54.1881 4
      vertex 130.239 54.3742 2.5
      vertex 130.239 54.3742 4
    endloop
  endfacet
  facet normal 0.988075 -0.153972 -7.36038e-20
    outer loop
      vertex 130.239 54.3742 2.5
      vertex 130.21 54.1881 4
      vertex 130.21 54.1881 2.5
    endloop
  endfacet
  facet normal -0.705253 -0.708956 5.05247e-18
    outer loop
      vertex 133.338 55.2044 2.5
      vertex 133.204 55.3377 4
      vertex 133.204 55.3377 2.5
    endloop
  endfacet
  facet normal -0.705253 -0.708956 5.05247e-18
    outer loop
      vertex 133.204 55.3377 4
      vertex 133.338 55.2044 2.5
      vertex 133.338 55.2044 4
    endloop
  endfacet
  facet normal -0.544615 0.838686 0
    outer loop
      vertex 133.058 52.5438 2.5
      vertex 132.9 52.4412 4
      vertex 133.058 52.5438 4
    endloop
  endfacet
  facet normal -0.544615 0.838686 0
    outer loop
      vertex 132.9 52.4412 4
      vertex 133.058 52.5438 2.5
      vertex 132.9 52.4412 2.5
    endloop
  endfacet
  facet normal 0.630192 -0.776439 0
    outer loop
      vertex 130.796 55.3377 2.5
      vertex 130.942 55.4562 4
      vertex 130.796 55.3377 4
    endloop
  endfacet
  facet normal 0.630192 -0.776439 0
    outer loop
      vertex 130.942 55.4562 4
      vertex 130.796 55.3377 2.5
      vertex 130.942 55.4562 2.5
    endloop
  endfacet
  facet normal 0.837716 -0.546106 -5.81106e-18
    outer loop
      vertex 130.441 54.9 4
      vertex 130.544 55.058 2.5
      vertex 130.544 55.058 4
    endloop
  endfacet
  facet normal 0.837716 -0.546106 -5.81106e-18
    outer loop
      vertex 130.544 55.058 2.5
      vertex 130.441 54.9 4
      vertex 130.441 54.9 2.5
    endloop
  endfacet
  facet normal 0.258984 -0.965882 0
    outer loop
      vertex 131.444 55.7119 2.5
      vertex 131.626 55.7607 4
      vertex 131.444 55.7119 4
    endloop
  endfacet
  facet normal 0.258984 -0.965882 0
    outer loop
      vertex 131.626 55.7607 4
      vertex 131.444 55.7119 2.5
      vertex 131.626 55.7607 2.5
    endloop
  endfacet
  facet normal -0.998591 0.0530601 -2.22233e-19
    outer loop
      vertex 133.79 53.8118 2.5
      vertex 133.8 54 4
      vertex 133.8 54 2.5
    endloop
  endfacet
  facet normal -0.998591 0.0530601 -2.22233e-19
    outer loop
      vertex 133.8 54 4
      vertex 133.79 53.8118 2.5
      vertex 133.79 53.8118 4
    endloop
  endfacet
  facet normal -0.544615 -0.838686 0
    outer loop
      vertex 132.9 55.5588 2.5
      vertex 133.058 55.4562 4
      vertex 132.9 55.5588 4
    endloop
  endfacet
  facet normal -0.544615 -0.838686 -0
    outer loop
      vertex 133.058 55.4562 4
      vertex 132.9 55.5588 2.5
      vertex 133.058 55.4562 2.5
    endloop
  endfacet
  facet normal 0.35809 -0.933687 0
    outer loop
      vertex 131.268 55.6444 2.5
      vertex 131.444 55.7119 4
      vertex 131.268 55.6444 4
    endloop
  endfacet
  facet normal 0.35809 -0.933687 0
    outer loop
      vertex 131.444 55.7119 4
      vertex 131.268 55.6444 2.5
      vertex 131.444 55.7119 2.5
    endloop
  endfacet
  facet normal -0.453989 0.891007 0
    outer loop
      vertex 132.9 52.4412 2.5
      vertex 132.732 52.3556 4
      vertex 132.9 52.4412 4
    endloop
  endfacet
  facet normal -0.453989 0.891007 0
    outer loop
      vertex 132.732 52.3556 4
      vertex 132.9 52.4412 2.5
      vertex 132.732 52.3556 2.5
    endloop
  endfacet
  facet normal 0.0525867 -0.998616 0
    outer loop
      vertex 131.812 55.7901 2.5
      vertex 132 55.8 4
      vertex 131.812 55.7901 4
    endloop
  endfacet
  facet normal 0.0525867 -0.998616 0
    outer loop
      vertex 132 55.8 4
      vertex 131.812 55.7901 2.5
      vertex 132 55.8 2.5
    endloop
  endfacet
  facet normal -0.156126 0.987737 0
    outer loop
      vertex 132.374 52.2393 2.5
      vertex 132.188 52.2099 4
      vertex 132.374 52.2393 4
    endloop
  endfacet
  facet normal -0.156126 0.987737 0
    outer loop
      vertex 132.188 52.2099 4
      vertex 132.374 52.2393 2.5
      vertex 132.188 52.2099 2.5
    endloop
  endfacet
  facet normal 0.705253 -0.708956 -5.05247e-18
    outer loop
      vertex 130.662 55.2044 4
      vertex 130.796 55.3377 2.5
      vertex 130.796 55.3377 4
    endloop
  endfacet
  facet normal 0.705253 -0.708956 -5.05247e-18
    outer loop
      vertex 130.796 55.3377 2.5
      vertex 130.662 55.2044 4
      vertex 130.662 55.2044 2.5
    endloop
  endfacet
  facet normal 0.544615 -0.838686 0
    outer loop
      vertex 130.942 55.4562 2.5
      vertex 131.1 55.5588 4
      vertex 130.942 55.4562 4
    endloop
  endfacet
  facet normal 0.544615 -0.838686 0
    outer loop
      vertex 131.1 55.5588 4
      vertex 130.942 55.4562 2.5
      vertex 131.1 55.5588 2.5
    endloop
  endfacet
  facet normal -0.892184 -0.451672 1.93818e-18
    outer loop
      vertex 133.644 54.7321 2.5
      vertex 133.559 54.9 4
      vertex 133.559 54.9 2.5
    endloop
  endfacet
  facet normal -0.892184 -0.451672 1.93818e-18
    outer loop
      vertex 133.559 54.9 4
      vertex 133.644 54.7321 2.5
      vertex 133.644 54.7321 4
    endloop
  endfacet
  facet normal -0.965616 0.259973 -1.3866e-18
    outer loop
      vertex 133.712 53.4438 2.5
      vertex 133.761 53.6258 4
      vertex 133.761 53.6258 2.5
    endloop
  endfacet
  facet normal -0.965616 0.259973 -1.3866e-18
    outer loop
      vertex 133.761 53.6258 4
      vertex 133.712 53.4438 2.5
      vertex 133.712 53.4438 4
    endloop
  endfacet
  facet normal 0.453989 0.891007 -0
    outer loop
      vertex 131.268 52.3556 2.5
      vertex 131.1 52.4412 4
      vertex 131.268 52.3556 4
    endloop
  endfacet
  facet normal 0.453989 0.891007 0
    outer loop
      vertex 131.1 52.4412 4
      vertex 131.268 52.3556 2.5
      vertex 131.1 52.4412 2.5
    endloop
  endfacet
  facet normal -0.892184 0.451672 -1.93818e-18
    outer loop
      vertex 133.559 53.1 2.5
      vertex 133.644 53.2679 4
      vertex 133.644 53.2679 2.5
    endloop
  endfacet
  facet normal -0.892184 0.451672 -1.93818e-18
    outer loop
      vertex 133.644 53.2679 4
      vertex 133.559 53.1 2.5
      vertex 133.559 53.1 4
    endloop
  endfacet
  facet normal 0.837716 0.546106 5.81106e-18
    outer loop
      vertex 130.544 52.942 4
      vertex 130.441 53.1 2.5
      vertex 130.441 53.1 4
    endloop
  endfacet
  facet normal 0.837716 0.546106 5.81106e-18
    outer loop
      vertex 130.441 53.1 2.5
      vertex 130.544 52.942 4
      vertex 130.544 52.942 2.5
    endloop
  endfacet
  facet normal 0.35809 0.933687 -0
    outer loop
      vertex 131.444 52.2881 2.5
      vertex 131.268 52.3556 4
      vertex 131.444 52.2881 4
    endloop
  endfacet
  facet normal 0.35809 0.933687 0
    outer loop
      vertex 131.268 52.3556 4
      vertex 131.444 52.2881 2.5
      vertex 131.268 52.3556 2.5
    endloop
  endfacet
  facet normal -0.932729 -0.360578 -1.12428e-18
    outer loop
      vertex 133.712 54.5562 2.5
      vertex 133.644 54.7321 4
      vertex 133.644 54.7321 2.5
    endloop
  endfacet
  facet normal -0.932729 -0.360578 -1.12428e-18
    outer loop
      vertex 133.644 54.7321 4
      vertex 133.712 54.5562 2.5
      vertex 133.712 54.5562 4
    endloop
  endfacet
  facet normal -0.35809 -0.933687 0
    outer loop
      vertex 132.556 55.7119 2.5
      vertex 132.732 55.6444 4
      vertex 132.556 55.7119 4
    endloop
  endfacet
  facet normal -0.35809 -0.933687 -0
    outer loop
      vertex 132.732 55.6444 4
      vertex 132.556 55.7119 2.5
      vertex 132.732 55.6444 2.5
    endloop
  endfacet
  facet normal -0.258984 0.965882 0
    outer loop
      vertex 132.556 52.2881 2.5
      vertex 132.374 52.2393 4
      vertex 132.556 52.2881 4
    endloop
  endfacet
  facet normal -0.258984 0.965882 0
    outer loop
      vertex 132.374 52.2393 4
      vertex 132.556 52.2881 2.5
      vertex 132.374 52.2393 2.5
    endloop
  endfacet
  facet normal -0.988063 0.154053 -1.39008e-18
    outer loop
      vertex 133.761 53.6258 2.5
      vertex 133.79 53.8118 4
      vertex 133.79 53.8118 2.5
    endloop
  endfacet
  facet normal -0.988063 0.154053 -1.39008e-18
    outer loop
      vertex 133.79 53.8118 4
      vertex 133.761 53.6258 2.5
      vertex 133.761 53.6258 4
    endloop
  endfacet
  facet normal -0.258984 -0.965882 0
    outer loop
      vertex 132.374 55.7607 2.5
      vertex 132.556 55.7119 4
      vertex 132.374 55.7607 4
    endloop
  endfacet
  facet normal -0.258984 -0.965882 -0
    outer loop
      vertex 132.556 55.7119 4
      vertex 132.374 55.7607 2.5
      vertex 132.556 55.7119 2.5
    endloop
  endfacet
  facet normal 0.932729 -0.360578 1.12428e-18
    outer loop
      vertex 130.288 54.5562 4
      vertex 130.356 54.7321 2.5
      vertex 130.356 54.7321 4
    endloop
  endfacet
  facet normal 0.932729 -0.360578 1.12428e-18
    outer loop
      vertex 130.356 54.7321 2.5
      vertex 130.288 54.5562 4
      vertex 130.288 54.5562 2.5
    endloop
  endfacet
  facet normal -0.932729 0.360578 1.12428e-18
    outer loop
      vertex 133.644 53.2679 2.5
      vertex 133.712 53.4438 4
      vertex 133.712 53.4438 2.5
    endloop
  endfacet
  facet normal -0.932729 0.360578 1.12428e-18
    outer loop
      vertex 133.712 53.4438 4
      vertex 133.644 53.2679 2.5
      vertex 133.644 53.2679 4
    endloop
  endfacet
  facet normal 0.156126 -0.987737 0
    outer loop
      vertex 131.626 55.7607 2.5
      vertex 131.812 55.7901 4
      vertex 131.626 55.7607 4
    endloop
  endfacet
  facet normal 0.156126 -0.987737 0
    outer loop
      vertex 131.812 55.7901 4
      vertex 131.626 55.7607 2.5
      vertex 131.812 55.7901 2.5
    endloop
  endfacet
  facet normal -0.837716 -0.546106 5.81106e-18
    outer loop
      vertex 133.559 54.9 2.5
      vertex 133.456 55.058 4
      vertex 133.456 55.058 2.5
    endloop
  endfacet
  facet normal -0.837716 -0.546106 5.81106e-18
    outer loop
      vertex 133.456 55.058 4
      vertex 133.559 54.9 2.5
      vertex 133.559 54.9 4
    endloop
  endfacet
  facet normal 0.778581 -0.627545 2.0311e-20
    outer loop
      vertex 130.544 55.058 4
      vertex 130.662 55.2044 2.5
      vertex 130.662 55.2044 4
    endloop
  endfacet
  facet normal 0.778581 -0.627545 2.0311e-20
    outer loop
      vertex 130.662 55.2044 2.5
      vertex 130.544 55.058 4
      vertex 130.544 55.058 2.5
    endloop
  endfacet
  facet normal -0.630192 -0.776439 0
    outer loop
      vertex 133.058 55.4562 2.5
      vertex 133.204 55.3377 4
      vertex 133.058 55.4562 4
    endloop
  endfacet
  facet normal -0.630192 -0.776439 -0
    outer loop
      vertex 133.204 55.3377 4
      vertex 133.058 55.4562 2.5
      vertex 133.204 55.3377 2.5
    endloop
  endfacet
  facet normal 0.453989 -0.891007 0
    outer loop
      vertex 131.1 55.5588 2.5
      vertex 131.268 55.6444 4
      vertex 131.1 55.5588 4
    endloop
  endfacet
  facet normal 0.453989 -0.891007 0
    outer loop
      vertex 131.268 55.6444 4
      vertex 131.1 55.5588 2.5
      vertex 131.268 55.6444 2.5
    endloop
  endfacet
  facet normal 0.156126 0.987737 -0
    outer loop
      vertex 131.812 52.2099 2.5
      vertex 131.626 52.2393 4
      vertex 131.812 52.2099 4
    endloop
  endfacet
  facet normal 0.156126 0.987737 0
    outer loop
      vertex 131.626 52.2393 4
      vertex 131.812 52.2099 2.5
      vertex 131.626 52.2393 2.5
    endloop
  endfacet
  facet normal 0.705253 0.708956 5.05247e-18
    outer loop
      vertex 130.796 52.6623 4
      vertex 130.662 52.7956 2.5
      vertex 130.662 52.7956 4
    endloop
  endfacet
  facet normal 0.705253 0.708956 5.05247e-18
    outer loop
      vertex 130.662 52.7956 2.5
      vertex 130.796 52.6623 4
      vertex 130.796 52.6623 2.5
    endloop
  endfacet
  facet normal -0.0525867 -0.998616 0
    outer loop
      vertex 132 55.8 2.5
      vertex 132.188 55.7901 4
      vertex 132 55.8 4
    endloop
  endfacet
  facet normal -0.0525867 -0.998616 -0
    outer loop
      vertex 132.188 55.7901 4
      vertex 132 55.8 2.5
      vertex 132.188 55.7901 2.5
    endloop
  endfacet
  facet normal 0.630192 0.776439 -0
    outer loop
      vertex 130.942 52.5438 2.5
      vertex 130.796 52.6623 4
      vertex 130.942 52.5438 4
    endloop
  endfacet
  facet normal 0.630192 0.776439 0
    outer loop
      vertex 130.796 52.6623 4
      vertex 130.942 52.5438 2.5
      vertex 130.796 52.6623 2.5
    endloop
  endfacet
  facet normal 0.988063 0.154053 1.39008e-18
    outer loop
      vertex 130.239 53.6258 4
      vertex 130.21 53.8118 2.5
      vertex 130.21 53.8118 4
    endloop
  endfacet
  facet normal 0.988063 0.154053 1.39008e-18
    outer loop
      vertex 130.21 53.8118 2.5
      vertex 130.239 53.6258 4
      vertex 130.239 53.6258 2.5
    endloop
  endfacet
  facet normal 0.544615 0.838686 -0
    outer loop
      vertex 131.1 52.4412 2.5
      vertex 130.942 52.5438 4
      vertex 131.1 52.4412 4
    endloop
  endfacet
  facet normal 0.544615 0.838686 0
    outer loop
      vertex 130.942 52.5438 4
      vertex 131.1 52.4412 2.5
      vertex 130.942 52.5438 2.5
    endloop
  endfacet
  facet normal 0.258984 0.965882 -0
    outer loop
      vertex 131.626 52.2393 2.5
      vertex 131.444 52.2881 4
      vertex 131.626 52.2393 4
    endloop
  endfacet
  facet normal 0.258984 0.965882 0
    outer loop
      vertex 131.444 52.2881 4
      vertex 131.626 52.2393 2.5
      vertex 131.444 52.2881 2.5
    endloop
  endfacet
  facet normal -0.630192 0.776439 0
    outer loop
      vertex 133.204 52.6623 2.5
      vertex 133.058 52.5438 4
      vertex 133.204 52.6623 4
    endloop
  endfacet
  facet normal -0.630192 0.776439 0
    outer loop
      vertex 133.058 52.5438 4
      vertex 133.204 52.6623 2.5
      vertex 133.058 52.5438 2.5
    endloop
  endfacet
  facet normal -0.156126 -0.987737 0
    outer loop
      vertex 132.188 55.7901 2.5
      vertex 132.374 55.7607 4
      vertex 132.188 55.7901 4
    endloop
  endfacet
  facet normal -0.156126 -0.987737 -0
    outer loop
      vertex 132.374 55.7607 4
      vertex 132.188 55.7901 2.5
      vertex 132.374 55.7607 2.5
    endloop
  endfacet
  facet normal 0.965616 -0.259973 -1.3866e-18
    outer loop
      vertex 130.239 54.3742 4
      vertex 130.288 54.5562 2.5
      vertex 130.288 54.5562 4
    endloop
  endfacet
  facet normal 0.965616 -0.259973 -1.3866e-18
    outer loop
      vertex 130.288 54.5562 2.5
      vertex 130.239 54.3742 4
      vertex 130.239 54.3742 2.5
    endloop
  endfacet
  facet normal 0.99859 -0.0530882 2.43569e-19
    outer loop
      vertex 130.2 54 4
      vertex 130.21 54.1881 2.5
      vertex 130.21 54.1881 4
    endloop
  endfacet
  facet normal 0.99859 -0.0530882 2.43569e-19
    outer loop
      vertex 130.21 54.1881 2.5
      vertex 130.2 54 4
      vertex 130.2 54 2.5
    endloop
  endfacet
  facet normal 0.998591 0.0530601 2.22233e-19
    outer loop
      vertex 130.21 53.8118 4
      vertex 130.2 54 2.5
      vertex 130.2 54 4
    endloop
  endfacet
  facet normal 0.998591 0.0530601 2.22233e-19
    outer loop
      vertex 130.2 54 2.5
      vertex 130.21 53.8118 4
      vertex 130.21 53.8118 2.5
    endloop
  endfacet
  facet normal 0.0525867 0.998616 -0
    outer loop
      vertex 132 52.2 2.5
      vertex 131.812 52.2099 4
      vertex 132 52.2 4
    endloop
  endfacet
  facet normal 0.0525867 0.998616 0
    outer loop
      vertex 131.812 52.2099 4
      vertex 132 52.2 2.5
      vertex 131.812 52.2099 2.5
    endloop
  endfacet
  facet normal -0.778581 0.627545 2.0311e-20
    outer loop
      vertex 133.338 52.7956 2.5
      vertex 133.456 52.942 4
      vertex 133.456 52.942 2.5
    endloop
  endfacet
  facet normal -0.778581 0.627545 2.0311e-20
    outer loop
      vertex 133.456 52.942 4
      vertex 133.338 52.7956 2.5
      vertex 133.338 52.7956 4
    endloop
  endfacet
  facet normal -0.705253 0.708956 -5.05247e-18
    outer loop
      vertex 133.204 52.6623 2.5
      vertex 133.338 52.7956 4
      vertex 133.338 52.7956 2.5
    endloop
  endfacet
  facet normal -0.705253 0.708956 -5.05247e-18
    outer loop
      vertex 133.338 52.7956 4
      vertex 133.204 52.6623 2.5
      vertex 133.204 52.6623 4
    endloop
  endfacet
  facet normal 0 -1 0
    outer loop
      vertex 130.239 57.05 0
      vertex 133.761 57.05 2.5
      vertex 130.239 57.05 2.5
    endloop
  endfacet
  facet normal 0 -1 -0
    outer loop
      vertex 133.761 57.05 2.5
      vertex 130.239 57.05 0
      vertex 133.761 57.05 0
    endloop
  endfacet
  facet normal -0.866015 -0.500017 -1.66243e-17
    outer loop
      vertex 135.522 54 0
      vertex 133.761 57.05 2.5
      vertex 133.761 57.05 0
    endloop
  endfacet
  facet normal -0.866015 -0.500017 -1.66243e-17
    outer loop
      vertex 133.761 57.05 2.5
      vertex 135.522 54 0
      vertex 135.522 54 2.5
    endloop
  endfacet
  facet normal 0.866015 -0.500017 1.66243e-17
    outer loop
      vertex 128.478 54 2.5
      vertex 130.239 57.05 0
      vertex 130.239 57.05 2.5
    endloop
  endfacet
  facet normal 0.866015 -0.500017 1.66243e-17
    outer loop
      vertex 130.239 57.05 0
      vertex 128.478 54 2.5
      vertex 128.478 54 0
    endloop
  endfacet
  facet normal 0.866015 0.500017 -1.66243e-17
    outer loop
      vertex 130.239 50.95 2.5
      vertex 128.478 54 0
      vertex 128.478 54 2.5
    endloop
  endfacet
  facet normal 0.866015 0.500017 -1.66243e-17
    outer loop
      vertex 128.478 54 0
      vertex 130.239 50.95 2.5
      vertex 130.239 50.95 0
    endloop
  endfacet
  facet normal -0 0 -1
    outer loop
      vertex 135.522 54 2.5
      vertex 133.79 53.8118 2.5
      vertex 133.8 54 2.5
    endloop
  endfacet
  facet normal 0 0 -1
    outer loop
      vertex 133.559 53.1 2.5
      vertex 135.522 54 2.5
      vertex 133.761 50.95 2.5
    endloop
  endfacet
  facet normal 0 0 -1
    outer loop
      vertex 135.522 54 2.5
      vertex 133.761 53.6258 2.5
      vertex 133.79 53.8118 2.5
    endloop
  endfacet
  facet normal 0 0 -1
    outer loop
      vertex 135.522 54 2.5
      vertex 133.712 53.4438 2.5
      vertex 133.761 53.6258 2.5
    endloop
  endfacet
  facet normal 0 0 -1
    outer loop
      vertex 135.522 54 2.5
      vertex 133.644 53.2679 2.5
      vertex 133.712 53.4438 2.5
    endloop
  endfacet
  facet normal 0 0 -1
    outer loop
      vertex 135.522 54 2.5
      vertex 133.559 53.1 2.5
      vertex 133.644 53.2679 2.5
    endloop
  endfacet
  facet normal 0 0 -1
    outer loop
      vertex 133.761 50.95 2.5
      vertex 133.456 52.942 2.5
      vertex 133.559 53.1 2.5
    endloop
  endfacet
  facet normal 0 0 -1
    outer loop
      vertex 133.761 50.95 2.5
      vertex 133.338 52.7956 2.5
      vertex 133.456 52.942 2.5
    endloop
  endfacet
  facet normal 0 0 -1
    outer loop
      vertex 133.761 50.95 2.5
      vertex 133.204 52.6623 2.5
      vertex 133.338 52.7956 2.5
    endloop
  endfacet
  facet normal 0 0 -1
    outer loop
      vertex 133.761 50.95 2.5
      vertex 133.058 52.5438 2.5
      vertex 133.204 52.6623 2.5
    endloop
  endfacet
  facet normal 0 0 -1
    outer loop
      vertex 133.761 50.95 2.5
      vertex 132.9 52.4412 2.5
      vertex 133.058 52.5438 2.5
    endloop
  endfacet
  facet normal 0 0 -1
    outer loop
      vertex 133.761 50.95 2.5
      vertex 132.732 52.3556 2.5
      vertex 132.9 52.4412 2.5
    endloop
  endfacet
  facet normal 0 0 -1
    outer loop
      vertex 133.761 50.95 2.5
      vertex 132.556 52.2881 2.5
      vertex 132.732 52.3556 2.5
    endloop
  endfacet
  facet normal 0 0 -1
    outer loop
      vertex 133.761 50.95 2.5
      vertex 132.374 52.2393 2.5
      vertex 132.556 52.2881 2.5
    endloop
  endfacet
  facet normal 0 0 -1
    outer loop
      vertex 133.761 50.95 2.5
      vertex 132.188 52.2099 2.5
      vertex 132.374 52.2393 2.5
    endloop
  endfacet
  facet normal 0 0 -1
    outer loop
      vertex 133.761 50.95 2.5
      vertex 132 52.2 2.5
      vertex 132.188 52.2099 2.5
    endloop
  endfacet
  facet normal 0 0 -1
    outer loop
      vertex 130.239 50.95 2.5
      vertex 132 52.2 2.5
      vertex 133.761 50.95 2.5
    endloop
  endfacet
  facet normal -0 0 -1
    outer loop
      vertex 132 52.2 2.5
      vertex 130.239 50.95 2.5
      vertex 131.812 52.2099 2.5
    endloop
  endfacet
  facet normal -0 0 -1
    outer loop
      vertex 131.812 52.2099 2.5
      vertex 130.239 50.95 2.5
      vertex 131.626 52.2393 2.5
    endloop
  endfacet
  facet normal -0 0 -1
    outer loop
      vertex 131.626 52.2393 2.5
      vertex 130.239 50.95 2.5
      vertex 131.444 52.2881 2.5
    endloop
  endfacet
  facet normal -0 0 -1
    outer loop
      vertex 131.444 52.2881 2.5
      vertex 130.239 50.95 2.5
      vertex 131.268 52.3556 2.5
    endloop
  endfacet
  facet normal -0 0 -1
    outer loop
      vertex 131.268 52.3556 2.5
      vertex 130.239 50.95 2.5
      vertex 131.1 52.4412 2.5
    endloop
  endfacet
  facet normal 0 0 -1
    outer loop
      vertex 130.239 50.95 2.5
      vertex 130.942 52.5438 2.5
      vertex 131.1 52.4412 2.5
    endloop
  endfacet
  facet normal 0 0 -1
    outer loop
      vertex 130.239 50.95 2.5
      vertex 130.796 52.6623 2.5
      vertex 130.942 52.5438 2.5
    endloop
  endfacet
  facet normal 0 0 -1
    outer loop
      vertex 130.239 50.95 2.5
      vertex 130.662 52.7956 2.5
      vertex 130.796 52.6623 2.5
    endloop
  endfacet
  facet normal 0 0 -1
    outer loop
      vertex 130.239 50.95 2.5
      vertex 130.544 52.942 2.5
      vertex 130.662 52.7956 2.5
    endloop
  endfacet
  facet normal 0 0 -1
    outer loop
      vertex 130.239 50.95 2.5
      vertex 130.441 53.1 2.5
      vertex 130.544 52.942 2.5
    endloop
  endfacet
  facet normal 0 0 -1
    outer loop
      vertex 128.478 54 2.5
      vertex 130.441 53.1 2.5
      vertex 130.239 50.95 2.5
    endloop
  endfacet
  facet normal 0 0 -1
    outer loop
      vertex 130.441 53.1 2.5
      vertex 128.478 54 2.5
      vertex 130.356 53.2679 2.5
    endloop
  endfacet
  facet normal 0 0 -1
    outer loop
      vertex 130.356 53.2679 2.5
      vertex 128.478 54 2.5
      vertex 130.288 53.4438 2.5
    endloop
  endfacet
  facet normal 0 0 -1
    outer loop
      vertex 130.288 53.4438 2.5
      vertex 128.478 54 2.5
      vertex 130.239 53.6258 2.5
    endloop
  endfacet
  facet normal 0 0 -1
    outer loop
      vertex 130.239 53.6258 2.5
      vertex 128.478 54 2.5
      vertex 130.21 53.8118 2.5
    endloop
  endfacet
  facet normal 0 0 -1
    outer loop
      vertex 130.21 53.8118 2.5
      vertex 128.478 54 2.5
      vertex 130.2 54 2.5
    endloop
  endfacet
  facet normal 0 0 -1
    outer loop
      vertex 133.79 54.1881 2.5
      vertex 135.522 54 2.5
      vertex 133.8 54 2.5
    endloop
  endfacet
  facet normal 0 0 -1
    outer loop
      vertex 133.761 54.3742 2.5
      vertex 135.522 54 2.5
      vertex 133.79 54.1881 2.5
    endloop
  endfacet
  facet normal 0 0 -1
    outer loop
      vertex 133.712 54.5562 2.5
      vertex 135.522 54 2.5
      vertex 133.761 54.3742 2.5
    endloop
  endfacet
  facet normal 0 0 -1
    outer loop
      vertex 133.644 54.7321 2.5
      vertex 135.522 54 2.5
      vertex 133.712 54.5562 2.5
    endloop
  endfacet
  facet normal 0 0 -1
    outer loop
      vertex 133.559 54.9 2.5
      vertex 135.522 54 2.5
      vertex 133.644 54.7321 2.5
    endloop
  endfacet
  facet normal 0 0 -1
    outer loop
      vertex 135.522 54 2.5
      vertex 133.559 54.9 2.5
      vertex 133.761 57.05 2.5
    endloop
  endfacet
  facet normal 0 0 -1
    outer loop
      vertex 133.456 55.058 2.5
      vertex 133.761 57.05 2.5
      vertex 133.559 54.9 2.5
    endloop
  endfacet
  facet normal 0 0 -1
    outer loop
      vertex 133.338 55.2044 2.5
      vertex 133.761 57.05 2.5
      vertex 133.456 55.058 2.5
    endloop
  endfacet
  facet normal 0 0 -1
    outer loop
      vertex 133.204 55.3377 2.5
      vertex 133.761 57.05 2.5
      vertex 133.338 55.2044 2.5
    endloop
  endfacet
  facet normal 0 0 -1
    outer loop
      vertex 133.058 55.4562 2.5
      vertex 133.761 57.05 2.5
      vertex 133.204 55.3377 2.5
    endloop
  endfacet
  facet normal 0 0 -1
    outer loop
      vertex 132.9 55.5588 2.5
      vertex 133.761 57.05 2.5
      vertex 133.058 55.4562 2.5
    endloop
  endfacet
  facet normal 0 0 -1
    outer loop
      vertex 132.732 55.6444 2.5
      vertex 133.761 57.05 2.5
      vertex 132.9 55.5588 2.5
    endloop
  endfacet
  facet normal 0 0 -1
    outer loop
      vertex 132.556 55.7119 2.5
      vertex 133.761 57.05 2.5
      vertex 132.732 55.6444 2.5
    endloop
  endfacet
  facet normal 0 0 -1
    outer loop
      vertex 132.374 55.7607 2.5
      vertex 133.761 57.05 2.5
      vertex 132.556 55.7119 2.5
    endloop
  endfacet
  facet normal 0 0 -1
    outer loop
      vertex 132.188 55.7901 2.5
      vertex 133.761 57.05 2.5
      vertex 132.374 55.7607 2.5
    endloop
  endfacet
  facet normal 0 0 -1
    outer loop
      vertex 132 55.8 2.5
      vertex 133.761 57.05 2.5
      vertex 132.188 55.7901 2.5
    endloop
  endfacet
  facet normal 0 0 -1
    outer loop
      vertex 130.239 57.05 2.5
      vertex 132 55.8 2.5
      vertex 131.812 55.7901 2.5
    endloop
  endfacet
  facet normal 0 0 -1
    outer loop
      vertex 130.239 57.05 2.5
      vertex 131.812 55.7901 2.5
      vertex 131.626 55.7607 2.5
    endloop
  endfacet
  facet normal 0 0 -1
    outer loop
      vertex 130.239 57.05 2.5
      vertex 131.626 55.7607 2.5
      vertex 131.444 55.7119 2.5
    endloop
  endfacet
  facet normal 0 0 -1
    outer loop
      vertex 130.239 57.05 2.5
      vertex 131.444 55.7119 2.5
      vertex 131.268 55.6444 2.5
    endloop
  endfacet
  facet normal 0 0 -1
    outer loop
      vertex 130.239 57.05 2.5
      vertex 131.268 55.6444 2.5
      vertex 131.1 55.5588 2.5
    endloop
  endfacet
  facet normal 0 0 -1
    outer loop
      vertex 132 55.8 2.5
      vertex 130.239 57.05 2.5
      vertex 133.761 57.05 2.5
    endloop
  endfacet
  facet normal 0 0 -1
    outer loop
      vertex 130.942 55.4562 2.5
      vertex 130.239 57.05 2.5
      vertex 131.1 55.5588 2.5
    endloop
  endfacet
  facet normal 0 0 -1
    outer loop
      vertex 130.796 55.3377 2.5
      vertex 130.239 57.05 2.5
      vertex 130.942 55.4562 2.5
    endloop
  endfacet
  facet normal 0 0 -1
    outer loop
      vertex 130.662 55.2044 2.5
      vertex 130.239 57.05 2.5
      vertex 130.796 55.3377 2.5
    endloop
  endfacet
  facet normal 0 0 -1
    outer loop
      vertex 130.544 55.058 2.5
      vertex 130.239 57.05 2.5
      vertex 130.662 55.2044 2.5
    endloop
  endfacet
  facet normal 0 0 -1
    outer loop
      vertex 130.441 54.9 2.5
      vertex 130.239 57.05 2.5
      vertex 130.544 55.058 2.5
    endloop
  endfacet
  facet normal 0 0 -1
    outer loop
      vertex 128.478 54 2.5
      vertex 130.441 54.9 2.5
      vertex 130.356 54.7321 2.5
    endloop
  endfacet
  facet normal 0 0 -1
    outer loop
      vertex 128.478 54 2.5
      vertex 130.356 54.7321 2.5
      vertex 130.288 54.5562 2.5
    endloop
  endfacet
  facet normal 0 0 -1
    outer loop
      vertex 128.478 54 2.5
      vertex 130.288 54.5562 2.5
      vertex 130.239 54.3742 2.5
    endloop
  endfacet
  facet normal 0 0 -1
    outer loop
      vertex 128.478 54 2.5
      vertex 130.239 54.3742 2.5
      vertex 130.21 54.1881 2.5
    endloop
  endfacet
  facet normal 0 0 -1
    outer loop
      vertex 128.478 54 2.5
      vertex 130.21 54.1881 2.5
      vertex 130.2 54 2.5
    endloop
  endfacet
  facet normal -0 0 -1
    outer loop
      vertex 130.441 54.9 2.5
      vertex 128.478 54 2.5
      vertex 130.239 57.05 2.5
    endloop
  endfacet
  facet normal -0.866015 0.500017 1.66243e-17
    outer loop
      vertex 133.761 50.95 0
      vertex 135.522 54 2.5
      vertex 135.522 54 0
    endloop
  endfacet
  facet normal -0.866015 0.500017 1.66243e-17
    outer loop
      vertex 135.522 54 2.5
      vertex 133.761 50.95 0
      vertex 133.761 50.95 2.5
    endloop
  endfacet
  facet normal 0 1 -0
    outer loop
      vertex 133.761 50.95 0
      vertex 130.239 50.95 2.5
      vertex 133.761 50.95 2.5
    endloop
  endfacet
  facet normal 0 1 0
    outer loop
      vertex 130.239 50.95 2.5
      vertex 133.761 50.95 0
      vertex 130.239 50.95 0
    endloop
  endfacet
  facet normal 0.258786 -0.965935 0
    outer loop
      vertex 152.444 7.7119 2.5
      vertex 152.626 7.76066 4
      vertex 152.444 7.7119 4
    endloop
  endfacet
  facet normal 0.258786 -0.965935 0
    outer loop
      vertex 152.626 7.76066 4
      vertex 152.444 7.7119 2.5
      vertex 152.626 7.76066 2.5
    endloop
  endfacet
  facet normal -0.998591 0.0530742 1.06064e-20
    outer loop
      vertex 154.79 5.81185 2.5
      vertex 154.8 6 4
      vertex 154.8 6 2.5
    endloop
  endfacet
  facet normal -0.998591 0.0530742 1.06064e-20
    outer loop
      vertex 154.8 6 4
      vertex 154.79 5.81185 2.5
      vertex 154.79 5.81185 4
    endloop
  endfacet
  facet normal 0.54469 -0.838638 0
    outer loop
      vertex 151.942 7.45623 2.5
      vertex 152.1 7.55885 4
      vertex 151.942 7.45623 4
    endloop
  endfacet
  facet normal 0.54469 -0.838638 0
    outer loop
      vertex 152.1 7.55885 4
      vertex 151.942 7.45623 2.5
      vertex 152.1 7.55885 2.5
    endloop
  endfacet
  facet normal 0.965612 -0.259987 1.17817e-18
    outer loop
      vertex 151.239 6.37424 4
      vertex 151.288 6.55623 2.5
      vertex 151.288 6.55623 4
    endloop
  endfacet
  facet normal 0.965612 -0.259987 1.17817e-18
    outer loop
      vertex 151.288 6.55623 2.5
      vertex 151.239 6.37424 4
      vertex 151.239 6.37424 2.5
    endloop
  endfacet
  facet normal -0.837732 0.546082 2.53898e-18
    outer loop
      vertex 154.456 4.94199 2.5
      vertex 154.559 5.1 4
      vertex 154.559 5.1 2.5
    endloop
  endfacet
  facet normal -0.837732 0.546082 2.53898e-18
    outer loop
      vertex 154.559 5.1 4
      vertex 154.456 4.94199 2.5
      vertex 154.456 4.94199 4
    endloop
  endfacet
  facet normal -0.0523748 -0.998627 0
    outer loop
      vertex 153 7.8 2.5
      vertex 153.188 7.79014 4
      vertex 153 7.8 4
    endloop
  endfacet
  facet normal -0.0523748 -0.998627 -0
    outer loop
      vertex 153.188 7.79014 4
      vertex 153 7.8 2.5
      vertex 153.188 7.79014 2.5
    endloop
  endfacet
  facet normal 0.156541 -0.987672 0
    outer loop
      vertex 152.626 7.76066 2.5
      vertex 152.812 7.79014 4
      vertex 152.626 7.76066 4
    endloop
  endfacet
  facet normal 0.156541 -0.987672 0
    outer loop
      vertex 152.812 7.79014 4
      vertex 152.626 7.76066 2.5
      vertex 152.812 7.79014 2.5
    endloop
  endfacet
  facet normal -0.630416 -0.776257 0
    outer loop
      vertex 154.058 7.45623 2.5
      vertex 154.204 7.33766 4
      vertex 154.058 7.45623 4
    endloop
  endfacet
  facet normal -0.630416 -0.776257 -0
    outer loop
      vertex 154.204 7.33766 4
      vertex 154.058 7.45623 2.5
      vertex 154.204 7.33766 2.5
    endloop
  endfacet
  facet normal 0.70504 0.709168 9.43297e-19
    outer loop
      vertex 151.796 4.66234 4
      vertex 151.662 4.79556 2.5
      vertex 151.662 4.79556 4
    endloop
  endfacet
  facet normal 0.70504 0.709168 9.43297e-19
    outer loop
      vertex 151.662 4.79556 2.5
      vertex 151.796 4.66234 4
      vertex 151.796 4.66234 2.5
    endloop
  endfacet
  facet normal -0.453695 -0.891157 0
    outer loop
      vertex 153.732 7.64438 2.5
      vertex 153.9 7.55885 4
      vertex 153.732 7.64438 4
    endloop
  endfacet
  facet normal -0.453695 -0.891157 -0
    outer loop
      vertex 153.9 7.55885 4
      vertex 153.732 7.64438 2.5
      vertex 153.9 7.55885 2.5
    endloop
  endfacet
  facet normal -0.892152 0.451736 -2.78432e-18
    outer loop
      vertex 154.559 5.1 2.5
      vertex 154.644 5.26787 4
      vertex 154.644 5.26787 2.5
    endloop
  endfacet
  facet normal -0.892152 0.451736 -2.78432e-18
    outer loop
      vertex 154.644 5.26787 4
      vertex 154.559 5.1 2.5
      vertex 154.559 5.1 4
    endloop
  endfacet
  facet normal -0.988074 -0.15398 2.88701e-19
    outer loop
      vertex 154.79 6.18815 2.5
      vertex 154.761 6.37424 4
      vertex 154.761 6.37424 2.5
    endloop
  endfacet
  facet normal -0.988074 -0.15398 2.88701e-19
    outer loop
      vertex 154.761 6.37424 4
      vertex 154.79 6.18815 2.5
      vertex 154.79 6.18815 4
    endloop
  endfacet
  facet normal 0.630416 -0.776257 0
    outer loop
      vertex 151.796 7.33766 2.5
      vertex 151.942 7.45623 4
      vertex 151.796 7.33766 4
    endloop
  endfacet
  facet normal 0.630416 -0.776257 0
    outer loop
      vertex 151.942 7.45623 4
      vertex 151.796 7.33766 2.5
      vertex 151.942 7.45623 2.5
    endloop
  endfacet
  facet normal -0.998591 -0.0530742 -1.06064e-20
    outer loop
      vertex 154.8 6 2.5
      vertex 154.79 6.18815 4
      vertex 154.79 6.18815 2.5
    endloop
  endfacet
  facet normal -0.998591 -0.0530742 -1.06064e-20
    outer loop
      vertex 154.79 6.18815 4
      vertex 154.8 6 2.5
      vertex 154.8 6 4
    endloop
  endfacet
  facet normal 0.453695 0.891157 -0
    outer loop
      vertex 152.268 4.35562 2.5
      vertex 152.1 4.44115 4
      vertex 152.268 4.35562 4
    endloop
  endfacet
  facet normal 0.453695 0.891157 0
    outer loop
      vertex 152.1 4.44115 4
      vertex 152.268 4.35562 2.5
      vertex 152.1 4.44115 2.5
    endloop
  endfacet
  facet normal -0.258786 -0.965935 0
    outer loop
      vertex 153.374 7.76066 2.5
      vertex 153.556 7.7119 4
      vertex 153.374 7.76066 4
    endloop
  endfacet
  facet normal -0.258786 -0.965935 -0
    outer loop
      vertex 153.556 7.7119 4
      vertex 153.374 7.76066 2.5
      vertex 153.556 7.7119 2.5
    endloop
  endfacet
  facet normal -0.453695 0.891157 0
    outer loop
      vertex 153.9 4.44115 2.5
      vertex 153.732 4.35562 4
      vertex 153.9 4.44115 4
    endloop
  endfacet
  facet normal -0.453695 0.891157 0
    outer loop
      vertex 153.732 4.35562 4
      vertex 153.9 4.44115 2.5
      vertex 153.732 4.35562 2.5
    endloop
  endfacet
  facet normal -0.358183 -0.933652 0
    outer loop
      vertex 153.556 7.7119 2.5
      vertex 153.732 7.64438 4
      vertex 153.556 7.7119 4
    endloop
  endfacet
  facet normal -0.358183 -0.933652 -0
    outer loop
      vertex 153.732 7.64438 4
      vertex 153.556 7.7119 2.5
      vertex 153.732 7.64438 2.5
    endloop
  endfacet
  facet normal 0.705066 -0.709141 -5.44746e-18
    outer loop
      vertex 151.662 7.20443 4
      vertex 151.796 7.33766 2.5
      vertex 151.796 7.33766 4
    endloop
  endfacet
  facet normal 0.705066 -0.709141 -5.44746e-18
    outer loop
      vertex 151.796 7.33766 2.5
      vertex 151.662 7.20443 4
      vertex 151.662 7.20443 2.5
    endloop
  endfacet
  facet normal -0.988074 0.15398 -2.88701e-19
    outer loop
      vertex 154.761 5.62576 2.5
      vertex 154.79 5.81185 4
      vertex 154.79 5.81185 2.5
    endloop
  endfacet
  facet normal -0.988074 0.15398 -2.88701e-19
    outer loop
      vertex 154.79 5.81185 4
      vertex 154.761 5.62576 2.5
      vertex 154.761 5.62576 4
    endloop
  endfacet
  facet normal -0.156541 -0.987672 0
    outer loop
      vertex 153.188 7.79014 2.5
      vertex 153.374 7.76066 4
      vertex 153.188 7.79014 4
    endloop
  endfacet
  facet normal -0.156541 -0.987672 -0
    outer loop
      vertex 153.374 7.76066 4
      vertex 153.188 7.79014 2.5
      vertex 153.374 7.76066 2.5
    endloop
  endfacet
  facet normal -0.54469 -0.838638 0
    outer loop
      vertex 153.9 7.55885 2.5
      vertex 154.058 7.45623 4
      vertex 153.9 7.55885 4
    endloop
  endfacet
  facet normal -0.54469 -0.838638 -0
    outer loop
      vertex 154.058 7.45623 4
      vertex 153.9 7.55885 2.5
      vertex 154.058 7.45623 2.5
    endloop
  endfacet
  facet normal -0.705066 -0.709141 5.44746e-18
    outer loop
      vertex 154.338 7.20443 2.5
      vertex 154.204 7.33766 4
      vertex 154.204 7.33766 2.5
    endloop
  endfacet
  facet normal -0.705066 -0.709141 5.44746e-18
    outer loop
      vertex 154.204 7.33766 4
      vertex 154.338 7.20443 2.5
      vertex 154.338 7.20443 4
    endloop
  endfacet
  facet normal 0.453695 -0.891157 0
    outer loop
      vertex 152.1 7.55885 2.5
      vertex 152.268 7.64438 4
      vertex 152.1 7.55885 4
    endloop
  endfacet
  facet normal 0.453695 -0.891157 0
    outer loop
      vertex 152.268 7.64438 4
      vertex 152.1 7.55885 2.5
      vertex 152.268 7.64438 2.5
    endloop
  endfacet
  facet normal -0.778623 -0.627493 -5.7663e-18
    outer loop
      vertex 154.456 7.05801 2.5
      vertex 154.338 7.20443 4
      vertex 154.338 7.20443 2.5
    endloop
  endfacet
  facet normal -0.778623 -0.627493 -5.7663e-18
    outer loop
      vertex 154.338 7.20443 4
      vertex 154.456 7.05801 2.5
      vertex 154.456 7.05801 4
    endloop
  endfacet
  facet normal -0.965612 -0.259987 -1.17817e-18
    outer loop
      vertex 154.761 6.37424 2.5
      vertex 154.712 6.55623 4
      vertex 154.712 6.55623 2.5
    endloop
  endfacet
  facet normal -0.965612 -0.259987 -1.17817e-18
    outer loop
      vertex 154.712 6.55623 4
      vertex 154.761 6.37424 2.5
      vertex 154.761 6.37424 4
    endloop
  endfacet
  facet normal 0.837732 -0.546082 2.53898e-18
    outer loop
      vertex 151.441 6.9 4
      vertex 151.544 7.05801 2.5
      vertex 151.544 7.05801 4
    endloop
  endfacet
  facet normal 0.837732 -0.546082 2.53898e-18
    outer loop
      vertex 151.544 7.05801 2.5
      vertex 151.441 6.9 4
      vertex 151.441 6.9 2.5
    endloop
  endfacet
  facet normal 0.932729 -0.360578 2.8904e-18
    outer loop
      vertex 151.288 6.55623 4
      vertex 151.356 6.73213 2.5
      vertex 151.356 6.73213 4
    endloop
  endfacet
  facet normal 0.932729 -0.360578 2.8904e-18
    outer loop
      vertex 151.356 6.73213 2.5
      vertex 151.288 6.55623 4
      vertex 151.288 6.55623 2.5
    endloop
  endfacet
  facet normal -0.932729 -0.360578 -2.8904e-18
    outer loop
      vertex 154.712 6.55623 2.5
      vertex 154.644 6.73213 4
      vertex 154.644 6.73213 2.5
    endloop
  endfacet
  facet normal -0.932729 -0.360578 -2.8904e-18
    outer loop
      vertex 154.644 6.73213 4
      vertex 154.712 6.55623 2.5
      vertex 154.712 6.55623 4
    endloop
  endfacet
  facet normal 0.965612 0.259987 -1.17817e-18
    outer loop
      vertex 151.288 5.44377 4
      vertex 151.239 5.62576 2.5
      vertex 151.239 5.62576 4
    endloop
  endfacet
  facet normal 0.965612 0.259987 -1.17817e-18
    outer loop
      vertex 151.239 5.62576 2.5
      vertex 151.288 5.44377 4
      vertex 151.288 5.44377 2.5
    endloop
  endfacet
  facet normal -0.892152 -0.451736 2.78432e-18
    outer loop
      vertex 154.644 6.73213 2.5
      vertex 154.559 6.9 4
      vertex 154.559 6.9 2.5
    endloop
  endfacet
  facet normal -0.892152 -0.451736 2.78432e-18
    outer loop
      vertex 154.559 6.9 4
      vertex 154.644 6.73213 2.5
      vertex 154.644 6.73213 4
    endloop
  endfacet
  facet normal 0.0523748 -0.998627 0
    outer loop
      vertex 152.812 7.79014 2.5
      vertex 153 7.8 4
      vertex 152.812 7.79014 4
    endloop
  endfacet
  facet normal 0.0523748 -0.998627 0
    outer loop
      vertex 153 7.8 4
      vertex 152.812 7.79014 2.5
      vertex 153 7.8 2.5
    endloop
  endfacet
  facet normal 0.837732 0.546082 -2.53898e-18
    outer loop
      vertex 151.544 4.94199 4
      vertex 151.441 5.1 2.5
      vertex 151.441 5.1 4
    endloop
  endfacet
  facet normal 0.837732 0.546082 -2.53898e-18
    outer loop
      vertex 151.441 5.1 2.5
      vertex 151.544 4.94199 4
      vertex 151.544 4.94199 2.5
    endloop
  endfacet
  facet normal -0.156489 0.98768 0
    outer loop
      vertex 153.374 4.23933 2.5
      vertex 153.188 4.20986 4
      vertex 153.374 4.23933 4
    endloop
  endfacet
  facet normal -0.156489 0.98768 0
    outer loop
      vertex 153.188 4.20986 4
      vertex 153.374 4.23933 2.5
      vertex 153.188 4.20986 2.5
    endloop
  endfacet
  facet normal 0.156489 0.98768 -0
    outer loop
      vertex 152.812 4.20986 2.5
      vertex 152.626 4.23933 4
      vertex 152.812 4.20986 4
    endloop
  endfacet
  facet normal 0.156489 0.98768 0
    outer loop
      vertex 152.626 4.23933 4
      vertex 152.812 4.20986 2.5
      vertex 152.626 4.23933 2.5
    endloop
  endfacet
  facet normal 0.988074 0.15398 2.88701e-19
    outer loop
      vertex 151.239 5.62576 4
      vertex 151.21 5.81185 2.5
      vertex 151.21 5.81185 4
    endloop
  endfacet
  facet normal 0.988074 0.15398 2.88701e-19
    outer loop
      vertex 151.21 5.81185 2.5
      vertex 151.239 5.62576 4
      vertex 151.239 5.62576 2.5
    endloop
  endfacet
  facet normal -0.258835 0.965922 0
    outer loop
      vertex 153.556 4.2881 2.5
      vertex 153.374 4.23933 4
      vertex 153.556 4.2881 4
    endloop
  endfacet
  facet normal -0.258835 0.965922 0
    outer loop
      vertex 153.374 4.23933 4
      vertex 153.556 4.2881 2.5
      vertex 153.374 4.23933 2.5
    endloop
  endfacet
  facet normal 0.778623 -0.627493 5.7663e-18
    outer loop
      vertex 151.544 7.05801 4
      vertex 151.662 7.20443 2.5
      vertex 151.662 7.20443 4
    endloop
  endfacet
  facet normal 0.778623 -0.627493 5.7663e-18
    outer loop
      vertex 151.662 7.20443 2.5
      vertex 151.544 7.05801 4
      vertex 151.544 7.05801 2.5
    endloop
  endfacet
  facet normal 0.988074 -0.15398 -2.88701e-19
    outer loop
      vertex 151.21 6.18815 4
      vertex 151.239 6.37424 2.5
      vertex 151.239 6.37424 4
    endloop
  endfacet
  facet normal 0.988074 -0.15398 -2.88701e-19
    outer loop
      vertex 151.239 6.37424 2.5
      vertex 151.21 6.18815 4
      vertex 151.21 6.18815 2.5
    endloop
  endfacet
  facet normal 0.998591 0.0530742 -1.06064e-20
    outer loop
      vertex 151.21 5.81185 4
      vertex 151.2 6 2.5
      vertex 151.2 6 4
    endloop
  endfacet
  facet normal 0.998591 0.0530742 -1.06064e-20
    outer loop
      vertex 151.2 6 2.5
      vertex 151.21 5.81185 4
      vertex 151.21 5.81185 2.5
    endloop
  endfacet
  facet normal 0.778643 0.627467 4.9394e-18
    outer loop
      vertex 151.662 4.79556 4
      vertex 151.544 4.94199 2.5
      vertex 151.544 4.94199 4
    endloop
  endfacet
  facet normal 0.778643 0.627467 4.9394e-18
    outer loop
      vertex 151.544 4.94199 2.5
      vertex 151.662 4.79556 4
      vertex 151.662 4.79556 2.5
    endloop
  endfacet
  facet normal -0.965612 0.259987 1.17817e-18
    outer loop
      vertex 154.712 5.44377 2.5
      vertex 154.761 5.62576 4
      vertex 154.761 5.62576 2.5
    endloop
  endfacet
  facet normal -0.965612 0.259987 1.17817e-18
    outer loop
      vertex 154.761 5.62576 4
      vertex 154.712 5.44377 2.5
      vertex 154.712 5.44377 4
    endloop
  endfacet
  facet normal -0.932729 0.360578 2.8904e-18
    outer loop
      vertex 154.644 5.26787 2.5
      vertex 154.712 5.44377 4
      vertex 154.712 5.44377 2.5
    endloop
  endfacet
  facet normal -0.932729 0.360578 2.8904e-18
    outer loop
      vertex 154.712 5.44377 4
      vertex 154.644 5.26787 2.5
      vertex 154.644 5.26787 4
    endloop
  endfacet
  facet normal -0.837732 -0.546082 -2.53898e-18
    outer loop
      vertex 154.559 6.9 2.5
      vertex 154.456 7.05801 4
      vertex 154.456 7.05801 2.5
    endloop
  endfacet
  facet normal -0.837732 -0.546082 -2.53898e-18
    outer loop
      vertex 154.456 7.05801 4
      vertex 154.559 6.9 2.5
      vertex 154.559 6.9 4
    endloop
  endfacet
  facet normal -0.54469 0.838638 0
    outer loop
      vertex 154.058 4.54377 2.5
      vertex 153.9 4.44115 4
      vertex 154.058 4.54377 4
    endloop
  endfacet
  facet normal -0.54469 0.838638 0
    outer loop
      vertex 153.9 4.44115 4
      vertex 154.058 4.54377 2.5
      vertex 153.9 4.44115 2.5
    endloop
  endfacet
  facet normal 0.630416 0.776257 -0
    outer loop
      vertex 151.942 4.54377 2.5
      vertex 151.796 4.66234 4
      vertex 151.942 4.54377 4
    endloop
  endfacet
  facet normal 0.630416 0.776257 0
    outer loop
      vertex 151.796 4.66234 4
      vertex 151.942 4.54377 2.5
      vertex 151.796 4.66234 2.5
    endloop
  endfacet
  facet normal 0.932729 0.360578 -2.8904e-18
    outer loop
      vertex 151.356 5.26787 4
      vertex 151.288 5.44377 2.5
      vertex 151.288 5.44377 4
    endloop
  endfacet
  facet normal 0.932729 0.360578 -2.8904e-18
    outer loop
      vertex 151.288 5.44377 2.5
      vertex 151.356 5.26787 4
      vertex 151.356 5.26787 2.5
    endloop
  endfacet
  facet normal 0.998591 -0.0530742 1.06064e-20
    outer loop
      vertex 151.2 6 4
      vertex 151.21 6.18815 2.5
      vertex 151.21 6.18815 4
    endloop
  endfacet
  facet normal 0.998591 -0.0530742 1.06064e-20
    outer loop
      vertex 151.21 6.18815 2.5
      vertex 151.2 6 4
      vertex 151.2 6 2.5
    endloop
  endfacet
  facet normal 0.358183 -0.933652 0
    outer loop
      vertex 152.268 7.64438 2.5
      vertex 152.444 7.7119 4
      vertex 152.268 7.64438 4
    endloop
  endfacet
  facet normal 0.358183 -0.933652 0
    outer loop
      vertex 152.444 7.7119 4
      vertex 152.268 7.64438 2.5
      vertex 152.444 7.7119 2.5
    endloop
  endfacet
  facet normal 0.892152 0.451736 2.78432e-18
    outer loop
      vertex 151.441 5.1 4
      vertex 151.356 5.26787 2.5
      vertex 151.356 5.26787 4
    endloop
  endfacet
  facet normal 0.892152 0.451736 2.78432e-18
    outer loop
      vertex 151.356 5.26787 2.5
      vertex 151.441 5.1 4
      vertex 151.441 5.1 2.5
    endloop
  endfacet
  facet normal 0.258835 0.965922 -0
    outer loop
      vertex 152.626 4.23933 2.5
      vertex 152.444 4.2881 4
      vertex 152.626 4.23933 4
    endloop
  endfacet
  facet normal 0.258835 0.965922 0
    outer loop
      vertex 152.444 4.2881 4
      vertex 152.626 4.23933 2.5
      vertex 152.444 4.2881 2.5
    endloop
  endfacet
  facet normal 0.0523748 0.998627 -0
    outer loop
      vertex 153 4.2 2.5
      vertex 152.812 4.20986 4
      vertex 153 4.2 4
    endloop
  endfacet
  facet normal 0.0523748 0.998627 0
    outer loop
      vertex 152.812 4.20986 4
      vertex 153 4.2 2.5
      vertex 152.812 4.20986 2.5
    endloop
  endfacet
  facet normal -0.358183 0.933652 0
    outer loop
      vertex 153.732 4.35562 2.5
      vertex 153.556 4.2881 4
      vertex 153.732 4.35562 4
    endloop
  endfacet
  facet normal -0.358183 0.933652 0
    outer loop
      vertex 153.556 4.2881 4
      vertex 153.732 4.35562 2.5
      vertex 153.556 4.2881 2.5
    endloop
  endfacet
  facet normal 0.54469 0.838638 -0
    outer loop
      vertex 152.1 4.44115 2.5
      vertex 151.942 4.54377 4
      vertex 152.1 4.44115 4
    endloop
  endfacet
  facet normal 0.54469 0.838638 0
    outer loop
      vertex 151.942 4.54377 4
      vertex 152.1 4.44115 2.5
      vertex 151.942 4.54377 2.5
    endloop
  endfacet
  facet normal -0.630416 0.776257 0
    outer loop
      vertex 154.204 4.66234 2.5
      vertex 154.058 4.54377 4
      vertex 154.204 4.66234 4
    endloop
  endfacet
  facet normal -0.630416 0.776257 0
    outer loop
      vertex 154.058 4.54377 4
      vertex 154.204 4.66234 2.5
      vertex 154.058 4.54377 2.5
    endloop
  endfacet
  facet normal 0.358183 0.933652 -0
    outer loop
      vertex 152.444 4.2881 2.5
      vertex 152.268 4.35562 4
      vertex 152.444 4.2881 4
    endloop
  endfacet
  facet normal 0.358183 0.933652 0
    outer loop
      vertex 152.268 4.35562 4
      vertex 152.444 4.2881 2.5
      vertex 152.268 4.35562 2.5
    endloop
  endfacet
  facet normal -0.778643 0.627467 -4.9394e-18
    outer loop
      vertex 154.338 4.79556 2.5
      vertex 154.456 4.94199 4
      vertex 154.456 4.94199 2.5
    endloop
  endfacet
  facet normal -0.778643 0.627467 -4.9394e-18
    outer loop
      vertex 154.456 4.94199 4
      vertex 154.338 4.79556 2.5
      vertex 154.338 4.79556 4
    endloop
  endfacet
  facet normal -0.0523748 0.998627 0
    outer loop
      vertex 153.188 4.20986 2.5
      vertex 153 4.2 4
      vertex 153.188 4.20986 4
    endloop
  endfacet
  facet normal -0.0523748 0.998627 0
    outer loop
      vertex 153 4.2 4
      vertex 153.188 4.20986 2.5
      vertex 153 4.2 2.5
    endloop
  endfacet
  facet normal 0.892152 -0.451736 -2.78432e-18
    outer loop
      vertex 151.356 6.73213 4
      vertex 151.441 6.9 2.5
      vertex 151.441 6.9 4
    endloop
  endfacet
  facet normal 0.892152 -0.451736 -2.78432e-18
    outer loop
      vertex 151.441 6.9 2.5
      vertex 151.356 6.73213 4
      vertex 151.356 6.73213 2.5
    endloop
  endfacet
  facet normal -0.70504 0.709168 -9.43297e-19
    outer loop
      vertex 154.204 4.66234 2.5
      vertex 154.338 4.79556 4
      vertex 154.338 4.79556 2.5
    endloop
  endfacet
  facet normal -0.70504 0.709168 -9.43297e-19
    outer loop
      vertex 154.338 4.79556 4
      vertex 154.204 4.66234 2.5
      vertex 154.204 4.66234 4
    endloop
  endfacet
  facet normal 0 -1 0
    outer loop
      vertex 151.239 9.05 0
      vertex 154.761 9.05 2.5
      vertex 151.239 9.05 2.5
    endloop
  endfacet
  facet normal 0 -1 -0
    outer loop
      vertex 154.761 9.05 2.5
      vertex 151.239 9.05 0
      vertex 154.761 9.05 0
    endloop
  endfacet
  facet normal -0.866015 -0.500017 -2.10628e-17
    outer loop
      vertex 156.522 6 0
      vertex 154.761 9.05 2.5
      vertex 154.761 9.05 0
    endloop
  endfacet
  facet normal -0.866015 -0.500017 -2.10628e-17
    outer loop
      vertex 154.761 9.05 2.5
      vertex 156.522 6 0
      vertex 156.522 6 2.5
    endloop
  endfacet
  facet normal 0.866015 -0.500017 2.10628e-17
    outer loop
      vertex 149.478 6 2.5
      vertex 151.239 9.05 0
      vertex 151.239 9.05 2.5
    endloop
  endfacet
  facet normal 0.866015 -0.500017 2.10628e-17
    outer loop
      vertex 151.239 9.05 0
      vertex 149.478 6 2.5
      vertex 149.478 6 0
    endloop
  endfacet
  facet normal 0.866015 0.500017 -4.51721e-17
    outer loop
      vertex 151.239 2.95 2.5
      vertex 149.478 6 0
      vertex 149.478 6 2.5
    endloop
  endfacet
  facet normal 0.866015 0.500017 -4.51721e-17
    outer loop
      vertex 149.478 6 0
      vertex 151.239 2.95 2.5
      vertex 151.239 2.95 0
    endloop
  endfacet
  facet normal -0 0 -1
    outer loop
      vertex 156.522 6 2.5
      vertex 154.79 5.81185 2.5
      vertex 154.8 6 2.5
    endloop
  endfacet
  facet normal 0 0 -1
    outer loop
      vertex 154.559 5.1 2.5
      vertex 156.522 6 2.5
      vertex 154.761 2.95 2.5
    endloop
  endfacet
  facet normal 0 0 -1
    outer loop
      vertex 156.522 6 2.5
      vertex 154.761 5.62576 2.5
      vertex 154.79 5.81185 2.5
    endloop
  endfacet
  facet normal 0 0 -1
    outer loop
      vertex 156.522 6 2.5
      vertex 154.712 5.44377 2.5
      vertex 154.761 5.62576 2.5
    endloop
  endfacet
  facet normal 0 0 -1
    outer loop
      vertex 156.522 6 2.5
      vertex 154.644 5.26787 2.5
      vertex 154.712 5.44377 2.5
    endloop
  endfacet
  facet normal 0 0 -1
    outer loop
      vertex 156.522 6 2.5
      vertex 154.559 5.1 2.5
      vertex 154.644 5.26787 2.5
    endloop
  endfacet
  facet normal 0 0 -1
    outer loop
      vertex 154.761 2.95 2.5
      vertex 154.456 4.94199 2.5
      vertex 154.559 5.1 2.5
    endloop
  endfacet
  facet normal 0 0 -1
    outer loop
      vertex 154.761 2.95 2.5
      vertex 154.338 4.79556 2.5
      vertex 154.456 4.94199 2.5
    endloop
  endfacet
  facet normal 0 0 -1
    outer loop
      vertex 154.761 2.95 2.5
      vertex 154.204 4.66234 2.5
      vertex 154.338 4.79556 2.5
    endloop
  endfacet
  facet normal 0 0 -1
    outer loop
      vertex 154.761 2.95 2.5
      vertex 154.058 4.54377 2.5
      vertex 154.204 4.66234 2.5
    endloop
  endfacet
  facet normal 0 0 -1
    outer loop
      vertex 154.761 2.95 2.5
      vertex 153.9 4.44115 2.5
      vertex 154.058 4.54377 2.5
    endloop
  endfacet
  facet normal 0 0 -1
    outer loop
      vertex 154.761 2.95 2.5
      vertex 153.732 4.35562 2.5
      vertex 153.9 4.44115 2.5
    endloop
  endfacet
  facet normal 0 0 -1
    outer loop
      vertex 154.761 2.95 2.5
      vertex 153.556 4.2881 2.5
      vertex 153.732 4.35562 2.5
    endloop
  endfacet
  facet normal 0 0 -1
    outer loop
      vertex 154.761 2.95 2.5
      vertex 153.374 4.23933 2.5
      vertex 153.556 4.2881 2.5
    endloop
  endfacet
  facet normal 0 0 -1
    outer loop
      vertex 154.761 2.95 2.5
      vertex 153.188 4.20986 2.5
      vertex 153.374 4.23933 2.5
    endloop
  endfacet
  facet normal 0 0 -1
    outer loop
      vertex 154.761 2.95 2.5
      vertex 153 4.2 2.5
      vertex 153.188 4.20986 2.5
    endloop
  endfacet
  facet normal 0 0 -1
    outer loop
      vertex 151.239 2.95 2.5
      vertex 153 4.2 2.5
      vertex 154.761 2.95 2.5
    endloop
  endfacet
  facet normal -0 0 -1
    outer loop
      vertex 153 4.2 2.5
      vertex 151.239 2.95 2.5
      vertex 152.812 4.20986 2.5
    endloop
  endfacet
  facet normal -0 0 -1
    outer loop
      vertex 152.812 4.20986 2.5
      vertex 151.239 2.95 2.5
      vertex 152.626 4.23933 2.5
    endloop
  endfacet
  facet normal -0 0 -1
    outer loop
      vertex 152.626 4.23933 2.5
      vertex 151.239 2.95 2.5
      vertex 152.444 4.2881 2.5
    endloop
  endfacet
  facet normal -0 0 -1
    outer loop
      vertex 152.444 4.2881 2.5
      vertex 151.239 2.95 2.5
      vertex 152.268 4.35562 2.5
    endloop
  endfacet
  facet normal -0 0 -1
    outer loop
      vertex 152.268 4.35562 2.5
      vertex 151.239 2.95 2.5
      vertex 152.1 4.44115 2.5
    endloop
  endfacet
  facet normal 0 0 -1
    outer loop
      vertex 151.239 2.95 2.5
      vertex 151.942 4.54377 2.5
      vertex 152.1 4.44115 2.5
    endloop
  endfacet
  facet normal 0 0 -1
    outer loop
      vertex 151.239 2.95 2.5
      vertex 151.796 4.66234 2.5
      vertex 151.942 4.54377 2.5
    endloop
  endfacet
  facet normal 0 0 -1
    outer loop
      vertex 151.239 2.95 2.5
      vertex 151.662 4.79556 2.5
      vertex 151.796 4.66234 2.5
    endloop
  endfacet
  facet normal 0 0 -1
    outer loop
      vertex 151.239 2.95 2.5
      vertex 151.544 4.94199 2.5
      vertex 151.662 4.79556 2.5
    endloop
  endfacet
  facet normal 0 0 -1
    outer loop
      vertex 151.239 2.95 2.5
      vertex 151.441 5.1 2.5
      vertex 151.544 4.94199 2.5
    endloop
  endfacet
  facet normal 0 0 -1
    outer loop
      vertex 149.478 6 2.5
      vertex 151.441 5.1 2.5
      vertex 151.239 2.95 2.5
    endloop
  endfacet
  facet normal 0 0 -1
    outer loop
      vertex 151.441 5.1 2.5
      vertex 149.478 6 2.5
      vertex 151.356 5.26787 2.5
    endloop
  endfacet
  facet normal 0 0 -1
    outer loop
      vertex 151.356 5.26787 2.5
      vertex 149.478 6 2.5
      vertex 151.288 5.44377 2.5
    endloop
  endfacet
  facet normal 0 0 -1
    outer loop
      vertex 151.288 5.44377 2.5
      vertex 149.478 6 2.5
      vertex 151.239 5.62576 2.5
    endloop
  endfacet
  facet normal 0 0 -1
    outer loop
      vertex 151.239 5.62576 2.5
      vertex 149.478 6 2.5
      vertex 151.21 5.81185 2.5
    endloop
  endfacet
  facet normal 0 0 -1
    outer loop
      vertex 151.21 5.81185 2.5
      vertex 149.478 6 2.5
      vertex 151.2 6 2.5
    endloop
  endfacet
  facet normal 0 0 -1
    outer loop
      vertex 154.79 6.18815 2.5
      vertex 156.522 6 2.5
      vertex 154.8 6 2.5
    endloop
  endfacet
  facet normal 0 0 -1
    outer loop
      vertex 154.761 6.37424 2.5
      vertex 156.522 6 2.5
      vertex 154.79 6.18815 2.5
    endloop
  endfacet
  facet normal 0 0 -1
    outer loop
      vertex 154.712 6.55623 2.5
      vertex 156.522 6 2.5
      vertex 154.761 6.37424 2.5
    endloop
  endfacet
  facet normal 0 0 -1
    outer loop
      vertex 154.644 6.73213 2.5
      vertex 156.522 6 2.5
      vertex 154.712 6.55623 2.5
    endloop
  endfacet
  facet normal 0 0 -1
    outer loop
      vertex 154.559 6.9 2.5
      vertex 156.522 6 2.5
      vertex 154.644 6.73213 2.5
    endloop
  endfacet
  facet normal 0 0 -1
    outer loop
      vertex 156.522 6 2.5
      vertex 154.559 6.9 2.5
      vertex 154.761 9.05 2.5
    endloop
  endfacet
  facet normal 0 0 -1
    outer loop
      vertex 154.456 7.05801 2.5
      vertex 154.761 9.05 2.5
      vertex 154.559 6.9 2.5
    endloop
  endfacet
  facet normal 0 0 -1
    outer loop
      vertex 154.338 7.20443 2.5
      vertex 154.761 9.05 2.5
      vertex 154.456 7.05801 2.5
    endloop
  endfacet
  facet normal 0 0 -1
    outer loop
      vertex 154.204 7.33766 2.5
      vertex 154.761 9.05 2.5
      vertex 154.338 7.20443 2.5
    endloop
  endfacet
  facet normal 0 0 -1
    outer loop
      vertex 154.058 7.45623 2.5
      vertex 154.761 9.05 2.5
      vertex 154.204 7.33766 2.5
    endloop
  endfacet
  facet normal 0 0 -1
    outer loop
      vertex 153.9 7.55885 2.5
      vertex 154.761 9.05 2.5
      vertex 154.058 7.45623 2.5
    endloop
  endfacet
  facet normal 0 0 -1
    outer loop
      vertex 153.732 7.64438 2.5
      vertex 154.761 9.05 2.5
      vertex 153.9 7.55885 2.5
    endloop
  endfacet
  facet normal 0 0 -1
    outer loop
      vertex 153.556 7.7119 2.5
      vertex 154.761 9.05 2.5
      vertex 153.732 7.64438 2.5
    endloop
  endfacet
  facet normal 0 0 -1
    outer loop
      vertex 153.374 7.76066 2.5
      vertex 154.761 9.05 2.5
      vertex 153.556 7.7119 2.5
    endloop
  endfacet
  facet normal 0 0 -1
    outer loop
      vertex 153.188 7.79014 2.5
      vertex 154.761 9.05 2.5
      vertex 153.374 7.76066 2.5
    endloop
  endfacet
  facet normal 0 0 -1
    outer loop
      vertex 153 7.8 2.5
      vertex 154.761 9.05 2.5
      vertex 153.188 7.79014 2.5
    endloop
  endfacet
  facet normal 0 0 -1
    outer loop
      vertex 151.239 9.05 2.5
      vertex 153 7.8 2.5
      vertex 152.812 7.79014 2.5
    endloop
  endfacet
  facet normal 0 0 -1
    outer loop
      vertex 151.239 9.05 2.5
      vertex 152.812 7.79014 2.5
      vertex 152.626 7.76066 2.5
    endloop
  endfacet
  facet normal 0 0 -1
    outer loop
      vertex 151.239 9.05 2.5
      vertex 152.626 7.76066 2.5
      vertex 152.444 7.7119 2.5
    endloop
  endfacet
  facet normal 0 0 -1
    outer loop
      vertex 151.239 9.05 2.5
      vertex 152.444 7.7119 2.5
      vertex 152.268 7.64438 2.5
    endloop
  endfacet
  facet normal 0 0 -1
    outer loop
      vertex 151.239 9.05 2.5
      vertex 152.268 7.64438 2.5
      vertex 152.1 7.55885 2.5
    endloop
  endfacet
  facet normal 0 0 -1
    outer loop
      vertex 153 7.8 2.5
      vertex 151.239 9.05 2.5
      vertex 154.761 9.05 2.5
    endloop
  endfacet
  facet normal 0 0 -1
    outer loop
      vertex 151.942 7.45623 2.5
      vertex 151.239 9.05 2.5
      vertex 152.1 7.55885 2.5
    endloop
  endfacet
  facet normal 0 0 -1
    outer loop
      vertex 151.796 7.33766 2.5
      vertex 151.239 9.05 2.5
      vertex 151.942 7.45623 2.5
    endloop
  endfacet
  facet normal 0 0 -1
    outer loop
      vertex 151.662 7.20443 2.5
      vertex 151.239 9.05 2.5
      vertex 151.796 7.33766 2.5
    endloop
  endfacet
  facet normal 0 0 -1
    outer loop
      vertex 151.544 7.05801 2.5
      vertex 151.239 9.05 2.5
      vertex 151.662 7.20443 2.5
    endloop
  endfacet
  facet normal 0 0 -1
    outer loop
      vertex 151.441 6.9 2.5
      vertex 151.239 9.05 2.5
      vertex 151.544 7.05801 2.5
    endloop
  endfacet
  facet normal 0 0 -1
    outer loop
      vertex 149.478 6 2.5
      vertex 151.441 6.9 2.5
      vertex 151.356 6.73213 2.5
    endloop
  endfacet
  facet normal 0 0 -1
    outer loop
      vertex 149.478 6 2.5
      vertex 151.356 6.73213 2.5
      vertex 151.288 6.55623 2.5
    endloop
  endfacet
  facet normal 0 0 -1
    outer loop
      vertex 149.478 6 2.5
      vertex 151.288 6.55623 2.5
      vertex 151.239 6.37424 2.5
    endloop
  endfacet
  facet normal 0 0 -1
    outer loop
      vertex 149.478 6 2.5
      vertex 151.239 6.37424 2.5
      vertex 151.21 6.18815 2.5
    endloop
  endfacet
  facet normal 0 0 -1
    outer loop
      vertex 149.478 6 2.5
      vertex 151.21 6.18815 2.5
      vertex 151.2 6 2.5
    endloop
  endfacet
  facet normal -0 0 -1
    outer loop
      vertex 151.441 6.9 2.5
      vertex 149.478 6 2.5
      vertex 151.239 9.05 2.5
    endloop
  endfacet
  facet normal -0.866015 0.500017 4.51721e-17
    outer loop
      vertex 154.761 2.95 0
      vertex 156.522 6 2.5
      vertex 156.522 6 0
    endloop
  endfacet
  facet normal -0.866015 0.500017 4.51721e-17
    outer loop
      vertex 156.522 6 2.5
      vertex 154.761 2.95 0
      vertex 154.761 2.95 2.5
    endloop
  endfacet
  facet normal 0 1 -0
    outer loop
      vertex 154.761 2.95 0
      vertex 151.239 2.95 2.5
      vertex 154.761 2.95 2.5
    endloop
  endfacet
  facet normal 0 1 0
    outer loop
      vertex 151.239 2.95 2.5
      vertex 154.761 2.95 0
      vertex 151.239 2.95 0
    endloop
  endfacet
  facet normal 0.258984 -0.965882 0
    outer loop
      vertex 152.444 55.7119 2.5
      vertex 152.626 55.7607 4
      vertex 152.444 55.7119 4
    endloop
  endfacet
  facet normal 0.258984 -0.965882 0
    outer loop
      vertex 152.626 55.7607 4
      vertex 152.444 55.7119 2.5
      vertex 152.626 55.7607 2.5
    endloop
  endfacet
  facet normal -0.998591 0.0530601 -2.22233e-19
    outer loop
      vertex 154.79 53.8118 2.5
      vertex 154.8 54 4
      vertex 154.8 54 2.5
    endloop
  endfacet
  facet normal -0.998591 0.0530601 -2.22233e-19
    outer loop
      vertex 154.8 54 4
      vertex 154.79 53.8118 2.5
      vertex 154.79 53.8118 4
    endloop
  endfacet
  facet normal 0.544615 -0.838686 0
    outer loop
      vertex 151.942 55.4562 2.5
      vertex 152.1 55.5588 4
      vertex 151.942 55.4562 4
    endloop
  endfacet
  facet normal 0.544615 -0.838686 0
    outer loop
      vertex 152.1 55.5588 4
      vertex 151.942 55.4562 2.5
      vertex 152.1 55.5588 2.5
    endloop
  endfacet
  facet normal 0.965616 -0.259973 -1.3866e-18
    outer loop
      vertex 151.239 54.3742 4
      vertex 151.288 54.5562 2.5
      vertex 151.288 54.5562 4
    endloop
  endfacet
  facet normal 0.965616 -0.259973 -1.3866e-18
    outer loop
      vertex 151.288 54.5562 2.5
      vertex 151.239 54.3742 4
      vertex 151.239 54.3742 2.5
    endloop
  endfacet
  facet normal -0.837716 0.546106 -5.81106e-18
    outer loop
      vertex 154.456 52.942 2.5
      vertex 154.559 53.1 4
      vertex 154.559 53.1 2.5
    endloop
  endfacet
  facet normal -0.837716 0.546106 -5.81106e-18
    outer loop
      vertex 154.559 53.1 4
      vertex 154.456 52.942 2.5
      vertex 154.456 52.942 4
    endloop
  endfacet
  facet normal -0.0525867 -0.998616 0
    outer loop
      vertex 153 55.8 2.5
      vertex 153.188 55.7901 4
      vertex 153 55.8 4
    endloop
  endfacet
  facet normal -0.0525867 -0.998616 -0
    outer loop
      vertex 153.188 55.7901 4
      vertex 153 55.8 2.5
      vertex 153.188 55.7901 2.5
    endloop
  endfacet
  facet normal 0.156126 -0.987737 0
    outer loop
      vertex 152.626 55.7607 2.5
      vertex 152.812 55.7901 4
      vertex 152.626 55.7607 4
    endloop
  endfacet
  facet normal 0.156126 -0.987737 0
    outer loop
      vertex 152.812 55.7901 4
      vertex 152.626 55.7607 2.5
      vertex 152.812 55.7901 2.5
    endloop
  endfacet
  facet normal -0.630192 -0.776439 0
    outer loop
      vertex 154.058 55.4562 2.5
      vertex 154.204 55.3377 4
      vertex 154.058 55.4562 4
    endloop
  endfacet
  facet normal -0.630192 -0.776439 -0
    outer loop
      vertex 154.204 55.3377 4
      vertex 154.058 55.4562 2.5
      vertex 154.204 55.3377 2.5
    endloop
  endfacet
  facet normal 0.705253 0.708956 5.05247e-18
    outer loop
      vertex 151.796 52.6623 4
      vertex 151.662 52.7956 2.5
      vertex 151.662 52.7956 4
    endloop
  endfacet
  facet normal 0.705253 0.708956 5.05247e-18
    outer loop
      vertex 151.662 52.7956 2.5
      vertex 151.796 52.6623 4
      vertex 151.796 52.6623 2.5
    endloop
  endfacet
  facet normal -0.453989 -0.891007 0
    outer loop
      vertex 153.732 55.6444 2.5
      vertex 153.9 55.5588 4
      vertex 153.732 55.6444 4
    endloop
  endfacet
  facet normal -0.453989 -0.891007 -0
    outer loop
      vertex 153.9 55.5588 4
      vertex 153.732 55.6444 2.5
      vertex 153.9 55.5588 2.5
    endloop
  endfacet
  facet normal -0.892184 0.451672 -1.93818e-18
    outer loop
      vertex 154.559 53.1 2.5
      vertex 154.644 53.2679 4
      vertex 154.644 53.2679 2.5
    endloop
  endfacet
  facet normal -0.892184 0.451672 -1.93818e-18
    outer loop
      vertex 154.644 53.2679 4
      vertex 154.559 53.1 2.5
      vertex 154.559 53.1 4
    endloop
  endfacet
  facet normal -0.988075 -0.153972 7.36038e-20
    outer loop
      vertex 154.79 54.1881 2.5
      vertex 154.761 54.3742 4
      vertex 154.761 54.3742 2.5
    endloop
  endfacet
  facet normal -0.988075 -0.153972 7.36038e-20
    outer loop
      vertex 154.761 54.3742 4
      vertex 154.79 54.1881 2.5
      vertex 154.79 54.1881 4
    endloop
  endfacet
  facet normal -0.99859 -0.0530882 -2.43569e-19
    outer loop
      vertex 154.8 54 2.5
      vertex 154.79 54.1881 4
      vertex 154.79 54.1881 2.5
    endloop
  endfacet
  facet normal -0.99859 -0.0530882 -2.43569e-19
    outer loop
      vertex 154.79 54.1881 4
      vertex 154.8 54 2.5
      vertex 154.8 54 4
    endloop
  endfacet
  facet normal 0.453989 0.891007 -0
    outer loop
      vertex 152.268 52.3556 2.5
      vertex 152.1 52.4412 4
      vertex 152.268 52.3556 4
    endloop
  endfacet
  facet normal 0.453989 0.891007 0
    outer loop
      vertex 152.1 52.4412 4
      vertex 152.268 52.3556 2.5
      vertex 152.1 52.4412 2.5
    endloop
  endfacet
  facet normal -0.258984 -0.965882 0
    outer loop
      vertex 153.374 55.7607 2.5
      vertex 153.556 55.7119 4
      vertex 153.374 55.7607 4
    endloop
  endfacet
  facet normal -0.258984 -0.965882 -0
    outer loop
      vertex 153.556 55.7119 4
      vertex 153.374 55.7607 2.5
      vertex 153.556 55.7119 2.5
    endloop
  endfacet
  facet normal -0.453989 0.891007 0
    outer loop
      vertex 153.9 52.4412 2.5
      vertex 153.732 52.3556 4
      vertex 153.9 52.4412 4
    endloop
  endfacet
  facet normal -0.453989 0.891007 0
    outer loop
      vertex 153.732 52.3556 4
      vertex 153.9 52.4412 2.5
      vertex 153.732 52.3556 2.5
    endloop
  endfacet
  facet normal -0.35809 -0.933687 0
    outer loop
      vertex 153.556 55.7119 2.5
      vertex 153.732 55.6444 4
      vertex 153.556 55.7119 4
    endloop
  endfacet
  facet normal -0.35809 -0.933687 -0
    outer loop
      vertex 153.732 55.6444 4
      vertex 153.556 55.7119 2.5
      vertex 153.732 55.6444 2.5
    endloop
  endfacet
  facet normal 0.705253 -0.708956 -5.05247e-18
    outer loop
      vertex 151.662 55.2044 4
      vertex 151.796 55.3377 2.5
      vertex 151.796 55.3377 4
    endloop
  endfacet
  facet normal 0.705253 -0.708956 -5.05247e-18
    outer loop
      vertex 151.796 55.3377 2.5
      vertex 151.662 55.2044 4
      vertex 151.662 55.2044 2.5
    endloop
  endfacet
  facet normal -0.988063 0.154053 -1.39008e-18
    outer loop
      vertex 154.761 53.6258 2.5
      vertex 154.79 53.8118 4
      vertex 154.79 53.8118 2.5
    endloop
  endfacet
  facet normal -0.988063 0.154053 -1.39008e-18
    outer loop
      vertex 154.79 53.8118 4
      vertex 154.761 53.6258 2.5
      vertex 154.761 53.6258 4
    endloop
  endfacet
  facet normal -0.156126 -0.987737 0
    outer loop
      vertex 153.188 55.7901 2.5
      vertex 153.374 55.7607 4
      vertex 153.188 55.7901 4
    endloop
  endfacet
  facet normal -0.156126 -0.987737 -0
    outer loop
      vertex 153.374 55.7607 4
      vertex 153.188 55.7901 2.5
      vertex 153.374 55.7607 2.5
    endloop
  endfacet
  facet normal -0.544615 -0.838686 0
    outer loop
      vertex 153.9 55.5588 2.5
      vertex 154.058 55.4562 4
      vertex 153.9 55.5588 4
    endloop
  endfacet
  facet normal -0.544615 -0.838686 -0
    outer loop
      vertex 154.058 55.4562 4
      vertex 153.9 55.5588 2.5
      vertex 154.058 55.4562 2.5
    endloop
  endfacet
  facet normal -0.705253 -0.708956 5.05247e-18
    outer loop
      vertex 154.338 55.2044 2.5
      vertex 154.204 55.3377 4
      vertex 154.204 55.3377 2.5
    endloop
  endfacet
  facet normal -0.705253 -0.708956 5.05247e-18
    outer loop
      vertex 154.204 55.3377 4
      vertex 154.338 55.2044 2.5
      vertex 154.338 55.2044 4
    endloop
  endfacet
  facet normal 0.630192 -0.776439 0
    outer loop
      vertex 151.796 55.3377 2.5
      vertex 151.942 55.4562 4
      vertex 151.796 55.3377 4
    endloop
  endfacet
  facet normal 0.630192 -0.776439 0
    outer loop
      vertex 151.942 55.4562 4
      vertex 151.796 55.3377 2.5
      vertex 151.942 55.4562 2.5
    endloop
  endfacet
  facet normal 0.453989 -0.891007 0
    outer loop
      vertex 152.1 55.5588 2.5
      vertex 152.268 55.6444 4
      vertex 152.1 55.5588 4
    endloop
  endfacet
  facet normal 0.453989 -0.891007 0
    outer loop
      vertex 152.268 55.6444 4
      vertex 152.1 55.5588 2.5
      vertex 152.268 55.6444 2.5
    endloop
  endfacet
  facet normal -0.778581 -0.627545 -2.0311e-20
    outer loop
      vertex 154.456 55.058 2.5
      vertex 154.338 55.2044 4
      vertex 154.338 55.2044 2.5
    endloop
  endfacet
  facet normal -0.778581 -0.627545 -2.0311e-20
    outer loop
      vertex 154.338 55.2044 4
      vertex 154.456 55.058 2.5
      vertex 154.456 55.058 4
    endloop
  endfacet
  facet normal -0.965616 -0.259973 1.3866e-18
    outer loop
      vertex 154.761 54.3742 2.5
      vertex 154.712 54.5562 4
      vertex 154.712 54.5562 2.5
    endloop
  endfacet
  facet normal -0.965616 -0.259973 1.3866e-18
    outer loop
      vertex 154.712 54.5562 4
      vertex 154.761 54.3742 2.5
      vertex 154.761 54.3742 4
    endloop
  endfacet
  facet normal 0.837716 -0.546106 -5.81106e-18
    outer loop
      vertex 151.441 54.9 4
      vertex 151.544 55.058 2.5
      vertex 151.544 55.058 4
    endloop
  endfacet
  facet normal 0.837716 -0.546106 -5.81106e-18
    outer loop
      vertex 151.544 55.058 2.5
      vertex 151.441 54.9 4
      vertex 151.441 54.9 2.5
    endloop
  endfacet
  facet normal 0.932729 -0.360578 1.12428e-18
    outer loop
      vertex 151.288 54.5562 4
      vertex 151.356 54.7321 2.5
      vertex 151.356 54.7321 4
    endloop
  endfacet
  facet normal 0.932729 -0.360578 1.12428e-18
    outer loop
      vertex 151.356 54.7321 2.5
      vertex 151.288 54.5562 4
      vertex 151.288 54.5562 2.5
    endloop
  endfacet
  facet normal -0.932729 -0.360578 -1.12428e-18
    outer loop
      vertex 154.712 54.5562 2.5
      vertex 154.644 54.7321 4
      vertex 154.644 54.7321 2.5
    endloop
  endfacet
  facet normal -0.932729 -0.360578 -1.12428e-18
    outer loop
      vertex 154.644 54.7321 4
      vertex 154.712 54.5562 2.5
      vertex 154.712 54.5562 4
    endloop
  endfacet
  facet normal 0.965616 0.259973 1.3866e-18
    outer loop
      vertex 151.288 53.4438 4
      vertex 151.239 53.6258 2.5
      vertex 151.239 53.6258 4
    endloop
  endfacet
  facet normal 0.965616 0.259973 1.3866e-18
    outer loop
      vertex 151.239 53.6258 2.5
      vertex 151.288 53.4438 4
      vertex 151.288 53.4438 2.5
    endloop
  endfacet
  facet normal -0.892184 -0.451672 1.93818e-18
    outer loop
      vertex 154.644 54.7321 2.5
      vertex 154.559 54.9 4
      vertex 154.559 54.9 2.5
    endloop
  endfacet
  facet normal -0.892184 -0.451672 1.93818e-18
    outer loop
      vertex 154.559 54.9 4
      vertex 154.644 54.7321 2.5
      vertex 154.644 54.7321 4
    endloop
  endfacet
  facet normal 0.0525867 -0.998616 0
    outer loop
      vertex 152.812 55.7901 2.5
      vertex 153 55.8 4
      vertex 152.812 55.7901 4
    endloop
  endfacet
  facet normal 0.0525867 -0.998616 0
    outer loop
      vertex 153 55.8 4
      vertex 152.812 55.7901 2.5
      vertex 153 55.8 2.5
    endloop
  endfacet
  facet normal 0.837716 0.546106 5.81106e-18
    outer loop
      vertex 151.544 52.942 4
      vertex 151.441 53.1 2.5
      vertex 151.441 53.1 4
    endloop
  endfacet
  facet normal 0.837716 0.546106 5.81106e-18
    outer loop
      vertex 151.441 53.1 2.5
      vertex 151.544 52.942 4
      vertex 151.544 52.942 2.5
    endloop
  endfacet
  facet normal -0.156126 0.987737 0
    outer loop
      vertex 153.374 52.2393 2.5
      vertex 153.188 52.2099 4
      vertex 153.374 52.2393 4
    endloop
  endfacet
  facet normal -0.156126 0.987737 0
    outer loop
      vertex 153.188 52.2099 4
      vertex 153.374 52.2393 2.5
      vertex 153.188 52.2099 2.5
    endloop
  endfacet
  facet normal 0.156126 0.987737 -0
    outer loop
      vertex 152.812 52.2099 2.5
      vertex 152.626 52.2393 4
      vertex 152.812 52.2099 4
    endloop
  endfacet
  facet normal 0.156126 0.987737 0
    outer loop
      vertex 152.626 52.2393 4
      vertex 152.812 52.2099 2.5
      vertex 152.626 52.2393 2.5
    endloop
  endfacet
  facet normal 0.988063 0.154053 1.39008e-18
    outer loop
      vertex 151.239 53.6258 4
      vertex 151.21 53.8118 2.5
      vertex 151.21 53.8118 4
    endloop
  endfacet
  facet normal 0.988063 0.154053 1.39008e-18
    outer loop
      vertex 151.21 53.8118 2.5
      vertex 151.239 53.6258 4
      vertex 151.239 53.6258 2.5
    endloop
  endfacet
  facet normal -0.258984 0.965882 0
    outer loop
      vertex 153.556 52.2881 2.5
      vertex 153.374 52.2393 4
      vertex 153.556 52.2881 4
    endloop
  endfacet
  facet normal -0.258984 0.965882 0
    outer loop
      vertex 153.374 52.2393 4
      vertex 153.556 52.2881 2.5
      vertex 153.374 52.2393 2.5
    endloop
  endfacet
  facet normal 0.778581 -0.627545 2.0311e-20
    outer loop
      vertex 151.544 55.058 4
      vertex 151.662 55.2044 2.5
      vertex 151.662 55.2044 4
    endloop
  endfacet
  facet normal 0.778581 -0.627545 2.0311e-20
    outer loop
      vertex 151.662 55.2044 2.5
      vertex 151.544 55.058 4
      vertex 151.544 55.058 2.5
    endloop
  endfacet
  facet normal 0.988075 -0.153972 -7.36038e-20
    outer loop
      vertex 151.21 54.1881 4
      vertex 151.239 54.3742 2.5
      vertex 151.239 54.3742 4
    endloop
  endfacet
  facet normal 0.988075 -0.153972 -7.36038e-20
    outer loop
      vertex 151.239 54.3742 2.5
      vertex 151.21 54.1881 4
      vertex 151.21 54.1881 2.5
    endloop
  endfacet
  facet normal 0.998591 0.0530601 2.22233e-19
    outer loop
      vertex 151.21 53.8118 4
      vertex 151.2 54 2.5
      vertex 151.2 54 4
    endloop
  endfacet
  facet normal 0.998591 0.0530601 2.22233e-19
    outer loop
      vertex 151.2 54 2.5
      vertex 151.21 53.8118 4
      vertex 151.21 53.8118 2.5
    endloop
  endfacet
  facet normal 0.778581 0.627545 -2.0311e-20
    outer loop
      vertex 151.662 52.7956 4
      vertex 151.544 52.942 2.5
      vertex 151.544 52.942 4
    endloop
  endfacet
  facet normal 0.778581 0.627545 -2.0311e-20
    outer loop
      vertex 151.544 52.942 2.5
      vertex 151.662 52.7956 4
      vertex 151.662 52.7956 2.5
    endloop
  endfacet
  facet normal -0.965616 0.259973 -1.3866e-18
    outer loop
      vertex 154.712 53.4438 2.5
      vertex 154.761 53.6258 4
      vertex 154.761 53.6258 2.5
    endloop
  endfacet
  facet normal -0.965616 0.259973 -1.3866e-18
    outer loop
      vertex 154.761 53.6258 4
      vertex 154.712 53.4438 2.5
      vertex 154.712 53.4438 4
    endloop
  endfacet
  facet normal -0.932729 0.360578 1.12428e-18
    outer loop
      vertex 154.644 53.2679 2.5
      vertex 154.712 53.4438 4
      vertex 154.712 53.4438 2.5
    endloop
  endfacet
  facet normal -0.932729 0.360578 1.12428e-18
    outer loop
      vertex 154.712 53.4438 4
      vertex 154.644 53.2679 2.5
      vertex 154.644 53.2679 4
    endloop
  endfacet
  facet normal -0.837716 -0.546106 5.81106e-18
    outer loop
      vertex 154.559 54.9 2.5
      vertex 154.456 55.058 4
      vertex 154.456 55.058 2.5
    endloop
  endfacet
  facet normal -0.837716 -0.546106 5.81106e-18
    outer loop
      vertex 154.456 55.058 4
      vertex 154.559 54.9 2.5
      vertex 154.559 54.9 4
    endloop
  endfacet
  facet normal -0.544615 0.838686 0
    outer loop
      vertex 154.058 52.5438 2.5
      vertex 153.9 52.4412 4
      vertex 154.058 52.5438 4
    endloop
  endfacet
  facet normal -0.544615 0.838686 0
    outer loop
      vertex 153.9 52.4412 4
      vertex 154.058 52.5438 2.5
      vertex 153.9 52.4412 2.5
    endloop
  endfacet
  facet normal 0.630192 0.776439 -0
    outer loop
      vertex 151.942 52.5438 2.5
      vertex 151.796 52.6623 4
      vertex 151.942 52.5438 4
    endloop
  endfacet
  facet normal 0.630192 0.776439 0
    outer loop
      vertex 151.796 52.6623 4
      vertex 151.942 52.5438 2.5
      vertex 151.796 52.6623 2.5
    endloop
  endfacet
  facet normal 0.932729 0.360578 -1.12428e-18
    outer loop
      vertex 151.356 53.2679 4
      vertex 151.288 53.4438 2.5
      vertex 151.288 53.4438 4
    endloop
  endfacet
  facet normal 0.932729 0.360578 -1.12428e-18
    outer loop
      vertex 151.288 53.4438 2.5
      vertex 151.356 53.2679 4
      vertex 151.356 53.2679 2.5
    endloop
  endfacet
  facet normal 0.99859 -0.0530882 2.43569e-19
    outer loop
      vertex 151.2 54 4
      vertex 151.21 54.1881 2.5
      vertex 151.21 54.1881 4
    endloop
  endfacet
  facet normal 0.99859 -0.0530882 2.43569e-19
    outer loop
      vertex 151.21 54.1881 2.5
      vertex 151.2 54 4
      vertex 151.2 54 2.5
    endloop
  endfacet
  facet normal 0.35809 -0.933687 0
    outer loop
      vertex 152.268 55.6444 2.5
      vertex 152.444 55.7119 4
      vertex 152.268 55.6444 4
    endloop
  endfacet
  facet normal 0.35809 -0.933687 0
    outer loop
      vertex 152.444 55.7119 4
      vertex 152.268 55.6444 2.5
      vertex 152.444 55.7119 2.5
    endloop
  endfacet
  facet normal 0.892184 0.451672 1.93818e-18
    outer loop
      vertex 151.441 53.1 4
      vertex 151.356 53.2679 2.5
      vertex 151.356 53.2679 4
    endloop
  endfacet
  facet normal 0.892184 0.451672 1.93818e-18
    outer loop
      vertex 151.356 53.2679 2.5
      vertex 151.441 53.1 4
      vertex 151.441 53.1 2.5
    endloop
  endfacet
  facet normal 0.258984 0.965882 -0
    outer loop
      vertex 152.626 52.2393 2.5
      vertex 152.444 52.2881 4
      vertex 152.626 52.2393 4
    endloop
  endfacet
  facet normal 0.258984 0.965882 0
    outer loop
      vertex 152.444 52.2881 4
      vertex 152.626 52.2393 2.5
      vertex 152.444 52.2881 2.5
    endloop
  endfacet
  facet normal 0.0525867 0.998616 -0
    outer loop
      vertex 153 52.2 2.5
      vertex 152.812 52.2099 4
      vertex 153 52.2 4
    endloop
  endfacet
  facet normal 0.0525867 0.998616 0
    outer loop
      vertex 152.812 52.2099 4
      vertex 153 52.2 2.5
      vertex 152.812 52.2099 2.5
    endloop
  endfacet
  facet normal -0.35809 0.933687 0
    outer loop
      vertex 153.732 52.3556 2.5
      vertex 153.556 52.2881 4
      vertex 153.732 52.3556 4
    endloop
  endfacet
  facet normal -0.35809 0.933687 0
    outer loop
      vertex 153.556 52.2881 4
      vertex 153.732 52.3556 2.5
      vertex 153.556 52.2881 2.5
    endloop
  endfacet
  facet normal 0.544615 0.838686 -0
    outer loop
      vertex 152.1 52.4412 2.5
      vertex 151.942 52.5438 4
      vertex 152.1 52.4412 4
    endloop
  endfacet
  facet normal 0.544615 0.838686 0
    outer loop
      vertex 151.942 52.5438 4
      vertex 152.1 52.4412 2.5
      vertex 151.942 52.5438 2.5
    endloop
  endfacet
  facet normal -0.630192 0.776439 0
    outer loop
      vertex 154.204 52.6623 2.5
      vertex 154.058 52.5438 4
      vertex 154.204 52.6623 4
    endloop
  endfacet
  facet normal -0.630192 0.776439 0
    outer loop
      vertex 154.058 52.5438 4
      vertex 154.204 52.6623 2.5
      vertex 154.058 52.5438 2.5
    endloop
  endfacet
  facet normal 0.35809 0.933687 -0
    outer loop
      vertex 152.444 52.2881 2.5
      vertex 152.268 52.3556 4
      vertex 152.444 52.2881 4
    endloop
  endfacet
  facet normal 0.35809 0.933687 0
    outer loop
      vertex 152.268 52.3556 4
      vertex 152.444 52.2881 2.5
      vertex 152.268 52.3556 2.5
    endloop
  endfacet
  facet normal -0.778581 0.627545 2.0311e-20
    outer loop
      vertex 154.338 52.7956 2.5
      vertex 154.456 52.942 4
      vertex 154.456 52.942 2.5
    endloop
  endfacet
  facet normal -0.778581 0.627545 2.0311e-20
    outer loop
      vertex 154.456 52.942 4
      vertex 154.338 52.7956 2.5
      vertex 154.338 52.7956 4
    endloop
  endfacet
  facet normal -0.0525867 0.998616 0
    outer loop
      vertex 153.188 52.2099 2.5
      vertex 153 52.2 4
      vertex 153.188 52.2099 4
    endloop
  endfacet
  facet normal -0.0525867 0.998616 0
    outer loop
      vertex 153 52.2 4
      vertex 153.188 52.2099 2.5
      vertex 153 52.2 2.5
    endloop
  endfacet
  facet normal 0.892184 -0.451672 -1.93818e-18
    outer loop
      vertex 151.356 54.7321 4
      vertex 151.441 54.9 2.5
      vertex 151.441 54.9 4
    endloop
  endfacet
  facet normal 0.892184 -0.451672 -1.93818e-18
    outer loop
      vertex 151.441 54.9 2.5
      vertex 151.356 54.7321 4
      vertex 151.356 54.7321 2.5
    endloop
  endfacet
  facet normal -0.705253 0.708956 -5.05247e-18
    outer loop
      vertex 154.204 52.6623 2.5
      vertex 154.338 52.7956 4
      vertex 154.338 52.7956 2.5
    endloop
  endfacet
  facet normal -0.705253 0.708956 -5.05247e-18
    outer loop
      vertex 154.338 52.7956 4
      vertex 154.204 52.6623 2.5
      vertex 154.204 52.6623 4
    endloop
  endfacet
  facet normal 0 -1 0
    outer loop
      vertex 151.239 57.05 0
      vertex 154.761 57.05 2.5
      vertex 151.239 57.05 2.5
    endloop
  endfacet
  facet normal 0 -1 -0
    outer loop
      vertex 154.761 57.05 2.5
      vertex 151.239 57.05 0
      vertex 154.761 57.05 0
    endloop
  endfacet
  facet normal -0.866015 -0.500017 -1.66243e-17
    outer loop
      vertex 156.522 54 0
      vertex 154.761 57.05 2.5
      vertex 154.761 57.05 0
    endloop
  endfacet
  facet normal -0.866015 -0.500017 -1.66243e-17
    outer loop
      vertex 154.761 57.05 2.5
      vertex 156.522 54 0
      vertex 156.522 54 2.5
    endloop
  endfacet
  facet normal 0.866015 -0.500017 1.66243e-17
    outer loop
      vertex 149.478 54 2.5
      vertex 151.239 57.05 0
      vertex 151.239 57.05 2.5
    endloop
  endfacet
  facet normal 0.866015 -0.500017 1.66243e-17
    outer loop
      vertex 151.239 57.05 0
      vertex 149.478 54 2.5
      vertex 149.478 54 0
    endloop
  endfacet
  facet normal 0.866015 0.500017 -1.66243e-17
    outer loop
      vertex 151.239 50.95 2.5
      vertex 149.478 54 0
      vertex 149.478 54 2.5
    endloop
  endfacet
  facet normal 0.866015 0.500017 -1.66243e-17
    outer loop
      vertex 149.478 54 0
      vertex 151.239 50.95 2.5
      vertex 151.239 50.95 0
    endloop
  endfacet
  facet normal -0 0 -1
    outer loop
      vertex 156.522 54 2.5
      vertex 154.79 53.8118 2.5
      vertex 154.8 54 2.5
    endloop
  endfacet
  facet normal 0 0 -1
    outer loop
      vertex 154.559 53.1 2.5
      vertex 156.522 54 2.5
      vertex 154.761 50.95 2.5
    endloop
  endfacet
  facet normal 0 0 -1
    outer loop
      vertex 156.522 54 2.5
      vertex 154.761 53.6258 2.5
      vertex 154.79 53.8118 2.5
    endloop
  endfacet
  facet normal 0 0 -1
    outer loop
      vertex 156.522 54 2.5
      vertex 154.712 53.4438 2.5
      vertex 154.761 53.6258 2.5
    endloop
  endfacet
  facet normal 0 0 -1
    outer loop
      vertex 156.522 54 2.5
      vertex 154.644 53.2679 2.5
      vertex 154.712 53.4438 2.5
    endloop
  endfacet
  facet normal 0 0 -1
    outer loop
      vertex 156.522 54 2.5
      vertex 154.559 53.1 2.5
      vertex 154.644 53.2679 2.5
    endloop
  endfacet
  facet normal 0 0 -1
    outer loop
      vertex 154.761 50.95 2.5
      vertex 154.456 52.942 2.5
      vertex 154.559 53.1 2.5
    endloop
  endfacet
  facet normal 0 0 -1
    outer loop
      vertex 154.761 50.95 2.5
      vertex 154.338 52.7956 2.5
      vertex 154.456 52.942 2.5
    endloop
  endfacet
  facet normal 0 0 -1
    outer loop
      vertex 154.761 50.95 2.5
      vertex 154.204 52.6623 2.5
      vertex 154.338 52.7956 2.5
    endloop
  endfacet
  facet normal 0 0 -1
    outer loop
      vertex 154.761 50.95 2.5
      vertex 154.058 52.5438 2.5
      vertex 154.204 52.6623 2.5
    endloop
  endfacet
  facet normal 0 0 -1
    outer loop
      vertex 154.761 50.95 2.5
      vertex 153.9 52.4412 2.5
      vertex 154.058 52.5438 2.5
    endloop
  endfacet
  facet normal 0 0 -1
    outer loop
      vertex 154.761 50.95 2.5
      vertex 153.732 52.3556 2.5
      vertex 153.9 52.4412 2.5
    endloop
  endfacet
  facet normal 0 0 -1
    outer loop
      vertex 154.761 50.95 2.5
      vertex 153.556 52.2881 2.5
      vertex 153.732 52.3556 2.5
    endloop
  endfacet
  facet normal 0 0 -1
    outer loop
      vertex 154.761 50.95 2.5
      vertex 153.374 52.2393 2.5
      vertex 153.556 52.2881 2.5
    endloop
  endfacet
  facet normal 0 0 -1
    outer loop
      vertex 154.761 50.95 2.5
      vertex 153.188 52.2099 2.5
      vertex 153.374 52.2393 2.5
    endloop
  endfacet
  facet normal 0 0 -1
    outer loop
      vertex 154.761 50.95 2.5
      vertex 153 52.2 2.5
      vertex 153.188 52.2099 2.5
    endloop
  endfacet
  facet normal 0 0 -1
    outer loop
      vertex 151.239 50.95 2.5
      vertex 153 52.2 2.5
      vertex 154.761 50.95 2.5
    endloop
  endfacet
  facet normal -0 0 -1
    outer loop
      vertex 153 52.2 2.5
      vertex 151.239 50.95 2.5
      vertex 152.812 52.2099 2.5
    endloop
  endfacet
  facet normal -0 0 -1
    outer loop
      vertex 152.812 52.2099 2.5
      vertex 151.239 50.95 2.5
      vertex 152.626 52.2393 2.5
    endloop
  endfacet
  facet normal -0 0 -1
    outer loop
      vertex 152.626 52.2393 2.5
      vertex 151.239 50.95 2.5
      vertex 152.444 52.2881 2.5
    endloop
  endfacet
  facet normal -0 0 -1
    outer loop
      vertex 152.444 52.2881 2.5
      vertex 151.239 50.95 2.5
      vertex 152.268 52.3556 2.5
    endloop
  endfacet
  facet normal -0 0 -1
    outer loop
      vertex 152.268 52.3556 2.5
      vertex 151.239 50.95 2.5
      vertex 152.1 52.4412 2.5
    endloop
  endfacet
  facet normal 0 0 -1
    outer loop
      vertex 151.239 50.95 2.5
      vertex 151.942 52.5438 2.5
      vertex 152.1 52.4412 2.5
    endloop
  endfacet
  facet normal 0 0 -1
    outer loop
      vertex 151.239 50.95 2.5
      vertex 151.796 52.6623 2.5
      vertex 151.942 52.5438 2.5
    endloop
  endfacet
  facet normal 0 0 -1
    outer loop
      vertex 151.239 50.95 2.5
      vertex 151.662 52.7956 2.5
      vertex 151.796 52.6623 2.5
    endloop
  endfacet
  facet normal 0 0 -1
    outer loop
      vertex 151.239 50.95 2.5
      vertex 151.544 52.942 2.5
      vertex 151.662 52.7956 2.5
    endloop
  endfacet
  facet normal 0 0 -1
    outer loop
      vertex 151.239 50.95 2.5
      vertex 151.441 53.1 2.5
      vertex 151.544 52.942 2.5
    endloop
  endfacet
  facet normal 0 0 -1
    outer loop
      vertex 149.478 54 2.5
      vertex 151.441 53.1 2.5
      vertex 151.239 50.95 2.5
    endloop
  endfacet
  facet normal 0 0 -1
    outer loop
      vertex 151.441 53.1 2.5
      vertex 149.478 54 2.5
      vertex 151.356 53.2679 2.5
    endloop
  endfacet
  facet normal 0 0 -1
    outer loop
      vertex 151.356 53.2679 2.5
      vertex 149.478 54 2.5
      vertex 151.288 53.4438 2.5
    endloop
  endfacet
  facet normal 0 0 -1
    outer loop
      vertex 151.288 53.4438 2.5
      vertex 149.478 54 2.5
      vertex 151.239 53.6258 2.5
    endloop
  endfacet
  facet normal 0 0 -1
    outer loop
      vertex 151.239 53.6258 2.5
      vertex 149.478 54 2.5
      vertex 151.21 53.8118 2.5
    endloop
  endfacet
  facet normal 0 0 -1
    outer loop
      vertex 151.21 53.8118 2.5
      vertex 149.478 54 2.5
      vertex 151.2 54 2.5
    endloop
  endfacet
  facet normal 0 0 -1
    outer loop
      vertex 154.79 54.1881 2.5
      vertex 156.522 54 2.5
      vertex 154.8 54 2.5
    endloop
  endfacet
  facet normal 0 0 -1
    outer loop
      vertex 154.761 54.3742 2.5
      vertex 156.522 54 2.5
      vertex 154.79 54.1881 2.5
    endloop
  endfacet
  facet normal 0 0 -1
    outer loop
      vertex 154.712 54.5562 2.5
      vertex 156.522 54 2.5
      vertex 154.761 54.3742 2.5
    endloop
  endfacet
  facet normal 0 0 -1
    outer loop
      vertex 154.644 54.7321 2.5
      vertex 156.522 54 2.5
      vertex 154.712 54.5562 2.5
    endloop
  endfacet
  facet normal 0 0 -1
    outer loop
      vertex 154.559 54.9 2.5
      vertex 156.522 54 2.5
      vertex 154.644 54.7321 2.5
    endloop
  endfacet
  facet normal 0 0 -1
    outer loop
      vertex 156.522 54 2.5
      vertex 154.559 54.9 2.5
      vertex 154.761 57.05 2.5
    endloop
  endfacet
  facet normal 0 0 -1
    outer loop
      vertex 154.456 55.058 2.5
      vertex 154.761 57.05 2.5
      vertex 154.559 54.9 2.5
    endloop
  endfacet
  facet normal 0 0 -1
    outer loop
      vertex 154.338 55.2044 2.5
      vertex 154.761 57.05 2.5
      vertex 154.456 55.058 2.5
    endloop
  endfacet
  facet normal 0 0 -1
    outer loop
      vertex 154.204 55.3377 2.5
      vertex 154.761 57.05 2.5
      vertex 154.338 55.2044 2.5
    endloop
  endfacet
  facet normal 0 0 -1
    outer loop
      vertex 154.058 55.4562 2.5
      vertex 154.761 57.05 2.5
      vertex 154.204 55.3377 2.5
    endloop
  endfacet
  facet normal 0 0 -1
    outer loop
      vertex 153.9 55.5588 2.5
      vertex 154.761 57.05 2.5
      vertex 154.058 55.4562 2.5
    endloop
  endfacet
  facet normal 0 0 -1
    outer loop
      vertex 153.732 55.6444 2.5
      vertex 154.761 57.05 2.5
      vertex 153.9 55.5588 2.5
    endloop
  endfacet
  facet normal 0 0 -1
    outer loop
      vertex 153.556 55.7119 2.5
      vertex 154.761 57.05 2.5
      vertex 153.732 55.6444 2.5
    endloop
  endfacet
  facet normal 0 0 -1
    outer loop
      vertex 153.374 55.7607 2.5
      vertex 154.761 57.05 2.5
      vertex 153.556 55.7119 2.5
    endloop
  endfacet
  facet normal 0 0 -1
    outer loop
      vertex 153.188 55.7901 2.5
      vertex 154.761 57.05 2.5
      vertex 153.374 55.7607 2.5
    endloop
  endfacet
  facet normal 0 0 -1
    outer loop
      vertex 153 55.8 2.5
      vertex 154.761 57.05 2.5
      vertex 153.188 55.7901 2.5
    endloop
  endfacet
  facet normal 0 0 -1
    outer loop
      vertex 151.239 57.05 2.5
      vertex 153 55.8 2.5
      vertex 152.812 55.7901 2.5
    endloop
  endfacet
  facet normal 0 0 -1
    outer loop
      vertex 151.239 57.05 2.5
      vertex 152.812 55.7901 2.5
      vertex 152.626 55.7607 2.5
    endloop
  endfacet
  facet normal 0 0 -1
    outer loop
      vertex 151.239 57.05 2.5
      vertex 152.626 55.7607 2.5
      vertex 152.444 55.7119 2.5
    endloop
  endfacet
  facet normal 0 0 -1
    outer loop
      vertex 151.239 57.05 2.5
      vertex 152.444 55.7119 2.5
      vertex 152.268 55.6444 2.5
    endloop
  endfacet
  facet normal 0 0 -1
    outer loop
      vertex 151.239 57.05 2.5
      vertex 152.268 55.6444 2.5
      vertex 152.1 55.5588 2.5
    endloop
  endfacet
  facet normal 0 0 -1
    outer loop
      vertex 153 55.8 2.5
      vertex 151.239 57.05 2.5
      vertex 154.761 57.05 2.5
    endloop
  endfacet
  facet normal 0 0 -1
    outer loop
      vertex 151.942 55.4562 2.5
      vertex 151.239 57.05 2.5
      vertex 152.1 55.5588 2.5
    endloop
  endfacet
  facet normal 0 0 -1
    outer loop
      vertex 151.796 55.3377 2.5
      vertex 151.239 57.05 2.5
      vertex 151.942 55.4562 2.5
    endloop
  endfacet
  facet normal 0 0 -1
    outer loop
      vertex 151.662 55.2044 2.5
      vertex 151.239 57.05 2.5
      vertex 151.796 55.3377 2.5
    endloop
  endfacet
  facet normal 0 0 -1
    outer loop
      vertex 151.544 55.058 2.5
      vertex 151.239 57.05 2.5
      vertex 151.662 55.2044 2.5
    endloop
  endfacet
  facet normal 0 0 -1
    outer loop
      vertex 151.441 54.9 2.5
      vertex 151.239 57.05 2.5
      vertex 151.544 55.058 2.5
    endloop
  endfacet
  facet normal 0 0 -1
    outer loop
      vertex 149.478 54 2.5
      vertex 151.441 54.9 2.5
      vertex 151.356 54.7321 2.5
    endloop
  endfacet
  facet normal 0 0 -1
    outer loop
      vertex 149.478 54 2.5
      vertex 151.356 54.7321 2.5
      vertex 151.288 54.5562 2.5
    endloop
  endfacet
  facet normal 0 0 -1
    outer loop
      vertex 149.478 54 2.5
      vertex 151.288 54.5562 2.5
      vertex 151.239 54.3742 2.5
    endloop
  endfacet
  facet normal 0 0 -1
    outer loop
      vertex 149.478 54 2.5
      vertex 151.239 54.3742 2.5
      vertex 151.21 54.1881 2.5
    endloop
  endfacet
  facet normal 0 0 -1
    outer loop
      vertex 149.478 54 2.5
      vertex 151.21 54.1881 2.5
      vertex 151.2 54 2.5
    endloop
  endfacet
  facet normal -0 0 -1
    outer loop
      vertex 151.441 54.9 2.5
      vertex 149.478 54 2.5
      vertex 151.239 57.05 2.5
    endloop
  endfacet
  facet normal -0.866015 0.500017 1.66243e-17
    outer loop
      vertex 154.761 50.95 0
      vertex 156.522 54 2.5
      vertex 156.522 54 0
    endloop
  endfacet
  facet normal -0.866015 0.500017 1.66243e-17
    outer loop
      vertex 156.522 54 2.5
      vertex 154.761 50.95 0
      vertex 154.761 50.95 2.5
    endloop
  endfacet
  facet normal 0 1 -0
    outer loop
      vertex 154.761 50.95 0
      vertex 151.239 50.95 2.5
      vertex 154.761 50.95 2.5
    endloop
  endfacet
  facet normal 0 1 0
    outer loop
      vertex 151.239 50.95 2.5
      vertex 154.761 50.95 0
      vertex 151.239 50.95 0
    endloop
  endfacet
  facet normal -0.707107 2.10517e-17 0.707107
    outer loop
      vertex 0 60 2.23223
      vertex 1.76777 57 4
      vertex 1.76777 60 4
    endloop
  endfacet
  facet normal -0.707107 1.16954e-18 0.707107
    outer loop
      vertex 0 60 2.23223
      vertex 1.76777 3 4
      vertex 1.76777 57 4
    endloop
  endfacet
  facet normal -0.707107 0 0.707107
    outer loop
      vertex 0 0 2.23223
      vertex 1.76777 3 4
      vertex 0 60 2.23223
    endloop
  endfacet
  facet normal -0.707107 0 0.707107
    outer loop
      vertex 1.76777 3 4
      vertex 0 0 2.23223
      vertex 1.76777 0 4
    endloop
  endfacet
  facet normal -0.707107 0 -0.707107
    outer loop
      vertex 1.76777 57 4
      vertex 0 60 5.76777
      vertex 1.76777 60 4
    endloop
  endfacet
  facet normal -0.707107 -0 -0.707107
    outer loop
      vertex 0 60 5.76777
      vertex 1.76777 57 4
      vertex 0 57 5.76777
    endloop
  endfacet
  facet normal -0.707107 0 -0.707107
    outer loop
      vertex 1.76777 0 4
      vertex 0 3 5.76777
      vertex 1.76777 3 4
    endloop
  endfacet
  facet normal -0.707107 -0 -0.707107
    outer loop
      vertex 0 3 5.76777
      vertex 1.76777 0 4
      vertex 0 0 5.76777
    endloop
  endfacet
  facet normal -0.707107 0 0.707107
    outer loop
      vertex 201.618 15.3 3.85
      vertex 201.768 17.3 4
      vertex 201.618 17.3 3.85
    endloop
  endfacet
  facet normal -0.707107 0 0.707107
    outer loop
      vertex 201.768 17.3 4
      vertex 201.618 15.3 3.85
      vertex 201.768 15.3 4
    endloop
  endfacet
  facet normal -0.707107 0 0.707107
    outer loop
      vertex 201.618 42.7 3.85
      vertex 201.768 44.7 4
      vertex 201.618 44.7 3.85
    endloop
  endfacet
  facet normal -0.707107 0 0.707107
    outer loop
      vertex 201.768 44.7 4
      vertex 201.618 42.7 3.85
      vertex 201.768 42.7 4
    endloop
  endfacet
  facet normal -0.707061 0 -0.707153
    outer loop
      vertex 201.768 15.3 4
      vertex 200 17.3 5.76777
      vertex 201.768 17.3 4
    endloop
  endfacet
  facet normal -0.707061 -0 -0.707153
    outer loop
      vertex 200 17.3 5.76777
      vertex 201.768 15.3 4
      vertex 200 15.3 5.76777
    endloop
  endfacet
  facet normal -0.707061 0 -0.707153
    outer loop
      vertex 201.768 42.7 4
      vertex 200 44.7 5.76777
      vertex 201.768 44.7 4
    endloop
  endfacet
  facet normal -0.707061 -0 -0.707153
    outer loop
      vertex 200 44.7 5.76777
      vertex 201.768 42.7 4
      vertex 200 42.7 5.76777
    endloop
  endfacet
  facet normal 0.707061 -0 0.707153
    outer loop
      vertex 198.232 57 4
      vertex 200 60 2.23223
      vertex 198.232 60 4
    endloop
  endfacet
  facet normal 0.707061 -0 0.707153
    outer loop
      vertex 198.232 44.7 4
      vertex 200 60 2.23223
      vertex 198.232 57 4
    endloop
  endfacet
  facet normal 0.707061 -0 0.707153
    outer loop
      vertex 198.232 42.7 4
      vertex 200 60 2.23223
      vertex 198.232 44.7 4
    endloop
  endfacet
  facet normal 0.707061 -0 0.707153
    outer loop
      vertex 198.232 17.3 4
      vertex 200 60 2.23223
      vertex 198.232 42.7 4
    endloop
  endfacet
  facet normal 0.707061 3.16797e-17 0.707153
    outer loop
      vertex 200 0 2.23223
      vertex 198.232 17.3 4
      vertex 198.232 15.3 4
    endloop
  endfacet
  facet normal 0.707061 5.15117e-18 0.707153
    outer loop
      vertex 200 0 2.23223
      vertex 198.232 15.3 4
      vertex 198.232 3 4
    endloop
  endfacet
  facet normal 0.707061 2.11198e-17 0.707153
    outer loop
      vertex 200 0 2.23223
      vertex 198.232 3 4
      vertex 198.232 0 4
    endloop
  endfacet
  facet normal 0.707061 1.05599e-18 0.707153
    outer loop
      vertex 198.232 17.3 4
      vertex 200 0 2.23223
      vertex 200 60 2.23223
    endloop
  endfacet
  facet normal 0.707061 0 -0.707153
    outer loop
      vertex 200 15.3 5.76777
      vertex 198.232 17.3 4
      vertex 200 17.3 5.76777
    endloop
  endfacet
  facet normal 0.707061 0 -0.707153
    outer loop
      vertex 198.232 17.3 4
      vertex 200 15.3 5.76777
      vertex 198.232 15.3 4
    endloop
  endfacet
  facet normal 0.707061 0 -0.707153
    outer loop
      vertex 200 42.7 5.76777
      vertex 198.232 44.7 4
      vertex 200 44.7 5.76777
    endloop
  endfacet
  facet normal 0.707061 0 -0.707153
    outer loop
      vertex 198.232 44.7 4
      vertex 200 42.7 5.76777
      vertex 198.232 42.7 4
    endloop
  endfacet
  facet normal 0.707061 0 -0.707153
    outer loop
      vertex 200 0 5.76777
      vertex 198.232 3 4
      vertex 200 3 5.76777
    endloop
  endfacet
  facet normal 0.707061 0 -0.707153
    outer loop
      vertex 198.232 3 4
      vertex 200 0 5.76777
      vertex 198.232 0 4
    endloop
  endfacet
  facet normal 0.707061 0 -0.707153
    outer loop
      vertex 200 57 5.76777
      vertex 198.232 60 4
      vertex 200 60 5.76777
    endloop
  endfacet
  facet normal 0.707061 0 -0.707153
    outer loop
      vertex 198.232 60 4
      vertex 200 57 5.76777
      vertex 198.232 57 4
    endloop
  endfacet
  facet normal -1 0 0
    outer loop
      vertex 120.2 7.8 3.95
      vertex 120.2 14.2 10
      vertex 120.2 14.2 3.95
    endloop
  endfacet
  facet normal -1 -0 0
    outer loop
      vertex 120.2 14.2 10
      vertex 120.2 7.8 3.95
      vertex 120.2 7.8 10
    endloop
  endfacet
  facet normal -0 0 1
    outer loop
      vertex 79.8 14.2 3.95
      vertex 120.2 7.8 3.95
      vertex 120.2 14.2 3.95
    endloop
  endfacet
  facet normal 0 0 1
    outer loop
      vertex 120.2 7.8 3.95
      vertex 79.8 14.2 3.95
      vertex 79.8 7.8 3.95
    endloop
  endfacet
  facet normal 1 -0 0
    outer loop
      vertex 79.8 7.8 10
      vertex 79.8 14.2 3.95
      vertex 79.8 14.2 10
    endloop
  endfacet
  facet normal 1 0 0
    outer loop
      vertex 79.8 14.2 3.95
      vertex 79.8 7.8 10
      vertex 79.8 7.8 3.95
    endloop
  endfacet
  facet normal 0 -1 0
    outer loop
      vertex 79.8 14.2 3.95
      vertex 120.2 14.2 10
      vertex 79.8 14.2 10
    endloop
  endfacet
  facet normal 0 -1 -0
    outer loop
      vertex 120.2 14.2 10
      vertex 79.8 14.2 3.95
      vertex 120.2 14.2 3.95
    endloop
  endfacet
  facet normal 0 1 -0
    outer loop
      vertex 120.2 7.8 3.95
      vertex 79.8 7.8 10
      vertex 120.2 7.8 10
    endloop
  endfacet
  facet normal 0 1 0
    outer loop
      vertex 79.8 7.8 10
      vertex 120.2 7.8 3.95
      vertex 79.8 7.8 3.95
    endloop
  endfacet
  facet normal -1 0 0
    outer loop
      vertex 120.2 45.8 3.95
      vertex 120.2 52.2 10
      vertex 120.2 52.2 3.95
    endloop
  endfacet
  facet normal -1 -0 0
    outer loop
      vertex 120.2 52.2 10
      vertex 120.2 45.8 3.95
      vertex 120.2 45.8 10
    endloop
  endfacet
  facet normal -0 0 1
    outer loop
      vertex 79.8 52.2 3.95
      vertex 120.2 45.8 3.95
      vertex 120.2 52.2 3.95
    endloop
  endfacet
  facet normal 0 0 1
    outer loop
      vertex 120.2 45.8 3.95
      vertex 79.8 52.2 3.95
      vertex 79.8 45.8 3.95
    endloop
  endfacet
  facet normal 1 -0 0
    outer loop
      vertex 79.8 45.8 10
      vertex 79.8 52.2 3.95
      vertex 79.8 52.2 10
    endloop
  endfacet
  facet normal 1 0 0
    outer loop
      vertex 79.8 52.2 3.95
      vertex 79.8 45.8 10
      vertex 79.8 45.8 3.95
    endloop
  endfacet
  facet normal 0 -1 0
    outer loop
      vertex 79.8 52.2 3.95
      vertex 120.2 52.2 10
      vertex 79.8 52.2 10
    endloop
  endfacet
  facet normal 0 -1 -0
    outer loop
      vertex 120.2 52.2 10
      vertex 79.8 52.2 3.95
      vertex 120.2 52.2 3.95
    endloop
  endfacet
  facet normal 0 1 -0
    outer loop
      vertex 120.2 45.8 3.95
      vertex 79.8 45.8 10
      vertex 120.2 45.8 10
    endloop
  endfacet
  facet normal 0 1 0
    outer loop
      vertex 79.8 45.8 10
      vertex 120.2 45.8 3.95
      vertex 79.8 45.8 3.95
    endloop
  endfacet
  facet normal -1 0 0
    outer loop
      vertex 120 0 18
      vertex 120 3 40
      vertex 120 3 18
    endloop
  endfacet
  facet normal -1 -0 0
    outer loop
      vertex 120 3 40
      vertex 120 0 18
      vertex 120 0 40
    endloop
  endfacet
  facet normal 0 0 -1
    outer loop
      vertex 90 0 40
      vertex 120 3 40
      vertex 120 0 40
    endloop
  endfacet
  facet normal -0 0 -1
    outer loop
      vertex 120 3 40
      vertex 90 0 40
      vertex 90 3 40
    endloop
  endfacet
  facet normal -0 0 1
    outer loop
      vertex 90 3 18
      vertex 120 0 18
      vertex 120 3 18
    endloop
  endfacet
  facet normal 0 0 1
    outer loop
      vertex 120 0 18
      vertex 90 3 18
      vertex 90 0 18
    endloop
  endfacet
  facet normal 1 -0 0
    outer loop
      vertex 90 0 40
      vertex 90 3 18
      vertex 90 3 40
    endloop
  endfacet
  facet normal 1 0 0
    outer loop
      vertex 90 3 18
      vertex 90 0 40
      vertex 90 0 18
    endloop
  endfacet
  facet normal -1 0 0
    outer loop
      vertex 120 57 18
      vertex 120 60 40
      vertex 120 60 18
    endloop
  endfacet
  facet normal -1 -0 0
    outer loop
      vertex 120 60 40
      vertex 120 57 18
      vertex 120 57 40
    endloop
  endfacet
  facet normal 0 0 -1
    outer loop
      vertex 90 57 40
      vertex 120 60 40
      vertex 120 57 40
    endloop
  endfacet
  facet normal -0 0 -1
    outer loop
      vertex 120 60 40
      vertex 90 57 40
      vertex 90 60 40
    endloop
  endfacet
  facet normal -0 0 1
    outer loop
      vertex 90 60 18
      vertex 120 57 18
      vertex 120 60 18
    endloop
  endfacet
  facet normal 0 0 1
    outer loop
      vertex 120 57 18
      vertex 90 60 18
      vertex 90 57 18
    endloop
  endfacet
  facet normal 1 -0 0
    outer loop
      vertex 90 57 40
      vertex 90 60 18
      vertex 90 60 40
    endloop
  endfacet
  facet normal 1 0 0
    outer loop
      vertex 90 60 18
      vertex 90 57 40
      vertex 90 57 18
    endloop
  endfacet
endsolid OpenSCAD_Model
