solid OpenSCAD_Model
  facet normal 0.856628 0.0449095 0.513977
    outer loop
      vertex 22.3767 2.35189 0
      vertex 7.5 0 25
      vertex 22.5 0 0
    endloop
  endfacet
  facet normal 0.30741 0.800828 0.513978
    outer loop
      vertex 6.95288 21.3988 0
      vertex 3.05052 6.85159 25
      vertex 9.15157 20.5548 0
    endloop
  endfacet
  facet normal -0.467191 0.719416 0.513978
    outer loop
      vertex -3.75 6.49519 25
      vertex -11.25 19.4856 0
      vertex -4.40839 6.06763 25
    endloop
  endfacet
  facet normal -0.467191 -0.719416 0.513978
    outer loop
      vertex -4.40839 -6.06763 25
      vertex -13.2252 -18.2029 0
      vertex -11.25 -19.4856 0
    endloop
  endfacet
  facet normal -0.134183 0.847245 0.513976
    outer loop
      vertex -2.35189 22.3767 0
      vertex -4.67801 22.0083 0
      vertex -0.783963 7.45891 25
    endloop
  endfacet
  facet normal 0.847245 0.134182 0.513976
    outer loop
      vertex 22.0083 4.67801 0
      vertex 7.33611 1.55934 25
      vertex 7.45891 0.783963 25
    endloop
  endfacet
  facet normal 0.539841 0.666633 0.513978
    outer loop
      vertex 13.2252 18.2029 0
      vertex 4.40839 6.06763 25
      vertex 15.0554 16.7208 0
    endloop
  endfacet
  facet normal -0.847245 -0.134182 0.513976
    outer loop
      vertex -7.45891 -0.783963 25
      vertex -22.0083 -4.67801 0
      vertex -7.33611 -1.55934 25
    endloop
  endfacet
  facet normal 0.856628 -0.0449095 0.513977
    outer loop
      vertex 22.5 0 0
      vertex 7.5 0 25
      vertex 22.3767 -2.35189 0
    endloop
  endfacet
  facet normal -0.856629 0.0448986 0.513976
    outer loop
      vertex -7.45891 0.783963 25
      vertex -22.3767 2.35189 0
      vertex -7.5 0 25
    endloop
  endfacet
  facet normal -0.539833 0.666639 0.513977
    outer loop
      vertex -4.40839 6.06763 25
      vertex -15.0554 16.7208 0
      vertex -5.01848 5.57359 25
    endloop
  endfacet
  facet normal 0.221999 0.82858 0.513977
    outer loop
      vertex 4.67801 22.0083 0
      vertex 1.55934 7.33611 25
      vertex 6.95288 21.3988 0
    endloop
  endfacet
  facet normal 0.467191 -0.719416 0.513978
    outer loop
      vertex 13.2252 -18.2029 0
      vertex 4.40839 -6.06763 25
      vertex 11.25 -19.4856 0
    endloop
  endfacet
  facet normal -0.221999 0.82858 0.513977
    outer loop
      vertex -4.67801 22.0083 0
      vertex -6.95288 21.3988 0
      vertex -1.55934 7.33611 25
    endloop
  endfacet
  facet normal 0.30741 -0.800828 0.513978
    outer loop
      vertex 9.15157 -20.5548 0
      vertex 3.05052 -6.85159 25
      vertex 6.95288 -21.3988 0
    endloop
  endfacet
  facet normal 0.134182 0.847245 0.513976
    outer loop
      vertex 4.67801 22.0083 0
      vertex 0.783963 7.45891 25
      vertex 1.55934 7.33611 25
    endloop
  endfacet
  facet normal 0.666633 -0.539841 0.513978
    outer loop
      vertex 18.2029 -13.2252 0
      vertex 6.06763 -4.40839 25
      vertex 16.7208 -15.0554 0
    endloop
  endfacet
  facet normal 0.800829 0.307409 0.513978
    outer loop
      vertex 21.3988 6.95288 0
      vertex 6.85159 3.05052 25
      vertex 7.13292 2.31763 25
    endloop
  endfacet
  facet normal 0.82858 -0.221999 0.513977
    outer loop
      vertex 22.0083 -4.67801 0
      vertex 7.33611 -1.55934 25
      vertex 21.3988 -6.95288 0
    endloop
  endfacet
  facet normal -0.0449095 0.856628 0.513977
    outer loop
      vertex 0 22.5 0
      vertex -2.35189 22.3767 0
      vertex 0 7.5 25
    endloop
  endfacet
  facet normal -0.666639 0.539833 0.513977
    outer loop
      vertex -5.57359 5.01848 25
      vertex -16.7208 15.0554 0
      vertex -6.06763 4.40839 25
    endloop
  endfacet
  facet normal 0.847245 -0.134182 0.513976
    outer loop
      vertex 7.45891 -0.783963 25
      vertex 7.33611 -1.55934 25
      vertex 22.0083 -4.67801 0
    endloop
  endfacet
  facet normal 0.847245 0.134183 0.513976
    outer loop
      vertex 22.0083 4.67801 0
      vertex 7.45891 0.783963 25
      vertex 22.3767 2.35189 0
    endloop
  endfacet
  facet normal -0.389434 -0.764309 0.513978
    outer loop
      vertex -9.15157 -20.5548 0
      vertex -3.75 -6.49519 25
      vertex -11.25 -19.4856 0
    endloop
  endfacet
  facet normal -0.389432 -0.76431 0.513978
    outer loop
      vertex -3.75 -6.49519 25
      vertex -9.15157 -20.5548 0
      vertex -3.05052 -6.85159 25
    endloop
  endfacet
  facet normal -0.856628 0.0449095 0.513977
    outer loop
      vertex -22.3767 2.35189 0
      vertex -22.5 0 0
      vertex -7.5 0 25
    endloop
  endfacet
  facet normal -0.847245 0.134182 0.513976
    outer loop
      vertex -7.33611 1.55934 25
      vertex -22.0083 4.67801 0
      vertex -7.45891 0.783963 25
    endloop
  endfacet
  facet normal 0.0449095 -0.856628 0.513977
    outer loop
      vertex 0 -7.5 25
      vertex 0 -22.5 0
      vertex 2.35189 -22.3767 0
    endloop
  endfacet
  facet normal -0.76431 -0.389432 0.513978
    outer loop
      vertex -20.5548 -9.15157 0
      vertex -6.49519 -3.75 25
      vertex -6.85159 -3.05052 25
    endloop
  endfacet
  facet normal -0.764309 -0.389434 0.513978
    outer loop
      vertex -6.49519 -3.75 25
      vertex -20.5548 -9.15157 0
      vertex -19.4856 -11.25 0
    endloop
  endfacet
  facet normal 0.719416 -0.467191 0.513978
    outer loop
      vertex 6.49519 -3.75 25
      vertex 6.06763 -4.40839 25
      vertex 19.4856 -11.25 0
    endloop
  endfacet
  facet normal 0.666633 0.539841 0.513978
    outer loop
      vertex 16.7208 15.0554 0
      vertex 6.06763 4.40839 25
      vertex 18.2029 13.2252 0
    endloop
  endfacet
  facet normal 0.0448986 0.856629 0.513976
    outer loop
      vertex 2.35189 22.3767 0
      vertex 0 7.5 25
      vertex 0.783963 7.45891 25
    endloop
  endfacet
  facet normal -0.800828 -0.30741 0.513978
    outer loop
      vertex -6.85159 -3.05052 25
      vertex -21.3988 -6.95288 0
      vertex -20.5548 -9.15157 0
    endloop
  endfacet
  facet normal -0.606559 0.606559 0.513977
    outer loop
      vertex -16.7208 15.0554 0
      vertex -5.01848 5.57359 25
      vertex -15.0554 16.7208 0
    endloop
  endfacet
  facet normal -0.606559 0.606559 0.513977
    outer loop
      vertex -5.01848 5.57359 25
      vertex -16.7208 15.0554 0
      vertex -5.57359 5.01848 25
    endloop
  endfacet
  facet normal -0.719416 -0.467191 0.513978
    outer loop
      vertex -6.06763 -4.40839 25
      vertex -19.4856 -11.25 0
      vertex -18.2029 -13.2252 0
    endloop
  endfacet
  facet normal -0.719416 0.467191 0.513978
    outer loop
      vertex -18.2029 13.2252 0
      vertex -19.4856 11.25 0
      vertex -6.06763 4.40839 25
    endloop
  endfacet
  facet normal -0.800828 0.30741 0.513978
    outer loop
      vertex -20.5548 9.15157 0
      vertex -21.3988 6.95288 0
      vertex -6.85159 3.05052 25
    endloop
  endfacet
  facet normal 0.606559 -0.606559 0.513977
    outer loop
      vertex 5.01848 -5.57359 25
      vertex 16.7208 -15.0554 0
      vertex 5.57359 -5.01848 25
    endloop
  endfacet
  facet normal 0.606559 -0.606559 0.513977
    outer loop
      vertex 16.7208 -15.0554 0
      vertex 5.01848 -5.57359 25
      vertex 15.0554 -16.7208 0
    endloop
  endfacet
  facet normal 0.76431 -0.389432 0.513978
    outer loop
      vertex 6.49519 -3.75 25
      vertex 20.5548 -9.15157 0
      vertex 6.85159 -3.05052 25
    endloop
  endfacet
  facet normal 0.764309 -0.389434 0.513978
    outer loop
      vertex 20.5548 -9.15157 0
      vertex 6.49519 -3.75 25
      vertex 19.4856 -11.25 0
    endloop
  endfacet
  facet normal 0.539833 -0.666639 0.513977
    outer loop
      vertex 5.01848 -5.57359 25
      vertex 4.40839 -6.06763 25
      vertex 15.0554 -16.7208 0
    endloop
  endfacet
  facet normal -0.222023 0.828573 0.513978
    outer loop
      vertex -1.55934 7.33611 25
      vertex -6.95288 21.3988 0
      vertex -2.31763 7.13292 25
    endloop
  endfacet
  facet normal -0.666633 0.539841 0.513978
    outer loop
      vertex -16.7208 15.0554 0
      vertex -18.2029 13.2252 0
      vertex -6.06763 4.40839 25
    endloop
  endfacet
  facet normal 0.222023 -0.828573 0.513978
    outer loop
      vertex 2.31763 -7.13292 25
      vertex 1.55934 -7.33611 25
      vertex 6.95288 -21.3988 0
    endloop
  endfacet
  facet normal 0.467191 0.719416 0.513978
    outer loop
      vertex 11.25 19.4856 0
      vertex 3.75 6.49519 25
      vertex 4.40839 6.06763 25
    endloop
  endfacet
  facet normal 0.389434 0.764309 0.513978
    outer loop
      vertex 9.15157 20.5548 0
      vertex 3.75 6.49519 25
      vertex 11.25 19.4856 0
    endloop
  endfacet
  facet normal 0.389432 0.76431 0.513978
    outer loop
      vertex 3.75 6.49519 25
      vertex 9.15157 20.5548 0
      vertex 3.05052 6.85159 25
    endloop
  endfacet
  facet normal -0.221999 -0.82858 0.513977
    outer loop
      vertex -1.55934 -7.33611 25
      vertex -6.95288 -21.3988 0
      vertex -4.67801 -22.0083 0
    endloop
  endfacet
  facet normal -0.666639 -0.539833 0.513977
    outer loop
      vertex -6.06763 -4.40839 25
      vertex -16.7208 -15.0554 0
      vertex -5.57359 -5.01848 25
    endloop
  endfacet
  facet normal 0.0448986 -0.856629 0.513976
    outer loop
      vertex 0.783963 -7.45891 25
      vertex 0 -7.5 25
      vertex 2.35189 -22.3767 0
    endloop
  endfacet
  facet normal 0.828573 0.222023 0.513978
    outer loop
      vertex 21.3988 6.95288 0
      vertex 7.13292 2.31763 25
      vertex 7.33611 1.55934 25
    endloop
  endfacet
  facet normal 0.719416 0.467191 0.513978
    outer loop
      vertex 19.4856 11.25 0
      vertex 6.06763 4.40839 25
      vertex 6.49519 3.75 25
    endloop
  endfacet
  facet normal 0.764309 0.389434 0.513978
    outer loop
      vertex 6.49519 3.75 25
      vertex 20.5548 9.15157 0
      vertex 19.4856 11.25 0
    endloop
  endfacet
  facet normal 0.76431 0.389432 0.513978
    outer loop
      vertex 20.5548 9.15157 0
      vertex 6.49519 3.75 25
      vertex 6.85159 3.05052 25
    endloop
  endfacet
  facet normal 0.606559 0.606559 0.513977
    outer loop
      vertex 15.0554 16.7208 0
      vertex 5.57359 5.01848 25
      vertex 16.7208 15.0554 0
    endloop
  endfacet
  facet normal 0.606559 0.606559 0.513977
    outer loop
      vertex 5.57359 5.01848 25
      vertex 15.0554 16.7208 0
      vertex 5.01848 5.57359 25
    endloop
  endfacet
  facet normal 0.856629 -0.0448986 0.513976
    outer loop
      vertex 7.5 0 25
      vertex 7.45891 -0.783963 25
      vertex 22.3767 -2.35189 0
    endloop
  endfacet
  facet normal 0.82858 0.221999 0.513977
    outer loop
      vertex 21.3988 6.95288 0
      vertex 7.33611 1.55934 25
      vertex 22.0083 4.67801 0
    endloop
  endfacet
  facet normal -0.134182 0.847245 0.513976
    outer loop
      vertex -0.783963 7.45891 25
      vertex -4.67801 22.0083 0
      vertex -1.55934 7.33611 25
    endloop
  endfacet
  facet normal 0.847245 -0.134183 0.513976
    outer loop
      vertex 22.3767 -2.35189 0
      vertex 7.45891 -0.783963 25
      vertex 22.0083 -4.67801 0
    endloop
  endfacet
  facet normal -0.539841 -0.666633 0.513978
    outer loop
      vertex -4.40839 -6.06763 25
      vertex -15.0554 -16.7208 0
      vertex -13.2252 -18.2029 0
    endloop
  endfacet
  facet normal -0 0 1
    outer loop
      vertex 6.97946 0.391982 25
      vertex 7.5 0 25
      vertex 7.45891 0.783963 25
    endloop
  endfacet
  facet normal -0 0 1
    outer loop
      vertex 6.90844 1.06769 25
      vertex 7.45891 0.783963 25
      vertex 7.33611 1.55934 25
    endloop
  endfacet
  facet normal 0 0 1
    outer loop
      vertex 7.5 0 25
      vertex 6.97946 0.391982 25
      vertex 7 0 25
    endloop
  endfacet
  facet normal -0 0 1
    outer loop
      vertex 6.75899 1.78397 25
      vertex 7.33611 1.55934 25
      vertex 7.13292 2.31763 25
    endloop
  endfacet
  facet normal 0 0 1
    outer loop
      vertex 6.97946 -0.391982 25
      vertex 7.5 0 25
      vertex 7 0 25
    endloop
  endfacet
  facet normal -0 0 1
    outer loop
      vertex 6.96165 -0.731699 25
      vertex 7.45891 -0.783963 25
      vertex 6.97946 -0.391982 25
    endloop
  endfacet
  facet normal 0 0 1
    outer loop
      vertex 7.5 0 25
      vertex 6.97946 -0.391982 25
      vertex 7.45891 -0.783963 25
    endloop
  endfacet
  facet normal 0 0 1
    outer loop
      vertex 7.45891 0.783963 25
      vertex 6.96165 0.731699 25
      vertex 6.97946 0.391982 25
    endloop
  endfacet
  facet normal 0 0 1
    outer loop
      vertex 7.45891 0.783963 25
      vertex 6.90844 1.06769 25
      vertex 6.96165 0.731699 25
    endloop
  endfacet
  facet normal -0 0 1
    outer loop
      vertex 6.51673 2.52957 25
      vertex 7.13292 2.31763 25
      vertex 6.85159 3.05052 25
    endloop
  endfacet
  facet normal 0 0 1
    outer loop
      vertex 7.33611 1.55934 25
      vertex 6.84703 1.45538 25
      vertex 6.90844 1.06769 25
    endloop
  endfacet
  facet normal 0 0 1
    outer loop
      vertex 7.33611 1.55934 25
      vertex 6.75899 1.78397 25
      vertex 6.84703 1.45538 25
    endloop
  endfacet
  facet normal 0 0 1
    outer loop
      vertex 7.13292 2.31763 25
      vertex 6.65739 2.16312 25
      vertex 6.75899 1.78397 25
    endloop
  endfacet
  facet normal 0 0 1
    outer loop
      vertex 7.13292 2.31763 25
      vertex 6.51673 2.52957 25
      vertex 6.65739 2.16312 25
    endloop
  endfacet
  facet normal -0 0 1
    outer loop
      vertex 6.24038 3.15026 25
      vertex 6.85159 3.05052 25
      vertex 6.49519 3.75 25
    endloop
  endfacet
  facet normal 0 0 1
    outer loop
      vertex 6.85159 3.05052 25
      vertex 6.39482 2.84716 25
      vertex 6.51673 2.52957 25
    endloop
  endfacet
  facet normal 0 0 1
    outer loop
      vertex 6.85159 3.05052 25
      vertex 6.24038 3.15026 25
      vertex 6.39482 2.84716 25
    endloop
  endfacet
  facet normal -0 0 1
    outer loop
      vertex 5.8484 3.82919 25
      vertex 6.49519 3.75 25
      vertex 6.06763 4.40839 25
    endloop
  endfacet
  facet normal 0 0 1
    outer loop
      vertex 6.49519 3.75 25
      vertex 6.06218 3.5 25
      vertex 6.24038 3.15026 25
    endloop
  endfacet
  facet normal 0 0 1
    outer loop
      vertex 6.49519 3.75 25
      vertex 5.8484 3.82919 25
      vertex 6.06218 3.5 25
    endloop
  endfacet
  facet normal 0 0 1
    outer loop
      vertex 6.06763 4.40839 25
      vertex 5.66312 4.1145 25
      vertex 5.8484 3.82919 25
    endloop
  endfacet
  facet normal -0 0 1
    outer loop
      vertex 5.4161 4.41954 25
      vertex 6.06763 4.40839 25
      vertex 5.57359 5.01848 25
    endloop
  endfacet
  facet normal 0 0 1
    outer loop
      vertex 6.06763 4.40839 25
      vertex 5.4161 4.41954 25
      vertex 5.66312 4.1145 25
    endloop
  endfacet
  facet normal 0 0 1
    outer loop
      vertex 5.57359 5.01848 25
      vertex 5.20201 4.68391 25
      vertex 5.4161 4.41954 25
    endloop
  endfacet
  facet normal 0 0 1
    outer loop
      vertex 5.01848 5.57359 25
      vertex 5.20201 4.68391 25
      vertex 5.57359 5.01848 25
    endloop
  endfacet
  facet normal 0 0 1
    outer loop
      vertex 5.01848 5.57359 25
      vertex 4.68391 5.20201 25
      vertex 5.20201 4.68391 25
    endloop
  endfacet
  facet normal 0 0 1
    outer loop
      vertex 5.01848 5.57359 25
      vertex 4.41954 5.4161 25
      vertex 4.68391 5.20201 25
    endloop
  endfacet
  facet normal 0 0 1
    outer loop
      vertex 4.40839 6.06763 25
      vertex 4.41954 5.4161 25
      vertex 5.01848 5.57359 25
    endloop
  endfacet
  facet normal 0 0 1
    outer loop
      vertex 4.40839 6.06763 25
      vertex 4.1145 5.66312 25
      vertex 4.41954 5.4161 25
    endloop
  endfacet
  facet normal 0 0 1
    outer loop
      vertex 4.40839 6.06763 25
      vertex 3.82919 5.8484 25
      vertex 4.1145 5.66312 25
    endloop
  endfacet
  facet normal 0 0 1
    outer loop
      vertex 3.75 6.49519 25
      vertex 3.82919 5.8484 25
      vertex 4.40839 6.06763 25
    endloop
  endfacet
  facet normal 0 0 1
    outer loop
      vertex 3.75 6.49519 25
      vertex 3.5 6.06218 25
      vertex 3.82919 5.8484 25
    endloop
  endfacet
  facet normal 0 0 1
    outer loop
      vertex 3.75 6.49519 25
      vertex 3.15026 6.24038 25
      vertex 3.5 6.06218 25
    endloop
  endfacet
  facet normal 0 0 1
    outer loop
      vertex 3.05052 6.85159 25
      vertex 3.15026 6.24038 25
      vertex 3.75 6.49519 25
    endloop
  endfacet
  facet normal 0 0 1
    outer loop
      vertex 3.05052 6.85159 25
      vertex 2.84716 6.39482 25
      vertex 3.15026 6.24038 25
    endloop
  endfacet
  facet normal 0 0 1
    outer loop
      vertex 3.05052 6.85159 25
      vertex 2.52957 6.51673 25
      vertex 2.84716 6.39482 25
    endloop
  endfacet
  facet normal 0 0 1
    outer loop
      vertex 2.31763 7.13292 25
      vertex 2.52957 6.51673 25
      vertex 3.05052 6.85159 25
    endloop
  endfacet
  facet normal 0 0 1
    outer loop
      vertex 2.31763 7.13292 25
      vertex 2.16312 6.65739 25
      vertex 2.52957 6.51673 25
    endloop
  endfacet
  facet normal 0 0 1
    outer loop
      vertex 2.31763 7.13292 25
      vertex 1.78397 6.75899 25
      vertex 2.16312 6.65739 25
    endloop
  endfacet
  facet normal 0 0 1
    outer loop
      vertex 1.55934 7.33611 25
      vertex 1.78397 6.75899 25
      vertex 2.31763 7.13292 25
    endloop
  endfacet
  facet normal 0 0 1
    outer loop
      vertex 1.55934 7.33611 25
      vertex 1.45538 6.84703 25
      vertex 1.78397 6.75899 25
    endloop
  endfacet
  facet normal 0 0 1
    outer loop
      vertex 1.55934 7.33611 25
      vertex 1.06769 6.90844 25
      vertex 1.45538 6.84703 25
    endloop
  endfacet
  facet normal 0 0 1
    outer loop
      vertex 0.783963 7.45891 25
      vertex 1.06769 6.90844 25
      vertex 1.55934 7.33611 25
    endloop
  endfacet
  facet normal 0 0 1
    outer loop
      vertex 0.783963 7.45891 25
      vertex 0.731699 6.96165 25
      vertex 1.06769 6.90844 25
    endloop
  endfacet
  facet normal 0 0 1
    outer loop
      vertex 0.783963 7.45891 25
      vertex 0.391982 6.97946 25
      vertex 0.731699 6.96165 25
    endloop
  endfacet
  facet normal 0 0 1
    outer loop
      vertex 0 7.5 25
      vertex 0.391982 6.97946 25
      vertex 0.783963 7.45891 25
    endloop
  endfacet
  facet normal 0 0 1
    outer loop
      vertex 0 7.5 25
      vertex 0 7 25
      vertex 0.391982 6.97946 25
    endloop
  endfacet
  facet normal 0 0 1
    outer loop
      vertex 0 7.5 25
      vertex -0.391982 6.97946 25
      vertex 0 7 25
    endloop
  endfacet
  facet normal -0 0 1
    outer loop
      vertex -0.783963 7.45891 25
      vertex -0.391982 6.97946 25
      vertex 0 7.5 25
    endloop
  endfacet
  facet normal 0 0 1
    outer loop
      vertex -0.391982 6.97946 25
      vertex -0.783963 7.45891 25
      vertex -0.731699 6.96165 25
    endloop
  endfacet
  facet normal 0 0 1
    outer loop
      vertex -0.783963 7.45891 25
      vertex -1.06769 6.90844 25
      vertex -0.731699 6.96165 25
    endloop
  endfacet
  facet normal -0 0 1
    outer loop
      vertex -1.55934 7.33611 25
      vertex -1.06769 6.90844 25
      vertex -0.783963 7.45891 25
    endloop
  endfacet
  facet normal 0 0 1
    outer loop
      vertex -1.06769 6.90844 25
      vertex -1.55934 7.33611 25
      vertex -1.45538 6.84703 25
    endloop
  endfacet
  facet normal 0 0 1
    outer loop
      vertex -1.55934 7.33611 25
      vertex -1.78397 6.75899 25
      vertex -1.45538 6.84703 25
    endloop
  endfacet
  facet normal -0 0 1
    outer loop
      vertex -2.31763 7.13292 25
      vertex -1.78397 6.75899 25
      vertex -1.55934 7.33611 25
    endloop
  endfacet
  facet normal 0 0 1
    outer loop
      vertex -1.78397 6.75899 25
      vertex -2.31763 7.13292 25
      vertex -2.16312 6.65739 25
    endloop
  endfacet
  facet normal 0 0 1
    outer loop
      vertex -2.31763 7.13292 25
      vertex -2.52957 6.51673 25
      vertex -2.16312 6.65739 25
    endloop
  endfacet
  facet normal -0 0 1
    outer loop
      vertex -3.05052 6.85159 25
      vertex -2.52957 6.51673 25
      vertex -2.31763 7.13292 25
    endloop
  endfacet
  facet normal 0 0 1
    outer loop
      vertex -2.52957 6.51673 25
      vertex -3.05052 6.85159 25
      vertex -2.84716 6.39482 25
    endloop
  endfacet
  facet normal 0 0 1
    outer loop
      vertex -3.05052 6.85159 25
      vertex -3.15026 6.24038 25
      vertex -2.84716 6.39482 25
    endloop
  endfacet
  facet normal -0 0 1
    outer loop
      vertex -3.75 6.49519 25
      vertex -3.15026 6.24038 25
      vertex -3.05052 6.85159 25
    endloop
  endfacet
  facet normal 0 0 1
    outer loop
      vertex -3.15026 6.24038 25
      vertex -3.75 6.49519 25
      vertex -3.5 6.06218 25
    endloop
  endfacet
  facet normal 0 0 1
    outer loop
      vertex -3.75 6.49519 25
      vertex -3.82919 5.8484 25
      vertex -3.5 6.06218 25
    endloop
  endfacet
  facet normal -0 0 1
    outer loop
      vertex -4.40839 6.06763 25
      vertex -3.82919 5.8484 25
      vertex -3.75 6.49519 25
    endloop
  endfacet
  facet normal 0 0 1
    outer loop
      vertex -3.82919 5.8484 25
      vertex -4.40839 6.06763 25
      vertex -4.1145 5.66312 25
    endloop
  endfacet
  facet normal 0 0 1
    outer loop
      vertex -4.40839 6.06763 25
      vertex -4.41954 5.4161 25
      vertex -4.1145 5.66312 25
    endloop
  endfacet
  facet normal -0 0 1
    outer loop
      vertex -5.01848 5.57359 25
      vertex -4.41954 5.4161 25
      vertex -4.40839 6.06763 25
    endloop
  endfacet
  facet normal 0 0 1
    outer loop
      vertex -4.41954 5.4161 25
      vertex -5.01848 5.57359 25
      vertex -4.68391 5.20201 25
    endloop
  endfacet
  facet normal 0 0 1
    outer loop
      vertex -5.01848 5.57359 25
      vertex -5.20201 4.68391 25
      vertex -4.68391 5.20201 25
    endloop
  endfacet
  facet normal -0 0 1
    outer loop
      vertex -5.57359 5.01848 25
      vertex -5.20201 4.68391 25
      vertex -5.01848 5.57359 25
    endloop
  endfacet
  facet normal 0 0 1
    outer loop
      vertex -5.20201 4.68391 25
      vertex -5.57359 5.01848 25
      vertex -5.4161 4.41954 25
    endloop
  endfacet
  facet normal 0 0 1
    outer loop
      vertex -6.06763 4.40839 25
      vertex -5.4161 4.41954 25
      vertex -5.57359 5.01848 25
    endloop
  endfacet
  facet normal 0 0 1
    outer loop
      vertex -5.4161 4.41954 25
      vertex -6.06763 4.40839 25
      vertex -5.66312 4.1145 25
    endloop
  endfacet
  facet normal 0 0 1
    outer loop
      vertex -5.66312 4.1145 25
      vertex -6.06763 4.40839 25
      vertex -5.8484 3.82919 25
    endloop
  endfacet
  facet normal 0 0 1
    outer loop
      vertex -6.49519 3.75 25
      vertex -5.8484 3.82919 25
      vertex -6.06763 4.40839 25
    endloop
  endfacet
  facet normal 0 0 1
    outer loop
      vertex -5.8484 3.82919 25
      vertex -6.49519 3.75 25
      vertex -6.06218 3.5 25
    endloop
  endfacet
  facet normal 0 0 1
    outer loop
      vertex -6.06218 3.5 25
      vertex -6.49519 3.75 25
      vertex -6.24038 3.15026 25
    endloop
  endfacet
  facet normal 0 0 1
    outer loop
      vertex -6.85159 3.05052 25
      vertex -6.24038 3.15026 25
      vertex -6.49519 3.75 25
    endloop
  endfacet
  facet normal 0 0 1
    outer loop
      vertex -6.24038 3.15026 25
      vertex -6.85159 3.05052 25
      vertex -6.39482 2.84716 25
    endloop
  endfacet
  facet normal 0 0 1
    outer loop
      vertex -6.39482 2.84716 25
      vertex -6.85159 3.05052 25
      vertex -6.51673 2.52957 25
    endloop
  endfacet
  facet normal 0 0 1
    outer loop
      vertex -7.13292 2.31763 25
      vertex -6.51673 2.52957 25
      vertex -6.85159 3.05052 25
    endloop
  endfacet
  facet normal 0 0 1
    outer loop
      vertex -6.51673 2.52957 25
      vertex -7.13292 2.31763 25
      vertex -6.65739 2.16312 25
    endloop
  endfacet
  facet normal 0 0 1
    outer loop
      vertex -6.65739 2.16312 25
      vertex -7.13292 2.31763 25
      vertex -6.75899 1.78397 25
    endloop
  endfacet
  facet normal 0 0 1
    outer loop
      vertex -7.33611 1.55934 25
      vertex -6.75899 1.78397 25
      vertex -7.13292 2.31763 25
    endloop
  endfacet
  facet normal 0 0 1
    outer loop
      vertex -6.75899 1.78397 25
      vertex -7.33611 1.55934 25
      vertex -6.84703 1.45538 25
    endloop
  endfacet
  facet normal 0 0 1
    outer loop
      vertex -6.84703 1.45538 25
      vertex -7.33611 1.55934 25
      vertex -6.90844 1.06769 25
    endloop
  endfacet
  facet normal 0 0 1
    outer loop
      vertex -7.45891 0.783963 25
      vertex -6.90844 1.06769 25
      vertex -7.33611 1.55934 25
    endloop
  endfacet
  facet normal 0 0 1
    outer loop
      vertex -6.90844 1.06769 25
      vertex -7.45891 0.783963 25
      vertex -6.96165 0.731699 25
    endloop
  endfacet
  facet normal 0 0 1
    outer loop
      vertex 6.90844 -1.06769 25
      vertex 7.45891 -0.783963 25
      vertex 6.96165 -0.731699 25
    endloop
  endfacet
  facet normal 0 0 1
    outer loop
      vertex 7.45891 -0.783963 25
      vertex 6.90844 -1.06769 25
      vertex 7.33611 -1.55934 25
    endloop
  endfacet
  facet normal -0 0 1
    outer loop
      vertex 6.84703 -1.45538 25
      vertex 7.33611 -1.55934 25
      vertex 6.90844 -1.06769 25
    endloop
  endfacet
  facet normal 0 0 1
    outer loop
      vertex 6.75899 -1.78397 25
      vertex 7.33611 -1.55934 25
      vertex 6.84703 -1.45538 25
    endloop
  endfacet
  facet normal 0 0 1
    outer loop
      vertex 7.33611 -1.55934 25
      vertex 6.75899 -1.78397 25
      vertex 7.13292 -2.31763 25
    endloop
  endfacet
  facet normal -0 0 1
    outer loop
      vertex 6.65739 -2.16312 25
      vertex 7.13292 -2.31763 25
      vertex 6.75899 -1.78397 25
    endloop
  endfacet
  facet normal 0 0 1
    outer loop
      vertex 6.51673 -2.52957 25
      vertex 7.13292 -2.31763 25
      vertex 6.65739 -2.16312 25
    endloop
  endfacet
  facet normal 0 0 1
    outer loop
      vertex 7.13292 -2.31763 25
      vertex 6.51673 -2.52957 25
      vertex 6.85159 -3.05052 25
    endloop
  endfacet
  facet normal -0 0 1
    outer loop
      vertex 6.39482 -2.84716 25
      vertex 6.85159 -3.05052 25
      vertex 6.51673 -2.52957 25
    endloop
  endfacet
  facet normal 0 0 1
    outer loop
      vertex 6.24038 -3.15026 25
      vertex 6.85159 -3.05052 25
      vertex 6.39482 -2.84716 25
    endloop
  endfacet
  facet normal 0 0 1
    outer loop
      vertex 6.85159 -3.05052 25
      vertex 6.24038 -3.15026 25
      vertex 6.49519 -3.75 25
    endloop
  endfacet
  facet normal -0 0 1
    outer loop
      vertex 6.06218 -3.5 25
      vertex 6.49519 -3.75 25
      vertex 6.24038 -3.15026 25
    endloop
  endfacet
  facet normal 0 0 1
    outer loop
      vertex 5.8484 -3.82919 25
      vertex 6.49519 -3.75 25
      vertex 6.06218 -3.5 25
    endloop
  endfacet
  facet normal 0 0 1
    outer loop
      vertex 6.49519 -3.75 25
      vertex 5.8484 -3.82919 25
      vertex 6.06763 -4.40839 25
    endloop
  endfacet
  facet normal -0 0 1
    outer loop
      vertex 5.66312 -4.1145 25
      vertex 6.06763 -4.40839 25
      vertex 5.8484 -3.82919 25
    endloop
  endfacet
  facet normal 0 0 1
    outer loop
      vertex 5.4161 -4.41954 25
      vertex 6.06763 -4.40839 25
      vertex 5.66312 -4.1145 25
    endloop
  endfacet
  facet normal 0 0 1
    outer loop
      vertex 6.06763 -4.40839 25
      vertex 5.4161 -4.41954 25
      vertex 5.57359 -5.01848 25
    endloop
  endfacet
  facet normal -0 0 1
    outer loop
      vertex 5.20201 -4.68391 25
      vertex 5.57359 -5.01848 25
      vertex 5.4161 -4.41954 25
    endloop
  endfacet
  facet normal 0 0 1
    outer loop
      vertex 5.20201 -4.68391 25
      vertex 5.01848 -5.57359 25
      vertex 5.57359 -5.01848 25
    endloop
  endfacet
  facet normal -0 0 1
    outer loop
      vertex 4.68391 -5.20201 25
      vertex 5.01848 -5.57359 25
      vertex 5.20201 -4.68391 25
    endloop
  endfacet
  facet normal -0 0 1
    outer loop
      vertex 4.41954 -5.4161 25
      vertex 5.01848 -5.57359 25
      vertex 4.68391 -5.20201 25
    endloop
  endfacet
  facet normal 0 0 1
    outer loop
      vertex 4.41954 -5.4161 25
      vertex 4.40839 -6.06763 25
      vertex 5.01848 -5.57359 25
    endloop
  endfacet
  facet normal -0 0 1
    outer loop
      vertex 4.1145 -5.66312 25
      vertex 4.40839 -6.06763 25
      vertex 4.41954 -5.4161 25
    endloop
  endfacet
  facet normal -0 0 1
    outer loop
      vertex 3.82919 -5.8484 25
      vertex 4.40839 -6.06763 25
      vertex 4.1145 -5.66312 25
    endloop
  endfacet
  facet normal 0 0 1
    outer loop
      vertex 3.82919 -5.8484 25
      vertex 3.75 -6.49519 25
      vertex 4.40839 -6.06763 25
    endloop
  endfacet
  facet normal -0 0 1
    outer loop
      vertex 3.5 -6.06218 25
      vertex 3.75 -6.49519 25
      vertex 3.82919 -5.8484 25
    endloop
  endfacet
  facet normal -0 0 1
    outer loop
      vertex 3.15026 -6.24038 25
      vertex 3.75 -6.49519 25
      vertex 3.5 -6.06218 25
    endloop
  endfacet
  facet normal 0 0 1
    outer loop
      vertex 3.15026 -6.24038 25
      vertex 3.05052 -6.85159 25
      vertex 3.75 -6.49519 25
    endloop
  endfacet
  facet normal -0 0 1
    outer loop
      vertex 2.84716 -6.39482 25
      vertex 3.05052 -6.85159 25
      vertex 3.15026 -6.24038 25
    endloop
  endfacet
  facet normal -0 0 1
    outer loop
      vertex 2.52957 -6.51673 25
      vertex 3.05052 -6.85159 25
      vertex 2.84716 -6.39482 25
    endloop
  endfacet
  facet normal 0 0 1
    outer loop
      vertex 2.52957 -6.51673 25
      vertex 2.31763 -7.13292 25
      vertex 3.05052 -6.85159 25
    endloop
  endfacet
  facet normal -0 0 1
    outer loop
      vertex 2.16312 -6.65739 25
      vertex 2.31763 -7.13292 25
      vertex 2.52957 -6.51673 25
    endloop
  endfacet
  facet normal -0 0 1
    outer loop
      vertex 1.78397 -6.75899 25
      vertex 2.31763 -7.13292 25
      vertex 2.16312 -6.65739 25
    endloop
  endfacet
  facet normal 0 0 1
    outer loop
      vertex 1.78397 -6.75899 25
      vertex 1.55934 -7.33611 25
      vertex 2.31763 -7.13292 25
    endloop
  endfacet
  facet normal -0 0 1
    outer loop
      vertex 1.45538 -6.84703 25
      vertex 1.55934 -7.33611 25
      vertex 1.78397 -6.75899 25
    endloop
  endfacet
  facet normal -0 0 1
    outer loop
      vertex 1.06769 -6.90844 25
      vertex 1.55934 -7.33611 25
      vertex 1.45538 -6.84703 25
    endloop
  endfacet
  facet normal 0 0 1
    outer loop
      vertex 1.06769 -6.90844 25
      vertex 0.783963 -7.45891 25
      vertex 1.55934 -7.33611 25
    endloop
  endfacet
  facet normal -0 0 1
    outer loop
      vertex 0.731699 -6.96165 25
      vertex 0.783963 -7.45891 25
      vertex 1.06769 -6.90844 25
    endloop
  endfacet
  facet normal -0 0 1
    outer loop
      vertex 0.391982 -6.97946 25
      vertex 0.783963 -7.45891 25
      vertex 0.731699 -6.96165 25
    endloop
  endfacet
  facet normal 0 0 1
    outer loop
      vertex 0 -7.5 25
      vertex 0.391982 -6.97946 25
      vertex 0 -7 25
    endloop
  endfacet
  facet normal 0 0 1
    outer loop
      vertex 0.391982 -6.97946 25
      vertex 0 -7.5 25
      vertex 0.783963 -7.45891 25
    endloop
  endfacet
  facet normal 0 0 1
    outer loop
      vertex -0.391982 -6.97946 25
      vertex 0 -7.5 25
      vertex 0 -7 25
    endloop
  endfacet
  facet normal 0 0 1
    outer loop
      vertex -0.783963 -7.45891 25
      vertex -0.391982 -6.97946 25
      vertex -0.731699 -6.96165 25
    endloop
  endfacet
  facet normal 0 0 1
    outer loop
      vertex -0.391982 -6.97946 25
      vertex -0.783963 -7.45891 25
      vertex 0 -7.5 25
    endloop
  endfacet
  facet normal 0 0 1
    outer loop
      vertex -1.06769 -6.90844 25
      vertex -0.783963 -7.45891 25
      vertex -0.731699 -6.96165 25
    endloop
  endfacet
  facet normal 0 0 1
    outer loop
      vertex -1.55934 -7.33611 25
      vertex -1.06769 -6.90844 25
      vertex -1.45538 -6.84703 25
    endloop
  endfacet
  facet normal 0 0 1
    outer loop
      vertex -1.06769 -6.90844 25
      vertex -1.55934 -7.33611 25
      vertex -0.783963 -7.45891 25
    endloop
  endfacet
  facet normal 0 0 1
    outer loop
      vertex -1.78397 -6.75899 25
      vertex -1.55934 -7.33611 25
      vertex -1.45538 -6.84703 25
    endloop
  endfacet
  facet normal 0 0 1
    outer loop
      vertex -2.31763 -7.13292 25
      vertex -1.78397 -6.75899 25
      vertex -2.16312 -6.65739 25
    endloop
  endfacet
  facet normal 0 0 1
    outer loop
      vertex -1.78397 -6.75899 25
      vertex -2.31763 -7.13292 25
      vertex -1.55934 -7.33611 25
    endloop
  endfacet
  facet normal 0 0 1
    outer loop
      vertex -2.52957 -6.51673 25
      vertex -2.31763 -7.13292 25
      vertex -2.16312 -6.65739 25
    endloop
  endfacet
  facet normal 0 0 1
    outer loop
      vertex -3.05052 -6.85159 25
      vertex -2.52957 -6.51673 25
      vertex -2.84716 -6.39482 25
    endloop
  endfacet
  facet normal 0 0 1
    outer loop
      vertex -2.52957 -6.51673 25
      vertex -3.05052 -6.85159 25
      vertex -2.31763 -7.13292 25
    endloop
  endfacet
  facet normal 0 0 1
    outer loop
      vertex -3.15026 -6.24038 25
      vertex -3.05052 -6.85159 25
      vertex -2.84716 -6.39482 25
    endloop
  endfacet
  facet normal 0 0 1
    outer loop
      vertex -3.75 -6.49519 25
      vertex -3.15026 -6.24038 25
      vertex -3.5 -6.06218 25
    endloop
  endfacet
  facet normal 0 0 1
    outer loop
      vertex -3.15026 -6.24038 25
      vertex -3.75 -6.49519 25
      vertex -3.05052 -6.85159 25
    endloop
  endfacet
  facet normal 0 0 1
    outer loop
      vertex -3.82919 -5.8484 25
      vertex -3.75 -6.49519 25
      vertex -3.5 -6.06218 25
    endloop
  endfacet
  facet normal 0 0 1
    outer loop
      vertex -4.40839 -6.06763 25
      vertex -3.82919 -5.8484 25
      vertex -4.1145 -5.66312 25
    endloop
  endfacet
  facet normal 0 0 1
    outer loop
      vertex -3.82919 -5.8484 25
      vertex -4.40839 -6.06763 25
      vertex -3.75 -6.49519 25
    endloop
  endfacet
  facet normal 0 0 1
    outer loop
      vertex -4.41954 -5.4161 25
      vertex -4.40839 -6.06763 25
      vertex -4.1145 -5.66312 25
    endloop
  endfacet
  facet normal 0 0 1
    outer loop
      vertex -5.01848 -5.57359 25
      vertex -4.41954 -5.4161 25
      vertex -4.68391 -5.20201 25
    endloop
  endfacet
  facet normal 0 0 1
    outer loop
      vertex -4.41954 -5.4161 25
      vertex -5.01848 -5.57359 25
      vertex -4.40839 -6.06763 25
    endloop
  endfacet
  facet normal 0 0 1
    outer loop
      vertex -5.20201 -4.68391 25
      vertex -5.01848 -5.57359 25
      vertex -4.68391 -5.20201 25
    endloop
  endfacet
  facet normal 0 0 1
    outer loop
      vertex -5.57359 -5.01848 25
      vertex -5.20201 -4.68391 25
      vertex -5.4161 -4.41954 25
    endloop
  endfacet
  facet normal 0 0 1
    outer loop
      vertex -5.20201 -4.68391 25
      vertex -5.57359 -5.01848 25
      vertex -5.01848 -5.57359 25
    endloop
  endfacet
  facet normal -0 0 1
    outer loop
      vertex -6.06763 -4.40839 25
      vertex -5.4161 -4.41954 25
      vertex -5.66312 -4.1145 25
    endloop
  endfacet
  facet normal 0 0 1
    outer loop
      vertex -6.06763 -4.40839 25
      vertex -5.66312 -4.1145 25
      vertex -5.8484 -3.82919 25
    endloop
  endfacet
  facet normal -0 0 1
    outer loop
      vertex -6.49519 -3.75 25
      vertex -5.8484 -3.82919 25
      vertex -6.06218 -3.5 25
    endloop
  endfacet
  facet normal 0 0 1
    outer loop
      vertex -5.4161 -4.41954 25
      vertex -6.06763 -4.40839 25
      vertex -5.57359 -5.01848 25
    endloop
  endfacet
  facet normal 0 0 1
    outer loop
      vertex -6.49519 -3.75 25
      vertex -6.06218 -3.5 25
      vertex -6.24038 -3.15026 25
    endloop
  endfacet
  facet normal -0 0 1
    outer loop
      vertex -6.85159 -3.05052 25
      vertex -6.24038 -3.15026 25
      vertex -6.39482 -2.84716 25
    endloop
  endfacet
  facet normal 0 0 1
    outer loop
      vertex -5.8484 -3.82919 25
      vertex -6.49519 -3.75 25
      vertex -6.06763 -4.40839 25
    endloop
  endfacet
  facet normal 0 0 1
    outer loop
      vertex -6.85159 -3.05052 25
      vertex -6.39482 -2.84716 25
      vertex -6.51673 -2.52957 25
    endloop
  endfacet
  facet normal -0 0 1
    outer loop
      vertex -7.13292 -2.31763 25
      vertex -6.51673 -2.52957 25
      vertex -6.65739 -2.16312 25
    endloop
  endfacet
  facet normal 0 0 1
    outer loop
      vertex -7.13292 -2.31763 25
      vertex -6.65739 -2.16312 25
      vertex -6.75899 -1.78397 25
    endloop
  endfacet
  facet normal -0 0 1
    outer loop
      vertex -7.33611 -1.55934 25
      vertex -6.75899 -1.78397 25
      vertex -6.84703 -1.45538 25
    endloop
  endfacet
  facet normal 0 0 1
    outer loop
      vertex -6.24038 -3.15026 25
      vertex -6.85159 -3.05052 25
      vertex -6.49519 -3.75 25
    endloop
  endfacet
  facet normal 0 0 1
    outer loop
      vertex -7.33611 -1.55934 25
      vertex -6.84703 -1.45538 25
      vertex -6.90844 -1.06769 25
    endloop
  endfacet
  facet normal -0 0 1
    outer loop
      vertex -7.45891 -0.783963 25
      vertex -6.90844 -1.06769 25
      vertex -6.96165 -0.731699 25
    endloop
  endfacet
  facet normal 0 0 1
    outer loop
      vertex -7.45891 -0.783963 25
      vertex -6.96165 -0.731699 25
      vertex -6.97946 -0.391982 25
    endloop
  endfacet
  facet normal -0 0 1
    outer loop
      vertex -7.5 0 25
      vertex -6.97946 -0.391982 25
      vertex -7 0 25
    endloop
  endfacet
  facet normal 0 0 1
    outer loop
      vertex -6.96165 0.731699 25
      vertex -7.45891 0.783963 25
      vertex -6.97946 0.391982 25
    endloop
  endfacet
  facet normal 0 0 1
    outer loop
      vertex -6.51673 -2.52957 25
      vertex -7.13292 -2.31763 25
      vertex -6.85159 -3.05052 25
    endloop
  endfacet
  facet normal 0 0 1
    outer loop
      vertex -7.5 0 25
      vertex -6.97946 0.391982 25
      vertex -7.45891 0.783963 25
    endloop
  endfacet
  facet normal 0 0 1
    outer loop
      vertex -6.75899 -1.78397 25
      vertex -7.33611 -1.55934 25
      vertex -7.13292 -2.31763 25
    endloop
  endfacet
  facet normal 0 0 1
    outer loop
      vertex -6.97946 0.391982 25
      vertex -7.5 0 25
      vertex -7 0 25
    endloop
  endfacet
  facet normal 0 0 1
    outer loop
      vertex -6.90844 -1.06769 25
      vertex -7.45891 -0.783963 25
      vertex -7.33611 -1.55934 25
    endloop
  endfacet
  facet normal 0 0 1
    outer loop
      vertex -6.97946 -0.391982 25
      vertex -7.5 0 25
      vertex -7.45891 -0.783963 25
    endloop
  endfacet
  facet normal -0.82858 -0.221999 0.513977
    outer loop
      vertex -7.33611 -1.55934 25
      vertex -22.0083 -4.67801 0
      vertex -21.3988 -6.95288 0
    endloop
  endfacet
  facet normal 0.389432 -0.76431 0.513978
    outer loop
      vertex 9.15157 -20.5548 0
      vertex 3.75 -6.49519 25
      vertex 3.05052 -6.85159 25
    endloop
  endfacet
  facet normal 0.389434 -0.764309 0.513978
    outer loop
      vertex 3.75 -6.49519 25
      vertex 9.15157 -20.5548 0
      vertex 11.25 -19.4856 0
    endloop
  endfacet
  facet normal 0.719416 0.467191 0.513978
    outer loop
      vertex 18.2029 13.2252 0
      vertex 6.06763 4.40839 25
      vertex 19.4856 11.25 0
    endloop
  endfacet
  facet normal -0.467191 0.719416 0.513978
    outer loop
      vertex -11.25 19.4856 0
      vertex -13.2252 18.2029 0
      vertex -4.40839 6.06763 25
    endloop
  endfacet
  facet normal -0.539841 0.666633 0.513978
    outer loop
      vertex -13.2252 18.2029 0
      vertex -15.0554 16.7208 0
      vertex -4.40839 6.06763 25
    endloop
  endfacet
  facet normal -0.389432 0.76431 0.513978
    outer loop
      vertex -9.15157 20.5548 0
      vertex -3.75 6.49519 25
      vertex -3.05052 6.85159 25
    endloop
  endfacet
  facet normal -0.389434 0.764309 0.513978
    outer loop
      vertex -3.75 6.49519 25
      vertex -9.15157 20.5548 0
      vertex -11.25 19.4856 0
    endloop
  endfacet
  facet normal 0.800828 0.30741 0.513978
    outer loop
      vertex 20.5548 9.15157 0
      vertex 6.85159 3.05052 25
      vertex 21.3988 6.95288 0
    endloop
  endfacet
  facet normal 0.800829 -0.307409 0.513978
    outer loop
      vertex 7.13292 -2.31763 25
      vertex 6.85159 -3.05052 25
      vertex 21.3988 -6.95288 0
    endloop
  endfacet
  facet normal 0.467191 0.719416 0.513978
    outer loop
      vertex 11.25 19.4856 0
      vertex 4.40839 6.06763 25
      vertex 13.2252 18.2029 0
    endloop
  endfacet
  facet normal -0.82858 0.221999 0.513977
    outer loop
      vertex -21.3988 6.95288 0
      vertex -22.0083 4.67801 0
      vertex -7.33611 1.55934 25
    endloop
  endfacet
  facet normal -0.800829 -0.307409 0.513978
    outer loop
      vertex -7.13292 -2.31763 25
      vertex -21.3988 -6.95288 0
      vertex -6.85159 -3.05052 25
    endloop
  endfacet
  facet normal 0.0449095 0.856628 0.513977
    outer loop
      vertex 0 22.5 0
      vertex 0 7.5 25
      vertex 2.35189 22.3767 0
    endloop
  endfacet
  facet normal -0.847245 0.134183 0.513976
    outer loop
      vertex -22.0083 4.67801 0
      vertex -22.3767 2.35189 0
      vertex -7.45891 0.783963 25
    endloop
  endfacet
  facet normal 0.800828 -0.30741 0.513978
    outer loop
      vertex 21.3988 -6.95288 0
      vertex 6.85159 -3.05052 25
      vertex 20.5548 -9.15157 0
    endloop
  endfacet
  facet normal 0.539833 0.666639 0.513977
    outer loop
      vertex 15.0554 16.7208 0
      vertex 4.40839 6.06763 25
      vertex 5.01848 5.57359 25
    endloop
  endfacet
  facet normal -0.719416 0.467191 0.513978
    outer loop
      vertex -6.06763 4.40839 25
      vertex -19.4856 11.25 0
      vertex -6.49519 3.75 25
    endloop
  endfacet
  facet normal -0.134183 -0.847245 0.513976
    outer loop
      vertex -0.783963 -7.45891 25
      vertex -4.67801 -22.0083 0
      vertex -2.35189 -22.3767 0
    endloop
  endfacet
  facet normal -0.0448986 0.856629 0.513976
    outer loop
      vertex 0 7.5 25
      vertex -2.35189 22.3767 0
      vertex -0.783963 7.45891 25
    endloop
  endfacet
  facet normal 0.467191 -0.719416 0.513978
    outer loop
      vertex 4.40839 -6.06763 25
      vertex 3.75 -6.49519 25
      vertex 11.25 -19.4856 0
    endloop
  endfacet
  facet normal 0.539841 -0.666633 0.513978
    outer loop
      vertex 15.0554 -16.7208 0
      vertex 4.40839 -6.06763 25
      vertex 13.2252 -18.2029 0
    endloop
  endfacet
  facet normal 0.134182 -0.847245 0.513976
    outer loop
      vertex 1.55934 -7.33611 25
      vertex 0.783963 -7.45891 25
      vertex 4.67801 -22.0083 0
    endloop
  endfacet
  facet normal 0.666639 -0.539833 0.513977
    outer loop
      vertex 6.06763 -4.40839 25
      vertex 5.57359 -5.01848 25
      vertex 16.7208 -15.0554 0
    endloop
  endfacet
  facet normal 0.719416 -0.467191 0.513978
    outer loop
      vertex 19.4856 -11.25 0
      vertex 6.06763 -4.40839 25
      vertex 18.2029 -13.2252 0
    endloop
  endfacet
  facet normal -0.856628 -0.0449095 0.513977
    outer loop
      vertex -7.5 0 25
      vertex -22.5 0 0
      vertex -22.3767 -2.35189 0
    endloop
  endfacet
  facet normal -0.0449095 -0.856628 0.513977
    outer loop
      vertex 0 -7.5 25
      vertex -2.35189 -22.3767 0
      vertex 0 -22.5 0
    endloop
  endfacet
  facet normal -0.606559 -0.606559 0.513977
    outer loop
      vertex -15.0554 -16.7208 0
      vertex -5.57359 -5.01848 25
      vertex -16.7208 -15.0554 0
    endloop
  endfacet
  facet normal -0.606559 -0.606559 0.513977
    outer loop
      vertex -5.57359 -5.01848 25
      vertex -15.0554 -16.7208 0
      vertex -5.01848 -5.57359 25
    endloop
  endfacet
  facet normal -0.467191 -0.719416 0.513978
    outer loop
      vertex -4.40839 -6.06763 25
      vertex -11.25 -19.4856 0
      vertex -3.75 -6.49519 25
    endloop
  endfacet
  facet normal 0.856629 0.0448986 0.513976
    outer loop
      vertex 22.3767 2.35189 0
      vertex 7.45891 0.783963 25
      vertex 7.5 0 25
    endloop
  endfacet
  facet normal -0.828573 -0.222023 0.513978
    outer loop
      vertex -7.33611 -1.55934 25
      vertex -21.3988 -6.95288 0
      vertex -7.13292 -2.31763 25
    endloop
  endfacet
  facet normal -0.30741 0.800828 0.513978
    outer loop
      vertex -6.95288 21.3988 0
      vertex -9.15157 20.5548 0
      vertex -3.05052 6.85159 25
    endloop
  endfacet
  facet normal -0.856629 -0.0448986 0.513976
    outer loop
      vertex -7.5 0 25
      vertex -22.3767 -2.35189 0
      vertex -7.45891 -0.783963 25
    endloop
  endfacet
  facet normal 0.134183 0.847245 0.513976
    outer loop
      vertex 2.35189 22.3767 0
      vertex 0.783963 7.45891 25
      vertex 4.67801 22.0083 0
    endloop
  endfacet
  facet normal 0.134183 -0.847245 0.513976
    outer loop
      vertex 4.67801 -22.0083 0
      vertex 0.783963 -7.45891 25
      vertex 2.35189 -22.3767 0
    endloop
  endfacet
  facet normal 0 0 -1
    outer loop
      vertex 22.3767 -2.35189 0
      vertex 22.3767 2.35189 0
      vertex 22.5 0 0
    endloop
  endfacet
  facet normal 0 0 -1
    outer loop
      vertex 22.0083 -4.67801 0
      vertex 22.3767 2.35189 0
      vertex 22.3767 -2.35189 0
    endloop
  endfacet
  facet normal 0 0 -1
    outer loop
      vertex 22.0083 -4.67801 0
      vertex 22.0083 4.67801 0
      vertex 22.3767 2.35189 0
    endloop
  endfacet
  facet normal 0 0 -1
    outer loop
      vertex 21.3988 -6.95288 0
      vertex 22.0083 4.67801 0
      vertex 22.0083 -4.67801 0
    endloop
  endfacet
  facet normal 0 0 -1
    outer loop
      vertex 21.3988 -6.95288 0
      vertex 21.3988 6.95288 0
      vertex 22.0083 4.67801 0
    endloop
  endfacet
  facet normal 0 0 -1
    outer loop
      vertex 20.5548 -9.15157 0
      vertex 21.3988 6.95288 0
      vertex 21.3988 -6.95288 0
    endloop
  endfacet
  facet normal 0 0 -1
    outer loop
      vertex 20.5548 -9.15157 0
      vertex 20.5548 9.15157 0
      vertex 21.3988 6.95288 0
    endloop
  endfacet
  facet normal 0 0 -1
    outer loop
      vertex 19.4856 -11.25 0
      vertex 20.5548 9.15157 0
      vertex 20.5548 -9.15157 0
    endloop
  endfacet
  facet normal 0 0 -1
    outer loop
      vertex 19.4856 -11.25 0
      vertex 19.4856 11.25 0
      vertex 20.5548 9.15157 0
    endloop
  endfacet
  facet normal 0 0 -1
    outer loop
      vertex 18.2029 -13.2252 0
      vertex 19.4856 11.25 0
      vertex 19.4856 -11.25 0
    endloop
  endfacet
  facet normal 0 0 -1
    outer loop
      vertex 18.2029 -13.2252 0
      vertex 18.2029 13.2252 0
      vertex 19.4856 11.25 0
    endloop
  endfacet
  facet normal 0 0 -1
    outer loop
      vertex 16.7208 -15.0554 0
      vertex 18.2029 13.2252 0
      vertex 18.2029 -13.2252 0
    endloop
  endfacet
  facet normal 0 0 -1
    outer loop
      vertex 16.7208 -15.0554 0
      vertex 16.7208 15.0554 0
      vertex 18.2029 13.2252 0
    endloop
  endfacet
  facet normal 0 0 -1
    outer loop
      vertex 15.0554 -16.7208 0
      vertex 16.7208 15.0554 0
      vertex 16.7208 -15.0554 0
    endloop
  endfacet
  facet normal 0 0 -1
    outer loop
      vertex 15.0554 -16.7208 0
      vertex 15.0554 16.7208 0
      vertex 16.7208 15.0554 0
    endloop
  endfacet
  facet normal 0 0 -1
    outer loop
      vertex 13.2252 -18.2029 0
      vertex 15.0554 16.7208 0
      vertex 15.0554 -16.7208 0
    endloop
  endfacet
  facet normal 0 0 -1
    outer loop
      vertex 13.2252 -18.2029 0
      vertex 13.2252 18.2029 0
      vertex 15.0554 16.7208 0
    endloop
  endfacet
  facet normal 0 0 -1
    outer loop
      vertex 11.25 -19.4856 0
      vertex 13.2252 18.2029 0
      vertex 13.2252 -18.2029 0
    endloop
  endfacet
  facet normal 0 0 -1
    outer loop
      vertex 11.25 -19.4856 0
      vertex 11.25 19.4856 0
      vertex 13.2252 18.2029 0
    endloop
  endfacet
  facet normal 0 0 -1
    outer loop
      vertex 9.15157 -20.5548 0
      vertex 11.25 19.4856 0
      vertex 11.25 -19.4856 0
    endloop
  endfacet
  facet normal 0 0 -1
    outer loop
      vertex 9.15157 -20.5548 0
      vertex 9.15157 20.5548 0
      vertex 11.25 19.4856 0
    endloop
  endfacet
  facet normal 0 0 -1
    outer loop
      vertex 6.95288 -21.3988 0
      vertex 9.15157 20.5548 0
      vertex 9.15157 -20.5548 0
    endloop
  endfacet
  facet normal 0 0 -1
    outer loop
      vertex 6.95288 -21.3988 0
      vertex 6.95288 21.3988 0
      vertex 9.15157 20.5548 0
    endloop
  endfacet
  facet normal 0 0 -1
    outer loop
      vertex 4.67801 -22.0083 0
      vertex 6.95288 21.3988 0
      vertex 6.95288 -21.3988 0
    endloop
  endfacet
  facet normal 0 0 -1
    outer loop
      vertex 4.67801 -22.0083 0
      vertex 4.67801 22.0083 0
      vertex 6.95288 21.3988 0
    endloop
  endfacet
  facet normal 0 0 -1
    outer loop
      vertex 2.35189 -22.3767 0
      vertex 4.67801 22.0083 0
      vertex 4.67801 -22.0083 0
    endloop
  endfacet
  facet normal 0 0 -1
    outer loop
      vertex 2.35189 -22.3767 0
      vertex 2.35189 22.3767 0
      vertex 4.67801 22.0083 0
    endloop
  endfacet
  facet normal 0 0 -1
    outer loop
      vertex 0 -22.5 0
      vertex 2.35189 22.3767 0
      vertex 2.35189 -22.3767 0
    endloop
  endfacet
  facet normal 0 0 -1
    outer loop
      vertex 0 -22.5 0
      vertex 0 22.5 0
      vertex 2.35189 22.3767 0
    endloop
  endfacet
  facet normal 0 0 -1
    outer loop
      vertex -2.35189 -22.3767 0
      vertex 0 22.5 0
      vertex 0 -22.5 0
    endloop
  endfacet
  facet normal 0 0 -1
    outer loop
      vertex -2.35189 -22.3767 0
      vertex -2.35189 22.3767 0
      vertex 0 22.5 0
    endloop
  endfacet
  facet normal 0 0 -1
    outer loop
      vertex -4.67801 -22.0083 0
      vertex -2.35189 22.3767 0
      vertex -2.35189 -22.3767 0
    endloop
  endfacet
  facet normal 0 0 -1
    outer loop
      vertex -4.67801 -22.0083 0
      vertex -4.67801 22.0083 0
      vertex -2.35189 22.3767 0
    endloop
  endfacet
  facet normal 0 0 -1
    outer loop
      vertex -6.95288 -21.3988 0
      vertex -4.67801 22.0083 0
      vertex -4.67801 -22.0083 0
    endloop
  endfacet
  facet normal 0 0 -1
    outer loop
      vertex -6.95288 -21.3988 0
      vertex -6.95288 21.3988 0
      vertex -4.67801 22.0083 0
    endloop
  endfacet
  facet normal 0 0 -1
    outer loop
      vertex -9.15157 -20.5548 0
      vertex -6.95288 21.3988 0
      vertex -6.95288 -21.3988 0
    endloop
  endfacet
  facet normal 0 0 -1
    outer loop
      vertex -9.15157 -20.5548 0
      vertex -9.15157 20.5548 0
      vertex -6.95288 21.3988 0
    endloop
  endfacet
  facet normal 0 0 -1
    outer loop
      vertex -11.25 -19.4856 0
      vertex -9.15157 20.5548 0
      vertex -9.15157 -20.5548 0
    endloop
  endfacet
  facet normal 0 0 -1
    outer loop
      vertex -11.25 -19.4856 0
      vertex -11.25 19.4856 0
      vertex -9.15157 20.5548 0
    endloop
  endfacet
  facet normal 0 0 -1
    outer loop
      vertex -13.2252 -18.2029 0
      vertex -11.25 19.4856 0
      vertex -11.25 -19.4856 0
    endloop
  endfacet
  facet normal 0 0 -1
    outer loop
      vertex -13.2252 -18.2029 0
      vertex -13.2252 18.2029 0
      vertex -11.25 19.4856 0
    endloop
  endfacet
  facet normal 0 0 -1
    outer loop
      vertex -15.0554 -16.7208 0
      vertex -13.2252 18.2029 0
      vertex -13.2252 -18.2029 0
    endloop
  endfacet
  facet normal 0 0 -1
    outer loop
      vertex -15.0554 -16.7208 0
      vertex -15.0554 16.7208 0
      vertex -13.2252 18.2029 0
    endloop
  endfacet
  facet normal 0 0 -1
    outer loop
      vertex -16.7208 -15.0554 0
      vertex -15.0554 16.7208 0
      vertex -15.0554 -16.7208 0
    endloop
  endfacet
  facet normal 0 0 -1
    outer loop
      vertex -16.7208 -15.0554 0
      vertex -16.7208 15.0554 0
      vertex -15.0554 16.7208 0
    endloop
  endfacet
  facet normal 0 0 -1
    outer loop
      vertex -18.2029 -13.2252 0
      vertex -16.7208 15.0554 0
      vertex -16.7208 -15.0554 0
    endloop
  endfacet
  facet normal 0 0 -1
    outer loop
      vertex -18.2029 -13.2252 0
      vertex -18.2029 13.2252 0
      vertex -16.7208 15.0554 0
    endloop
  endfacet
  facet normal 0 0 -1
    outer loop
      vertex -19.4856 -11.25 0
      vertex -18.2029 13.2252 0
      vertex -18.2029 -13.2252 0
    endloop
  endfacet
  facet normal 0 0 -1
    outer loop
      vertex -19.4856 -11.25 0
      vertex -19.4856 11.25 0
      vertex -18.2029 13.2252 0
    endloop
  endfacet
  facet normal 0 0 -1
    outer loop
      vertex -20.5548 -9.15157 0
      vertex -19.4856 11.25 0
      vertex -19.4856 -11.25 0
    endloop
  endfacet
  facet normal 0 0 -1
    outer loop
      vertex -20.5548 -9.15157 0
      vertex -20.5548 9.15157 0
      vertex -19.4856 11.25 0
    endloop
  endfacet
  facet normal 0 0 -1
    outer loop
      vertex -21.3988 -6.95288 0
      vertex -20.5548 9.15157 0
      vertex -20.5548 -9.15157 0
    endloop
  endfacet
  facet normal 0 0 -1
    outer loop
      vertex -21.3988 -6.95288 0
      vertex -21.3988 6.95288 0
      vertex -20.5548 9.15157 0
    endloop
  endfacet
  facet normal 0 0 -1
    outer loop
      vertex -22.0083 -4.67801 0
      vertex -21.3988 6.95288 0
      vertex -21.3988 -6.95288 0
    endloop
  endfacet
  facet normal 0 0 -1
    outer loop
      vertex -22.0083 -4.67801 0
      vertex -22.0083 4.67801 0
      vertex -21.3988 6.95288 0
    endloop
  endfacet
  facet normal 0 0 -1
    outer loop
      vertex -22.3767 -2.35189 0
      vertex -22.0083 4.67801 0
      vertex -22.0083 -4.67801 0
    endloop
  endfacet
  facet normal 0 0 -1
    outer loop
      vertex -22.3767 -2.35189 0
      vertex -22.3767 2.35189 0
      vertex -22.0083 4.67801 0
    endloop
  endfacet
  facet normal 0 -0 -1
    outer loop
      vertex -22.3767 2.35189 0
      vertex -22.3767 -2.35189 0
      vertex -22.5 0 0
    endloop
  endfacet
  facet normal 0.307409 0.800829 0.513978
    outer loop
      vertex 6.95288 21.3988 0
      vertex 2.31763 7.13292 25
      vertex 3.05052 6.85159 25
    endloop
  endfacet
  facet normal -0.800829 0.307409 0.513978
    outer loop
      vertex -6.85159 3.05052 25
      vertex -21.3988 6.95288 0
      vertex -7.13292 2.31763 25
    endloop
  endfacet
  facet normal 0.666639 0.539833 0.513977
    outer loop
      vertex 16.7208 15.0554 0
      vertex 5.57359 5.01848 25
      vertex 6.06763 4.40839 25
    endloop
  endfacet
  facet normal 0.828573 -0.222023 0.513978
    outer loop
      vertex 7.33611 -1.55934 25
      vertex 7.13292 -2.31763 25
      vertex 21.3988 -6.95288 0
    endloop
  endfacet
  facet normal -0.666633 -0.539841 0.513978
    outer loop
      vertex -6.06763 -4.40839 25
      vertex -18.2029 -13.2252 0
      vertex -16.7208 -15.0554 0
    endloop
  endfacet
  facet normal -0.847245 -0.134183 0.513976
    outer loop
      vertex -7.45891 -0.783963 25
      vertex -22.3767 -2.35189 0
      vertex -22.0083 -4.67801 0
    endloop
  endfacet
  facet normal -0.307409 0.800829 0.513978
    outer loop
      vertex -2.31763 7.13292 25
      vertex -6.95288 21.3988 0
      vertex -3.05052 6.85159 25
    endloop
  endfacet
  facet normal -0.719416 -0.467191 0.513978
    outer loop
      vertex -6.49519 -3.75 25
      vertex -19.4856 -11.25 0
      vertex -6.06763 -4.40839 25
    endloop
  endfacet
  facet normal -0.134182 -0.847245 0.513976
    outer loop
      vertex -1.55934 -7.33611 25
      vertex -4.67801 -22.0083 0
      vertex -0.783963 -7.45891 25
    endloop
  endfacet
  facet normal -0.828573 0.222023 0.513978
    outer loop
      vertex -7.13292 2.31763 25
      vertex -21.3988 6.95288 0
      vertex -7.33611 1.55934 25
    endloop
  endfacet
  facet normal 0.222023 0.828573 0.513978
    outer loop
      vertex 6.95288 21.3988 0
      vertex 1.55934 7.33611 25
      vertex 2.31763 7.13292 25
    endloop
  endfacet
  facet normal -0.764309 0.389434 0.513978
    outer loop
      vertex -20.5548 9.15157 0
      vertex -6.49519 3.75 25
      vertex -19.4856 11.25 0
    endloop
  endfacet
  facet normal -0.76431 0.389432 0.513978
    outer loop
      vertex -6.49519 3.75 25
      vertex -20.5548 9.15157 0
      vertex -6.85159 3.05052 25
    endloop
  endfacet
  facet normal -0.30741 -0.800828 0.513978
    outer loop
      vertex -3.05052 -6.85159 25
      vertex -9.15157 -20.5548 0
      vertex -6.95288 -21.3988 0
    endloop
  endfacet
  facet normal -0.0448986 -0.856629 0.513976
    outer loop
      vertex -0.783963 -7.45891 25
      vertex -2.35189 -22.3767 0
      vertex 0 -7.5 25
    endloop
  endfacet
  facet normal -0.539833 -0.666639 0.513977
    outer loop
      vertex -5.01848 -5.57359 25
      vertex -15.0554 -16.7208 0
      vertex -4.40839 -6.06763 25
    endloop
  endfacet
  facet normal -0.307409 -0.800829 0.513978
    outer loop
      vertex -3.05052 -6.85159 25
      vertex -6.95288 -21.3988 0
      vertex -2.31763 -7.13292 25
    endloop
  endfacet
  facet normal 0.221999 -0.82858 0.513977
    outer loop
      vertex 6.95288 -21.3988 0
      vertex 1.55934 -7.33611 25
      vertex 4.67801 -22.0083 0
    endloop
  endfacet
  facet normal -0.222023 -0.828573 0.513978
    outer loop
      vertex -2.31763 -7.13292 25
      vertex -6.95288 -21.3988 0
      vertex -1.55934 -7.33611 25
    endloop
  endfacet
  facet normal 0.307409 -0.800829 0.513978
    outer loop
      vertex 3.05052 -6.85159 25
      vertex 2.31763 -7.13292 25
      vertex 6.95288 -21.3988 0
    endloop
  endfacet
  facet normal 0 1 -0
    outer loop
      vertex 2.48261 -4.3 11.45
      vertex -2.48261 -4.3 24
      vertex 2.48261 -4.3 24
    endloop
  endfacet
  facet normal 0 1 0
    outer loop
      vertex -2.48261 -4.3 24
      vertex 2.48261 -4.3 11.45
      vertex -2.48261 -4.3 11.45
    endloop
  endfacet
  facet normal -0.866026 0.499999 1.28777e-17
    outer loop
      vertex 2.48261 -4.3 11.45
      vertex 4.96521 0 24
      vertex 4.96521 0 11.45
    endloop
  endfacet
  facet normal -0.866026 0.499999 1.28777e-17
    outer loop
      vertex 4.96521 0 24
      vertex 2.48261 -4.3 11.45
      vertex 2.48261 -4.3 24
    endloop
  endfacet
  facet normal 0 -1 0
    outer loop
      vertex -2.48261 4.3 11.45
      vertex 2.48261 4.3 24
      vertex -2.48261 4.3 24
    endloop
  endfacet
  facet normal 0 -1 -0
    outer loop
      vertex 2.48261 4.3 24
      vertex -2.48261 4.3 11.45
      vertex 2.48261 4.3 11.45
    endloop
  endfacet
  facet normal -0.866026 -0.499999 -1.28777e-17
    outer loop
      vertex 4.96521 0 11.45
      vertex 2.48261 4.3 24
      vertex 2.48261 4.3 11.45
    endloop
  endfacet
  facet normal -0.866026 -0.499999 -1.28777e-17
    outer loop
      vertex 2.48261 4.3 24
      vertex 4.96521 0 11.45
      vertex 4.96521 0 24
    endloop
  endfacet
  facet normal 0.866026 -0.499999 1.28777e-17
    outer loop
      vertex -4.96521 0 24
      vertex -2.48261 4.3 11.45
      vertex -2.48261 4.3 24
    endloop
  endfacet
  facet normal 0.866026 -0.499999 1.28777e-17
    outer loop
      vertex -2.48261 4.3 11.45
      vertex -4.96521 0 24
      vertex -4.96521 0 11.45
    endloop
  endfacet
  facet normal 0.866026 0.499999 -1.28777e-17
    outer loop
      vertex -2.48261 -4.3 24
      vertex -4.96521 0 11.45
      vertex -4.96521 0 24
    endloop
  endfacet
  facet normal 0.866026 0.499999 -1.28777e-17
    outer loop
      vertex -4.96521 0 11.45
      vertex -2.48261 -4.3 24
      vertex -2.48261 -4.3 11.45
    endloop
  endfacet
  facet normal 0 0 1
    outer loop
      vertex 2.48261 4.3 11.45
      vertex 2.48261 -4.3 11.45
      vertex 4.96521 0 11.45
    endloop
  endfacet
  facet normal -0 0 1
    outer loop
      vertex -2.48261 4.3 11.45
      vertex 2.48261 -4.3 11.45
      vertex 2.48261 4.3 11.45
    endloop
  endfacet
  facet normal 0 0 1
    outer loop
      vertex -2.48261 4.3 11.45
      vertex -2.48261 -4.3 11.45
      vertex 2.48261 -4.3 11.45
    endloop
  endfacet
  facet normal 0 -0 1
    outer loop
      vertex -2.48261 -4.3 11.45
      vertex -2.48261 4.3 11.45
      vertex -4.96521 0 11.45
    endloop
  endfacet
  facet normal -0.406169 0.797158 0.446728
    outer loop
      vertex 3.5 -6.06218 25
      vertex 3.25 -5.62916 24
      vertex 3.15026 -6.24038 25
    endloop
  endfacet
  facet normal -0.893446 -0.0468169 0.446723
    outer loop
      vertex 7 0 25
      vertex 6.97946 0.391982 25
      vertex 6.5 0 24
    endloop
  endfacet
  facet normal -0.893445 -0.0468398 0.446723
    outer loop
      vertex 6.46439 0.679435 24
      vertex 6.97946 0.391982 25
      vertex 6.96165 0.731699 25
    endloop
  endfacet
  facet normal -0.893445 -0.0468265 0.446726
    outer loop
      vertex 6.97946 0.391982 25
      vertex 6.46439 0.679435 24
      vertex 6.5 0 24
    endloop
  endfacet
  facet normal -0.835256 0.320609 0.446718
    outer loop
      vertex 6.51673 -2.52957 25
      vertex 6.65739 -2.16312 25
      vertex 6.18187 -2.00861 24
    endloop
  endfacet
  facet normal 0.893445 -0.0468398 0.446723
    outer loop
      vertex -6.97946 0.391982 25
      vertex -6.46439 0.679435 24
      vertex -6.96165 0.731699 25
    endloop
  endfacet
  facet normal 0.893445 -0.0468265 0.446726
    outer loop
      vertex -6.46439 0.679435 24
      vertex -6.97946 0.391982 25
      vertex -6.5 0 24
    endloop
  endfacet
  facet normal -0.320618 0.835247 0.446728
    outer loop
      vertex 2.64379 -5.93804 24
      vertex 2.52957 -6.51673 25
      vertex 2.84716 -6.39482 25
    endloop
  endfacet
  facet normal -0.32063 0.835244 0.446725
    outer loop
      vertex 2.52957 -6.51673 25
      vertex 2.64379 -5.93804 24
      vertex 2.00861 -6.18187 24
    endloop
  endfacet
  facet normal 0.750337 -0.487268 0.446727
    outer loop
      vertex -5.8484 3.82919 25
      vertex -5.25861 3.8206 24
      vertex -5.66312 4.1145 25
    endloop
  endfacet
  facet normal 0.750335 -0.487271 0.446726
    outer loop
      vertex -5.25861 3.8206 24
      vertex -5.8484 3.82919 25
      vertex -5.62916 3.25 24
    endloop
  endfacet
  facet normal -0.320609 0.835256 0.446718
    outer loop
      vertex 2.16312 -6.65739 25
      vertex 2.52957 -6.51673 25
      vertex 2.00861 -6.18187 24
    endloop
  endfacet
  facet normal -0.883657 0.139971 0.44672
    outer loop
      vertex 6.84703 -1.45538 25
      vertex 6.90844 -1.06769 25
      vertex 6.35796 -1.35143 24
    endloop
  endfacet
  facet normal 0.139971 -0.883657 0.44672
    outer loop
      vertex -1.35143 6.35796 24
      vertex -1.06769 6.90844 25
      vertex -1.45538 6.84703 25
    endloop
  endfacet
  facet normal -0.63263 -0.63263 0.446719
    outer loop
      vertex 4.34935 4.83044 24
      vertex 5.20201 4.68391 25
      vertex 4.68391 5.20201 25
    endloop
  endfacet
  facet normal -0.63263 -0.63263 0.446719
    outer loop
      vertex 5.20201 4.68391 25
      vertex 4.34935 4.83044 24
      vertex 4.83044 4.34935 24
    endloop
  endfacet
  facet normal 0.835244 0.32063 0.446725
    outer loop
      vertex -6.51673 -2.52957 25
      vertex -5.93804 -2.64379 24
      vertex -6.18187 -2.00861 24
    endloop
  endfacet
  facet normal 0.835247 0.320618 0.446728
    outer loop
      vertex -5.93804 -2.64379 24
      vertex -6.51673 -2.52957 25
      vertex -6.39482 -2.84716 25
    endloop
  endfacet
  facet normal -0.487268 0.750337 0.446727
    outer loop
      vertex 3.8206 -5.25861 24
      vertex 3.82919 -5.8484 25
      vertex 4.1145 -5.66312 25
    endloop
  endfacet
  facet normal -0.487271 0.750335 0.446726
    outer loop
      vertex 3.82919 -5.8484 25
      vertex 3.8206 -5.25861 24
      vertex 3.25 -5.62916 24
    endloop
  endfacet
  facet normal 0.835247 -0.320618 0.446728
    outer loop
      vertex -6.51673 2.52957 25
      vertex -5.93804 2.64379 24
      vertex -6.39482 2.84716 25
    endloop
  endfacet
  facet normal 0.835244 -0.32063 0.446725
    outer loop
      vertex -5.93804 2.64379 24
      vertex -6.51673 2.52957 25
      vertex -6.18187 2.00861 24
    endloop
  endfacet
  facet normal 0.893446 -0.0468169 0.446723
    outer loop
      vertex -6.5 0 24
      vertex -6.97946 0.391982 25
      vertex -7 0 25
    endloop
  endfacet
  facet normal -0.0468169 0.893446 0.446723
    outer loop
      vertex 0.391982 -6.97946 25
      vertex 0 -6.5 24
      vertex 0 -7 25
    endloop
  endfacet
  facet normal -0.563039 0.695286 0.446727
    outer loop
      vertex 4.1145 -5.66312 25
      vertex 4.41954 -5.4161 25
      vertex 3.8206 -5.25861 24
    endloop
  endfacet
  facet normal -0.893445 0.0468265 0.446726
    outer loop
      vertex 6.46439 -0.679435 24
      vertex 6.97946 -0.391982 25
      vertex 6.5 0 24
    endloop
  endfacet
  facet normal -0.893445 0.0468398 0.446723
    outer loop
      vertex 6.97946 -0.391982 25
      vertex 6.46439 -0.679435 24
      vertex 6.96165 -0.731699 25
    endloop
  endfacet
  facet normal 0.563032 0.695293 0.446724
    outer loop
      vertex -4.34935 -4.83044 24
      vertex -4.41954 -5.4161 25
      vertex -3.8206 -5.25861 24
    endloop
  endfacet
  facet normal 0.563048 0.695283 0.44672
    outer loop
      vertex -4.41954 -5.4161 25
      vertex -4.34935 -4.83044 24
      vertex -4.68391 -5.20201 25
    endloop
  endfacet
  facet normal 0.0468169 0.893446 0.446723
    outer loop
      vertex 0 -7 25
      vertex 0 -6.5 24
      vertex -0.391982 -6.97946 25
    endloop
  endfacet
  facet normal 0.893446 0.0468169 0.446723
    outer loop
      vertex -6.97946 -0.391982 25
      vertex -6.5 0 24
      vertex -7 0 25
    endloop
  endfacet
  facet normal 0 0 1
    outer loop
      vertex 4.96521 0 24
      vertex 6.5 0 24
      vertex 6.46439 0.679435 24
    endloop
  endfacet
  facet normal 0 0 1
    outer loop
      vertex 4.96521 0 24
      vertex 6.46439 0.679435 24
      vertex 6.35796 1.35143 24
    endloop
  endfacet
  facet normal 0 0 1
    outer loop
      vertex 6.5 0 24
      vertex 4.96521 0 24
      vertex 6.46439 -0.679435 24
    endloop
  endfacet
  facet normal 0 0 1
    outer loop
      vertex 4.96521 0 24
      vertex 6.35796 1.35143 24
      vertex 6.18187 2.00861 24
    endloop
  endfacet
  facet normal 0 0 1
    outer loop
      vertex 6.46439 -0.679435 24
      vertex 4.96521 0 24
      vertex 6.35796 -1.35143 24
    endloop
  endfacet
  facet normal 0 0 1
    outer loop
      vertex 4.96521 0 24
      vertex 6.18187 2.00861 24
      vertex 5.93804 2.64379 24
    endloop
  endfacet
  facet normal 0 0 1
    outer loop
      vertex 6.35796 -1.35143 24
      vertex 4.96521 0 24
      vertex 6.18187 -2.00861 24
    endloop
  endfacet
  facet normal 0 0 1
    outer loop
      vertex 4.96521 0 24
      vertex 5.93804 2.64379 24
      vertex 5.62916 3.25 24
    endloop
  endfacet
  facet normal 0 0 1
    outer loop
      vertex 6.18187 -2.00861 24
      vertex 4.96521 0 24
      vertex 5.93804 -2.64379 24
    endloop
  endfacet
  facet normal 0 0 1
    outer loop
      vertex 2.48261 4.3 24
      vertex 5.62916 3.25 24
      vertex 5.25861 3.8206 24
    endloop
  endfacet
  facet normal 0 0 1
    outer loop
      vertex 5.93804 -2.64379 24
      vertex 4.96521 0 24
      vertex 5.62916 -3.25 24
    endloop
  endfacet
  facet normal 0 0 1
    outer loop
      vertex 2.48261 -4.3 24
      vertex 5.62916 -3.25 24
      vertex 4.96521 0 24
    endloop
  endfacet
  facet normal -0 0 1
    outer loop
      vertex 2.48261 4.3 24
      vertex 5.25861 3.8206 24
      vertex 4.83044 4.34935 24
    endloop
  endfacet
  facet normal 0 0 1
    outer loop
      vertex 2.48261 4.3 24
      vertex 4.83044 4.34935 24
      vertex 4.34935 4.83044 24
    endloop
  endfacet
  facet normal 0 0 1
    outer loop
      vertex 2.48261 4.3 24
      vertex 4.34935 4.83044 24
      vertex 3.8206 5.25861 24
    endloop
  endfacet
  facet normal 0 0 1
    outer loop
      vertex 2.48261 4.3 24
      vertex 3.8206 5.25861 24
      vertex 3.25 5.62916 24
    endloop
  endfacet
  facet normal 0 0 1
    outer loop
      vertex 2.48261 4.3 24
      vertex 3.25 5.62916 24
      vertex 2.64379 5.93804 24
    endloop
  endfacet
  facet normal 0 0 1
    outer loop
      vertex 5.62916 3.25 24
      vertex 2.48261 4.3 24
      vertex 4.96521 0 24
    endloop
  endfacet
  facet normal 0 0 1
    outer loop
      vertex 2.00861 6.18187 24
      vertex 2.48261 4.3 24
      vertex 2.64379 5.93804 24
    endloop
  endfacet
  facet normal 0 0 1
    outer loop
      vertex 1.35143 6.35796 24
      vertex 2.48261 4.3 24
      vertex 2.00861 6.18187 24
    endloop
  endfacet
  facet normal 0 0 1
    outer loop
      vertex 0.679435 6.46439 24
      vertex 2.48261 4.3 24
      vertex 1.35143 6.35796 24
    endloop
  endfacet
  facet normal 0 0 1
    outer loop
      vertex 0 6.5 24
      vertex 2.48261 4.3 24
      vertex 0.679435 6.46439 24
    endloop
  endfacet
  facet normal 0 0 1
    outer loop
      vertex -2.48261 4.3 24
      vertex 0 6.5 24
      vertex -0.679435 6.46439 24
    endloop
  endfacet
  facet normal 0 0 1
    outer loop
      vertex -2.48261 4.3 24
      vertex -0.679435 6.46439 24
      vertex -1.35143 6.35796 24
    endloop
  endfacet
  facet normal 0 0 1
    outer loop
      vertex -2.48261 4.3 24
      vertex -1.35143 6.35796 24
      vertex -2.00861 6.18187 24
    endloop
  endfacet
  facet normal 0 0 1
    outer loop
      vertex 0 6.5 24
      vertex -2.48261 4.3 24
      vertex 2.48261 4.3 24
    endloop
  endfacet
  facet normal -0 0 1
    outer loop
      vertex -2.64379 5.93804 24
      vertex -2.48261 4.3 24
      vertex -2.00861 6.18187 24
    endloop
  endfacet
  facet normal -0 0 1
    outer loop
      vertex -3.25 5.62916 24
      vertex -2.48261 4.3 24
      vertex -2.64379 5.93804 24
    endloop
  endfacet
  facet normal -0 0 1
    outer loop
      vertex -3.8206 5.25861 24
      vertex -2.48261 4.3 24
      vertex -3.25 5.62916 24
    endloop
  endfacet
  facet normal -0 0 1
    outer loop
      vertex -4.34935 4.83044 24
      vertex -2.48261 4.3 24
      vertex -3.8206 5.25861 24
    endloop
  endfacet
  facet normal -0 0 1
    outer loop
      vertex -4.83044 4.34935 24
      vertex -2.48261 4.3 24
      vertex -4.34935 4.83044 24
    endloop
  endfacet
  facet normal 0 0 1
    outer loop
      vertex -5.25861 3.8206 24
      vertex -2.48261 4.3 24
      vertex -4.83044 4.34935 24
    endloop
  endfacet
  facet normal 0 0 1
    outer loop
      vertex -5.62916 3.25 24
      vertex -2.48261 4.3 24
      vertex -5.25861 3.8206 24
    endloop
  endfacet
  facet normal 0 0 1
    outer loop
      vertex 5.62916 -3.25 24
      vertex 2.48261 -4.3 24
      vertex 5.25861 -3.8206 24
    endloop
  endfacet
  facet normal 0 0 1
    outer loop
      vertex 5.25861 -3.8206 24
      vertex 2.48261 -4.3 24
      vertex 4.83044 -4.34935 24
    endloop
  endfacet
  facet normal 0 0 1
    outer loop
      vertex 4.83044 -4.34935 24
      vertex 2.48261 -4.3 24
      vertex 4.34935 -4.83044 24
    endloop
  endfacet
  facet normal 0 0 1
    outer loop
      vertex 4.34935 -4.83044 24
      vertex 2.48261 -4.3 24
      vertex 3.8206 -5.25861 24
    endloop
  endfacet
  facet normal 0 0 1
    outer loop
      vertex 3.8206 -5.25861 24
      vertex 2.48261 -4.3 24
      vertex 3.25 -5.62916 24
    endloop
  endfacet
  facet normal 0 0 1
    outer loop
      vertex 3.25 -5.62916 24
      vertex 2.48261 -4.3 24
      vertex 2.64379 -5.93804 24
    endloop
  endfacet
  facet normal 0 0 1
    outer loop
      vertex 2.48261 -4.3 24
      vertex 2.00861 -6.18187 24
      vertex 2.64379 -5.93804 24
    endloop
  endfacet
  facet normal 0 0 1
    outer loop
      vertex 2.48261 -4.3 24
      vertex 1.35143 -6.35796 24
      vertex 2.00861 -6.18187 24
    endloop
  endfacet
  facet normal 0 0 1
    outer loop
      vertex 2.48261 -4.3 24
      vertex 0.679435 -6.46439 24
      vertex 1.35143 -6.35796 24
    endloop
  endfacet
  facet normal 0 0 1
    outer loop
      vertex 2.48261 -4.3 24
      vertex 0 -6.5 24
      vertex 0.679435 -6.46439 24
    endloop
  endfacet
  facet normal -0 0 1
    outer loop
      vertex -2.48261 -4.3 24
      vertex 0 -6.5 24
      vertex 2.48261 -4.3 24
    endloop
  endfacet
  facet normal 0 0 1
    outer loop
      vertex 0 -6.5 24
      vertex -2.48261 -4.3 24
      vertex -0.679435 -6.46439 24
    endloop
  endfacet
  facet normal 0 0 1
    outer loop
      vertex -0.679435 -6.46439 24
      vertex -2.48261 -4.3 24
      vertex -1.35143 -6.35796 24
    endloop
  endfacet
  facet normal 0 0 1
    outer loop
      vertex -1.35143 -6.35796 24
      vertex -2.48261 -4.3 24
      vertex -2.00861 -6.18187 24
    endloop
  endfacet
  facet normal 0 0 1
    outer loop
      vertex -2.48261 -4.3 24
      vertex -2.64379 -5.93804 24
      vertex -2.00861 -6.18187 24
    endloop
  endfacet
  facet normal 0 0 1
    outer loop
      vertex -2.48261 -4.3 24
      vertex -3.25 -5.62916 24
      vertex -2.64379 -5.93804 24
    endloop
  endfacet
  facet normal 0 0 1
    outer loop
      vertex -2.48261 -4.3 24
      vertex -3.8206 -5.25861 24
      vertex -3.25 -5.62916 24
    endloop
  endfacet
  facet normal 0 0 1
    outer loop
      vertex -2.48261 -4.3 24
      vertex -4.34935 -4.83044 24
      vertex -3.8206 -5.25861 24
    endloop
  endfacet
  facet normal 0 0 1
    outer loop
      vertex -2.48261 -4.3 24
      vertex -4.83044 -4.34935 24
      vertex -4.34935 -4.83044 24
    endloop
  endfacet
  facet normal -0 0 1
    outer loop
      vertex -5.62916 -3.25 24
      vertex -2.48261 -4.3 24
      vertex -4.96521 0 24
    endloop
  endfacet
  facet normal 0 0 1
    outer loop
      vertex -2.48261 4.3 24
      vertex -5.62916 3.25 24
      vertex -4.96521 0 24
    endloop
  endfacet
  facet normal 0 0 1
    outer loop
      vertex -2.48261 -4.3 24
      vertex -5.25861 -3.8206 24
      vertex -4.83044 -4.34935 24
    endloop
  endfacet
  facet normal -0 0 1
    outer loop
      vertex -5.93804 2.64379 24
      vertex -4.96521 0 24
      vertex -5.62916 3.25 24
    endloop
  endfacet
  facet normal 0 0 1
    outer loop
      vertex -2.48261 -4.3 24
      vertex -5.62916 -3.25 24
      vertex -5.25861 -3.8206 24
    endloop
  endfacet
  facet normal -0 0 1
    outer loop
      vertex -6.18187 2.00861 24
      vertex -4.96521 0 24
      vertex -5.93804 2.64379 24
    endloop
  endfacet
  facet normal 0 0 1
    outer loop
      vertex -4.96521 0 24
      vertex -5.93804 -2.64379 24
      vertex -5.62916 -3.25 24
    endloop
  endfacet
  facet normal -0 0 1
    outer loop
      vertex -6.35796 1.35143 24
      vertex -4.96521 0 24
      vertex -6.18187 2.00861 24
    endloop
  endfacet
  facet normal 0 0 1
    outer loop
      vertex -4.96521 0 24
      vertex -6.18187 -2.00861 24
      vertex -5.93804 -2.64379 24
    endloop
  endfacet
  facet normal -0 0 1
    outer loop
      vertex -6.46439 0.679435 24
      vertex -4.96521 0 24
      vertex -6.35796 1.35143 24
    endloop
  endfacet
  facet normal 0 0 1
    outer loop
      vertex -4.96521 0 24
      vertex -6.35796 -1.35143 24
      vertex -6.18187 -2.00861 24
    endloop
  endfacet
  facet normal 0 0 1
    outer loop
      vertex -6.5 0 24
      vertex -4.96521 0 24
      vertex -6.46439 0.679435 24
    endloop
  endfacet
  facet normal 0 0 1
    outer loop
      vertex -4.96521 0 24
      vertex -6.46439 -0.679435 24
      vertex -6.35796 -1.35143 24
    endloop
  endfacet
  facet normal 0 0 1
    outer loop
      vertex -4.96521 0 24
      vertex -6.5 0 24
      vertex -6.46439 -0.679435 24
    endloop
  endfacet
  facet normal 0.750332 0.487275 0.446727
    outer loop
      vertex -5.8484 -3.82919 25
      vertex -5.62916 -3.25 24
      vertex -6.06218 -3.5 25
    endloop
  endfacet
  facet normal -0.563039 -0.695286 0.446727
    outer loop
      vertex 4.41954 5.4161 25
      vertex 4.1145 5.66312 25
      vertex 3.8206 5.25861 24
    endloop
  endfacet
  facet normal -0.0468398 0.893445 0.446723
    outer loop
      vertex 0.679435 -6.46439 24
      vertex 0.391982 -6.97946 25
      vertex 0.731699 -6.96165 25
    endloop
  endfacet
  facet normal -0.0468265 0.893445 0.446726
    outer loop
      vertex 0.391982 -6.97946 25
      vertex 0.679435 -6.46439 24
      vertex 0 -6.5 24
    endloop
  endfacet
  facet normal 0.406169 -0.797158 0.446728
    outer loop
      vertex -3.25 5.62916 24
      vertex -3.15026 6.24038 25
      vertex -3.5 6.06218 25
    endloop
  endfacet
  facet normal -0.864185 0.231574 0.446718
    outer loop
      vertex 6.65739 -2.16312 25
      vertex 6.75899 -1.78397 25
      vertex 6.18187 -2.00861 24
    endloop
  endfacet
  facet normal -0.797158 0.406169 0.446728
    outer loop
      vertex 6.06218 -3.5 25
      vertex 6.24038 -3.15026 25
      vertex 5.62916 -3.25 24
    endloop
  endfacet
  facet normal -0.797155 -0.406178 0.446725
    outer loop
      vertex 5.62916 3.25 24
      vertex 6.39482 2.84716 25
      vertex 6.24038 3.15026 25
    endloop
  endfacet
  facet normal -0.797156 -0.406172 0.446728
    outer loop
      vertex 6.39482 2.84716 25
      vertex 5.62916 3.25 24
      vertex 5.93804 2.64379 24
    endloop
  endfacet
  facet normal 0.864192 0.231545 0.44672
    outer loop
      vertex -6.75899 -1.78397 25
      vertex -6.35796 -1.35143 24
      vertex -6.84703 -1.45538 25
    endloop
  endfacet
  facet normal 0.864187 0.231557 0.446723
    outer loop
      vertex -6.35796 -1.35143 24
      vertex -6.75899 -1.78397 25
      vertex -6.18187 -2.00861 24
    endloop
  endfacet
  facet normal 0.864185 -0.231574 0.446718
    outer loop
      vertex -6.18187 2.00861 24
      vertex -6.65739 2.16312 25
      vertex -6.75899 1.78397 25
    endloop
  endfacet
  facet normal -0.893446 0.0468169 0.446723
    outer loop
      vertex 6.97946 -0.391982 25
      vertex 7 0 25
      vertex 6.5 0 24
    endloop
  endfacet
  facet normal -0.883657 -0.139971 0.44672
    outer loop
      vertex 6.90844 1.06769 25
      vertex 6.84703 1.45538 25
      vertex 6.35796 1.35143 24
    endloop
  endfacet
  facet normal 0.797158 -0.406169 0.446728
    outer loop
      vertex -5.62916 3.25 24
      vertex -6.06218 3.5 25
      vertex -6.24038 3.15026 25
    endloop
  endfacet
  facet normal -0.864192 0.231545 0.44672
    outer loop
      vertex 6.35796 -1.35143 24
      vertex 6.75899 -1.78397 25
      vertex 6.84703 -1.45538 25
    endloop
  endfacet
  facet normal -0.864187 0.231557 0.446723
    outer loop
      vertex 6.75899 -1.78397 25
      vertex 6.35796 -1.35143 24
      vertex 6.18187 -2.00861 24
    endloop
  endfacet
  facet normal -0.139943 -0.88366 0.446723
    outer loop
      vertex 0.679435 6.46439 24
      vertex 1.06769 6.90844 25
      vertex 0.731699 6.96165 25
    endloop
  endfacet
  facet normal -0.139953 -0.883657 0.446725
    outer loop
      vertex 1.06769 6.90844 25
      vertex 0.679435 6.46439 24
      vertex 1.35143 6.35796 24
    endloop
  endfacet
  facet normal -0.231574 0.864185 0.446718
    outer loop
      vertex 2.16312 -6.65739 25
      vertex 2.00861 -6.18187 24
      vertex 1.78397 -6.75899 25
    endloop
  endfacet
  facet normal -0.406178 0.797155 0.446725
    outer loop
      vertex 3.25 -5.62916 24
      vertex 2.84716 -6.39482 25
      vertex 3.15026 -6.24038 25
    endloop
  endfacet
  facet normal -0.406172 0.797156 0.446728
    outer loop
      vertex 2.84716 -6.39482 25
      vertex 3.25 -5.62916 24
      vertex 2.64379 -5.93804 24
    endloop
  endfacet
  facet normal 0.750335 0.487271 0.446726
    outer loop
      vertex -5.8484 -3.82919 25
      vertex -5.25861 -3.8206 24
      vertex -5.62916 -3.25 24
    endloop
  endfacet
  facet normal 0.750337 0.487268 0.446727
    outer loop
      vertex -5.25861 -3.8206 24
      vertex -5.8484 -3.82919 25
      vertex -5.66312 -4.1145 25
    endloop
  endfacet
  facet normal 0.139971 0.883657 0.44672
    outer loop
      vertex -1.06769 -6.90844 25
      vertex -1.35143 -6.35796 24
      vertex -1.45538 -6.84703 25
    endloop
  endfacet
  facet normal -0.88366 0.139943 0.446723
    outer loop
      vertex 6.46439 -0.679435 24
      vertex 6.90844 -1.06769 25
      vertex 6.96165 -0.731699 25
    endloop
  endfacet
  facet normal -0.883657 0.139953 0.446725
    outer loop
      vertex 6.90844 -1.06769 25
      vertex 6.46439 -0.679435 24
      vertex 6.35796 -1.35143 24
    endloop
  endfacet
  facet normal 0.406169 0.797158 0.446728
    outer loop
      vertex -3.15026 -6.24038 25
      vertex -3.25 -5.62916 24
      vertex -3.5 -6.06218 25
    endloop
  endfacet
  facet normal 0.563039 0.695286 0.446727
    outer loop
      vertex -4.1145 -5.66312 25
      vertex -3.8206 -5.25861 24
      vertex -4.41954 -5.4161 25
    endloop
  endfacet
  facet normal 0.487275 0.750332 0.446727
    outer loop
      vertex -3.5 -6.06218 25
      vertex -3.25 -5.62916 24
      vertex -3.82919 -5.8484 25
    endloop
  endfacet
  facet normal 0.139953 -0.883657 0.446725
    outer loop
      vertex -0.679435 6.46439 24
      vertex -1.06769 6.90844 25
      vertex -1.35143 6.35796 24
    endloop
  endfacet
  facet normal 0.139943 -0.88366 0.446723
    outer loop
      vertex -1.06769 6.90844 25
      vertex -0.679435 6.46439 24
      vertex -0.731699 6.96165 25
    endloop
  endfacet
  facet normal -0.750335 0.487271 0.446726
    outer loop
      vertex 5.25861 -3.8206 24
      vertex 5.8484 -3.82919 25
      vertex 5.62916 -3.25 24
    endloop
  endfacet
  facet normal -0.750337 0.487268 0.446727
    outer loop
      vertex 5.8484 -3.82919 25
      vertex 5.25861 -3.8206 24
      vertex 5.66312 -4.1145 25
    endloop
  endfacet
  facet normal 0.231545 0.864192 0.44672
    outer loop
      vertex -1.35143 -6.35796 24
      vertex -1.78397 -6.75899 25
      vertex -1.45538 -6.84703 25
    endloop
  endfacet
  facet normal 0.231557 0.864187 0.446723
    outer loop
      vertex -1.78397 -6.75899 25
      vertex -1.35143 -6.35796 24
      vertex -2.00861 -6.18187 24
    endloop
  endfacet
  facet normal -0.695286 0.563039 0.446727
    outer loop
      vertex 5.4161 -4.41954 25
      vertex 5.66312 -4.1145 25
      vertex 5.25861 -3.8206 24
    endloop
  endfacet
  facet normal -0.797156 0.406172 0.446728
    outer loop
      vertex 5.62916 -3.25 24
      vertex 6.39482 -2.84716 25
      vertex 5.93804 -2.64379 24
    endloop
  endfacet
  facet normal -0.797155 0.406178 0.446725
    outer loop
      vertex 6.39482 -2.84716 25
      vertex 5.62916 -3.25 24
      vertex 6.24038 -3.15026 25
    endloop
  endfacet
  facet normal 0.231574 -0.864185 0.446718
    outer loop
      vertex -2.00861 6.18187 24
      vertex -1.78397 6.75899 25
      vertex -2.16312 6.65739 25
    endloop
  endfacet
  facet normal 0.487271 0.750335 0.446726
    outer loop
      vertex -3.8206 -5.25861 24
      vertex -3.82919 -5.8484 25
      vertex -3.25 -5.62916 24
    endloop
  endfacet
  facet normal 0.487268 0.750337 0.446727
    outer loop
      vertex -3.82919 -5.8484 25
      vertex -3.8206 -5.25861 24
      vertex -4.1145 -5.66312 25
    endloop
  endfacet
  facet normal 0.864192 -0.231545 0.44672
    outer loop
      vertex -6.35796 1.35143 24
      vertex -6.75899 1.78397 25
      vertex -6.84703 1.45538 25
    endloop
  endfacet
  facet normal 0.864187 -0.231557 0.446723
    outer loop
      vertex -6.75899 1.78397 25
      vertex -6.35796 1.35143 24
      vertex -6.18187 2.00861 24
    endloop
  endfacet
  facet normal 0.797155 0.406178 0.446725
    outer loop
      vertex -5.62916 -3.25 24
      vertex -6.39482 -2.84716 25
      vertex -6.24038 -3.15026 25
    endloop
  endfacet
  facet normal 0.797156 0.406172 0.446728
    outer loop
      vertex -6.39482 -2.84716 25
      vertex -5.62916 -3.25 24
      vertex -5.93804 -2.64379 24
    endloop
  endfacet
  facet normal -0.32063 -0.835244 0.446725
    outer loop
      vertex 2.64379 5.93804 24
      vertex 2.52957 6.51673 25
      vertex 2.00861 6.18187 24
    endloop
  endfacet
  facet normal -0.320618 -0.835247 0.446728
    outer loop
      vertex 2.52957 6.51673 25
      vertex 2.64379 5.93804 24
      vertex 2.84716 6.39482 25
    endloop
  endfacet
  facet normal -0.695286 -0.563039 0.446727
    outer loop
      vertex 5.66312 4.1145 25
      vertex 5.4161 4.41954 25
      vertex 5.25861 3.8206 24
    endloop
  endfacet
  facet normal 0.835256 0.320609 0.446718
    outer loop
      vertex -6.51673 -2.52957 25
      vertex -6.18187 -2.00861 24
      vertex -6.65739 -2.16312 25
    endloop
  endfacet
  facet normal -0.406169 -0.797158 0.446728
    outer loop
      vertex 3.25 5.62916 24
      vertex 3.5 6.06218 25
      vertex 3.15026 6.24038 25
    endloop
  endfacet
  facet normal 0.797158 0.406169 0.446728
    outer loop
      vertex -6.06218 -3.5 25
      vertex -5.62916 -3.25 24
      vertex -6.24038 -3.15026 25
    endloop
  endfacet
  facet normal -0.0468169 -0.893446 0.446723
    outer loop
      vertex 0.391982 6.97946 25
      vertex 0 7 25
      vertex 0 6.5 24
    endloop
  endfacet
  facet normal 0.835256 -0.320609 0.446718
    outer loop
      vertex -6.18187 2.00861 24
      vertex -6.51673 2.52957 25
      vertex -6.65739 2.16312 25
    endloop
  endfacet
  facet normal 0.797155 -0.406178 0.446725
    outer loop
      vertex -6.39482 2.84716 25
      vertex -5.62916 3.25 24
      vertex -6.24038 3.15026 25
    endloop
  endfacet
  facet normal 0.797156 -0.406172 0.446728
    outer loop
      vertex -5.62916 3.25 24
      vertex -6.39482 2.84716 25
      vertex -5.93804 2.64379 24
    endloop
  endfacet
  facet normal 0.32063 0.835244 0.446725
    outer loop
      vertex -2.64379 -5.93804 24
      vertex -2.52957 -6.51673 25
      vertex -2.00861 -6.18187 24
    endloop
  endfacet
  facet normal 0.320618 0.835247 0.446728
    outer loop
      vertex -2.52957 -6.51673 25
      vertex -2.64379 -5.93804 24
      vertex -2.84716 -6.39482 25
    endloop
  endfacet
  facet normal -0.139971 0.883657 0.44672
    outer loop
      vertex 1.45538 -6.84703 25
      vertex 1.35143 -6.35796 24
      vertex 1.06769 -6.90844 25
    endloop
  endfacet
  facet normal 0.0468169 -0.893446 0.446723
    outer loop
      vertex 0 6.5 24
      vertex 0 7 25
      vertex -0.391982 6.97946 25
    endloop
  endfacet
  facet normal 0.320609 0.835256 0.446718
    outer loop
      vertex -2.16312 -6.65739 25
      vertex -2.00861 -6.18187 24
      vertex -2.52957 -6.51673 25
    endloop
  endfacet
  facet normal 0.864185 0.231574 0.446718
    outer loop
      vertex -6.65739 -2.16312 25
      vertex -6.18187 -2.00861 24
      vertex -6.75899 -1.78397 25
    endloop
  endfacet
  facet normal -0.139953 0.883657 0.446725
    outer loop
      vertex 0.679435 -6.46439 24
      vertex 1.06769 -6.90844 25
      vertex 1.35143 -6.35796 24
    endloop
  endfacet
  facet normal -0.139943 0.88366 0.446723
    outer loop
      vertex 1.06769 -6.90844 25
      vertex 0.679435 -6.46439 24
      vertex 0.731699 -6.96165 25
    endloop
  endfacet
  facet normal -0.695293 0.563032 0.446724
    outer loop
      vertex 4.83044 -4.34935 24
      vertex 5.4161 -4.41954 25
      vertex 5.25861 -3.8206 24
    endloop
  endfacet
  facet normal -0.695283 0.563048 0.44672
    outer loop
      vertex 5.4161 -4.41954 25
      vertex 4.83044 -4.34935 24
      vertex 5.20201 -4.68391 25
    endloop
  endfacet
  facet normal 0.695286 0.563039 0.446727
    outer loop
      vertex -5.4161 -4.41954 25
      vertex -5.25861 -3.8206 24
      vertex -5.66312 -4.1145 25
    endloop
  endfacet
  facet normal 0.63263 0.63263 0.446719
    outer loop
      vertex -5.20201 -4.68391 25
      vertex -4.34935 -4.83044 24
      vertex -4.83044 -4.34935 24
    endloop
  endfacet
  facet normal 0.63263 0.63263 0.446719
    outer loop
      vertex -4.34935 -4.83044 24
      vertex -5.20201 -4.68391 25
      vertex -4.68391 -5.20201 25
    endloop
  endfacet
  facet normal 0.893445 0.0468265 0.446726
    outer loop
      vertex -6.97946 -0.391982 25
      vertex -6.46439 -0.679435 24
      vertex -6.5 0 24
    endloop
  endfacet
  facet normal 0.893445 0.0468398 0.446723
    outer loop
      vertex -6.46439 -0.679435 24
      vertex -6.97946 -0.391982 25
      vertex -6.96165 -0.731699 25
    endloop
  endfacet
  facet normal 0.406172 0.797156 0.446728
    outer loop
      vertex -3.25 -5.62916 24
      vertex -2.84716 -6.39482 25
      vertex -2.64379 -5.93804 24
    endloop
  endfacet
  facet normal 0.406178 0.797155 0.446725
    outer loop
      vertex -2.84716 -6.39482 25
      vertex -3.25 -5.62916 24
      vertex -3.15026 -6.24038 25
    endloop
  endfacet
  facet normal -0.750337 -0.487268 0.446727
    outer loop
      vertex 5.25861 3.8206 24
      vertex 5.8484 3.82919 25
      vertex 5.66312 4.1145 25
    endloop
  endfacet
  facet normal -0.750335 -0.487271 0.446726
    outer loop
      vertex 5.8484 3.82919 25
      vertex 5.25861 3.8206 24
      vertex 5.62916 3.25 24
    endloop
  endfacet
  facet normal 0.695293 0.563032 0.446724
    outer loop
      vertex -5.4161 -4.41954 25
      vertex -4.83044 -4.34935 24
      vertex -5.25861 -3.8206 24
    endloop
  endfacet
  facet normal 0.695283 0.563048 0.44672
    outer loop
      vertex -4.83044 -4.34935 24
      vertex -5.4161 -4.41954 25
      vertex -5.20201 -4.68391 25
    endloop
  endfacet
  facet normal 0.750332 -0.487275 0.446727
    outer loop
      vertex -5.62916 3.25 24
      vertex -5.8484 3.82919 25
      vertex -6.06218 3.5 25
    endloop
  endfacet
  facet normal -0.835244 0.32063 0.446725
    outer loop
      vertex 5.93804 -2.64379 24
      vertex 6.51673 -2.52957 25
      vertex 6.18187 -2.00861 24
    endloop
  endfacet
  facet normal -0.835247 0.320618 0.446728
    outer loop
      vertex 6.51673 -2.52957 25
      vertex 5.93804 -2.64379 24
      vertex 6.39482 -2.84716 25
    endloop
  endfacet
  facet normal -0.487275 0.750332 0.446727
    outer loop
      vertex 3.5 -6.06218 25
      vertex 3.82919 -5.8484 25
      vertex 3.25 -5.62916 24
    endloop
  endfacet
  facet normal 0.487275 -0.750332 0.446727
    outer loop
      vertex -3.25 5.62916 24
      vertex -3.5 6.06218 25
      vertex -3.82919 5.8484 25
    endloop
  endfacet
  facet normal -0.750332 0.487275 0.446727
    outer loop
      vertex 5.8484 -3.82919 25
      vertex 6.06218 -3.5 25
      vertex 5.62916 -3.25 24
    endloop
  endfacet
  facet normal 0.883657 0.139971 0.44672
    outer loop
      vertex -6.84703 -1.45538 25
      vertex -6.35796 -1.35143 24
      vertex -6.90844 -1.06769 25
    endloop
  endfacet
  facet normal 0.406178 -0.797155 0.446725
    outer loop
      vertex -3.25 5.62916 24
      vertex -2.84716 6.39482 25
      vertex -3.15026 6.24038 25
    endloop
  endfacet
  facet normal 0.406172 -0.797156 0.446728
    outer loop
      vertex -2.84716 6.39482 25
      vertex -3.25 5.62916 24
      vertex -2.64379 5.93804 24
    endloop
  endfacet
  facet normal -0.750332 -0.487275 0.446727
    outer loop
      vertex 6.06218 3.5 25
      vertex 5.8484 3.82919 25
      vertex 5.62916 3.25 24
    endloop
  endfacet
  facet normal 0.0468265 0.893445 0.446726
    outer loop
      vertex -0.679435 -6.46439 24
      vertex -0.391982 -6.97946 25
      vertex 0 -6.5 24
    endloop
  endfacet
  facet normal 0.0468398 0.893445 0.446723
    outer loop
      vertex -0.391982 -6.97946 25
      vertex -0.679435 -6.46439 24
      vertex -0.731699 -6.96165 25
    endloop
  endfacet
  facet normal 0.231574 0.864185 0.446718
    outer loop
      vertex -1.78397 -6.75899 25
      vertex -2.00861 -6.18187 24
      vertex -2.16312 -6.65739 25
    endloop
  endfacet
  facet normal -0.864185 -0.231574 0.446718
    outer loop
      vertex 6.75899 1.78397 25
      vertex 6.65739 2.16312 25
      vertex 6.18187 2.00861 24
    endloop
  endfacet
  facet normal -0.695283 -0.563048 0.44672
    outer loop
      vertex 4.83044 4.34935 24
      vertex 5.4161 4.41954 25
      vertex 5.20201 4.68391 25
    endloop
  endfacet
  facet normal -0.695293 -0.563032 0.446724
    outer loop
      vertex 5.4161 4.41954 25
      vertex 4.83044 4.34935 24
      vertex 5.25861 3.8206 24
    endloop
  endfacet
  facet normal -0.231557 0.864187 0.446723
    outer loop
      vertex 1.35143 -6.35796 24
      vertex 1.78397 -6.75899 25
      vertex 2.00861 -6.18187 24
    endloop
  endfacet
  facet normal -0.231545 0.864192 0.44672
    outer loop
      vertex 1.78397 -6.75899 25
      vertex 1.35143 -6.35796 24
      vertex 1.45538 -6.84703 25
    endloop
  endfacet
  facet normal -0.63263 0.63263 0.446719
    outer loop
      vertex 4.34935 -4.83044 24
      vertex 5.20201 -4.68391 25
      vertex 4.83044 -4.34935 24
    endloop
  endfacet
  facet normal -0.63263 0.63263 0.446719
    outer loop
      vertex 5.20201 -4.68391 25
      vertex 4.34935 -4.83044 24
      vertex 4.68391 -5.20201 25
    endloop
  endfacet
  facet normal -0.406172 -0.797156 0.446728
    outer loop
      vertex 3.25 5.62916 24
      vertex 2.84716 6.39482 25
      vertex 2.64379 5.93804 24
    endloop
  endfacet
  facet normal -0.406178 -0.797155 0.446725
    outer loop
      vertex 2.84716 6.39482 25
      vertex 3.25 5.62916 24
      vertex 3.15026 6.24038 25
    endloop
  endfacet
  facet normal -0.487275 -0.750332 0.446727
    outer loop
      vertex 3.82919 5.8484 25
      vertex 3.5 6.06218 25
      vertex 3.25 5.62916 24
    endloop
  endfacet
  facet normal 0.231557 -0.864187 0.446723
    outer loop
      vertex -1.35143 6.35796 24
      vertex -1.78397 6.75899 25
      vertex -2.00861 6.18187 24
    endloop
  endfacet
  facet normal 0.231545 -0.864192 0.44672
    outer loop
      vertex -1.78397 6.75899 25
      vertex -1.35143 6.35796 24
      vertex -1.45538 6.84703 25
    endloop
  endfacet
  facet normal 0.320618 -0.835247 0.446728
    outer loop
      vertex -2.64379 5.93804 24
      vertex -2.52957 6.51673 25
      vertex -2.84716 6.39482 25
    endloop
  endfacet
  facet normal 0.32063 -0.835244 0.446725
    outer loop
      vertex -2.52957 6.51673 25
      vertex -2.64379 5.93804 24
      vertex -2.00861 6.18187 24
    endloop
  endfacet
  facet normal -0.139971 -0.883657 0.44672
    outer loop
      vertex 1.35143 6.35796 24
      vertex 1.45538 6.84703 25
      vertex 1.06769 6.90844 25
    endloop
  endfacet
  facet normal -0.320609 -0.835256 0.446718
    outer loop
      vertex 2.52957 6.51673 25
      vertex 2.16312 6.65739 25
      vertex 2.00861 6.18187 24
    endloop
  endfacet
  facet normal 0.883657 -0.139971 0.44672
    outer loop
      vertex -6.35796 1.35143 24
      vertex -6.84703 1.45538 25
      vertex -6.90844 1.06769 25
    endloop
  endfacet
  facet normal -0.231574 -0.864185 0.446718
    outer loop
      vertex 2.00861 6.18187 24
      vertex 2.16312 6.65739 25
      vertex 1.78397 6.75899 25
    endloop
  endfacet
  facet normal -0.487271 -0.750335 0.446726
    outer loop
      vertex 3.8206 5.25861 24
      vertex 3.82919 5.8484 25
      vertex 3.25 5.62916 24
    endloop
  endfacet
  facet normal -0.487268 -0.750337 0.446727
    outer loop
      vertex 3.82919 5.8484 25
      vertex 3.8206 5.25861 24
      vertex 4.1145 5.66312 25
    endloop
  endfacet
  facet normal -0.864187 -0.231557 0.446723
    outer loop
      vertex 6.35796 1.35143 24
      vertex 6.75899 1.78397 25
      vertex 6.18187 2.00861 24
    endloop
  endfacet
  facet normal -0.864192 -0.231545 0.44672
    outer loop
      vertex 6.75899 1.78397 25
      vertex 6.35796 1.35143 24
      vertex 6.84703 1.45538 25
    endloop
  endfacet
  facet normal 0.695286 -0.563039 0.446727
    outer loop
      vertex -5.25861 3.8206 24
      vertex -5.4161 4.41954 25
      vertex -5.66312 4.1145 25
    endloop
  endfacet
  facet normal 0.695283 -0.563048 0.44672
    outer loop
      vertex -5.4161 4.41954 25
      vertex -4.83044 4.34935 24
      vertex -5.20201 4.68391 25
    endloop
  endfacet
  facet normal 0.695293 -0.563032 0.446724
    outer loop
      vertex -4.83044 4.34935 24
      vertex -5.4161 4.41954 25
      vertex -5.25861 3.8206 24
    endloop
  endfacet
  facet normal 0.139943 0.88366 0.446723
    outer loop
      vertex -0.679435 -6.46439 24
      vertex -1.06769 -6.90844 25
      vertex -0.731699 -6.96165 25
    endloop
  endfacet
  facet normal 0.139953 0.883657 0.446725
    outer loop
      vertex -1.06769 -6.90844 25
      vertex -0.679435 -6.46439 24
      vertex -1.35143 -6.35796 24
    endloop
  endfacet
  facet normal 0.320609 -0.835256 0.446718
    outer loop
      vertex -2.00861 6.18187 24
      vertex -2.16312 6.65739 25
      vertex -2.52957 6.51673 25
    endloop
  endfacet
  facet normal 0.0468398 -0.893445 0.446723
    outer loop
      vertex -0.679435 6.46439 24
      vertex -0.391982 6.97946 25
      vertex -0.731699 6.96165 25
    endloop
  endfacet
  facet normal 0.0468265 -0.893445 0.446726
    outer loop
      vertex -0.391982 6.97946 25
      vertex -0.679435 6.46439 24
      vertex 0 6.5 24
    endloop
  endfacet
  facet normal -0.563032 -0.695293 0.446724
    outer loop
      vertex 4.34935 4.83044 24
      vertex 4.41954 5.4161 25
      vertex 3.8206 5.25861 24
    endloop
  endfacet
  facet normal -0.563048 -0.695283 0.44672
    outer loop
      vertex 4.41954 5.4161 25
      vertex 4.34935 4.83044 24
      vertex 4.68391 5.20201 25
    endloop
  endfacet
  facet normal 0.487268 -0.750337 0.446727
    outer loop
      vertex -3.8206 5.25861 24
      vertex -3.82919 5.8484 25
      vertex -4.1145 5.66312 25
    endloop
  endfacet
  facet normal 0.487271 -0.750335 0.446726
    outer loop
      vertex -3.82919 5.8484 25
      vertex -3.8206 5.25861 24
      vertex -3.25 5.62916 24
    endloop
  endfacet
  facet normal -0.835247 -0.320618 0.446728
    outer loop
      vertex 5.93804 2.64379 24
      vertex 6.51673 2.52957 25
      vertex 6.39482 2.84716 25
    endloop
  endfacet
  facet normal -0.835244 -0.32063 0.446725
    outer loop
      vertex 6.51673 2.52957 25
      vertex 5.93804 2.64379 24
      vertex 6.18187 2.00861 24
    endloop
  endfacet
  facet normal -0.563048 0.695283 0.44672
    outer loop
      vertex 4.34935 -4.83044 24
      vertex 4.41954 -5.4161 25
      vertex 4.68391 -5.20201 25
    endloop
  endfacet
  facet normal -0.563032 0.695293 0.446724
    outer loop
      vertex 4.41954 -5.4161 25
      vertex 4.34935 -4.83044 24
      vertex 3.8206 -5.25861 24
    endloop
  endfacet
  facet normal 0.88366 0.139943 0.446723
    outer loop
      vertex -6.90844 -1.06769 25
      vertex -6.46439 -0.679435 24
      vertex -6.96165 -0.731699 25
    endloop
  endfacet
  facet normal 0.883657 0.139953 0.446725
    outer loop
      vertex -6.46439 -0.679435 24
      vertex -6.90844 -1.06769 25
      vertex -6.35796 -1.35143 24
    endloop
  endfacet
  facet normal -0.0468265 -0.893445 0.446726
    outer loop
      vertex 0.679435 6.46439 24
      vertex 0.391982 6.97946 25
      vertex 0 6.5 24
    endloop
  endfacet
  facet normal -0.0468398 -0.893445 0.446723
    outer loop
      vertex 0.391982 6.97946 25
      vertex 0.679435 6.46439 24
      vertex 0.731699 6.96165 25
    endloop
  endfacet
  facet normal 0.563048 -0.695283 0.44672
    outer loop
      vertex -4.34935 4.83044 24
      vertex -4.41954 5.4161 25
      vertex -4.68391 5.20201 25
    endloop
  endfacet
  facet normal 0.563032 -0.695293 0.446724
    outer loop
      vertex -4.41954 5.4161 25
      vertex -4.34935 4.83044 24
      vertex -3.8206 5.25861 24
    endloop
  endfacet
  facet normal -0.797158 -0.406169 0.446728
    outer loop
      vertex 6.24038 3.15026 25
      vertex 6.06218 3.5 25
      vertex 5.62916 3.25 24
    endloop
  endfacet
  facet normal -0.835256 -0.320609 0.446718
    outer loop
      vertex 6.65739 2.16312 25
      vertex 6.51673 2.52957 25
      vertex 6.18187 2.00861 24
    endloop
  endfacet
  facet normal 0.88366 -0.139943 0.446723
    outer loop
      vertex -6.46439 0.679435 24
      vertex -6.90844 1.06769 25
      vertex -6.96165 0.731699 25
    endloop
  endfacet
  facet normal 0.883657 -0.139953 0.446725
    outer loop
      vertex -6.90844 1.06769 25
      vertex -6.46439 0.679435 24
      vertex -6.35796 1.35143 24
    endloop
  endfacet
  facet normal -0.883657 -0.139953 0.446725
    outer loop
      vertex 6.46439 0.679435 24
      vertex 6.90844 1.06769 25
      vertex 6.35796 1.35143 24
    endloop
  endfacet
  facet normal -0.88366 -0.139943 0.446723
    outer loop
      vertex 6.90844 1.06769 25
      vertex 6.46439 0.679435 24
      vertex 6.96165 0.731699 25
    endloop
  endfacet
  facet normal -0.231545 -0.864192 0.44672
    outer loop
      vertex 1.35143 6.35796 24
      vertex 1.78397 6.75899 25
      vertex 1.45538 6.84703 25
    endloop
  endfacet
  facet normal -0.231557 -0.864187 0.446723
    outer loop
      vertex 1.78397 6.75899 25
      vertex 1.35143 6.35796 24
      vertex 2.00861 6.18187 24
    endloop
  endfacet
  facet normal 0.563039 -0.695286 0.446727
    outer loop
      vertex -3.8206 5.25861 24
      vertex -4.1145 5.66312 25
      vertex -4.41954 5.4161 25
    endloop
  endfacet
  facet normal 0.63263 -0.63263 0.446719
    outer loop
      vertex -5.20201 4.68391 25
      vertex -4.34935 4.83044 24
      vertex -4.68391 5.20201 25
    endloop
  endfacet
  facet normal 0.63263 -0.63263 0.446719
    outer loop
      vertex -4.34935 4.83044 24
      vertex -5.20201 4.68391 25
      vertex -4.83044 4.34935 24
    endloop
  endfacet
  facet normal 0.856628 0.0449095 0.513977
    outer loop
      vertex 72.3767 2.35189 0
      vertex 57.5 0 25
      vertex 72.5 0 0
    endloop
  endfacet
  facet normal 0.307409 0.800829 0.513978
    outer loop
      vertex 56.9529 21.3988 0
      vertex 53.0505 6.85159 25
      vertex 59.1516 20.5548 0
    endloop
  endfacet
  facet normal -0.467186 0.719419 0.513978
    outer loop
      vertex 46.25 6.49519 25
      vertex 38.75 19.4856 0
      vertex 45.5916 6.06763 25
    endloop
  endfacet
  facet normal -0.467191 -0.719416 0.513978
    outer loop
      vertex 45.5916 -6.06763 25
      vertex 36.7748 -18.2029 0
      vertex 38.75 -19.4856 0
    endloop
  endfacet
  facet normal -0.134184 0.847245 0.513976
    outer loop
      vertex 47.6481 22.3767 0
      vertex 45.322 22.0083 0
      vertex 49.216 7.45891 25
    endloop
  endfacet
  facet normal 0.847245 0.134182 0.513976
    outer loop
      vertex 72.0083 4.67801 0
      vertex 57.3361 1.55934 25
      vertex 57.4589 0.783963 25
    endloop
  endfacet
  facet normal 0.539841 0.666633 0.513977
    outer loop
      vertex 63.2252 18.2029 0
      vertex 54.4084 6.06763 25
      vertex 65.0554 16.7208 0
    endloop
  endfacet
  facet normal -0.847245 -0.134182 0.513976
    outer loop
      vertex 42.5411 -0.783963 25
      vertex 27.9917 -4.67801 0
      vertex 42.6639 -1.55934 25
    endloop
  endfacet
  facet normal 0.856628 -0.0449095 0.513977
    outer loop
      vertex 72.5 0 0
      vertex 57.5 0 25
      vertex 72.3767 -2.35189 0
    endloop
  endfacet
  facet normal -0.856628 0.0449095 0.513977
    outer loop
      vertex 42.5411 0.783963 25
      vertex 27.6233 2.35189 0
      vertex 42.5 0 25
    endloop
  endfacet
  facet normal -0.539828 0.666644 0.513977
    outer loop
      vertex 45.5916 6.06763 25
      vertex 34.9446 16.7208 0
      vertex 44.9815 5.57359 25
    endloop
  endfacet
  facet normal 0.221996 0.82858 0.513977
    outer loop
      vertex 54.678 22.0083 0
      vertex 51.5593 7.33611 25
      vertex 56.9529 21.3988 0
    endloop
  endfacet
  facet normal 0.467191 -0.719416 0.513978
    outer loop
      vertex 63.2252 -18.2029 0
      vertex 54.4084 -6.06763 25
      vertex 61.25 -19.4856 0
    endloop
  endfacet
  facet normal -0.221996 0.82858 0.513977
    outer loop
      vertex 45.322 22.0083 0
      vertex 43.0471 21.3988 0
      vertex 48.4407 7.33611 25
    endloop
  endfacet
  facet normal 0.307409 -0.800829 0.513978
    outer loop
      vertex 59.1516 -20.5548 0
      vertex 53.0505 -6.85159 25
      vertex 56.9529 -21.3988 0
    endloop
  endfacet
  facet normal 0.134195 0.847242 0.513977
    outer loop
      vertex 54.678 22.0083 0
      vertex 50.784 7.45891 25
      vertex 51.5593 7.33611 25
    endloop
  endfacet
  facet normal 0.666632 -0.53984 0.513978
    outer loop
      vertex 68.2029 -13.2252 0
      vertex 56.0676 -4.40839 25
      vertex 66.7208 -15.0554 0
    endloop
  endfacet
  facet normal 0.800839 0.30738 0.513979
    outer loop
      vertex 71.3988 6.95288 0
      vertex 56.8516 3.05052 25
      vertex 57.1329 2.31763 25
    endloop
  endfacet
  facet normal 0.828579 -0.221999 0.513977
    outer loop
      vertex 72.0083 -4.67801 0
      vertex 57.3361 -1.55934 25
      vertex 71.3988 -6.95288 0
    endloop
  endfacet
  facet normal -0.0449093 0.856628 0.513977
    outer loop
      vertex 50 22.5 0
      vertex 47.6481 22.3767 0
      vertex 50 7.5 25
    endloop
  endfacet
  facet normal -0.666661 0.539807 0.513976
    outer loop
      vertex 44.4264 5.01848 25
      vertex 33.2792 15.0554 0
      vertex 43.9324 4.40839 25
    endloop
  endfacet
  facet normal 0.847245 -0.134182 0.513976
    outer loop
      vertex 57.4589 -0.783963 25
      vertex 57.3361 -1.55934 25
      vertex 72.0083 -4.67801 0
    endloop
  endfacet
  facet normal 0.847244 0.134183 0.513976
    outer loop
      vertex 72.0083 4.67801 0
      vertex 57.4589 0.783963 25
      vertex 72.3767 2.35189 0
    endloop
  endfacet
  facet normal -0.389438 -0.764307 0.513978
    outer loop
      vertex 40.8484 -20.5548 0
      vertex 46.25 -6.49519 25
      vertex 38.75 -19.4856 0
    endloop
  endfacet
  facet normal -0.389423 -0.764314 0.513979
    outer loop
      vertex 46.25 -6.49519 25
      vertex 40.8484 -20.5548 0
      vertex 46.9495 -6.85159 25
    endloop
  endfacet
  facet normal -0.856628 0.0449095 0.513977
    outer loop
      vertex 27.6233 2.35189 0
      vertex 27.5 0 0
      vertex 42.5 0 25
    endloop
  endfacet
  facet normal -0.847245 0.134182 0.513976
    outer loop
      vertex 42.6639 1.55934 25
      vertex 27.9917 4.67801 0
      vertex 42.5411 0.783963 25
    endloop
  endfacet
  facet normal 0.0449093 -0.856628 0.513977
    outer loop
      vertex 50 -7.5 25
      vertex 50 -22.5 0
      vertex 52.3519 -22.3767 0
    endloop
  endfacet
  facet normal -0.76431 -0.389432 0.513977
    outer loop
      vertex 29.4452 -9.15157 0
      vertex 43.5048 -3.75 25
      vertex 43.1484 -3.05052 25
    endloop
  endfacet
  facet normal -0.764309 -0.389434 0.513977
    outer loop
      vertex 43.5048 -3.75 25
      vertex 29.4452 -9.15157 0
      vertex 30.5144 -11.25 0
    endloop
  endfacet
  facet normal 0.719397 -0.467222 0.513977
    outer loop
      vertex 56.4952 -3.75 25
      vertex 56.0676 -4.40839 25
      vertex 69.4856 -11.25 0
    endloop
  endfacet
  facet normal 0.666632 0.53984 0.513978
    outer loop
      vertex 66.7208 15.0554 0
      vertex 56.0676 4.40839 25
      vertex 68.2029 13.2252 0
    endloop
  endfacet
  facet normal 0.0448965 0.856629 0.513976
    outer loop
      vertex 52.3519 22.3767 0
      vertex 50 7.5 25
      vertex 50.784 7.45891 25
    endloop
  endfacet
  facet normal -0.800828 -0.30741 0.513977
    outer loop
      vertex 43.1484 -3.05052 25
      vertex 28.6012 -6.95288 0
      vertex 29.4452 -9.15157 0
    endloop
  endfacet
  facet normal -0.606559 0.606559 0.513977
    outer loop
      vertex 33.2792 15.0554 0
      vertex 44.9815 5.57359 25
      vertex 34.9446 16.7208 0
    endloop
  endfacet
  facet normal -0.606564 0.606554 0.513977
    outer loop
      vertex 44.9815 5.57359 25
      vertex 33.2792 15.0554 0
      vertex 44.4264 5.01848 25
    endloop
  endfacet
  facet normal -0.719416 -0.467191 0.513978
    outer loop
      vertex 43.9324 -4.40839 25
      vertex 30.5144 -11.25 0
      vertex 31.7971 -13.2252 0
    endloop
  endfacet
  facet normal -0.719416 0.467191 0.513978
    outer loop
      vertex 31.7971 13.2252 0
      vertex 30.5144 11.25 0
      vertex 43.9324 4.40839 25
    endloop
  endfacet
  facet normal -0.800828 0.30741 0.513977
    outer loop
      vertex 29.4452 9.15157 0
      vertex 28.6012 6.95288 0
      vertex 43.1484 3.05052 25
    endloop
  endfacet
  facet normal 0.606565 -0.606554 0.513976
    outer loop
      vertex 65.0554 -16.7208 0
      vertex 55.5736 -5.01848 25
      vertex 55.0185 -5.57359 25
    endloop
  endfacet
  facet normal 0.606559 -0.606559 0.513977
    outer loop
      vertex 55.5736 -5.01848 25
      vertex 65.0554 -16.7208 0
      vertex 66.7208 -15.0554 0
    endloop
  endfacet
  facet normal 0.76431 -0.389432 0.513977
    outer loop
      vertex 56.4952 -3.75 25
      vertex 70.5548 -9.15157 0
      vertex 56.8516 -3.05052 25
    endloop
  endfacet
  facet normal 0.764309 -0.389434 0.513977
    outer loop
      vertex 70.5548 -9.15157 0
      vertex 56.4952 -3.75 25
      vertex 69.4856 -11.25 0
    endloop
  endfacet
  facet normal 0.539828 -0.666644 0.513977
    outer loop
      vertex 55.0185 -5.57359 25
      vertex 54.4084 -6.06763 25
      vertex 65.0554 -16.7208 0
    endloop
  endfacet
  facet normal -0.22202 0.828573 0.513978
    outer loop
      vertex 48.4407 7.33611 25
      vertex 43.0471 21.3988 0
      vertex 47.6824 7.13292 25
    endloop
  endfacet
  facet normal -0.666632 0.53984 0.513978
    outer loop
      vertex 33.2792 15.0554 0
      vertex 31.7971 13.2252 0
      vertex 43.9324 4.40839 25
    endloop
  endfacet
  facet normal 0.22202 -0.828573 0.513978
    outer loop
      vertex 52.3176 -7.13292 25
      vertex 51.5593 -7.33611 25
      vertex 56.9529 -21.3988 0
    endloop
  endfacet
  facet normal 0.467186 0.719419 0.513978
    outer loop
      vertex 61.25 19.4856 0
      vertex 53.75 6.49519 25
      vertex 54.4084 6.06763 25
    endloop
  endfacet
  facet normal 0.389438 0.764307 0.513978
    outer loop
      vertex 59.1516 20.5548 0
      vertex 53.75 6.49519 25
      vertex 61.25 19.4856 0
    endloop
  endfacet
  facet normal 0.389423 0.764314 0.513979
    outer loop
      vertex 53.75 6.49519 25
      vertex 59.1516 20.5548 0
      vertex 53.0505 6.85159 25
    endloop
  endfacet
  facet normal -0.221996 -0.82858 0.513977
    outer loop
      vertex 48.4407 -7.33611 25
      vertex 43.0471 -21.3988 0
      vertex 45.322 -22.0083 0
    endloop
  endfacet
  facet normal -0.666661 -0.539807 0.513976
    outer loop
      vertex 43.9324 -4.40839 25
      vertex 33.2792 -15.0554 0
      vertex 44.4264 -5.01848 25
    endloop
  endfacet
  facet normal 0.0448965 -0.856629 0.513976
    outer loop
      vertex 50.784 -7.45891 25
      vertex 50 -7.5 25
      vertex 52.3519 -22.3767 0
    endloop
  endfacet
  facet normal 0.828569 0.222033 0.513979
    outer loop
      vertex 71.3988 6.95288 0
      vertex 57.1329 2.31763 25
      vertex 57.3361 1.55934 25
    endloop
  endfacet
  facet normal 0.719397 0.467222 0.513977
    outer loop
      vertex 69.4856 11.25 0
      vertex 56.0676 4.40839 25
      vertex 56.4952 3.75 25
    endloop
  endfacet
  facet normal 0.764309 0.389434 0.513977
    outer loop
      vertex 56.4952 3.75 25
      vertex 70.5548 9.15157 0
      vertex 69.4856 11.25 0
    endloop
  endfacet
  facet normal 0.76431 0.389432 0.513977
    outer loop
      vertex 70.5548 9.15157 0
      vertex 56.4952 3.75 25
      vertex 56.8516 3.05052 25
    endloop
  endfacet
  facet normal 0.606559 0.606559 0.513977
    outer loop
      vertex 65.0554 16.7208 0
      vertex 55.5736 5.01848 25
      vertex 66.7208 15.0554 0
    endloop
  endfacet
  facet normal 0.606565 0.606554 0.513976
    outer loop
      vertex 55.5736 5.01848 25
      vertex 65.0554 16.7208 0
      vertex 55.0185 5.57359 25
    endloop
  endfacet
  facet normal 0.856628 -0.0449095 0.513977
    outer loop
      vertex 57.5 0 25
      vertex 57.4589 -0.783963 25
      vertex 72.3767 -2.35189 0
    endloop
  endfacet
  facet normal 0.828579 0.221999 0.513977
    outer loop
      vertex 71.3988 6.95288 0
      vertex 57.3361 1.55934 25
      vertex 72.0083 4.67801 0
    endloop
  endfacet
  facet normal -0.134195 0.847242 0.513977
    outer loop
      vertex 49.216 7.45891 25
      vertex 45.322 22.0083 0
      vertex 48.4407 7.33611 25
    endloop
  endfacet
  facet normal 0.847244 -0.134183 0.513976
    outer loop
      vertex 72.3767 -2.35189 0
      vertex 57.4589 -0.783963 25
      vertex 72.0083 -4.67801 0
    endloop
  endfacet
  facet normal -0.539841 -0.666633 0.513977
    outer loop
      vertex 45.5916 -6.06763 25
      vertex 34.9446 -16.7208 0
      vertex 36.7748 -18.2029 0
    endloop
  endfacet
  facet normal -0 0 1
    outer loop
      vertex 56.9795 0.391982 25
      vertex 57.5 0 25
      vertex 57.4589 0.783963 25
    endloop
  endfacet
  facet normal -0 0 1
    outer loop
      vertex 56.9084 1.06769 25
      vertex 57.4589 0.783963 25
      vertex 57.3361 1.55934 25
    endloop
  endfacet
  facet normal 0 0 1
    outer loop
      vertex 57.5 0 25
      vertex 56.9795 0.391982 25
      vertex 57 0 25
    endloop
  endfacet
  facet normal -0 0 1
    outer loop
      vertex 56.759 1.78397 25
      vertex 57.3361 1.55934 25
      vertex 57.1329 2.31763 25
    endloop
  endfacet
  facet normal 0 0 1
    outer loop
      vertex 56.9795 -0.391982 25
      vertex 57.5 0 25
      vertex 57 0 25
    endloop
  endfacet
  facet normal -0 0 1
    outer loop
      vertex 56.9617 -0.731699 25
      vertex 57.4589 -0.783963 25
      vertex 56.9795 -0.391982 25
    endloop
  endfacet
  facet normal 0 0 1
    outer loop
      vertex 57.5 0 25
      vertex 56.9795 -0.391982 25
      vertex 57.4589 -0.783963 25
    endloop
  endfacet
  facet normal 0 0 1
    outer loop
      vertex 57.4589 0.783963 25
      vertex 56.9617 0.731699 25
      vertex 56.9795 0.391982 25
    endloop
  endfacet
  facet normal 0 0 1
    outer loop
      vertex 57.4589 0.783963 25
      vertex 56.9084 1.06769 25
      vertex 56.9617 0.731699 25
    endloop
  endfacet
  facet normal -0 0 1
    outer loop
      vertex 56.5167 2.52957 25
      vertex 57.1329 2.31763 25
      vertex 56.8516 3.05052 25
    endloop
  endfacet
  facet normal 0 0 1
    outer loop
      vertex 57.3361 1.55934 25
      vertex 56.847 1.45538 25
      vertex 56.9084 1.06769 25
    endloop
  endfacet
  facet normal 0 0 1
    outer loop
      vertex 57.3361 1.55934 25
      vertex 56.759 1.78397 25
      vertex 56.847 1.45538 25
    endloop
  endfacet
  facet normal 0 0 1
    outer loop
      vertex 57.1329 2.31763 25
      vertex 56.6574 2.16312 25
      vertex 56.759 1.78397 25
    endloop
  endfacet
  facet normal 0 0 1
    outer loop
      vertex 57.1329 2.31763 25
      vertex 56.5167 2.52957 25
      vertex 56.6574 2.16312 25
    endloop
  endfacet
  facet normal -0 0 1
    outer loop
      vertex 56.2404 3.15026 25
      vertex 56.8516 3.05052 25
      vertex 56.4952 3.75 25
    endloop
  endfacet
  facet normal 0 0 1
    outer loop
      vertex 56.8516 3.05052 25
      vertex 56.3948 2.84716 25
      vertex 56.5167 2.52957 25
    endloop
  endfacet
  facet normal 0 0 1
    outer loop
      vertex 56.8516 3.05052 25
      vertex 56.2404 3.15026 25
      vertex 56.3948 2.84716 25
    endloop
  endfacet
  facet normal -0 0 1
    outer loop
      vertex 55.8484 3.82919 25
      vertex 56.4952 3.75 25
      vertex 56.0676 4.40839 25
    endloop
  endfacet
  facet normal 0 0 1
    outer loop
      vertex 56.4952 3.75 25
      vertex 56.0622 3.5 25
      vertex 56.2404 3.15026 25
    endloop
  endfacet
  facet normal 0 0 1
    outer loop
      vertex 56.4952 3.75 25
      vertex 55.8484 3.82919 25
      vertex 56.0622 3.5 25
    endloop
  endfacet
  facet normal 0 0 1
    outer loop
      vertex 56.0676 4.40839 25
      vertex 55.6631 4.1145 25
      vertex 55.8484 3.82919 25
    endloop
  endfacet
  facet normal -0 0 1
    outer loop
      vertex 55.4161 4.41954 25
      vertex 56.0676 4.40839 25
      vertex 55.5736 5.01848 25
    endloop
  endfacet
  facet normal 0 0 1
    outer loop
      vertex 56.0676 4.40839 25
      vertex 55.4161 4.41954 25
      vertex 55.6631 4.1145 25
    endloop
  endfacet
  facet normal 0 0 1
    outer loop
      vertex 55.5736 5.01848 25
      vertex 55.202 4.68391 25
      vertex 55.4161 4.41954 25
    endloop
  endfacet
  facet normal 0 0 1
    outer loop
      vertex 55.0185 5.57359 25
      vertex 55.202 4.68391 25
      vertex 55.5736 5.01848 25
    endloop
  endfacet
  facet normal 0 0 1
    outer loop
      vertex 55.0185 5.57359 25
      vertex 54.6839 5.20201 25
      vertex 55.202 4.68391 25
    endloop
  endfacet
  facet normal 0 0 1
    outer loop
      vertex 55.0185 5.57359 25
      vertex 54.4195 5.4161 25
      vertex 54.6839 5.20201 25
    endloop
  endfacet
  facet normal 0 0 1
    outer loop
      vertex 54.4084 6.06763 25
      vertex 54.4195 5.4161 25
      vertex 55.0185 5.57359 25
    endloop
  endfacet
  facet normal 0 0 1
    outer loop
      vertex 54.4084 6.06763 25
      vertex 54.1145 5.66312 25
      vertex 54.4195 5.4161 25
    endloop
  endfacet
  facet normal 0 0 1
    outer loop
      vertex 54.4084 6.06763 25
      vertex 53.8292 5.8484 25
      vertex 54.1145 5.66312 25
    endloop
  endfacet
  facet normal 0 0 1
    outer loop
      vertex 53.75 6.49519 25
      vertex 53.8292 5.8484 25
      vertex 54.4084 6.06763 25
    endloop
  endfacet
  facet normal 0 0 1
    outer loop
      vertex 53.75 6.49519 25
      vertex 53.5 6.06218 25
      vertex 53.8292 5.8484 25
    endloop
  endfacet
  facet normal 0 0 1
    outer loop
      vertex 53.75 6.49519 25
      vertex 53.1503 6.24038 25
      vertex 53.5 6.06218 25
    endloop
  endfacet
  facet normal 0 0 1
    outer loop
      vertex 53.0505 6.85159 25
      vertex 53.1503 6.24038 25
      vertex 53.75 6.49519 25
    endloop
  endfacet
  facet normal 0 0 1
    outer loop
      vertex 53.0505 6.85159 25
      vertex 52.8472 6.39482 25
      vertex 53.1503 6.24038 25
    endloop
  endfacet
  facet normal 0 0 1
    outer loop
      vertex 53.0505 6.85159 25
      vertex 52.5296 6.51673 25
      vertex 52.8472 6.39482 25
    endloop
  endfacet
  facet normal 0 0 1
    outer loop
      vertex 52.3176 7.13292 25
      vertex 52.5296 6.51673 25
      vertex 53.0505 6.85159 25
    endloop
  endfacet
  facet normal 0 0 1
    outer loop
      vertex 52.3176 7.13292 25
      vertex 52.1631 6.65739 25
      vertex 52.5296 6.51673 25
    endloop
  endfacet
  facet normal 0 0 1
    outer loop
      vertex 52.3176 7.13292 25
      vertex 51.784 6.75899 25
      vertex 52.1631 6.65739 25
    endloop
  endfacet
  facet normal 0 0 1
    outer loop
      vertex 51.5593 7.33611 25
      vertex 51.784 6.75899 25
      vertex 52.3176 7.13292 25
    endloop
  endfacet
  facet normal 0 0 1
    outer loop
      vertex 51.5593 7.33611 25
      vertex 51.4554 6.84703 25
      vertex 51.784 6.75899 25
    endloop
  endfacet
  facet normal 0 0 1
    outer loop
      vertex 51.5593 7.33611 25
      vertex 51.0677 6.90844 25
      vertex 51.4554 6.84703 25
    endloop
  endfacet
  facet normal 0 0 1
    outer loop
      vertex 50.784 7.45891 25
      vertex 51.0677 6.90844 25
      vertex 51.5593 7.33611 25
    endloop
  endfacet
  facet normal 0 0 1
    outer loop
      vertex 50.784 7.45891 25
      vertex 50.7317 6.96165 25
      vertex 51.0677 6.90844 25
    endloop
  endfacet
  facet normal 0 0 1
    outer loop
      vertex 50.784 7.45891 25
      vertex 50.392 6.97946 25
      vertex 50.7317 6.96165 25
    endloop
  endfacet
  facet normal 0 0 1
    outer loop
      vertex 50 7.5 25
      vertex 50.392 6.97946 25
      vertex 50.784 7.45891 25
    endloop
  endfacet
  facet normal 0 0 1
    outer loop
      vertex 50 7.5 25
      vertex 50 7 25
      vertex 50.392 6.97946 25
    endloop
  endfacet
  facet normal 0 0 1
    outer loop
      vertex 50 7.5 25
      vertex 49.608 6.97946 25
      vertex 50 7 25
    endloop
  endfacet
  facet normal -0 0 1
    outer loop
      vertex 49.216 7.45891 25
      vertex 49.608 6.97946 25
      vertex 50 7.5 25
    endloop
  endfacet
  facet normal 0 0 1
    outer loop
      vertex 49.608 6.97946 25
      vertex 49.216 7.45891 25
      vertex 49.2683 6.96165 25
    endloop
  endfacet
  facet normal 0 0 1
    outer loop
      vertex 49.216 7.45891 25
      vertex 48.9323 6.90844 25
      vertex 49.2683 6.96165 25
    endloop
  endfacet
  facet normal -0 0 1
    outer loop
      vertex 48.4407 7.33611 25
      vertex 48.9323 6.90844 25
      vertex 49.216 7.45891 25
    endloop
  endfacet
  facet normal 0 0 1
    outer loop
      vertex 48.9323 6.90844 25
      vertex 48.4407 7.33611 25
      vertex 48.5446 6.84703 25
    endloop
  endfacet
  facet normal 0 0 1
    outer loop
      vertex 48.4407 7.33611 25
      vertex 48.216 6.75899 25
      vertex 48.5446 6.84703 25
    endloop
  endfacet
  facet normal -0 0 1
    outer loop
      vertex 47.6824 7.13292 25
      vertex 48.216 6.75899 25
      vertex 48.4407 7.33611 25
    endloop
  endfacet
  facet normal 0 0 1
    outer loop
      vertex 48.216 6.75899 25
      vertex 47.6824 7.13292 25
      vertex 47.8369 6.65739 25
    endloop
  endfacet
  facet normal 0 0 1
    outer loop
      vertex 47.6824 7.13292 25
      vertex 47.4704 6.51673 25
      vertex 47.8369 6.65739 25
    endloop
  endfacet
  facet normal -0 0 1
    outer loop
      vertex 46.9495 6.85159 25
      vertex 47.4704 6.51673 25
      vertex 47.6824 7.13292 25
    endloop
  endfacet
  facet normal 0 0 1
    outer loop
      vertex 47.4704 6.51673 25
      vertex 46.9495 6.85159 25
      vertex 47.1528 6.39482 25
    endloop
  endfacet
  facet normal 0 0 1
    outer loop
      vertex 46.9495 6.85159 25
      vertex 46.8497 6.24038 25
      vertex 47.1528 6.39482 25
    endloop
  endfacet
  facet normal -0 0 1
    outer loop
      vertex 46.25 6.49519 25
      vertex 46.8497 6.24038 25
      vertex 46.9495 6.85159 25
    endloop
  endfacet
  facet normal 0 0 1
    outer loop
      vertex 46.8497 6.24038 25
      vertex 46.25 6.49519 25
      vertex 46.5 6.06218 25
    endloop
  endfacet
  facet normal 0 0 1
    outer loop
      vertex 46.25 6.49519 25
      vertex 46.1708 5.8484 25
      vertex 46.5 6.06218 25
    endloop
  endfacet
  facet normal -0 0 1
    outer loop
      vertex 45.5916 6.06763 25
      vertex 46.1708 5.8484 25
      vertex 46.25 6.49519 25
    endloop
  endfacet
  facet normal 0 0 1
    outer loop
      vertex 46.1708 5.8484 25
      vertex 45.5916 6.06763 25
      vertex 45.8855 5.66312 25
    endloop
  endfacet
  facet normal 0 0 1
    outer loop
      vertex 45.5916 6.06763 25
      vertex 45.5805 5.4161 25
      vertex 45.8855 5.66312 25
    endloop
  endfacet
  facet normal -0 0 1
    outer loop
      vertex 44.9815 5.57359 25
      vertex 45.5805 5.4161 25
      vertex 45.5916 6.06763 25
    endloop
  endfacet
  facet normal 0 0 1
    outer loop
      vertex 45.5805 5.4161 25
      vertex 44.9815 5.57359 25
      vertex 45.3161 5.20201 25
    endloop
  endfacet
  facet normal 0 0 1
    outer loop
      vertex 44.9815 5.57359 25
      vertex 44.798 4.68391 25
      vertex 45.3161 5.20201 25
    endloop
  endfacet
  facet normal -0 0 1
    outer loop
      vertex 44.4264 5.01848 25
      vertex 44.798 4.68391 25
      vertex 44.9815 5.57359 25
    endloop
  endfacet
  facet normal 0 0 1
    outer loop
      vertex 44.798 4.68391 25
      vertex 44.4264 5.01848 25
      vertex 44.5839 4.41954 25
    endloop
  endfacet
  facet normal 0 0 1
    outer loop
      vertex 43.9324 4.40839 25
      vertex 44.5839 4.41954 25
      vertex 44.4264 5.01848 25
    endloop
  endfacet
  facet normal 0 0 1
    outer loop
      vertex 44.5839 4.41954 25
      vertex 43.9324 4.40839 25
      vertex 44.3369 4.1145 25
    endloop
  endfacet
  facet normal 0 0 1
    outer loop
      vertex 44.3369 4.1145 25
      vertex 43.9324 4.40839 25
      vertex 44.1516 3.82919 25
    endloop
  endfacet
  facet normal 0 0 1
    outer loop
      vertex 43.5048 3.75 25
      vertex 44.1516 3.82919 25
      vertex 43.9324 4.40839 25
    endloop
  endfacet
  facet normal 0 0 1
    outer loop
      vertex 44.1516 3.82919 25
      vertex 43.5048 3.75 25
      vertex 43.9378 3.5 25
    endloop
  endfacet
  facet normal 0 0 1
    outer loop
      vertex 43.9378 3.5 25
      vertex 43.5048 3.75 25
      vertex 43.7596 3.15026 25
    endloop
  endfacet
  facet normal 0 0 1
    outer loop
      vertex 43.1484 3.05052 25
      vertex 43.7596 3.15026 25
      vertex 43.5048 3.75 25
    endloop
  endfacet
  facet normal 0 0 1
    outer loop
      vertex 43.7596 3.15026 25
      vertex 43.1484 3.05052 25
      vertex 43.6052 2.84716 25
    endloop
  endfacet
  facet normal 0 0 1
    outer loop
      vertex 43.6052 2.84716 25
      vertex 43.1484 3.05052 25
      vertex 43.4833 2.52957 25
    endloop
  endfacet
  facet normal 0 0 1
    outer loop
      vertex 42.8671 2.31763 25
      vertex 43.4833 2.52957 25
      vertex 43.1484 3.05052 25
    endloop
  endfacet
  facet normal 0 0 1
    outer loop
      vertex 43.4833 2.52957 25
      vertex 42.8671 2.31763 25
      vertex 43.3426 2.16312 25
    endloop
  endfacet
  facet normal 0 0 1
    outer loop
      vertex 43.3426 2.16312 25
      vertex 42.8671 2.31763 25
      vertex 43.241 1.78397 25
    endloop
  endfacet
  facet normal 0 0 1
    outer loop
      vertex 42.6639 1.55934 25
      vertex 43.241 1.78397 25
      vertex 42.8671 2.31763 25
    endloop
  endfacet
  facet normal 0 0 1
    outer loop
      vertex 43.241 1.78397 25
      vertex 42.6639 1.55934 25
      vertex 43.153 1.45538 25
    endloop
  endfacet
  facet normal 0 0 1
    outer loop
      vertex 43.153 1.45538 25
      vertex 42.6639 1.55934 25
      vertex 43.0916 1.06769 25
    endloop
  endfacet
  facet normal 0 0 1
    outer loop
      vertex 42.5411 0.783963 25
      vertex 43.0916 1.06769 25
      vertex 42.6639 1.55934 25
    endloop
  endfacet
  facet normal 0 0 1
    outer loop
      vertex 43.0916 1.06769 25
      vertex 42.5411 0.783963 25
      vertex 43.0383 0.731699 25
    endloop
  endfacet
  facet normal 0 0 1
    outer loop
      vertex 56.9084 -1.06769 25
      vertex 57.4589 -0.783963 25
      vertex 56.9617 -0.731699 25
    endloop
  endfacet
  facet normal 0 0 1
    outer loop
      vertex 57.4589 -0.783963 25
      vertex 56.9084 -1.06769 25
      vertex 57.3361 -1.55934 25
    endloop
  endfacet
  facet normal -0 0 1
    outer loop
      vertex 56.847 -1.45538 25
      vertex 57.3361 -1.55934 25
      vertex 56.9084 -1.06769 25
    endloop
  endfacet
  facet normal 0 0 1
    outer loop
      vertex 56.759 -1.78397 25
      vertex 57.3361 -1.55934 25
      vertex 56.847 -1.45538 25
    endloop
  endfacet
  facet normal 0 0 1
    outer loop
      vertex 57.3361 -1.55934 25
      vertex 56.759 -1.78397 25
      vertex 57.1329 -2.31763 25
    endloop
  endfacet
  facet normal -0 0 1
    outer loop
      vertex 56.6574 -2.16312 25
      vertex 57.1329 -2.31763 25
      vertex 56.759 -1.78397 25
    endloop
  endfacet
  facet normal 0 0 1
    outer loop
      vertex 56.5167 -2.52957 25
      vertex 57.1329 -2.31763 25
      vertex 56.6574 -2.16312 25
    endloop
  endfacet
  facet normal 0 0 1
    outer loop
      vertex 57.1329 -2.31763 25
      vertex 56.5167 -2.52957 25
      vertex 56.8516 -3.05052 25
    endloop
  endfacet
  facet normal -0 0 1
    outer loop
      vertex 56.3948 -2.84716 25
      vertex 56.8516 -3.05052 25
      vertex 56.5167 -2.52957 25
    endloop
  endfacet
  facet normal 0 0 1
    outer loop
      vertex 56.2404 -3.15026 25
      vertex 56.8516 -3.05052 25
      vertex 56.3948 -2.84716 25
    endloop
  endfacet
  facet normal 0 0 1
    outer loop
      vertex 56.8516 -3.05052 25
      vertex 56.2404 -3.15026 25
      vertex 56.4952 -3.75 25
    endloop
  endfacet
  facet normal -0 0 1
    outer loop
      vertex 56.0622 -3.5 25
      vertex 56.4952 -3.75 25
      vertex 56.2404 -3.15026 25
    endloop
  endfacet
  facet normal 0 0 1
    outer loop
      vertex 55.8484 -3.82919 25
      vertex 56.4952 -3.75 25
      vertex 56.0622 -3.5 25
    endloop
  endfacet
  facet normal 0 0 1
    outer loop
      vertex 56.4952 -3.75 25
      vertex 55.8484 -3.82919 25
      vertex 56.0676 -4.40839 25
    endloop
  endfacet
  facet normal -0 0 1
    outer loop
      vertex 55.6631 -4.1145 25
      vertex 56.0676 -4.40839 25
      vertex 55.8484 -3.82919 25
    endloop
  endfacet
  facet normal 0 0 1
    outer loop
      vertex 55.4161 -4.41954 25
      vertex 56.0676 -4.40839 25
      vertex 55.6631 -4.1145 25
    endloop
  endfacet
  facet normal 0 0 1
    outer loop
      vertex 56.0676 -4.40839 25
      vertex 55.4161 -4.41954 25
      vertex 55.5736 -5.01848 25
    endloop
  endfacet
  facet normal -0 0 1
    outer loop
      vertex 55.202 -4.68391 25
      vertex 55.5736 -5.01848 25
      vertex 55.4161 -4.41954 25
    endloop
  endfacet
  facet normal 0 0 1
    outer loop
      vertex 55.202 -4.68391 25
      vertex 55.0185 -5.57359 25
      vertex 55.5736 -5.01848 25
    endloop
  endfacet
  facet normal -0 0 1
    outer loop
      vertex 54.6839 -5.20201 25
      vertex 55.0185 -5.57359 25
      vertex 55.202 -4.68391 25
    endloop
  endfacet
  facet normal -0 0 1
    outer loop
      vertex 54.4195 -5.4161 25
      vertex 55.0185 -5.57359 25
      vertex 54.6839 -5.20201 25
    endloop
  endfacet
  facet normal 0 0 1
    outer loop
      vertex 54.4195 -5.4161 25
      vertex 54.4084 -6.06763 25
      vertex 55.0185 -5.57359 25
    endloop
  endfacet
  facet normal -0 0 1
    outer loop
      vertex 54.1145 -5.66312 25
      vertex 54.4084 -6.06763 25
      vertex 54.4195 -5.4161 25
    endloop
  endfacet
  facet normal -0 0 1
    outer loop
      vertex 53.8292 -5.8484 25
      vertex 54.4084 -6.06763 25
      vertex 54.1145 -5.66312 25
    endloop
  endfacet
  facet normal 0 0 1
    outer loop
      vertex 53.8292 -5.8484 25
      vertex 53.75 -6.49519 25
      vertex 54.4084 -6.06763 25
    endloop
  endfacet
  facet normal -0 0 1
    outer loop
      vertex 53.5 -6.06218 25
      vertex 53.75 -6.49519 25
      vertex 53.8292 -5.8484 25
    endloop
  endfacet
  facet normal -0 0 1
    outer loop
      vertex 53.1503 -6.24038 25
      vertex 53.75 -6.49519 25
      vertex 53.5 -6.06218 25
    endloop
  endfacet
  facet normal 0 0 1
    outer loop
      vertex 53.1503 -6.24038 25
      vertex 53.0505 -6.85159 25
      vertex 53.75 -6.49519 25
    endloop
  endfacet
  facet normal -0 0 1
    outer loop
      vertex 52.8472 -6.39482 25
      vertex 53.0505 -6.85159 25
      vertex 53.1503 -6.24038 25
    endloop
  endfacet
  facet normal -0 0 1
    outer loop
      vertex 52.5296 -6.51673 25
      vertex 53.0505 -6.85159 25
      vertex 52.8472 -6.39482 25
    endloop
  endfacet
  facet normal 0 0 1
    outer loop
      vertex 52.5296 -6.51673 25
      vertex 52.3176 -7.13292 25
      vertex 53.0505 -6.85159 25
    endloop
  endfacet
  facet normal -0 0 1
    outer loop
      vertex 52.1631 -6.65739 25
      vertex 52.3176 -7.13292 25
      vertex 52.5296 -6.51673 25
    endloop
  endfacet
  facet normal -0 0 1
    outer loop
      vertex 51.784 -6.75899 25
      vertex 52.3176 -7.13292 25
      vertex 52.1631 -6.65739 25
    endloop
  endfacet
  facet normal 0 0 1
    outer loop
      vertex 51.784 -6.75899 25
      vertex 51.5593 -7.33611 25
      vertex 52.3176 -7.13292 25
    endloop
  endfacet
  facet normal -0 0 1
    outer loop
      vertex 51.4554 -6.84703 25
      vertex 51.5593 -7.33611 25
      vertex 51.784 -6.75899 25
    endloop
  endfacet
  facet normal -0 0 1
    outer loop
      vertex 51.0677 -6.90844 25
      vertex 51.5593 -7.33611 25
      vertex 51.4554 -6.84703 25
    endloop
  endfacet
  facet normal 0 0 1
    outer loop
      vertex 51.0677 -6.90844 25
      vertex 50.784 -7.45891 25
      vertex 51.5593 -7.33611 25
    endloop
  endfacet
  facet normal -0 0 1
    outer loop
      vertex 50.7317 -6.96165 25
      vertex 50.784 -7.45891 25
      vertex 51.0677 -6.90844 25
    endloop
  endfacet
  facet normal -0 0 1
    outer loop
      vertex 50.392 -6.97946 25
      vertex 50.784 -7.45891 25
      vertex 50.7317 -6.96165 25
    endloop
  endfacet
  facet normal 0 0 1
    outer loop
      vertex 50 -7.5 25
      vertex 50.392 -6.97946 25
      vertex 50 -7 25
    endloop
  endfacet
  facet normal 0 0 1
    outer loop
      vertex 50.392 -6.97946 25
      vertex 50 -7.5 25
      vertex 50.784 -7.45891 25
    endloop
  endfacet
  facet normal 0 0 1
    outer loop
      vertex 49.608 -6.97946 25
      vertex 50 -7.5 25
      vertex 50 -7 25
    endloop
  endfacet
  facet normal 0 0 1
    outer loop
      vertex 49.216 -7.45891 25
      vertex 49.608 -6.97946 25
      vertex 49.2683 -6.96165 25
    endloop
  endfacet
  facet normal 0 0 1
    outer loop
      vertex 49.608 -6.97946 25
      vertex 49.216 -7.45891 25
      vertex 50 -7.5 25
    endloop
  endfacet
  facet normal 0 0 1
    outer loop
      vertex 48.9323 -6.90844 25
      vertex 49.216 -7.45891 25
      vertex 49.2683 -6.96165 25
    endloop
  endfacet
  facet normal 0 0 1
    outer loop
      vertex 48.4407 -7.33611 25
      vertex 48.9323 -6.90844 25
      vertex 48.5446 -6.84703 25
    endloop
  endfacet
  facet normal 0 0 1
    outer loop
      vertex 48.9323 -6.90844 25
      vertex 48.4407 -7.33611 25
      vertex 49.216 -7.45891 25
    endloop
  endfacet
  facet normal 0 0 1
    outer loop
      vertex 48.216 -6.75899 25
      vertex 48.4407 -7.33611 25
      vertex 48.5446 -6.84703 25
    endloop
  endfacet
  facet normal 0 0 1
    outer loop
      vertex 47.6824 -7.13292 25
      vertex 48.216 -6.75899 25
      vertex 47.8369 -6.65739 25
    endloop
  endfacet
  facet normal 0 0 1
    outer loop
      vertex 48.216 -6.75899 25
      vertex 47.6824 -7.13292 25
      vertex 48.4407 -7.33611 25
    endloop
  endfacet
  facet normal 0 0 1
    outer loop
      vertex 47.4704 -6.51673 25
      vertex 47.6824 -7.13292 25
      vertex 47.8369 -6.65739 25
    endloop
  endfacet
  facet normal 0 0 1
    outer loop
      vertex 46.9495 -6.85159 25
      vertex 47.4704 -6.51673 25
      vertex 47.1528 -6.39482 25
    endloop
  endfacet
  facet normal 0 0 1
    outer loop
      vertex 47.4704 -6.51673 25
      vertex 46.9495 -6.85159 25
      vertex 47.6824 -7.13292 25
    endloop
  endfacet
  facet normal 0 0 1
    outer loop
      vertex 46.8497 -6.24038 25
      vertex 46.9495 -6.85159 25
      vertex 47.1528 -6.39482 25
    endloop
  endfacet
  facet normal 0 0 1
    outer loop
      vertex 46.25 -6.49519 25
      vertex 46.8497 -6.24038 25
      vertex 46.5 -6.06218 25
    endloop
  endfacet
  facet normal 0 0 1
    outer loop
      vertex 46.8497 -6.24038 25
      vertex 46.25 -6.49519 25
      vertex 46.9495 -6.85159 25
    endloop
  endfacet
  facet normal 0 0 1
    outer loop
      vertex 46.1708 -5.8484 25
      vertex 46.25 -6.49519 25
      vertex 46.5 -6.06218 25
    endloop
  endfacet
  facet normal 0 0 1
    outer loop
      vertex 45.5916 -6.06763 25
      vertex 46.1708 -5.8484 25
      vertex 45.8855 -5.66312 25
    endloop
  endfacet
  facet normal 0 0 1
    outer loop
      vertex 46.1708 -5.8484 25
      vertex 45.5916 -6.06763 25
      vertex 46.25 -6.49519 25
    endloop
  endfacet
  facet normal 0 0 1
    outer loop
      vertex 45.5805 -5.4161 25
      vertex 45.5916 -6.06763 25
      vertex 45.8855 -5.66312 25
    endloop
  endfacet
  facet normal 0 0 1
    outer loop
      vertex 44.9815 -5.57359 25
      vertex 45.5805 -5.4161 25
      vertex 45.3161 -5.20201 25
    endloop
  endfacet
  facet normal 0 0 1
    outer loop
      vertex 45.5805 -5.4161 25
      vertex 44.9815 -5.57359 25
      vertex 45.5916 -6.06763 25
    endloop
  endfacet
  facet normal 0 0 1
    outer loop
      vertex 44.798 -4.68391 25
      vertex 44.9815 -5.57359 25
      vertex 45.3161 -5.20201 25
    endloop
  endfacet
  facet normal 0 0 1
    outer loop
      vertex 44.4264 -5.01848 25
      vertex 44.798 -4.68391 25
      vertex 44.5839 -4.41954 25
    endloop
  endfacet
  facet normal 0 0 1
    outer loop
      vertex 44.798 -4.68391 25
      vertex 44.4264 -5.01848 25
      vertex 44.9815 -5.57359 25
    endloop
  endfacet
  facet normal -0 0 1
    outer loop
      vertex 43.9324 -4.40839 25
      vertex 44.5839 -4.41954 25
      vertex 44.3369 -4.1145 25
    endloop
  endfacet
  facet normal 0 0 1
    outer loop
      vertex 43.9324 -4.40839 25
      vertex 44.3369 -4.1145 25
      vertex 44.1516 -3.82919 25
    endloop
  endfacet
  facet normal -0 0 1
    outer loop
      vertex 43.5048 -3.75 25
      vertex 44.1516 -3.82919 25
      vertex 43.9378 -3.5 25
    endloop
  endfacet
  facet normal 0 0 1
    outer loop
      vertex 44.5839 -4.41954 25
      vertex 43.9324 -4.40839 25
      vertex 44.4264 -5.01848 25
    endloop
  endfacet
  facet normal 0 0 1
    outer loop
      vertex 43.5048 -3.75 25
      vertex 43.9378 -3.5 25
      vertex 43.7596 -3.15026 25
    endloop
  endfacet
  facet normal -0 0 1
    outer loop
      vertex 43.1484 -3.05052 25
      vertex 43.7596 -3.15026 25
      vertex 43.6052 -2.84716 25
    endloop
  endfacet
  facet normal 0 0 1
    outer loop
      vertex 44.1516 -3.82919 25
      vertex 43.5048 -3.75 25
      vertex 43.9324 -4.40839 25
    endloop
  endfacet
  facet normal 0 0 1
    outer loop
      vertex 43.1484 -3.05052 25
      vertex 43.6052 -2.84716 25
      vertex 43.4833 -2.52957 25
    endloop
  endfacet
  facet normal -0 0 1
    outer loop
      vertex 42.8671 -2.31763 25
      vertex 43.4833 -2.52957 25
      vertex 43.3426 -2.16312 25
    endloop
  endfacet
  facet normal 0 0 1
    outer loop
      vertex 42.8671 -2.31763 25
      vertex 43.3426 -2.16312 25
      vertex 43.241 -1.78397 25
    endloop
  endfacet
  facet normal -0 0 1
    outer loop
      vertex 42.6639 -1.55934 25
      vertex 43.241 -1.78397 25
      vertex 43.153 -1.45538 25
    endloop
  endfacet
  facet normal 0 0 1
    outer loop
      vertex 43.7596 -3.15026 25
      vertex 43.1484 -3.05052 25
      vertex 43.5048 -3.75 25
    endloop
  endfacet
  facet normal 0 0 1
    outer loop
      vertex 42.6639 -1.55934 25
      vertex 43.153 -1.45538 25
      vertex 43.0916 -1.06769 25
    endloop
  endfacet
  facet normal -0 0 1
    outer loop
      vertex 42.5411 -0.783963 25
      vertex 43.0916 -1.06769 25
      vertex 43.0383 -0.731699 25
    endloop
  endfacet
  facet normal 0 0 1
    outer loop
      vertex 42.5411 -0.783963 25
      vertex 43.0383 -0.731699 25
      vertex 43.0205 -0.391982 25
    endloop
  endfacet
  facet normal -0 0 1
    outer loop
      vertex 42.5 0 25
      vertex 43.0205 -0.391982 25
      vertex 43 0 25
    endloop
  endfacet
  facet normal 0 0 1
    outer loop
      vertex 43.0383 0.731699 25
      vertex 42.5411 0.783963 25
      vertex 43.0205 0.391982 25
    endloop
  endfacet
  facet normal 0 0 1
    outer loop
      vertex 43.4833 -2.52957 25
      vertex 42.8671 -2.31763 25
      vertex 43.1484 -3.05052 25
    endloop
  endfacet
  facet normal 0 0 1
    outer loop
      vertex 42.5 0 25
      vertex 43.0205 0.391982 25
      vertex 42.5411 0.783963 25
    endloop
  endfacet
  facet normal 0 0 1
    outer loop
      vertex 43.241 -1.78397 25
      vertex 42.6639 -1.55934 25
      vertex 42.8671 -2.31763 25
    endloop
  endfacet
  facet normal 0 0 1
    outer loop
      vertex 43.0205 0.391982 25
      vertex 42.5 0 25
      vertex 43 0 25
    endloop
  endfacet
  facet normal 0 0 1
    outer loop
      vertex 43.0916 -1.06769 25
      vertex 42.5411 -0.783963 25
      vertex 42.6639 -1.55934 25
    endloop
  endfacet
  facet normal 0 0 1
    outer loop
      vertex 43.0205 -0.391982 25
      vertex 42.5 0 25
      vertex 42.5411 -0.783963 25
    endloop
  endfacet
  facet normal -0.828579 -0.221999 0.513977
    outer loop
      vertex 42.6639 -1.55934 25
      vertex 27.9917 -4.67801 0
      vertex 28.6012 -6.95288 0
    endloop
  endfacet
  facet normal 0.389423 -0.764314 0.513979
    outer loop
      vertex 59.1516 -20.5548 0
      vertex 53.75 -6.49519 25
      vertex 53.0505 -6.85159 25
    endloop
  endfacet
  facet normal 0.389438 -0.764307 0.513978
    outer loop
      vertex 53.75 -6.49519 25
      vertex 59.1516 -20.5548 0
      vertex 61.25 -19.4856 0
    endloop
  endfacet
  facet normal 0.719416 0.467191 0.513978
    outer loop
      vertex 68.2029 13.2252 0
      vertex 56.0676 4.40839 25
      vertex 69.4856 11.25 0
    endloop
  endfacet
  facet normal -0.467191 0.719416 0.513978
    outer loop
      vertex 38.75 19.4856 0
      vertex 36.7748 18.2029 0
      vertex 45.5916 6.06763 25
    endloop
  endfacet
  facet normal -0.539841 0.666633 0.513977
    outer loop
      vertex 36.7748 18.2029 0
      vertex 34.9446 16.7208 0
      vertex 45.5916 6.06763 25
    endloop
  endfacet
  facet normal -0.389423 0.764314 0.513979
    outer loop
      vertex 40.8484 20.5548 0
      vertex 46.25 6.49519 25
      vertex 46.9495 6.85159 25
    endloop
  endfacet
  facet normal -0.389438 0.764307 0.513978
    outer loop
      vertex 46.25 6.49519 25
      vertex 40.8484 20.5548 0
      vertex 38.75 19.4856 0
    endloop
  endfacet
  facet normal 0.800828 0.30741 0.513977
    outer loop
      vertex 70.5548 9.15157 0
      vertex 56.8516 3.05052 25
      vertex 71.3988 6.95288 0
    endloop
  endfacet
  facet normal 0.800839 -0.30738 0.513979
    outer loop
      vertex 57.1329 -2.31763 25
      vertex 56.8516 -3.05052 25
      vertex 71.3988 -6.95288 0
    endloop
  endfacet
  facet normal 0.467191 0.719416 0.513978
    outer loop
      vertex 61.25 19.4856 0
      vertex 54.4084 6.06763 25
      vertex 63.2252 18.2029 0
    endloop
  endfacet
  facet normal -0.828579 0.221999 0.513977
    outer loop
      vertex 28.6012 6.95288 0
      vertex 27.9917 4.67801 0
      vertex 42.6639 1.55934 25
    endloop
  endfacet
  facet normal -0.800839 -0.30738 0.513979
    outer loop
      vertex 42.8671 -2.31763 25
      vertex 28.6012 -6.95288 0
      vertex 43.1484 -3.05052 25
    endloop
  endfacet
  facet normal 0.0449093 0.856628 0.513977
    outer loop
      vertex 50 22.5 0
      vertex 50 7.5 25
      vertex 52.3519 22.3767 0
    endloop
  endfacet
  facet normal -0.847244 0.134183 0.513976
    outer loop
      vertex 27.9917 4.67801 0
      vertex 27.6233 2.35189 0
      vertex 42.5411 0.783963 25
    endloop
  endfacet
  facet normal 0.800828 -0.30741 0.513977
    outer loop
      vertex 71.3988 -6.95288 0
      vertex 56.8516 -3.05052 25
      vertex 70.5548 -9.15157 0
    endloop
  endfacet
  facet normal 0.539828 0.666644 0.513977
    outer loop
      vertex 65.0554 16.7208 0
      vertex 54.4084 6.06763 25
      vertex 55.0185 5.57359 25
    endloop
  endfacet
  facet normal -0.719397 0.467222 0.513977
    outer loop
      vertex 43.9324 4.40839 25
      vertex 30.5144 11.25 0
      vertex 43.5048 3.75 25
    endloop
  endfacet
  facet normal -0.134184 -0.847245 0.513976
    outer loop
      vertex 49.216 -7.45891 25
      vertex 45.322 -22.0083 0
      vertex 47.6481 -22.3767 0
    endloop
  endfacet
  facet normal -0.0448965 0.856629 0.513976
    outer loop
      vertex 50 7.5 25
      vertex 47.6481 22.3767 0
      vertex 49.216 7.45891 25
    endloop
  endfacet
  facet normal 0.467186 -0.719419 0.513978
    outer loop
      vertex 54.4084 -6.06763 25
      vertex 53.75 -6.49519 25
      vertex 61.25 -19.4856 0
    endloop
  endfacet
  facet normal 0.539841 -0.666633 0.513977
    outer loop
      vertex 65.0554 -16.7208 0
      vertex 54.4084 -6.06763 25
      vertex 63.2252 -18.2029 0
    endloop
  endfacet
  facet normal 0.134195 -0.847242 0.513977
    outer loop
      vertex 51.5593 -7.33611 25
      vertex 50.784 -7.45891 25
      vertex 54.678 -22.0083 0
    endloop
  endfacet
  facet normal 0.666661 -0.539807 0.513976
    outer loop
      vertex 56.0676 -4.40839 25
      vertex 55.5736 -5.01848 25
      vertex 66.7208 -15.0554 0
    endloop
  endfacet
  facet normal 0.719416 -0.467191 0.513978
    outer loop
      vertex 69.4856 -11.25 0
      vertex 56.0676 -4.40839 25
      vertex 68.2029 -13.2252 0
    endloop
  endfacet
  facet normal -0.856628 -0.0449095 0.513977
    outer loop
      vertex 42.5 0 25
      vertex 27.5 0 0
      vertex 27.6233 -2.35189 0
    endloop
  endfacet
  facet normal -0.0449093 -0.856628 0.513977
    outer loop
      vertex 50 -7.5 25
      vertex 47.6481 -22.3767 0
      vertex 50 -22.5 0
    endloop
  endfacet
  facet normal -0.606564 -0.606554 0.513977
    outer loop
      vertex 33.2792 -15.0554 0
      vertex 44.9815 -5.57359 25
      vertex 44.4264 -5.01848 25
    endloop
  endfacet
  facet normal -0.606559 -0.606559 0.513977
    outer loop
      vertex 44.9815 -5.57359 25
      vertex 33.2792 -15.0554 0
      vertex 34.9446 -16.7208 0
    endloop
  endfacet
  facet normal -0.467186 -0.719419 0.513978
    outer loop
      vertex 45.5916 -6.06763 25
      vertex 38.75 -19.4856 0
      vertex 46.25 -6.49519 25
    endloop
  endfacet
  facet normal 0.856628 0.0449095 0.513977
    outer loop
      vertex 72.3767 2.35189 0
      vertex 57.4589 0.783963 25
      vertex 57.5 0 25
    endloop
  endfacet
  facet normal -0.828569 -0.222033 0.513979
    outer loop
      vertex 42.6639 -1.55934 25
      vertex 28.6012 -6.95288 0
      vertex 42.8671 -2.31763 25
    endloop
  endfacet
  facet normal -0.307409 0.800829 0.513978
    outer loop
      vertex 43.0471 21.3988 0
      vertex 40.8484 20.5548 0
      vertex 46.9495 6.85159 25
    endloop
  endfacet
  facet normal -0.856628 -0.0449095 0.513977
    outer loop
      vertex 42.5 0 25
      vertex 27.6233 -2.35189 0
      vertex 42.5411 -0.783963 25
    endloop
  endfacet
  facet normal 0.134184 0.847245 0.513976
    outer loop
      vertex 52.3519 22.3767 0
      vertex 50.784 7.45891 25
      vertex 54.678 22.0083 0
    endloop
  endfacet
  facet normal 0.134184 -0.847245 0.513976
    outer loop
      vertex 54.678 -22.0083 0
      vertex 50.784 -7.45891 25
      vertex 52.3519 -22.3767 0
    endloop
  endfacet
  facet normal 0 0 -1
    outer loop
      vertex 72.3767 -2.35189 0
      vertex 72.3767 2.35189 0
      vertex 72.5 0 0
    endloop
  endfacet
  facet normal 0 0 -1
    outer loop
      vertex 72.0083 -4.67801 0
      vertex 72.3767 2.35189 0
      vertex 72.3767 -2.35189 0
    endloop
  endfacet
  facet normal 0 0 -1
    outer loop
      vertex 72.0083 -4.67801 0
      vertex 72.0083 4.67801 0
      vertex 72.3767 2.35189 0
    endloop
  endfacet
  facet normal 0 0 -1
    outer loop
      vertex 71.3988 -6.95288 0
      vertex 72.0083 4.67801 0
      vertex 72.0083 -4.67801 0
    endloop
  endfacet
  facet normal 0 0 -1
    outer loop
      vertex 71.3988 -6.95288 0
      vertex 71.3988 6.95288 0
      vertex 72.0083 4.67801 0
    endloop
  endfacet
  facet normal 0 0 -1
    outer loop
      vertex 70.5548 -9.15157 0
      vertex 71.3988 6.95288 0
      vertex 71.3988 -6.95288 0
    endloop
  endfacet
  facet normal 0 0 -1
    outer loop
      vertex 70.5548 -9.15157 0
      vertex 70.5548 9.15157 0
      vertex 71.3988 6.95288 0
    endloop
  endfacet
  facet normal 0 0 -1
    outer loop
      vertex 69.4856 -11.25 0
      vertex 70.5548 9.15157 0
      vertex 70.5548 -9.15157 0
    endloop
  endfacet
  facet normal 0 0 -1
    outer loop
      vertex 69.4856 -11.25 0
      vertex 69.4856 11.25 0
      vertex 70.5548 9.15157 0
    endloop
  endfacet
  facet normal 0 0 -1
    outer loop
      vertex 68.2029 -13.2252 0
      vertex 69.4856 11.25 0
      vertex 69.4856 -11.25 0
    endloop
  endfacet
  facet normal 0 0 -1
    outer loop
      vertex 68.2029 -13.2252 0
      vertex 68.2029 13.2252 0
      vertex 69.4856 11.25 0
    endloop
  endfacet
  facet normal 0 0 -1
    outer loop
      vertex 66.7208 -15.0554 0
      vertex 68.2029 13.2252 0
      vertex 68.2029 -13.2252 0
    endloop
  endfacet
  facet normal 0 0 -1
    outer loop
      vertex 66.7208 -15.0554 0
      vertex 66.7208 15.0554 0
      vertex 68.2029 13.2252 0
    endloop
  endfacet
  facet normal 0 0 -1
    outer loop
      vertex 65.0554 -16.7208 0
      vertex 66.7208 15.0554 0
      vertex 66.7208 -15.0554 0
    endloop
  endfacet
  facet normal 0 0 -1
    outer loop
      vertex 65.0554 -16.7208 0
      vertex 65.0554 16.7208 0
      vertex 66.7208 15.0554 0
    endloop
  endfacet
  facet normal 0 0 -1
    outer loop
      vertex 63.2252 -18.2029 0
      vertex 65.0554 16.7208 0
      vertex 65.0554 -16.7208 0
    endloop
  endfacet
  facet normal 0 0 -1
    outer loop
      vertex 63.2252 -18.2029 0
      vertex 63.2252 18.2029 0
      vertex 65.0554 16.7208 0
    endloop
  endfacet
  facet normal 0 0 -1
    outer loop
      vertex 61.25 -19.4856 0
      vertex 63.2252 18.2029 0
      vertex 63.2252 -18.2029 0
    endloop
  endfacet
  facet normal 0 0 -1
    outer loop
      vertex 61.25 -19.4856 0
      vertex 61.25 19.4856 0
      vertex 63.2252 18.2029 0
    endloop
  endfacet
  facet normal 0 0 -1
    outer loop
      vertex 59.1516 -20.5548 0
      vertex 61.25 19.4856 0
      vertex 61.25 -19.4856 0
    endloop
  endfacet
  facet normal 0 0 -1
    outer loop
      vertex 59.1516 -20.5548 0
      vertex 59.1516 20.5548 0
      vertex 61.25 19.4856 0
    endloop
  endfacet
  facet normal 0 0 -1
    outer loop
      vertex 56.9529 -21.3988 0
      vertex 59.1516 20.5548 0
      vertex 59.1516 -20.5548 0
    endloop
  endfacet
  facet normal 0 0 -1
    outer loop
      vertex 56.9529 -21.3988 0
      vertex 56.9529 21.3988 0
      vertex 59.1516 20.5548 0
    endloop
  endfacet
  facet normal 0 0 -1
    outer loop
      vertex 54.678 -22.0083 0
      vertex 56.9529 21.3988 0
      vertex 56.9529 -21.3988 0
    endloop
  endfacet
  facet normal 0 0 -1
    outer loop
      vertex 54.678 -22.0083 0
      vertex 54.678 22.0083 0
      vertex 56.9529 21.3988 0
    endloop
  endfacet
  facet normal 0 0 -1
    outer loop
      vertex 52.3519 -22.3767 0
      vertex 54.678 22.0083 0
      vertex 54.678 -22.0083 0
    endloop
  endfacet
  facet normal 0 0 -1
    outer loop
      vertex 52.3519 -22.3767 0
      vertex 52.3519 22.3767 0
      vertex 54.678 22.0083 0
    endloop
  endfacet
  facet normal 0 0 -1
    outer loop
      vertex 50 -22.5 0
      vertex 52.3519 22.3767 0
      vertex 52.3519 -22.3767 0
    endloop
  endfacet
  facet normal 0 0 -1
    outer loop
      vertex 50 -22.5 0
      vertex 50 22.5 0
      vertex 52.3519 22.3767 0
    endloop
  endfacet
  facet normal 0 0 -1
    outer loop
      vertex 47.6481 -22.3767 0
      vertex 50 22.5 0
      vertex 50 -22.5 0
    endloop
  endfacet
  facet normal 0 0 -1
    outer loop
      vertex 47.6481 -22.3767 0
      vertex 47.6481 22.3767 0
      vertex 50 22.5 0
    endloop
  endfacet
  facet normal 0 0 -1
    outer loop
      vertex 45.322 -22.0083 0
      vertex 47.6481 22.3767 0
      vertex 47.6481 -22.3767 0
    endloop
  endfacet
  facet normal 0 0 -1
    outer loop
      vertex 45.322 -22.0083 0
      vertex 45.322 22.0083 0
      vertex 47.6481 22.3767 0
    endloop
  endfacet
  facet normal 0 0 -1
    outer loop
      vertex 43.0471 -21.3988 0
      vertex 45.322 22.0083 0
      vertex 45.322 -22.0083 0
    endloop
  endfacet
  facet normal 0 0 -1
    outer loop
      vertex 43.0471 -21.3988 0
      vertex 43.0471 21.3988 0
      vertex 45.322 22.0083 0
    endloop
  endfacet
  facet normal 0 0 -1
    outer loop
      vertex 40.8484 -20.5548 0
      vertex 43.0471 21.3988 0
      vertex 43.0471 -21.3988 0
    endloop
  endfacet
  facet normal 0 0 -1
    outer loop
      vertex 40.8484 -20.5548 0
      vertex 40.8484 20.5548 0
      vertex 43.0471 21.3988 0
    endloop
  endfacet
  facet normal 0 0 -1
    outer loop
      vertex 38.75 -19.4856 0
      vertex 40.8484 20.5548 0
      vertex 40.8484 -20.5548 0
    endloop
  endfacet
  facet normal 0 0 -1
    outer loop
      vertex 38.75 -19.4856 0
      vertex 38.75 19.4856 0
      vertex 40.8484 20.5548 0
    endloop
  endfacet
  facet normal 0 0 -1
    outer loop
      vertex 36.7748 -18.2029 0
      vertex 38.75 19.4856 0
      vertex 38.75 -19.4856 0
    endloop
  endfacet
  facet normal 0 0 -1
    outer loop
      vertex 36.7748 -18.2029 0
      vertex 36.7748 18.2029 0
      vertex 38.75 19.4856 0
    endloop
  endfacet
  facet normal 0 0 -1
    outer loop
      vertex 34.9446 -16.7208 0
      vertex 36.7748 18.2029 0
      vertex 36.7748 -18.2029 0
    endloop
  endfacet
  facet normal 0 0 -1
    outer loop
      vertex 34.9446 -16.7208 0
      vertex 34.9446 16.7208 0
      vertex 36.7748 18.2029 0
    endloop
  endfacet
  facet normal 0 0 -1
    outer loop
      vertex 33.2792 -15.0554 0
      vertex 34.9446 16.7208 0
      vertex 34.9446 -16.7208 0
    endloop
  endfacet
  facet normal 0 0 -1
    outer loop
      vertex 33.2792 -15.0554 0
      vertex 33.2792 15.0554 0
      vertex 34.9446 16.7208 0
    endloop
  endfacet
  facet normal 0 0 -1
    outer loop
      vertex 31.7971 -13.2252 0
      vertex 33.2792 15.0554 0
      vertex 33.2792 -15.0554 0
    endloop
  endfacet
  facet normal 0 0 -1
    outer loop
      vertex 31.7971 -13.2252 0
      vertex 31.7971 13.2252 0
      vertex 33.2792 15.0554 0
    endloop
  endfacet
  facet normal 0 0 -1
    outer loop
      vertex 30.5144 -11.25 0
      vertex 31.7971 13.2252 0
      vertex 31.7971 -13.2252 0
    endloop
  endfacet
  facet normal 0 0 -1
    outer loop
      vertex 30.5144 -11.25 0
      vertex 30.5144 11.25 0
      vertex 31.7971 13.2252 0
    endloop
  endfacet
  facet normal 0 0 -1
    outer loop
      vertex 29.4452 -9.15157 0
      vertex 30.5144 11.25 0
      vertex 30.5144 -11.25 0
    endloop
  endfacet
  facet normal 0 0 -1
    outer loop
      vertex 29.4452 -9.15157 0
      vertex 29.4452 9.15157 0
      vertex 30.5144 11.25 0
    endloop
  endfacet
  facet normal 0 0 -1
    outer loop
      vertex 28.6012 -6.95288 0
      vertex 29.4452 9.15157 0
      vertex 29.4452 -9.15157 0
    endloop
  endfacet
  facet normal 0 0 -1
    outer loop
      vertex 28.6012 -6.95288 0
      vertex 28.6012 6.95288 0
      vertex 29.4452 9.15157 0
    endloop
  endfacet
  facet normal 0 0 -1
    outer loop
      vertex 27.9917 -4.67801 0
      vertex 28.6012 6.95288 0
      vertex 28.6012 -6.95288 0
    endloop
  endfacet
  facet normal 0 0 -1
    outer loop
      vertex 27.9917 -4.67801 0
      vertex 27.9917 4.67801 0
      vertex 28.6012 6.95288 0
    endloop
  endfacet
  facet normal 0 0 -1
    outer loop
      vertex 27.6233 -2.35189 0
      vertex 27.9917 4.67801 0
      vertex 27.9917 -4.67801 0
    endloop
  endfacet
  facet normal 0 0 -1
    outer loop
      vertex 27.6233 -2.35189 0
      vertex 27.6233 2.35189 0
      vertex 27.9917 4.67801 0
    endloop
  endfacet
  facet normal 0 -0 -1
    outer loop
      vertex 27.6233 2.35189 0
      vertex 27.6233 -2.35189 0
      vertex 27.5 0 0
    endloop
  endfacet
  facet normal 0.307405 0.80083 0.513978
    outer loop
      vertex 56.9529 21.3988 0
      vertex 52.3176 7.13292 25
      vertex 53.0505 6.85159 25
    endloop
  endfacet
  facet normal -0.800839 0.30738 0.513979
    outer loop
      vertex 43.1484 3.05052 25
      vertex 28.6012 6.95288 0
      vertex 42.8671 2.31763 25
    endloop
  endfacet
  facet normal 0.666661 0.539807 0.513976
    outer loop
      vertex 66.7208 15.0554 0
      vertex 55.5736 5.01848 25
      vertex 56.0676 4.40839 25
    endloop
  endfacet
  facet normal 0.828569 -0.222033 0.513979
    outer loop
      vertex 57.3361 -1.55934 25
      vertex 57.1329 -2.31763 25
      vertex 71.3988 -6.95288 0
    endloop
  endfacet
  facet normal -0.666632 -0.53984 0.513978
    outer loop
      vertex 43.9324 -4.40839 25
      vertex 31.7971 -13.2252 0
      vertex 33.2792 -15.0554 0
    endloop
  endfacet
  facet normal -0.847244 -0.134183 0.513976
    outer loop
      vertex 42.5411 -0.783963 25
      vertex 27.6233 -2.35189 0
      vertex 27.9917 -4.67801 0
    endloop
  endfacet
  facet normal -0.307405 0.80083 0.513978
    outer loop
      vertex 47.6824 7.13292 25
      vertex 43.0471 21.3988 0
      vertex 46.9495 6.85159 25
    endloop
  endfacet
  facet normal -0.719397 -0.467222 0.513977
    outer loop
      vertex 43.5048 -3.75 25
      vertex 30.5144 -11.25 0
      vertex 43.9324 -4.40839 25
    endloop
  endfacet
  facet normal -0.134195 -0.847242 0.513977
    outer loop
      vertex 48.4407 -7.33611 25
      vertex 45.322 -22.0083 0
      vertex 49.216 -7.45891 25
    endloop
  endfacet
  facet normal -0.828569 0.222033 0.513979
    outer loop
      vertex 42.8671 2.31763 25
      vertex 28.6012 6.95288 0
      vertex 42.6639 1.55934 25
    endloop
  endfacet
  facet normal 0.22202 0.828573 0.513978
    outer loop
      vertex 56.9529 21.3988 0
      vertex 51.5593 7.33611 25
      vertex 52.3176 7.13292 25
    endloop
  endfacet
  facet normal -0.764309 0.389434 0.513977
    outer loop
      vertex 29.4452 9.15157 0
      vertex 43.5048 3.75 25
      vertex 30.5144 11.25 0
    endloop
  endfacet
  facet normal -0.76431 0.389432 0.513977
    outer loop
      vertex 43.5048 3.75 25
      vertex 29.4452 9.15157 0
      vertex 43.1484 3.05052 25
    endloop
  endfacet
  facet normal -0.307409 -0.800829 0.513978
    outer loop
      vertex 46.9495 -6.85159 25
      vertex 40.8484 -20.5548 0
      vertex 43.0471 -21.3988 0
    endloop
  endfacet
  facet normal -0.0448965 -0.856629 0.513976
    outer loop
      vertex 49.216 -7.45891 25
      vertex 47.6481 -22.3767 0
      vertex 50 -7.5 25
    endloop
  endfacet
  facet normal -0.539828 -0.666644 0.513977
    outer loop
      vertex 44.9815 -5.57359 25
      vertex 34.9446 -16.7208 0
      vertex 45.5916 -6.06763 25
    endloop
  endfacet
  facet normal -0.307405 -0.80083 0.513978
    outer loop
      vertex 46.9495 -6.85159 25
      vertex 43.0471 -21.3988 0
      vertex 47.6824 -7.13292 25
    endloop
  endfacet
  facet normal 0.221996 -0.82858 0.513977
    outer loop
      vertex 56.9529 -21.3988 0
      vertex 51.5593 -7.33611 25
      vertex 54.678 -22.0083 0
    endloop
  endfacet
  facet normal -0.22202 -0.828573 0.513978
    outer loop
      vertex 47.6824 -7.13292 25
      vertex 43.0471 -21.3988 0
      vertex 48.4407 -7.33611 25
    endloop
  endfacet
  facet normal 0.307405 -0.80083 0.513978
    outer loop
      vertex 53.0505 -6.85159 25
      vertex 52.3176 -7.13292 25
      vertex 56.9529 -21.3988 0
    endloop
  endfacet
  facet normal 0 1 -0
    outer loop
      vertex 52.4826 -4.3 11.45
      vertex 47.5174 -4.3 24
      vertex 52.4826 -4.3 24
    endloop
  endfacet
  facet normal 0 1 0
    outer loop
      vertex 47.5174 -4.3 24
      vertex 52.4826 -4.3 11.45
      vertex 47.5174 -4.3 11.45
    endloop
  endfacet
  facet normal -0.866026 0.499999 1.0027e-17
    outer loop
      vertex 52.4826 -4.3 11.45
      vertex 54.9652 0 24
      vertex 54.9652 0 11.45
    endloop
  endfacet
  facet normal -0.866026 0.499999 1.0027e-17
    outer loop
      vertex 54.9652 0 24
      vertex 52.4826 -4.3 11.45
      vertex 52.4826 -4.3 24
    endloop
  endfacet
  facet normal 0 -1 0
    outer loop
      vertex 47.5174 4.3 11.45
      vertex 52.4826 4.3 24
      vertex 47.5174 4.3 24
    endloop
  endfacet
  facet normal 0 -1 -0
    outer loop
      vertex 52.4826 4.3 24
      vertex 47.5174 4.3 11.45
      vertex 52.4826 4.3 11.45
    endloop
  endfacet
  facet normal -0.866026 -0.499999 -1.0027e-17
    outer loop
      vertex 54.9652 0 11.45
      vertex 52.4826 4.3 24
      vertex 52.4826 4.3 11.45
    endloop
  endfacet
  facet normal -0.866026 -0.499999 -1.0027e-17
    outer loop
      vertex 52.4826 4.3 24
      vertex 54.9652 0 11.45
      vertex 54.9652 0 24
    endloop
  endfacet
  facet normal 0.866026 -0.499999 1.0027e-17
    outer loop
      vertex 45.0348 0 24
      vertex 47.5174 4.3 11.45
      vertex 47.5174 4.3 24
    endloop
  endfacet
  facet normal 0.866026 -0.499999 1.0027e-17
    outer loop
      vertex 47.5174 4.3 11.45
      vertex 45.0348 0 24
      vertex 45.0348 0 11.45
    endloop
  endfacet
  facet normal 0.866026 0.499999 -1.0027e-17
    outer loop
      vertex 47.5174 -4.3 24
      vertex 45.0348 0 11.45
      vertex 45.0348 0 24
    endloop
  endfacet
  facet normal 0.866026 0.499999 -1.0027e-17
    outer loop
      vertex 45.0348 0 11.45
      vertex 47.5174 -4.3 24
      vertex 47.5174 -4.3 11.45
    endloop
  endfacet
  facet normal 0 0 1
    outer loop
      vertex 52.4826 4.3 11.45
      vertex 52.4826 -4.3 11.45
      vertex 54.9652 0 11.45
    endloop
  endfacet
  facet normal -0 0 1
    outer loop
      vertex 47.5174 4.3 11.45
      vertex 52.4826 -4.3 11.45
      vertex 52.4826 4.3 11.45
    endloop
  endfacet
  facet normal 0 0 1
    outer loop
      vertex 47.5174 4.3 11.45
      vertex 47.5174 -4.3 11.45
      vertex 52.4826 -4.3 11.45
    endloop
  endfacet
  facet normal 0 -0 1
    outer loop
      vertex 47.5174 -4.3 11.45
      vertex 47.5174 4.3 11.45
      vertex 45.0348 0 11.45
    endloop
  endfacet
  facet normal -0.406206 0.797139 0.446729
    outer loop
      vertex 53.5 -6.06218 25
      vertex 53.25 -5.62916 24
      vertex 53.1503 -6.24038 25
    endloop
  endfacet
  facet normal -0.89345 -0.0467259 0.446725
    outer loop
      vertex 57 0 25
      vertex 56.9795 0.391982 25
      vertex 56.5 0 24
    endloop
  endfacet
  facet normal -0.893433 -0.0468128 0.446751
    outer loop
      vertex 56.4644 0.679435 24
      vertex 56.9795 0.391982 25
      vertex 56.9617 0.731699 25
    endloop
  endfacet
  facet normal -0.893433 -0.0468127 0.446751
    outer loop
      vertex 56.9795 0.391982 25
      vertex 56.4644 0.679435 24
      vertex 56.5 0 24
    endloop
  endfacet
  facet normal -0.835233 0.320691 0.446703
    outer loop
      vertex 56.5167 -2.52957 25
      vertex 56.6574 -2.16312 25
      vertex 56.1819 -2.00861 24
    endloop
  endfacet
  facet normal 0.893433 -0.0468128 0.446751
    outer loop
      vertex 43.0205 0.391982 25
      vertex 43.5356 0.679435 24
      vertex 43.0383 0.731699 25
    endloop
  endfacet
  facet normal 0.893433 -0.0468127 0.446751
    outer loop
      vertex 43.5356 0.679435 24
      vertex 43.0205 0.391982 25
      vertex 43.5 0 24
    endloop
  endfacet
  facet normal -0.320608 0.835247 0.446736
    outer loop
      vertex 52.6438 -5.93804 24
      vertex 52.5296 -6.51673 25
      vertex 52.8472 -6.39482 25
    endloop
  endfacet
  facet normal -0.32062 0.835244 0.446733
    outer loop
      vertex 52.5296 -6.51673 25
      vertex 52.6438 -5.93804 24
      vertex 52.0086 -6.18187 24
    endloop
  endfacet
  facet normal 0.750315 -0.487306 0.446722
    outer loop
      vertex 44.1516 3.82919 25
      vertex 44.7414 3.8206 24
      vertex 44.3369 4.1145 25
    endloop
  endfacet
  facet normal 0.750309 -0.487319 0.446718
    outer loop
      vertex 44.7414 3.8206 24
      vertex 44.1516 3.82919 25
      vertex 44.3708 3.25 24
    endloop
  endfacet
  facet normal -0.320571 0.835272 0.446717
    outer loop
      vertex 52.1631 -6.65739 25
      vertex 52.5296 -6.51673 25
      vertex 52.0086 -6.18187 24
    endloop
  endfacet
  facet normal -0.883685 0.139953 0.44667
    outer loop
      vertex 56.847 -1.45538 25
      vertex 56.9084 -1.06769 25
      vertex 56.358 -1.35143 24
    endloop
  endfacet
  facet normal 0.139967 -0.883655 0.446726
    outer loop
      vertex 48.6486 6.35796 24
      vertex 48.9323 6.90844 25
      vertex 48.5446 6.84703 25
    endloop
  endfacet
  facet normal -0.632623 -0.632623 0.446739
    outer loop
      vertex 54.3493 4.83044 24
      vertex 55.202 4.68391 25
      vertex 54.6839 5.20201 25
    endloop
  endfacet
  facet normal -0.632618 -0.632631 0.446734
    outer loop
      vertex 55.202 4.68391 25
      vertex 54.3493 4.83044 24
      vertex 54.8304 4.34935 24
    endloop
  endfacet
  facet normal 0.835221 0.320713 0.44671
    outer loop
      vertex 43.4833 -2.52957 25
      vertex 44.062 -2.64379 24
      vertex 43.8181 -2.00861 24
    endloop
  endfacet
  facet normal 0.83525 0.320593 0.446741
    outer loop
      vertex 44.062 -2.64379 24
      vertex 43.4833 -2.52957 25
      vertex 43.6052 -2.84716 25
    endloop
  endfacet
  facet normal -0.48728 0.750329 0.446727
    outer loop
      vertex 53.8206 -5.25861 24
      vertex 53.8292 -5.8484 25
      vertex 54.1145 -5.66312 25
    endloop
  endfacet
  facet normal -0.48727 0.750334 0.44673
    outer loop
      vertex 53.8292 -5.8484 25
      vertex 53.8206 -5.25861 24
      vertex 53.25 -5.62916 24
    endloop
  endfacet
  facet normal 0.83525 -0.320593 0.446741
    outer loop
      vertex 43.4833 2.52957 25
      vertex 44.062 2.64379 24
      vertex 43.6052 2.84716 25
    endloop
  endfacet
  facet normal 0.835221 -0.320713 0.44671
    outer loop
      vertex 44.062 2.64379 24
      vertex 43.4833 2.52957 25
      vertex 43.8181 2.00861 24
    endloop
  endfacet
  facet normal 0.89345 -0.0467259 0.446725
    outer loop
      vertex 43.5 0 24
      vertex 43.0205 0.391982 25
      vertex 43 0 25
    endloop
  endfacet
  facet normal -0.0468148 0.893447 0.446723
    outer loop
      vertex 50.392 -6.97946 25
      vertex 50 -6.5 24
      vertex 50 -7 25
    endloop
  endfacet
  facet normal -0.563084 0.69525 0.446726
    outer loop
      vertex 54.1145 -5.66312 25
      vertex 54.4195 -5.4161 25
      vertex 53.8206 -5.25861 24
    endloop
  endfacet
  facet normal -0.893433 0.0468127 0.446751
    outer loop
      vertex 56.4644 -0.679435 24
      vertex 56.9795 -0.391982 25
      vertex 56.5 0 24
    endloop
  endfacet
  facet normal -0.893433 0.0468128 0.446751
    outer loop
      vertex 56.9795 -0.391982 25
      vertex 56.4644 -0.679435 24
      vertex 56.9617 -0.731699 25
    endloop
  endfacet
  facet normal 0.563067 0.695269 0.446718
    outer loop
      vertex 45.6507 -4.83044 24
      vertex 45.5805 -5.4161 25
      vertex 46.1794 -5.25861 24
    endloop
  endfacet
  facet normal 0.563004 0.695307 0.446737
    outer loop
      vertex 45.5805 -5.4161 25
      vertex 45.6507 -4.83044 24
      vertex 45.3161 -5.20201 25
    endloop
  endfacet
  facet normal 0.0468148 0.893447 0.446723
    outer loop
      vertex 50 -7 25
      vertex 50 -6.5 24
      vertex 49.608 -6.97946 25
    endloop
  endfacet
  facet normal 0.89345 0.0467259 0.446725
    outer loop
      vertex 43.0205 -0.391982 25
      vertex 43.5 0 24
      vertex 43 0 25
    endloop
  endfacet
  facet normal 0 0 1
    outer loop
      vertex 54.9652 0 24
      vertex 56.5 0 24
      vertex 56.4644 0.679435 24
    endloop
  endfacet
  facet normal 0 0 1
    outer loop
      vertex 54.9652 0 24
      vertex 56.4644 0.679435 24
      vertex 56.358 1.35143 24
    endloop
  endfacet
  facet normal 0 0 1
    outer loop
      vertex 56.5 0 24
      vertex 54.9652 0 24
      vertex 56.4644 -0.679435 24
    endloop
  endfacet
  facet normal 0 0 1
    outer loop
      vertex 54.9652 0 24
      vertex 56.358 1.35143 24
      vertex 56.1819 2.00861 24
    endloop
  endfacet
  facet normal 0 0 1
    outer loop
      vertex 56.4644 -0.679435 24
      vertex 54.9652 0 24
      vertex 56.358 -1.35143 24
    endloop
  endfacet
  facet normal 0 0 1
    outer loop
      vertex 54.9652 0 24
      vertex 56.1819 2.00861 24
      vertex 55.938 2.64379 24
    endloop
  endfacet
  facet normal 0 0 1
    outer loop
      vertex 56.358 -1.35143 24
      vertex 54.9652 0 24
      vertex 56.1819 -2.00861 24
    endloop
  endfacet
  facet normal 0 0 1
    outer loop
      vertex 54.9652 0 24
      vertex 55.938 2.64379 24
      vertex 55.6292 3.25 24
    endloop
  endfacet
  facet normal 0 0 1
    outer loop
      vertex 56.1819 -2.00861 24
      vertex 54.9652 0 24
      vertex 55.938 -2.64379 24
    endloop
  endfacet
  facet normal 0 0 1
    outer loop
      vertex 52.4826 4.3 24
      vertex 55.6292 3.25 24
      vertex 55.2586 3.8206 24
    endloop
  endfacet
  facet normal 0 0 1
    outer loop
      vertex 55.938 -2.64379 24
      vertex 54.9652 0 24
      vertex 55.6292 -3.25 24
    endloop
  endfacet
  facet normal 0 0 1
    outer loop
      vertex 52.4826 -4.3 24
      vertex 55.6292 -3.25 24
      vertex 54.9652 0 24
    endloop
  endfacet
  facet normal -0 0 1
    outer loop
      vertex 52.4826 4.3 24
      vertex 55.2586 3.8206 24
      vertex 54.8304 4.34935 24
    endloop
  endfacet
  facet normal 0 0 1
    outer loop
      vertex 52.4826 4.3 24
      vertex 54.8304 4.34935 24
      vertex 54.3493 4.83044 24
    endloop
  endfacet
  facet normal 0 0 1
    outer loop
      vertex 52.4826 4.3 24
      vertex 54.3493 4.83044 24
      vertex 53.8206 5.25861 24
    endloop
  endfacet
  facet normal 0 0 1
    outer loop
      vertex 52.4826 4.3 24
      vertex 53.8206 5.25861 24
      vertex 53.25 5.62916 24
    endloop
  endfacet
  facet normal 0 0 1
    outer loop
      vertex 52.4826 4.3 24
      vertex 53.25 5.62916 24
      vertex 52.6438 5.93804 24
    endloop
  endfacet
  facet normal 0 0 1
    outer loop
      vertex 55.6292 3.25 24
      vertex 52.4826 4.3 24
      vertex 54.9652 0 24
    endloop
  endfacet
  facet normal 0 0 1
    outer loop
      vertex 52.0086 6.18187 24
      vertex 52.4826 4.3 24
      vertex 52.6438 5.93804 24
    endloop
  endfacet
  facet normal 0 0 1
    outer loop
      vertex 51.3514 6.35796 24
      vertex 52.4826 4.3 24
      vertex 52.0086 6.18187 24
    endloop
  endfacet
  facet normal 0 0 1
    outer loop
      vertex 50.6794 6.46439 24
      vertex 52.4826 4.3 24
      vertex 51.3514 6.35796 24
    endloop
  endfacet
  facet normal 0 0 1
    outer loop
      vertex 50 6.5 24
      vertex 52.4826 4.3 24
      vertex 50.6794 6.46439 24
    endloop
  endfacet
  facet normal 0 0 1
    outer loop
      vertex 47.5174 4.3 24
      vertex 50 6.5 24
      vertex 49.3206 6.46439 24
    endloop
  endfacet
  facet normal 0 0 1
    outer loop
      vertex 47.5174 4.3 24
      vertex 49.3206 6.46439 24
      vertex 48.6486 6.35796 24
    endloop
  endfacet
  facet normal 0 0 1
    outer loop
      vertex 47.5174 4.3 24
      vertex 48.6486 6.35796 24
      vertex 47.9914 6.18187 24
    endloop
  endfacet
  facet normal 0 0 1
    outer loop
      vertex 50 6.5 24
      vertex 47.5174 4.3 24
      vertex 52.4826 4.3 24
    endloop
  endfacet
  facet normal -0 0 1
    outer loop
      vertex 47.3562 5.93804 24
      vertex 47.5174 4.3 24
      vertex 47.9914 6.18187 24
    endloop
  endfacet
  facet normal -0 0 1
    outer loop
      vertex 46.75 5.62916 24
      vertex 47.5174 4.3 24
      vertex 47.3562 5.93804 24
    endloop
  endfacet
  facet normal -0 0 1
    outer loop
      vertex 46.1794 5.25861 24
      vertex 47.5174 4.3 24
      vertex 46.75 5.62916 24
    endloop
  endfacet
  facet normal -0 0 1
    outer loop
      vertex 45.6507 4.83044 24
      vertex 47.5174 4.3 24
      vertex 46.1794 5.25861 24
    endloop
  endfacet
  facet normal -0 0 1
    outer loop
      vertex 45.1696 4.34935 24
      vertex 47.5174 4.3 24
      vertex 45.6507 4.83044 24
    endloop
  endfacet
  facet normal 0 0 1
    outer loop
      vertex 44.7414 3.8206 24
      vertex 47.5174 4.3 24
      vertex 45.1696 4.34935 24
    endloop
  endfacet
  facet normal 0 0 1
    outer loop
      vertex 44.3708 3.25 24
      vertex 47.5174 4.3 24
      vertex 44.7414 3.8206 24
    endloop
  endfacet
  facet normal 0 0 1
    outer loop
      vertex 55.6292 -3.25 24
      vertex 52.4826 -4.3 24
      vertex 55.2586 -3.8206 24
    endloop
  endfacet
  facet normal 0 0 1
    outer loop
      vertex 55.2586 -3.8206 24
      vertex 52.4826 -4.3 24
      vertex 54.8304 -4.34935 24
    endloop
  endfacet
  facet normal 0 0 1
    outer loop
      vertex 54.8304 -4.34935 24
      vertex 52.4826 -4.3 24
      vertex 54.3493 -4.83044 24
    endloop
  endfacet
  facet normal 0 0 1
    outer loop
      vertex 54.3493 -4.83044 24
      vertex 52.4826 -4.3 24
      vertex 53.8206 -5.25861 24
    endloop
  endfacet
  facet normal 0 0 1
    outer loop
      vertex 53.8206 -5.25861 24
      vertex 52.4826 -4.3 24
      vertex 53.25 -5.62916 24
    endloop
  endfacet
  facet normal 0 0 1
    outer loop
      vertex 53.25 -5.62916 24
      vertex 52.4826 -4.3 24
      vertex 52.6438 -5.93804 24
    endloop
  endfacet
  facet normal 0 0 1
    outer loop
      vertex 52.4826 -4.3 24
      vertex 52.0086 -6.18187 24
      vertex 52.6438 -5.93804 24
    endloop
  endfacet
  facet normal 0 0 1
    outer loop
      vertex 52.4826 -4.3 24
      vertex 51.3514 -6.35796 24
      vertex 52.0086 -6.18187 24
    endloop
  endfacet
  facet normal 0 0 1
    outer loop
      vertex 52.4826 -4.3 24
      vertex 50.6794 -6.46439 24
      vertex 51.3514 -6.35796 24
    endloop
  endfacet
  facet normal 0 0 1
    outer loop
      vertex 52.4826 -4.3 24
      vertex 50 -6.5 24
      vertex 50.6794 -6.46439 24
    endloop
  endfacet
  facet normal -0 0 1
    outer loop
      vertex 47.5174 -4.3 24
      vertex 50 -6.5 24
      vertex 52.4826 -4.3 24
    endloop
  endfacet
  facet normal 0 0 1
    outer loop
      vertex 50 -6.5 24
      vertex 47.5174 -4.3 24
      vertex 49.3206 -6.46439 24
    endloop
  endfacet
  facet normal 0 0 1
    outer loop
      vertex 49.3206 -6.46439 24
      vertex 47.5174 -4.3 24
      vertex 48.6486 -6.35796 24
    endloop
  endfacet
  facet normal 0 0 1
    outer loop
      vertex 48.6486 -6.35796 24
      vertex 47.5174 -4.3 24
      vertex 47.9914 -6.18187 24
    endloop
  endfacet
  facet normal 0 0 1
    outer loop
      vertex 47.5174 -4.3 24
      vertex 47.3562 -5.93804 24
      vertex 47.9914 -6.18187 24
    endloop
  endfacet
  facet normal 0 0 1
    outer loop
      vertex 47.5174 -4.3 24
      vertex 46.75 -5.62916 24
      vertex 47.3562 -5.93804 24
    endloop
  endfacet
  facet normal 0 0 1
    outer loop
      vertex 47.5174 -4.3 24
      vertex 46.1794 -5.25861 24
      vertex 46.75 -5.62916 24
    endloop
  endfacet
  facet normal 0 0 1
    outer loop
      vertex 47.5174 -4.3 24
      vertex 45.6507 -4.83044 24
      vertex 46.1794 -5.25861 24
    endloop
  endfacet
  facet normal 0 0 1
    outer loop
      vertex 47.5174 -4.3 24
      vertex 45.1696 -4.34935 24
      vertex 45.6507 -4.83044 24
    endloop
  endfacet
  facet normal -0 0 1
    outer loop
      vertex 44.3708 -3.25 24
      vertex 47.5174 -4.3 24
      vertex 45.0348 0 24
    endloop
  endfacet
  facet normal 0 0 1
    outer loop
      vertex 47.5174 4.3 24
      vertex 44.3708 3.25 24
      vertex 45.0348 0 24
    endloop
  endfacet
  facet normal 0 0 1
    outer loop
      vertex 47.5174 -4.3 24
      vertex 44.7414 -3.8206 24
      vertex 45.1696 -4.34935 24
    endloop
  endfacet
  facet normal -0 0 1
    outer loop
      vertex 44.062 2.64379 24
      vertex 45.0348 0 24
      vertex 44.3708 3.25 24
    endloop
  endfacet
  facet normal 0 0 1
    outer loop
      vertex 47.5174 -4.3 24
      vertex 44.3708 -3.25 24
      vertex 44.7414 -3.8206 24
    endloop
  endfacet
  facet normal -0 0 1
    outer loop
      vertex 43.8181 2.00861 24
      vertex 45.0348 0 24
      vertex 44.062 2.64379 24
    endloop
  endfacet
  facet normal 0 0 1
    outer loop
      vertex 45.0348 0 24
      vertex 44.062 -2.64379 24
      vertex 44.3708 -3.25 24
    endloop
  endfacet
  facet normal -0 0 1
    outer loop
      vertex 43.642 1.35143 24
      vertex 45.0348 0 24
      vertex 43.8181 2.00861 24
    endloop
  endfacet
  facet normal 0 0 1
    outer loop
      vertex 45.0348 0 24
      vertex 43.8181 -2.00861 24
      vertex 44.062 -2.64379 24
    endloop
  endfacet
  facet normal -0 0 1
    outer loop
      vertex 43.5356 0.679435 24
      vertex 45.0348 0 24
      vertex 43.642 1.35143 24
    endloop
  endfacet
  facet normal 0 0 1
    outer loop
      vertex 45.0348 0 24
      vertex 43.642 -1.35143 24
      vertex 43.8181 -2.00861 24
    endloop
  endfacet
  facet normal 0 0 1
    outer loop
      vertex 43.5 0 24
      vertex 45.0348 0 24
      vertex 43.5356 0.679435 24
    endloop
  endfacet
  facet normal 0 0 1
    outer loop
      vertex 45.0348 0 24
      vertex 43.5356 -0.679435 24
      vertex 43.642 -1.35143 24
    endloop
  endfacet
  facet normal 0 0 1
    outer loop
      vertex 45.0348 0 24
      vertex 43.5 0 24
      vertex 43.5356 -0.679435 24
    endloop
  endfacet
  facet normal 0.750316 0.48731 0.446715
    outer loop
      vertex 44.1516 -3.82919 25
      vertex 44.3708 -3.25 24
      vertex 43.9378 -3.5 25
    endloop
  endfacet
  facet normal -0.563084 -0.69525 0.446726
    outer loop
      vertex 54.4195 5.4161 25
      vertex 54.1145 5.66312 25
      vertex 53.8206 5.25861 24
    endloop
  endfacet
  facet normal -0.0468421 0.893445 0.446724
    outer loop
      vertex 50.6794 -6.46439 24
      vertex 50.392 -6.97946 25
      vertex 50.7317 -6.96165 25
    endloop
  endfacet
  facet normal -0.0468289 0.893444 0.446727
    outer loop
      vertex 50.392 -6.97946 25
      vertex 50.6794 -6.46439 24
      vertex 50 -6.5 24
    endloop
  endfacet
  facet normal 0.406206 -0.797139 0.446729
    outer loop
      vertex 46.75 5.62916 24
      vertex 46.8497 6.24038 25
      vertex 46.5 6.06218 25
    endloop
  endfacet
  facet normal -0.864192 0.231576 0.446704
    outer loop
      vertex 56.6574 -2.16312 25
      vertex 56.759 -1.78397 25
      vertex 56.1819 -2.00861 24
    endloop
  endfacet
  facet normal -0.797164 0.406172 0.446715
    outer loop
      vertex 56.0622 -3.5 25
      vertex 56.2404 -3.15026 25
      vertex 55.6292 -3.25 24
    endloop
  endfacet
  facet normal -0.797191 -0.406091 0.44674
    outer loop
      vertex 55.6292 3.25 24
      vertex 56.3948 2.84716 25
      vertex 56.2404 3.15026 25
    endloop
  endfacet
  facet normal -0.797192 -0.406085 0.446743
    outer loop
      vertex 56.3948 2.84716 25
      vertex 55.6292 3.25 24
      vertex 55.938 2.64379 24
    endloop
  endfacet
  facet normal 0.864241 0.231453 0.446673
    outer loop
      vertex 43.241 -1.78397 25
      vertex 43.642 -1.35143 24
      vertex 43.153 -1.45538 25
    endloop
  endfacet
  facet normal 0.864193 0.231572 0.446705
    outer loop
      vertex 43.642 -1.35143 24
      vertex 43.241 -1.78397 25
      vertex 43.8181 -2.00861 24
    endloop
  endfacet
  facet normal 0.864192 -0.231576 0.446704
    outer loop
      vertex 43.8181 2.00861 24
      vertex 43.3426 2.16312 25
      vertex 43.241 1.78397 25
    endloop
  endfacet
  facet normal -0.89345 0.0467259 0.446725
    outer loop
      vertex 56.9795 -0.391982 25
      vertex 57 0 25
      vertex 56.5 0 24
    endloop
  endfacet
  facet normal -0.883685 -0.139953 0.44667
    outer loop
      vertex 56.9084 1.06769 25
      vertex 56.847 1.45538 25
      vertex 56.358 1.35143 24
    endloop
  endfacet
  facet normal 0.797164 -0.406172 0.446715
    outer loop
      vertex 44.3708 3.25 24
      vertex 43.9378 3.5 25
      vertex 43.7596 3.15026 25
    endloop
  endfacet
  facet normal -0.864241 0.231453 0.446673
    outer loop
      vertex 56.358 -1.35143 24
      vertex 56.759 -1.78397 25
      vertex 56.847 -1.45538 25
    endloop
  endfacet
  facet normal -0.864193 0.231572 0.446705
    outer loop
      vertex 56.759 -1.78397 25
      vertex 56.358 -1.35143 24
      vertex 56.1819 -2.00861 24
    endloop
  endfacet
  facet normal -0.139939 -0.883658 0.446727
    outer loop
      vertex 50.6794 6.46439 24
      vertex 51.0677 6.90844 25
      vertex 50.7317 6.96165 25
    endloop
  endfacet
  facet normal -0.139951 -0.883655 0.44673
    outer loop
      vertex 51.0677 6.90844 25
      vertex 50.6794 6.46439 24
      vertex 51.3514 6.35796 24
    endloop
  endfacet
  facet normal -0.231603 0.864178 0.446717
    outer loop
      vertex 52.1631 -6.65739 25
      vertex 52.0086 -6.18187 24
      vertex 51.784 -6.75899 25
    endloop
  endfacet
  facet normal -0.406175 0.797149 0.446738
    outer loop
      vertex 53.25 -5.62916 24
      vertex 52.8472 -6.39482 25
      vertex 53.1503 -6.24038 25
    endloop
  endfacet
  facet normal -0.406175 0.797149 0.446738
    outer loop
      vertex 52.8472 -6.39482 25
      vertex 53.25 -5.62916 24
      vertex 52.6438 -5.93804 24
    endloop
  endfacet
  facet normal 0.750309 0.487319 0.446718
    outer loop
      vertex 44.1516 -3.82919 25
      vertex 44.7414 -3.8206 24
      vertex 44.3708 -3.25 24
    endloop
  endfacet
  facet normal 0.750315 0.487306 0.446722
    outer loop
      vertex 44.7414 -3.8206 24
      vertex 44.1516 -3.82919 25
      vertex 44.3369 -4.1145 25
    endloop
  endfacet
  facet normal 0.139967 0.883655 0.446726
    outer loop
      vertex 48.9323 -6.90844 25
      vertex 48.6486 -6.35796 24
      vertex 48.5446 -6.84703 25
    endloop
  endfacet
  facet normal -0.883612 0.140172 0.446746
    outer loop
      vertex 56.4644 -0.679435 24
      vertex 56.9084 -1.06769 25
      vertex 56.9617 -0.731699 25
    endloop
  endfacet
  facet normal -0.883685 0.139918 0.44668
    outer loop
      vertex 56.9084 -1.06769 25
      vertex 56.4644 -0.679435 24
      vertex 56.358 -1.35143 24
    endloop
  endfacet
  facet normal 0.406206 0.797139 0.446729
    outer loop
      vertex 46.8497 -6.24038 25
      vertex 46.75 -5.62916 24
      vertex 46.5 -6.06218 25
    endloop
  endfacet
  facet normal 0.563084 0.69525 0.446726
    outer loop
      vertex 45.8855 -5.66312 25
      vertex 46.1794 -5.25861 24
      vertex 45.5805 -5.4161 25
    endloop
  endfacet
  facet normal 0.487264 0.750339 0.446728
    outer loop
      vertex 46.5 -6.06218 25
      vertex 46.75 -5.62916 24
      vertex 46.1708 -5.8484 25
    endloop
  endfacet
  facet normal 0.139951 -0.883655 0.44673
    outer loop
      vertex 49.3206 6.46439 24
      vertex 48.9323 6.90844 25
      vertex 48.6486 6.35796 24
    endloop
  endfacet
  facet normal 0.139939 -0.883658 0.446727
    outer loop
      vertex 48.9323 6.90844 25
      vertex 49.3206 6.46439 24
      vertex 49.2683 6.96165 25
    endloop
  endfacet
  facet normal -0.750309 0.487319 0.446718
    outer loop
      vertex 55.2586 -3.8206 24
      vertex 55.8484 -3.82919 25
      vertex 55.6292 -3.25 24
    endloop
  endfacet
  facet normal -0.750315 0.487306 0.446722
    outer loop
      vertex 55.8484 -3.82919 25
      vertex 55.2586 -3.8206 24
      vertex 55.6631 -4.1145 25
    endloop
  endfacet
  facet normal 0.231538 0.86419 0.446729
    outer loop
      vertex 48.6486 -6.35796 24
      vertex 48.216 -6.75899 25
      vertex 48.5446 -6.84703 25
    endloop
  endfacet
  facet normal 0.231549 0.864185 0.446732
    outer loop
      vertex 48.216 -6.75899 25
      vertex 48.6486 -6.35796 24
      vertex 47.9914 -6.18187 24
    endloop
  endfacet
  facet normal -0.69531 0.563013 0.446722
    outer loop
      vertex 55.4161 -4.41954 25
      vertex 55.6631 -4.1145 25
      vertex 55.2586 -3.8206 24
    endloop
  endfacet
  facet normal -0.797192 0.406085 0.446743
    outer loop
      vertex 55.6292 -3.25 24
      vertex 56.3948 -2.84716 25
      vertex 55.938 -2.64379 24
    endloop
  endfacet
  facet normal -0.797191 0.406091 0.44674
    outer loop
      vertex 56.3948 -2.84716 25
      vertex 55.6292 -3.25 24
      vertex 56.2404 -3.15026 25
    endloop
  endfacet
  facet normal 0.231603 -0.864178 0.446717
    outer loop
      vertex 47.9914 6.18187 24
      vertex 48.216 6.75899 25
      vertex 47.8369 6.65739 25
    endloop
  endfacet
  facet normal 0.48727 0.750334 0.44673
    outer loop
      vertex 46.1794 -5.25861 24
      vertex 46.1708 -5.8484 25
      vertex 46.75 -5.62916 24
    endloop
  endfacet
  facet normal 0.48728 0.750329 0.446727
    outer loop
      vertex 46.1708 -5.8484 25
      vertex 46.1794 -5.25861 24
      vertex 45.8855 -5.66312 25
    endloop
  endfacet
  facet normal 0.864241 -0.231453 0.446673
    outer loop
      vertex 43.642 1.35143 24
      vertex 43.241 1.78397 25
      vertex 43.153 1.45538 25
    endloop
  endfacet
  facet normal 0.864193 -0.231572 0.446705
    outer loop
      vertex 43.241 1.78397 25
      vertex 43.642 1.35143 24
      vertex 43.8181 2.00861 24
    endloop
  endfacet
  facet normal 0.797191 0.406091 0.44674
    outer loop
      vertex 44.3708 -3.25 24
      vertex 43.6052 -2.84716 25
      vertex 43.7596 -3.15026 25
    endloop
  endfacet
  facet normal 0.797192 0.406085 0.446743
    outer loop
      vertex 43.6052 -2.84716 25
      vertex 44.3708 -3.25 24
      vertex 44.062 -2.64379 24
    endloop
  endfacet
  facet normal -0.32062 -0.835244 0.446733
    outer loop
      vertex 52.6438 5.93804 24
      vertex 52.5296 6.51673 25
      vertex 52.0086 6.18187 24
    endloop
  endfacet
  facet normal -0.320608 -0.835247 0.446736
    outer loop
      vertex 52.5296 6.51673 25
      vertex 52.6438 5.93804 24
      vertex 52.8472 6.39482 25
    endloop
  endfacet
  facet normal -0.69531 -0.563013 0.446722
    outer loop
      vertex 55.6631 4.1145 25
      vertex 55.4161 4.41954 25
      vertex 55.2586 3.8206 24
    endloop
  endfacet
  facet normal 0.835233 0.320691 0.446703
    outer loop
      vertex 43.4833 -2.52957 25
      vertex 43.8181 -2.00861 24
      vertex 43.3426 -2.16312 25
    endloop
  endfacet
  facet normal -0.406206 -0.797139 0.446729
    outer loop
      vertex 53.25 5.62916 24
      vertex 53.5 6.06218 25
      vertex 53.1503 6.24038 25
    endloop
  endfacet
  facet normal 0.797164 0.406172 0.446715
    outer loop
      vertex 43.9378 -3.5 25
      vertex 44.3708 -3.25 24
      vertex 43.7596 -3.15026 25
    endloop
  endfacet
  facet normal -0.0468148 -0.893447 0.446723
    outer loop
      vertex 50.392 6.97946 25
      vertex 50 7 25
      vertex 50 6.5 24
    endloop
  endfacet
  facet normal 0.835233 -0.320691 0.446703
    outer loop
      vertex 43.8181 2.00861 24
      vertex 43.4833 2.52957 25
      vertex 43.3426 2.16312 25
    endloop
  endfacet
  facet normal 0.797191 -0.406091 0.44674
    outer loop
      vertex 43.6052 2.84716 25
      vertex 44.3708 3.25 24
      vertex 43.7596 3.15026 25
    endloop
  endfacet
  facet normal 0.797192 -0.406085 0.446743
    outer loop
      vertex 44.3708 3.25 24
      vertex 43.6052 2.84716 25
      vertex 44.062 2.64379 24
    endloop
  endfacet
  facet normal 0.32062 0.835244 0.446733
    outer loop
      vertex 47.3562 -5.93804 24
      vertex 47.4704 -6.51673 25
      vertex 47.9914 -6.18187 24
    endloop
  endfacet
  facet normal 0.320608 0.835247 0.446736
    outer loop
      vertex 47.4704 -6.51673 25
      vertex 47.3562 -5.93804 24
      vertex 47.1528 -6.39482 25
    endloop
  endfacet
  facet normal -0.139967 0.883655 0.446726
    outer loop
      vertex 51.4554 -6.84703 25
      vertex 51.3514 -6.35796 24
      vertex 51.0677 -6.90844 25
    endloop
  endfacet
  facet normal 0.0468148 -0.893447 0.446723
    outer loop
      vertex 50 6.5 24
      vertex 50 7 25
      vertex 49.608 6.97946 25
    endloop
  endfacet
  facet normal 0.320571 0.835272 0.446717
    outer loop
      vertex 47.8369 -6.65739 25
      vertex 47.9914 -6.18187 24
      vertex 47.4704 -6.51673 25
    endloop
  endfacet
  facet normal 0.864192 0.231576 0.446704
    outer loop
      vertex 43.3426 -2.16312 25
      vertex 43.8181 -2.00861 24
      vertex 43.241 -1.78397 25
    endloop
  endfacet
  facet normal -0.139951 0.883655 0.44673
    outer loop
      vertex 50.6794 -6.46439 24
      vertex 51.0677 -6.90844 25
      vertex 51.3514 -6.35796 24
    endloop
  endfacet
  facet normal -0.139939 0.883658 0.446727
    outer loop
      vertex 51.0677 -6.90844 25
      vertex 50.6794 -6.46439 24
      vertex 50.7317 -6.96165 25
    endloop
  endfacet
  facet normal -0.695268 0.563052 0.446739
    outer loop
      vertex 54.8304 -4.34935 24
      vertex 55.4161 -4.41954 25
      vertex 55.2586 -3.8206 24
    endloop
  endfacet
  facet normal -0.695263 0.563059 0.446737
    outer loop
      vertex 55.4161 -4.41954 25
      vertex 54.8304 -4.34935 24
      vertex 55.202 -4.68391 25
    endloop
  endfacet
  facet normal 0.69531 0.563013 0.446722
    outer loop
      vertex 44.5839 -4.41954 25
      vertex 44.7414 -3.8206 24
      vertex 44.3369 -4.1145 25
    endloop
  endfacet
  facet normal 0.632618 0.632631 0.446734
    outer loop
      vertex 44.798 -4.68391 25
      vertex 45.6507 -4.83044 24
      vertex 45.1696 -4.34935 24
    endloop
  endfacet
  facet normal 0.632623 0.632623 0.446739
    outer loop
      vertex 45.6507 -4.83044 24
      vertex 44.798 -4.68391 25
      vertex 45.3161 -5.20201 25
    endloop
  endfacet
  facet normal 0.893433 0.0468127 0.446751
    outer loop
      vertex 43.0205 -0.391982 25
      vertex 43.5356 -0.679435 24
      vertex 43.5 0 24
    endloop
  endfacet
  facet normal 0.893433 0.0468128 0.446751
    outer loop
      vertex 43.5356 -0.679435 24
      vertex 43.0205 -0.391982 25
      vertex 43.0383 -0.731699 25
    endloop
  endfacet
  facet normal 0.406175 0.797149 0.446738
    outer loop
      vertex 46.75 -5.62916 24
      vertex 47.1528 -6.39482 25
      vertex 47.3562 -5.93804 24
    endloop
  endfacet
  facet normal 0.406175 0.797149 0.446738
    outer loop
      vertex 47.1528 -6.39482 25
      vertex 46.75 -5.62916 24
      vertex 46.8497 -6.24038 25
    endloop
  endfacet
  facet normal -0.750315 -0.487306 0.446722
    outer loop
      vertex 55.2586 3.8206 24
      vertex 55.8484 3.82919 25
      vertex 55.6631 4.1145 25
    endloop
  endfacet
  facet normal -0.750309 -0.487319 0.446718
    outer loop
      vertex 55.8484 3.82919 25
      vertex 55.2586 3.8206 24
      vertex 55.6292 3.25 24
    endloop
  endfacet
  facet normal 0.695268 0.563052 0.446739
    outer loop
      vertex 44.5839 -4.41954 25
      vertex 45.1696 -4.34935 24
      vertex 44.7414 -3.8206 24
    endloop
  endfacet
  facet normal 0.695263 0.563059 0.446737
    outer loop
      vertex 45.1696 -4.34935 24
      vertex 44.5839 -4.41954 25
      vertex 44.798 -4.68391 25
    endloop
  endfacet
  facet normal 0.750316 -0.48731 0.446715
    outer loop
      vertex 44.3708 3.25 24
      vertex 44.1516 3.82919 25
      vertex 43.9378 3.5 25
    endloop
  endfacet
  facet normal -0.835221 0.320713 0.44671
    outer loop
      vertex 55.938 -2.64379 24
      vertex 56.5167 -2.52957 25
      vertex 56.1819 -2.00861 24
    endloop
  endfacet
  facet normal -0.83525 0.320593 0.446741
    outer loop
      vertex 56.5167 -2.52957 25
      vertex 55.938 -2.64379 24
      vertex 56.3948 -2.84716 25
    endloop
  endfacet
  facet normal -0.487264 0.750339 0.446728
    outer loop
      vertex 53.5 -6.06218 25
      vertex 53.8292 -5.8484 25
      vertex 53.25 -5.62916 24
    endloop
  endfacet
  facet normal 0.487264 -0.750339 0.446728
    outer loop
      vertex 46.75 5.62916 24
      vertex 46.5 6.06218 25
      vertex 46.1708 5.8484 25
    endloop
  endfacet
  facet normal -0.750316 0.48731 0.446715
    outer loop
      vertex 55.8484 -3.82919 25
      vertex 56.0622 -3.5 25
      vertex 55.6292 -3.25 24
    endloop
  endfacet
  facet normal 0.883685 0.139953 0.44667
    outer loop
      vertex 43.153 -1.45538 25
      vertex 43.642 -1.35143 24
      vertex 43.0916 -1.06769 25
    endloop
  endfacet
  facet normal 0.406175 -0.797149 0.446738
    outer loop
      vertex 46.75 5.62916 24
      vertex 47.1528 6.39482 25
      vertex 46.8497 6.24038 25
    endloop
  endfacet
  facet normal 0.406175 -0.797149 0.446738
    outer loop
      vertex 47.1528 6.39482 25
      vertex 46.75 5.62916 24
      vertex 47.3562 5.93804 24
    endloop
  endfacet
  facet normal -0.750316 -0.48731 0.446715
    outer loop
      vertex 56.0622 3.5 25
      vertex 55.8484 3.82919 25
      vertex 55.6292 3.25 24
    endloop
  endfacet
  facet normal 0.0468289 0.893444 0.446727
    outer loop
      vertex 49.3206 -6.46439 24
      vertex 49.608 -6.97946 25
      vertex 50 -6.5 24
    endloop
  endfacet
  facet normal 0.0468421 0.893445 0.446724
    outer loop
      vertex 49.608 -6.97946 25
      vertex 49.3206 -6.46439 24
      vertex 49.2683 -6.96165 25
    endloop
  endfacet
  facet normal 0.231603 0.864178 0.446717
    outer loop
      vertex 48.216 -6.75899 25
      vertex 47.9914 -6.18187 24
      vertex 47.8369 -6.65739 25
    endloop
  endfacet
  facet normal -0.864192 -0.231576 0.446704
    outer loop
      vertex 56.759 1.78397 25
      vertex 56.6574 2.16312 25
      vertex 56.1819 2.00861 24
    endloop
  endfacet
  facet normal -0.695263 -0.563059 0.446737
    outer loop
      vertex 54.8304 4.34935 24
      vertex 55.4161 4.41954 25
      vertex 55.202 4.68391 25
    endloop
  endfacet
  facet normal -0.695268 -0.563052 0.446739
    outer loop
      vertex 55.4161 4.41954 25
      vertex 54.8304 4.34935 24
      vertex 55.2586 3.8206 24
    endloop
  endfacet
  facet normal -0.231549 0.864185 0.446732
    outer loop
      vertex 51.3514 -6.35796 24
      vertex 51.784 -6.75899 25
      vertex 52.0086 -6.18187 24
    endloop
  endfacet
  facet normal -0.231538 0.86419 0.446729
    outer loop
      vertex 51.784 -6.75899 25
      vertex 51.3514 -6.35796 24
      vertex 51.4554 -6.84703 25
    endloop
  endfacet
  facet normal -0.632618 0.632631 0.446734
    outer loop
      vertex 54.3493 -4.83044 24
      vertex 55.202 -4.68391 25
      vertex 54.8304 -4.34935 24
    endloop
  endfacet
  facet normal -0.632623 0.632623 0.446739
    outer loop
      vertex 55.202 -4.68391 25
      vertex 54.3493 -4.83044 24
      vertex 54.6839 -5.20201 25
    endloop
  endfacet
  facet normal -0.406175 -0.797149 0.446738
    outer loop
      vertex 53.25 5.62916 24
      vertex 52.8472 6.39482 25
      vertex 52.6438 5.93804 24
    endloop
  endfacet
  facet normal -0.406175 -0.797149 0.446738
    outer loop
      vertex 52.8472 6.39482 25
      vertex 53.25 5.62916 24
      vertex 53.1503 6.24038 25
    endloop
  endfacet
  facet normal -0.487264 -0.750339 0.446728
    outer loop
      vertex 53.8292 5.8484 25
      vertex 53.5 6.06218 25
      vertex 53.25 5.62916 24
    endloop
  endfacet
  facet normal 0.231549 -0.864185 0.446732
    outer loop
      vertex 48.6486 6.35796 24
      vertex 48.216 6.75899 25
      vertex 47.9914 6.18187 24
    endloop
  endfacet
  facet normal 0.231538 -0.86419 0.446729
    outer loop
      vertex 48.216 6.75899 25
      vertex 48.6486 6.35796 24
      vertex 48.5446 6.84703 25
    endloop
  endfacet
  facet normal 0.320608 -0.835247 0.446736
    outer loop
      vertex 47.3562 5.93804 24
      vertex 47.4704 6.51673 25
      vertex 47.1528 6.39482 25
    endloop
  endfacet
  facet normal 0.32062 -0.835244 0.446733
    outer loop
      vertex 47.4704 6.51673 25
      vertex 47.3562 5.93804 24
      vertex 47.9914 6.18187 24
    endloop
  endfacet
  facet normal -0.139967 -0.883655 0.446726
    outer loop
      vertex 51.3514 6.35796 24
      vertex 51.4554 6.84703 25
      vertex 51.0677 6.90844 25
    endloop
  endfacet
  facet normal -0.320571 -0.835272 0.446717
    outer loop
      vertex 52.5296 6.51673 25
      vertex 52.1631 6.65739 25
      vertex 52.0086 6.18187 24
    endloop
  endfacet
  facet normal 0.883685 -0.139953 0.44667
    outer loop
      vertex 43.642 1.35143 24
      vertex 43.153 1.45538 25
      vertex 43.0916 1.06769 25
    endloop
  endfacet
  facet normal -0.231603 -0.864178 0.446717
    outer loop
      vertex 52.0086 6.18187 24
      vertex 52.1631 6.65739 25
      vertex 51.784 6.75899 25
    endloop
  endfacet
  facet normal -0.48727 -0.750334 0.44673
    outer loop
      vertex 53.8206 5.25861 24
      vertex 53.8292 5.8484 25
      vertex 53.25 5.62916 24
    endloop
  endfacet
  facet normal -0.48728 -0.750329 0.446727
    outer loop
      vertex 53.8292 5.8484 25
      vertex 53.8206 5.25861 24
      vertex 54.1145 5.66312 25
    endloop
  endfacet
  facet normal -0.864193 -0.231572 0.446705
    outer loop
      vertex 56.358 1.35143 24
      vertex 56.759 1.78397 25
      vertex 56.1819 2.00861 24
    endloop
  endfacet
  facet normal -0.864241 -0.231453 0.446673
    outer loop
      vertex 56.759 1.78397 25
      vertex 56.358 1.35143 24
      vertex 56.847 1.45538 25
    endloop
  endfacet
  facet normal 0.69531 -0.563013 0.446722
    outer loop
      vertex 44.7414 3.8206 24
      vertex 44.5839 4.41954 25
      vertex 44.3369 4.1145 25
    endloop
  endfacet
  facet normal 0.695263 -0.563059 0.446737
    outer loop
      vertex 44.5839 4.41954 25
      vertex 45.1696 4.34935 24
      vertex 44.798 4.68391 25
    endloop
  endfacet
  facet normal 0.695268 -0.563052 0.446739
    outer loop
      vertex 45.1696 4.34935 24
      vertex 44.5839 4.41954 25
      vertex 44.7414 3.8206 24
    endloop
  endfacet
  facet normal 0.139939 0.883658 0.446727
    outer loop
      vertex 49.3206 -6.46439 24
      vertex 48.9323 -6.90844 25
      vertex 49.2683 -6.96165 25
    endloop
  endfacet
  facet normal 0.139951 0.883655 0.44673
    outer loop
      vertex 48.9323 -6.90844 25
      vertex 49.3206 -6.46439 24
      vertex 48.6486 -6.35796 24
    endloop
  endfacet
  facet normal 0.320571 -0.835272 0.446717
    outer loop
      vertex 47.9914 6.18187 24
      vertex 47.8369 6.65739 25
      vertex 47.4704 6.51673 25
    endloop
  endfacet
  facet normal 0.0468421 -0.893445 0.446724
    outer loop
      vertex 49.3206 6.46439 24
      vertex 49.608 6.97946 25
      vertex 49.2683 6.96165 25
    endloop
  endfacet
  facet normal 0.0468289 -0.893444 0.446727
    outer loop
      vertex 49.608 6.97946 25
      vertex 49.3206 6.46439 24
      vertex 50 6.5 24
    endloop
  endfacet
  facet normal -0.563067 -0.695269 0.446718
    outer loop
      vertex 54.3493 4.83044 24
      vertex 54.4195 5.4161 25
      vertex 53.8206 5.25861 24
    endloop
  endfacet
  facet normal -0.563004 -0.695307 0.446737
    outer loop
      vertex 54.4195 5.4161 25
      vertex 54.3493 4.83044 24
      vertex 54.6839 5.20201 25
    endloop
  endfacet
  facet normal 0.48728 -0.750329 0.446727
    outer loop
      vertex 46.1794 5.25861 24
      vertex 46.1708 5.8484 25
      vertex 45.8855 5.66312 25
    endloop
  endfacet
  facet normal 0.48727 -0.750334 0.44673
    outer loop
      vertex 46.1708 5.8484 25
      vertex 46.1794 5.25861 24
      vertex 46.75 5.62916 24
    endloop
  endfacet
  facet normal -0.83525 -0.320593 0.446741
    outer loop
      vertex 55.938 2.64379 24
      vertex 56.5167 2.52957 25
      vertex 56.3948 2.84716 25
    endloop
  endfacet
  facet normal -0.835221 -0.320713 0.44671
    outer loop
      vertex 56.5167 2.52957 25
      vertex 55.938 2.64379 24
      vertex 56.1819 2.00861 24
    endloop
  endfacet
  facet normal -0.563004 0.695307 0.446737
    outer loop
      vertex 54.3493 -4.83044 24
      vertex 54.4195 -5.4161 25
      vertex 54.6839 -5.20201 25
    endloop
  endfacet
  facet normal -0.563067 0.695269 0.446718
    outer loop
      vertex 54.4195 -5.4161 25
      vertex 54.3493 -4.83044 24
      vertex 53.8206 -5.25861 24
    endloop
  endfacet
  facet normal 0.883612 0.140172 0.446746
    outer loop
      vertex 43.0916 -1.06769 25
      vertex 43.5356 -0.679435 24
      vertex 43.0383 -0.731699 25
    endloop
  endfacet
  facet normal 0.883685 0.139918 0.44668
    outer loop
      vertex 43.5356 -0.679435 24
      vertex 43.0916 -1.06769 25
      vertex 43.642 -1.35143 24
    endloop
  endfacet
  facet normal -0.0468289 -0.893444 0.446727
    outer loop
      vertex 50.6794 6.46439 24
      vertex 50.392 6.97946 25
      vertex 50 6.5 24
    endloop
  endfacet
  facet normal -0.0468421 -0.893445 0.446724
    outer loop
      vertex 50.392 6.97946 25
      vertex 50.6794 6.46439 24
      vertex 50.7317 6.96165 25
    endloop
  endfacet
  facet normal 0.563004 -0.695307 0.446737
    outer loop
      vertex 45.6507 4.83044 24
      vertex 45.5805 5.4161 25
      vertex 45.3161 5.20201 25
    endloop
  endfacet
  facet normal 0.563067 -0.695269 0.446718
    outer loop
      vertex 45.5805 5.4161 25
      vertex 45.6507 4.83044 24
      vertex 46.1794 5.25861 24
    endloop
  endfacet
  facet normal -0.797164 -0.406172 0.446715
    outer loop
      vertex 56.2404 3.15026 25
      vertex 56.0622 3.5 25
      vertex 55.6292 3.25 24
    endloop
  endfacet
  facet normal -0.835233 -0.320691 0.446703
    outer loop
      vertex 56.6574 2.16312 25
      vertex 56.5167 2.52957 25
      vertex 56.1819 2.00861 24
    endloop
  endfacet
  facet normal 0.883612 -0.140172 0.446746
    outer loop
      vertex 43.5356 0.679435 24
      vertex 43.0916 1.06769 25
      vertex 43.0383 0.731699 25
    endloop
  endfacet
  facet normal 0.883685 -0.139918 0.44668
    outer loop
      vertex 43.0916 1.06769 25
      vertex 43.5356 0.679435 24
      vertex 43.642 1.35143 24
    endloop
  endfacet
  facet normal -0.883685 -0.139918 0.44668
    outer loop
      vertex 56.4644 0.679435 24
      vertex 56.9084 1.06769 25
      vertex 56.358 1.35143 24
    endloop
  endfacet
  facet normal -0.883612 -0.140172 0.446746
    outer loop
      vertex 56.9084 1.06769 25
      vertex 56.4644 0.679435 24
      vertex 56.9617 0.731699 25
    endloop
  endfacet
  facet normal -0.231538 -0.86419 0.446729
    outer loop
      vertex 51.3514 6.35796 24
      vertex 51.784 6.75899 25
      vertex 51.4554 6.84703 25
    endloop
  endfacet
  facet normal -0.231549 -0.864185 0.446732
    outer loop
      vertex 51.784 6.75899 25
      vertex 51.3514 6.35796 24
      vertex 52.0086 6.18187 24
    endloop
  endfacet
  facet normal 0.563084 -0.69525 0.446726
    outer loop
      vertex 46.1794 5.25861 24
      vertex 45.8855 5.66312 25
      vertex 45.5805 5.4161 25
    endloop
  endfacet
  facet normal 0.632623 -0.632623 0.446739
    outer loop
      vertex 44.798 4.68391 25
      vertex 45.6507 4.83044 24
      vertex 45.3161 5.20201 25
    endloop
  endfacet
  facet normal 0.632618 -0.632631 0.446734
    outer loop
      vertex 45.6507 4.83044 24
      vertex 44.798 4.68391 25
      vertex 45.1696 4.34935 24
    endloop
  endfacet
endsolid OpenSCAD_Model
