solid OpenSCAD_Model
  facet normal -0.181754 0.983344 0
    outer loop
      vertex 3.12879 13.8033 0
      vertex -7.45538 11.847 4
      vertex 3.12879 13.8033 4
    endloop
  endfacet
  facet normal -0.181754 0.983344 0
    outer loop
      vertex -7.45538 11.847 4
      vertex 3.12879 13.8033 0
      vertex -7.45538 11.847 0
    endloop
  endfacet
  facet normal 0.838634 0.544696 -0
    outer loop
      vertex 55.1962 8 0
      vertex 54.8541 8.52671 2.11961
      vertex 55.1962 8 2.39659
    endloop
  endfacet
  facet normal 0.838634 0.544696 0
    outer loop
      vertex 54.8541 8.52671 2.11961
      vertex 55.1962 8 0
      vertex 54.8541 8.52671 0
    endloop
  endfacet
  facet normal 0.0666184 -0.997779 0
    outer loop
      vertex 5.94076 -3.9507 0
      vertex 50.6272 -0.967131 4
      vertex 5.94076 -3.9507 4
    endloop
  endfacet
  facet normal 0.0666184 -0.997779 0
    outer loop
      vertex 50.6272 -0.967131 4
      vertex 5.94076 -3.9507 0
      vertex 50.6272 -0.967131 0
    endloop
  endfacet
  facet normal -0.181754 -0.983344 0
    outer loop
      vertex -7.45538 -1.84703 0
      vertex -4.28646 -2.43275 4
      vertex -7.45538 -1.84703 4
    endloop
  endfacet
  facet normal -0.181754 -0.983344 -0
    outer loop
      vertex -4.28646 -2.43275 4
      vertex -7.45538 -1.84703 0
      vertex -4.28646 -2.43275 0
    endloop
  endfacet
  facet normal -0.258808 -0.965929 0
    outer loop
      vertex -8.16312 -1.6574 0
      vertex -7.45538 -1.84703 4
      vertex -8.16312 -1.6574 4
    endloop
  endfacet
  facet normal -0.258808 -0.965929 -0
    outer loop
      vertex -7.45538 -1.84703 4
      vertex -8.16312 -1.6574 0
      vertex -7.45538 -1.84703 0
    endloop
  endfacet
  facet normal 0.0523326 -0.99863 0
    outer loop
      vertex 5 -4 0
      vertex 5.94076 -3.9507 4
      vertex 5 -4 4
    endloop
  endfacet
  facet normal 0.0523326 -0.99863 0
    outer loop
      vertex 5.94076 -3.9507 4
      vertex 5 -4 0
      vertex 5.94076 -3.9507 0
    endloop
  endfacet
  facet normal -0.156467 0.987683 0
    outer loop
      vertex 4.05924 13.9507 0
      vertex 3.12879 13.8033 4
      vertex 4.05924 13.9507 4
    endloop
  endfacet
  facet normal -0.156467 0.987683 0
    outer loop
      vertex 3.12879 13.8033 4
      vertex 4.05924 13.9507 0
      vertex 3.12879 13.8033 0
    endloop
  endfacet
  facet normal 0.9877 -0.156363 -3.86809e-19
    outer loop
      vertex 55.8689 3.75253 4
      vertex 55.9671 4.37283 0
      vertex 55.9671 4.37283 4
    endloop
  endfacet
  facet normal 0.9877 -0.156363 -3.86809e-19
    outer loop
      vertex 55.9671 4.37283 0
      vertex 55.8689 3.75253 4
      vertex 55.8689 3.75253 0
    endloop
  endfacet
  facet normal -0.987671 0.156541 2.23165e-18
    outer loop
      vertex -12.9617 5.7317 0
      vertex -12.847 6.45538 4
      vertex -12.847 6.45538 0
    endloop
  endfacet
  facet normal -0.987671 0.156541 2.23165e-18
    outer loop
      vertex -12.847 6.45538 4
      vertex -12.9617 5.7317 0
      vertex -12.9617 5.7317 4
    endloop
  endfacet
  facet normal -0.838645 -0.544678 8.899e-19
    outer loop
      vertex -11.6631 0.885503 0
      vertex -12.0622 1.5 4
      vertex -12.0622 1.5 0
    endloop
  endfacet
  facet normal -0.838645 -0.544678 8.899e-19
    outer loop
      vertex -12.0622 1.5 4
      vertex -11.6631 0.885503 0
      vertex -11.6631 0.885503 4
    endloop
  endfacet
  facet normal -0.453992 -0.891006 0
    outer loop
      vertex -9.5 -1.06218 0
      vertex -8.84716 -1.39482 4
      vertex -9.5 -1.06218 4
    endloop
  endfacet
  facet normal -0.453992 -0.891006 -0
    outer loop
      vertex -8.84716 -1.39482 4
      vertex -9.5 -1.06218 0
      vertex -8.84716 -1.39482 0
    endloop
  endfacet
  facet normal 0.259175 0.96583 -0
    outer loop
      vertex 51.8541 10.7063 0
      vertex 51.6633 10.7575 0.64362
      vertex 51.8541 10.7063 0.694748
    endloop
  endfacet
  facet normal 0.258911 0.965901 -8.37204e-05
    outer loop
      vertex 51.2475 10.8689 0
      vertex 51.6633 10.7575 0.64362
      vertex 51.8541 10.7063 0
    endloop
  endfacet
  facet normal 0.25879 0.965934 6.0974e-18
    outer loop
      vertex 51.6633 10.7575 0.64362
      vertex 51.2475 10.8689 0
      vertex 51.2475 10.8689 0.577761
    endloop
  endfacet
  facet normal 0.0666563 0.997776 0
    outer loop
      vertex 50.6272 10.9671 0.50167
      vertex 50.6272 10.9671 0
      vertex 50 11.009 0.468801
    endloop
  endfacet
  facet normal 0.0666478 0.997777 -0.000286346
    outer loop
      vertex 5.94076 13.9507 0
      vertex 43.3762 11.4513 4
      vertex 43.5279 11.4411 3.76652
    endloop
  endfacet
  facet normal 0.066622 0.997778 -2.86409e-05
    outer loop
      vertex 5.94076 13.9507 0
      vertex 43.5279 11.4411 3.76652
      vertex 44.0548 11.4059 3.11576
    endloop
  endfacet
  facet normal 0.0666146 0.997779 6.23674e-05
    outer loop
      vertex 5.94076 13.9507 0
      vertex 44.0548 11.4059 3.11576
      vertex 44.647 11.3664 2.52364
    endloop
  endfacet
  facet normal 0.0666135 0.997779 7.93723e-05
    outer loop
      vertex 5.94076 13.9507 0
      vertex 44.647 11.3664 2.52364
      vertex 45.2977 11.323 1.99667
    endloop
  endfacet
  facet normal 0.0666186 0.997779 -2.09734e-05
    outer loop
      vertex 5.94076 13.9507 0
      vertex 45.2977 11.323 1.99667
      vertex 46 11.2761 1.5406
    endloop
  endfacet
  facet normal 0.0666165 0.997779 3.46582e-05
    outer loop
      vertex 5.94076 13.9507 0
      vertex 46 11.2761 1.5406
      vertex 46.7461 11.2263 1.16044
    endloop
  endfacet
  facet normal 0.0666177 0.997779 -7.80076e-06
    outer loop
      vertex 5.94076 13.9507 0
      vertex 46.7461 11.2263 1.16044
      vertex 47.5279 11.1741 0.86035
    endloop
  endfacet
  facet normal 0.0666175 0.997779 8.75584e-07
    outer loop
      vertex 5.94076 13.9507 0
      vertex 47.5279 11.1741 0.86035
      vertex 48.3367 11.1201 0.64362
    endloop
  endfacet
  facet normal 0.0667913 0.997767 0.000508336
    outer loop
      vertex 50.6272 10.9671 0
      vertex 48.3367 11.1201 0.64362
      vertex 49.1638 11.0648 0.512627
    endloop
  endfacet
  facet normal 0.0665768 0.997781 -0.000106806
    outer loop
      vertex 50.6272 10.9671 0
      vertex 49.1638 11.0648 0.512627
      vertex 50 11.009 0.468801
    endloop
  endfacet
  facet normal 0.0666191 0.997778 -0.000107182
    outer loop
      vertex 48.3367 11.1201 0.64362
      vertex 50.6272 10.9671 0
      vertex 5.94076 13.9507 0
    endloop
  endfacet
  facet normal 0.0666173 0.997779 -2.86132e-18
    outer loop
      vertex 43.3762 11.4513 4
      vertex 5.94076 13.9507 0
      vertex 5.94076 13.9507 4
    endloop
  endfacet
  facet normal 0.156333 0.987704 -0
    outer loop
      vertex 51.2475 10.8689 0
      vertex 50.8362 10.934 0.512627
      vertex 51.2475 10.8689 0.577761
    endloop
  endfacet
  facet normal 0.156363 0.9877 2.5253e-05
    outer loop
      vertex 50.6272 10.9671 0
      vertex 50.8362 10.934 0.512627
      vertex 51.2475 10.8689 0
    endloop
  endfacet
  facet normal 0.156424 0.98769 -1.5878e-18
    outer loop
      vertex 50.8362 10.934 0.512627
      vertex 50.6272 10.9671 0
      vertex 50.6272 10.9671 0.50167
    endloop
  endfacet
  facet normal -0.0523326 0.99863 0
    outer loop
      vertex 5 14 0
      vertex 4.05924 13.9507 4
      vertex 5 14 4
    endloop
  endfacet
  facet normal -0.0523326 0.99863 0
    outer loop
      vertex 4.05924 13.9507 4
      vertex 5 14 0
      vertex 4.05924 13.9507 0
    endloop
  endfacet
  facet normal 0 0 1
    outer loop
      vertex 30.0981 6.5 4
      vertex 43.3762 8 4
      vertex 43.3762 11.4513 4
    endloop
  endfacet
  facet normal 0 0 1
    outer loop
      vertex 43.3762 8 4
      vertex 30.4836 5.31359 4
      vertex 30.5 5 4
    endloop
  endfacet
  facet normal 0 0 1
    outer loop
      vertex 43.3762 8 4
      vertex 30.4344 5.62373 4
      vertex 30.4836 5.31359 4
    endloop
  endfacet
  facet normal 0 0 1
    outer loop
      vertex 43.3762 8 4
      vertex 30.3532 5.92705 4
      vertex 30.4344 5.62373 4
    endloop
  endfacet
  facet normal 0 0 1
    outer loop
      vertex 43.3762 8 4
      vertex 30.2406 6.22021 4
      vertex 30.3532 5.92705 4
    endloop
  endfacet
  facet normal 0 0 1
    outer loop
      vertex 43.3762 8 4
      vertex 30.0981 6.5 4
      vertex 30.2406 6.22021 4
    endloop
  endfacet
  facet normal 0 0 1
    outer loop
      vertex 43.3762 11.4513 4
      vertex 29.9271 6.76336 4
      vertex 30.0981 6.5 4
    endloop
  endfacet
  facet normal 0 0 1
    outer loop
      vertex 43.3762 11.4513 4
      vertex 29.7294 7.00739 4
      vertex 29.9271 6.76336 4
    endloop
  endfacet
  facet normal 0 0 1
    outer loop
      vertex 43.3762 11.4513 4
      vertex 29.5074 7.22943 4
      vertex 29.7294 7.00739 4
    endloop
  endfacet
  facet normal 0 0 1
    outer loop
      vertex 43.3762 11.4513 4
      vertex 29.2634 7.42705 4
      vertex 29.5074 7.22943 4
    endloop
  endfacet
  facet normal 0 0 1
    outer loop
      vertex 43.3762 11.4513 4
      vertex 29 7.59808 4
      vertex 29.2634 7.42705 4
    endloop
  endfacet
  facet normal 0 0 1
    outer loop
      vertex 43.3762 11.4513 4
      vertex 28.7202 7.74064 4
      vertex 29 7.59808 4
    endloop
  endfacet
  facet normal 0 0 1
    outer loop
      vertex 43.3762 11.4513 4
      vertex 28.4271 7.85317 4
      vertex 28.7202 7.74064 4
    endloop
  endfacet
  facet normal 0 0 1
    outer loop
      vertex 43.3762 11.4513 4
      vertex 28.1237 7.93444 4
      vertex 28.4271 7.85317 4
    endloop
  endfacet
  facet normal 0 0 1
    outer loop
      vertex 43.3762 11.4513 4
      vertex 27.8136 7.98357 4
      vertex 28.1237 7.93444 4
    endloop
  endfacet
  facet normal 0 0 1
    outer loop
      vertex 43.3762 11.4513 4
      vertex 27.5 8 4
      vertex 27.8136 7.98357 4
    endloop
  endfacet
  facet normal 0 0 1
    outer loop
      vertex 10.3762 13 4
      vertex 27.5 8 4
      vertex 43.3762 11.4513 4
    endloop
  endfacet
  facet normal 0 0 1
    outer loop
      vertex 27.5 8 4
      vertex 10.3762 13 4
      vertex 27.1864 7.98357 4
    endloop
  endfacet
  facet normal 0 0 1
    outer loop
      vertex 24.5164 5.31359 4
      vertex 10.3762 13 4
      vertex 24.5 5 4
    endloop
  endfacet
  facet normal 0 0 1
    outer loop
      vertex 24.5656 5.62373 4
      vertex 10.3762 13 4
      vertex 24.5164 5.31359 4
    endloop
  endfacet
  facet normal 0 0 1
    outer loop
      vertex 24.6468 5.92705 4
      vertex 10.3762 13 4
      vertex 24.5656 5.62373 4
    endloop
  endfacet
  facet normal 0 0 1
    outer loop
      vertex 24.7594 6.22021 4
      vertex 10.3762 13 4
      vertex 24.6468 5.92705 4
    endloop
  endfacet
  facet normal 0 0 1
    outer loop
      vertex 24.9019 6.5 4
      vertex 10.3762 13 4
      vertex 24.7594 6.22021 4
    endloop
  endfacet
  facet normal 0 0 1
    outer loop
      vertex 25.0729 6.76336 4
      vertex 10.3762 13 4
      vertex 24.9019 6.5 4
    endloop
  endfacet
  facet normal 0 0 1
    outer loop
      vertex 25.2706 7.00739 4
      vertex 10.3762 13 4
      vertex 25.0729 6.76336 4
    endloop
  endfacet
  facet normal 0 0 1
    outer loop
      vertex 25.4926 7.22943 4
      vertex 10.3762 13 4
      vertex 25.2706 7.00739 4
    endloop
  endfacet
  facet normal 0 0 1
    outer loop
      vertex 25.7366 7.42705 4
      vertex 10.3762 13 4
      vertex 25.4926 7.22943 4
    endloop
  endfacet
  facet normal 0 0 1
    outer loop
      vertex 26 7.59808 4
      vertex 10.3762 13 4
      vertex 25.7366 7.42705 4
    endloop
  endfacet
  facet normal 0 0 1
    outer loop
      vertex 26.2798 7.74064 4
      vertex 10.3762 13 4
      vertex 26 7.59808 4
    endloop
  endfacet
  facet normal 0 0 1
    outer loop
      vertex 26.5729 7.85317 4
      vertex 10.3762 13 4
      vertex 26.2798 7.74064 4
    endloop
  endfacet
  facet normal 0 0 1
    outer loop
      vertex 26.8763 7.93444 4
      vertex 10.3762 13 4
      vertex 26.5729 7.85317 4
    endloop
  endfacet
  facet normal 0 0 1
    outer loop
      vertex 27.1864 7.98357 4
      vertex 10.3762 13 4
      vertex 26.8763 7.93444 4
    endloop
  endfacet
  facet normal 0 0 1
    outer loop
      vertex 5.94076 13.9507 4
      vertex 10.3762 13 4
      vertex 43.3762 11.4513 4
    endloop
  endfacet
  facet normal 0 0 1
    outer loop
      vertex 3.12879 13.8033 4
      vertex 5.94076 13.9507 4
      vertex 5 14 4
    endloop
  endfacet
  facet normal 0 0 1
    outer loop
      vertex 3.12879 13.8033 4
      vertex 5 14 4
      vertex 4.05924 13.9507 4
    endloop
  endfacet
  facet normal 0 0 1
    outer loop
      vertex 5.94076 13.9507 4
      vertex 3.12879 13.8033 4
      vertex 10.3762 13 4
    endloop
  endfacet
  facet normal 0 0 1
    outer loop
      vertex 3.12879 13.8033 4
      vertex -0.376208 13 4
      vertex 10.3762 13 4
    endloop
  endfacet
  facet normal -0 0 1
    outer loop
      vertex -4.28646 -2.43275 4
      vertex -0.376208 -3 4
      vertex -0.376208 13 4
    endloop
  endfacet
  facet normal -0 0 1
    outer loop
      vertex -4.33013 -2.5 4
      vertex -0.376208 -3 4
      vertex -4.28646 -2.43275 4
    endloop
  endfacet
  facet normal 0 0 1
    outer loop
      vertex -0.376208 -3 4
      vertex -1.03956 -9.89074 4
      vertex -0.522642 -9.97261 4
    endloop
  endfacet
  facet normal 0 0 1
    outer loop
      vertex -0.376208 -3 4
      vertex -1.54508 -9.75528 4
      vertex -1.03956 -9.89074 4
    endloop
  endfacet
  facet normal 0 0 1
    outer loop
      vertex -0.376208 -3 4
      vertex -2.03368 -9.56773 4
      vertex -1.54508 -9.75528 4
    endloop
  endfacet
  facet normal 0 0 1
    outer loop
      vertex -0.376208 -3 4
      vertex -2.5 -9.33013 4
      vertex -2.03368 -9.56773 4
    endloop
  endfacet
  facet normal 0 0 1
    outer loop
      vertex -0.376208 -3 4
      vertex -2.93893 -9.04508 4
      vertex -2.5 -9.33013 4
    endloop
  endfacet
  facet normal 0 0 1
    outer loop
      vertex -0.376208 -3 4
      vertex -3.34565 -8.71572 4
      vertex -2.93893 -9.04508 4
    endloop
  endfacet
  facet normal 0 0 1
    outer loop
      vertex -0.376208 -3 4
      vertex -3.71572 -8.34565 4
      vertex -3.34565 -8.71572 4
    endloop
  endfacet
  facet normal 0 0 1
    outer loop
      vertex -0.376208 -3 4
      vertex -4.04508 -7.93893 4
      vertex -3.71572 -8.34565 4
    endloop
  endfacet
  facet normal 0 0 1
    outer loop
      vertex -7.45538 11.847 4
      vertex -0.376208 13 4
      vertex 3.12879 13.8033 4
    endloop
  endfacet
  facet normal -0 0 1
    outer loop
      vertex -7.45538 11.847 4
      vertex -4.28646 -2.43275 4
      vertex -0.376208 13 4
    endloop
  endfacet
  facet normal 0 0 1
    outer loop
      vertex -7.45538 11.847 4
      vertex -7.45538 -1.84703 4
      vertex -4.28646 -2.43275 4
    endloop
  endfacet
  facet normal -0 0 1
    outer loop
      vertex -8.16312 11.6574 4
      vertex -7.45538 -1.84703 4
      vertex -7.45538 11.847 4
    endloop
  endfacet
  facet normal 0 0 1
    outer loop
      vertex -8.16312 11.6574 4
      vertex -8.16312 -1.6574 4
      vertex -7.45538 -1.84703 4
    endloop
  endfacet
  facet normal -0 0 1
    outer loop
      vertex -8.84716 11.3948 4
      vertex -8.16312 -1.6574 4
      vertex -8.16312 11.6574 4
    endloop
  endfacet
  facet normal 0 0 1
    outer loop
      vertex -8.84716 11.3948 4
      vertex -8.84716 -1.39482 4
      vertex -8.16312 -1.6574 4
    endloop
  endfacet
  facet normal -0 0 1
    outer loop
      vertex -9.5 11.0622 4
      vertex -8.84716 -1.39482 4
      vertex -8.84716 11.3948 4
    endloop
  endfacet
  facet normal 0 0 1
    outer loop
      vertex -9.5 11.0622 4
      vertex -9.5 -1.06218 4
      vertex -8.84716 -1.39482 4
    endloop
  endfacet
  facet normal -0 0 1
    outer loop
      vertex -10.1145 10.6631 4
      vertex -9.5 -1.06218 4
      vertex -9.5 11.0622 4
    endloop
  endfacet
  facet normal 0 0 1
    outer loop
      vertex -10.1145 10.6631 4
      vertex -10.1145 -0.663118 4
      vertex -9.5 -1.06218 4
    endloop
  endfacet
  facet normal -0 0 1
    outer loop
      vertex -10.6839 10.202 4
      vertex -10.1145 -0.663118 4
      vertex -10.1145 10.6631 4
    endloop
  endfacet
  facet normal 0 0 1
    outer loop
      vertex -10.6839 10.202 4
      vertex -10.6839 -0.202013 4
      vertex -10.1145 -0.663118 4
    endloop
  endfacet
  facet normal -0 0 1
    outer loop
      vertex -11.202 9.68391 4
      vertex -10.6839 -0.202013 4
      vertex -10.6839 10.202 4
    endloop
  endfacet
  facet normal 0 0 1
    outer loop
      vertex -11.202 9.68391 4
      vertex -11.202 0.316085 4
      vertex -10.6839 -0.202013 4
    endloop
  endfacet
  facet normal -0 0 1
    outer loop
      vertex -11.6631 9.1145 4
      vertex -11.202 0.316085 4
      vertex -11.202 9.68391 4
    endloop
  endfacet
  facet normal 0 0 1
    outer loop
      vertex -11.6631 9.1145 4
      vertex -11.6631 0.885503 4
      vertex -11.202 0.316085 4
    endloop
  endfacet
  facet normal -0 0 1
    outer loop
      vertex -12.0622 8.5 4
      vertex -11.6631 0.885503 4
      vertex -11.6631 9.1145 4
    endloop
  endfacet
  facet normal 0 0 1
    outer loop
      vertex -12.0622 8.5 4
      vertex -12.0622 1.5 4
      vertex -11.6631 0.885503 4
    endloop
  endfacet
  facet normal -0 0 1
    outer loop
      vertex -12.3948 7.84716 4
      vertex -12.0622 1.5 4
      vertex -12.0622 8.5 4
    endloop
  endfacet
  facet normal 0 0 1
    outer loop
      vertex -12.3948 7.84716 4
      vertex -12.3948 2.15284 4
      vertex -12.0622 1.5 4
    endloop
  endfacet
  facet normal -0 0 1
    outer loop
      vertex -12.6574 7.16312 4
      vertex -12.3948 2.15284 4
      vertex -12.3948 7.84716 4
    endloop
  endfacet
  facet normal 0 0 1
    outer loop
      vertex -12.6574 7.16312 4
      vertex -12.6574 2.83688 4
      vertex -12.3948 2.15284 4
    endloop
  endfacet
  facet normal -0 0 1
    outer loop
      vertex -12.847 6.45538 4
      vertex -12.6574 2.83688 4
      vertex -12.6574 7.16312 4
    endloop
  endfacet
  facet normal 0 0 1
    outer loop
      vertex -12.847 6.45538 4
      vertex -12.847 3.54462 4
      vertex -12.6574 2.83688 4
    endloop
  endfacet
  facet normal -0 0 1
    outer loop
      vertex -12.9617 5.7317 4
      vertex -12.847 3.54462 4
      vertex -12.847 6.45538 4
    endloop
  endfacet
  facet normal 0 0 1
    outer loop
      vertex -12.9617 5.7317 4
      vertex -12.9617 4.2683 4
      vertex -12.847 3.54462 4
    endloop
  endfacet
  facet normal 0 -0 1
    outer loop
      vertex -12.9617 4.2683 4
      vertex -12.9617 5.7317 4
      vertex -13 5 4
    endloop
  endfacet
  facet normal 0 0 1
    outer loop
      vertex 44.5634 6.37111 4
      vertex 44.6202 6.14351 4
      vertex 44.6507 6.2574 4
    endloop
  endfacet
  facet normal 0 0 1
    outer loop
      vertex 44.3028 6.71074 4
      vertex 44.6202 6.14351 4
      vertex 44.5634 6.37111 4
    endloop
  endfacet
  facet normal 0 0 1
    outer loop
      vertex 44.6202 6.14351 4
      vertex 44.3028 6.71074 4
      vertex 44.5301 5.57491 4
    endloop
  endfacet
  facet normal 0 0 1
    outer loop
      vertex 43.3762 8 4
      vertex 44.5301 5.57491 4
      vertex 44.3028 6.71074 4
    endloop
  endfacet
  facet normal 0 0 1
    outer loop
      vertex 55.9671 5.62717 4
      vertex 55.4699 5.57491 4
      vertex 55.5 5 4
    endloop
  endfacet
  facet normal 0 0 1
    outer loop
      vertex 55.8689 6.24747 4
      vertex 55.4365 6.37111 4
      vertex 55.3798 6.14351 4
    endloop
  endfacet
  facet normal 0 0 1
    outer loop
      vertex 55.8689 6.24747 4
      vertex 55.3798 6.14351 4
      vertex 55.4699 5.57491 4
    endloop
  endfacet
  facet normal 0 -0 1
    outer loop
      vertex 55.3798 6.14351 4
      vertex 55.4365 6.37111 4
      vertex 55.3493 6.2574 4
    endloop
  endfacet
  facet normal 0 0 1
    outer loop
      vertex 55.5 5 4
      vertex 56 5 4
      vertex 55.9671 5.62717 4
    endloop
  endfacet
  facet normal 0 0 1
    outer loop
      vertex 55.4699 5.57491 4
      vertex 55.9671 5.62717 4
      vertex 55.8689 6.24747 4
    endloop
  endfacet
  facet normal 0 0 1
    outer loop
      vertex 56 5 4
      vertex 55.5 5 4
      vertex 55.9671 4.37283 4
    endloop
  endfacet
  facet normal -0 0 1
    outer loop
      vertex 55.6972 6.71074 4
      vertex 55.8689 6.24747 4
      vertex 55.7261 6.78051 4
    endloop
  endfacet
  facet normal -0 0 1
    outer loop
      vertex 55.4699 4.42509 4
      vertex 55.9671 4.37283 4
      vertex 55.5 5 4
    endloop
  endfacet
  facet normal -0 0 1
    outer loop
      vertex 55.4365 6.37111 4
      vertex 55.8689 6.24747 4
      vertex 55.6972 6.71074 4
    endloop
  endfacet
  facet normal 0 0 1
    outer loop
      vertex 55.9671 4.37283 4
      vertex 55.4699 4.42509 4
      vertex 55.8689 3.75253 4
    endloop
  endfacet
  facet normal -0 0 1
    outer loop
      vertex 55.3798 3.85649 4
      vertex 55.8689 3.75253 4
      vertex 55.4699 4.42509 4
    endloop
  endfacet
  facet normal 0 0 1
    outer loop
      vertex 55.8689 3.75253 4
      vertex 55.3798 3.85649 4
      vertex 55.7063 3.1459 4
    endloop
  endfacet
  facet normal -0 0 1
    outer loop
      vertex 55.2308 3.30041 4
      vertex 55.7063 3.1459 4
      vertex 55.3798 3.85649 4
    endloop
  endfacet
  facet normal 0 0 1
    outer loop
      vertex 55.7063 3.1459 4
      vertex 55.2308 3.30041 4
      vertex 55.4813 2.55958 4
    endloop
  endfacet
  facet normal -0 0 1
    outer loop
      vertex 55.0245 2.76295 4
      vertex 55.4813 2.55958 4
      vertex 55.2308 3.30041 4
    endloop
  endfacet
  facet normal 0 0 1
    outer loop
      vertex 55.4813 2.55958 4
      vertex 55.0245 2.76295 4
      vertex 55.1962 2 4
    endloop
  endfacet
  facet normal -0 0 1
    outer loop
      vertex 54.7631 2.25 4
      vertex 55.1962 2 4
      vertex 55.0245 2.76295 4
    endloop
  endfacet
  facet normal 0 0 1
    outer loop
      vertex 55.1962 2 4
      vertex 54.7631 2.25 4
      vertex 54.8541 1.47329 4
    endloop
  endfacet
  facet normal -0 0 1
    outer loop
      vertex 54.4496 1.76718 4
      vertex 54.8541 1.47329 4
      vertex 54.7631 2.25 4
    endloop
  endfacet
  facet normal 0 0 1
    outer loop
      vertex 54.8541 1.47329 4
      vertex 54.4496 1.76718 4
      vertex 54.4589 0.985216 4
    endloop
  endfacet
  facet normal -0 0 1
    outer loop
      vertex 54.0873 1.31978 4
      vertex 54.4589 0.985216 4
      vertex 54.4496 1.76718 4
    endloop
  endfacet
  facet normal 0 0 1
    outer loop
      vertex 54.0873 1.31978 4
      vertex 54.0148 0.541131 4
      vertex 54.4589 0.985216 4
    endloop
  endfacet
  facet normal -0 0 1
    outer loop
      vertex 53.6802 0.912703 4
      vertex 54.0148 0.541131 4
      vertex 54.0873 1.31978 4
    endloop
  endfacet
  facet normal 0 0 1
    outer loop
      vertex 53.6802 0.912703 4
      vertex 53.5267 0.145898 4
      vertex 54.0148 0.541131 4
    endloop
  endfacet
  facet normal -0 0 1
    outer loop
      vertex 53.2328 0.550406 4
      vertex 53.5267 0.145898 4
      vertex 53.6802 0.912703 4
    endloop
  endfacet
  facet normal 0 0 1
    outer loop
      vertex 53.2328 0.550406 4
      vertex 53 -0.196152 4
      vertex 53.5267 0.145898 4
    endloop
  endfacet
  facet normal -0 0 1
    outer loop
      vertex 52.75 0.23686 4
      vertex 53 -0.196152 4
      vertex 53.2328 0.550406 4
    endloop
  endfacet
  facet normal 0 0 1
    outer loop
      vertex 52.75 0.23686 4
      vertex 52.4404 -0.481273 4
      vertex 53 -0.196152 4
    endloop
  endfacet
  facet normal -0 0 1
    outer loop
      vertex 52.2371 -0.0244999 4
      vertex 52.4404 -0.481273 4
      vertex 52.75 0.23686 4
    endloop
  endfacet
  facet normal 0 0 1
    outer loop
      vertex 52.2371 -0.0244999 4
      vertex 51.8541 -0.706339 4
      vertex 52.4404 -0.481273 4
    endloop
  endfacet
  facet normal -0 0 1
    outer loop
      vertex 51.6996 -0.23081 4
      vertex 51.8541 -0.706339 4
      vertex 52.2371 -0.0244999 4
    endloop
  endfacet
  facet normal 0 0 1
    outer loop
      vertex 51.6996 -0.23081 4
      vertex 51.2475 -0.868885 4
      vertex 51.8541 -0.706339 4
    endloop
  endfacet
  facet normal -0 0 1
    outer loop
      vertex 51.1435 -0.379811 4
      vertex 51.2475 -0.868885 4
      vertex 51.6996 -0.23081 4
    endloop
  endfacet
  facet normal 0 0 1
    outer loop
      vertex 51.1435 -0.379811 4
      vertex 50.6272 -0.967131 4
      vertex 51.2475 -0.868885 4
    endloop
  endfacet
  facet normal -0 0 1
    outer loop
      vertex 50.5749 -0.46987 4
      vertex 50.6272 -0.967131 4
      vertex 51.1435 -0.379811 4
    endloop
  endfacet
  facet normal -0 0 1
    outer loop
      vertex 50 -0.5 4
      vertex 50.6272 -0.967131 4
      vertex 50.5749 -0.46987 4
    endloop
  endfacet
  facet normal 0 0 1
    outer loop
      vertex 49.4251 -0.46987 4
      vertex 50.6272 -0.967131 4
      vertex 50 -0.5 4
    endloop
  endfacet
  facet normal 0 0 1
    outer loop
      vertex 48.8565 -0.379811 4
      vertex 50.6272 -0.967131 4
      vertex 49.4251 -0.46987 4
    endloop
  endfacet
  facet normal 0 0 1
    outer loop
      vertex 48.3004 -0.23081 4
      vertex 50.6272 -0.967131 4
      vertex 48.8565 -0.379811 4
    endloop
  endfacet
  facet normal 0 0 1
    outer loop
      vertex 44.5301 5.57491 4
      vertex 43.3762 8 4
      vertex 44.5 5 4
    endloop
  endfacet
  facet normal 0 0 1
    outer loop
      vertex 43.3762 8 4
      vertex 44.3028 6.71074 4
      vertex 43.8095 7.90184 4
    endloop
  endfacet
  facet normal 0 0 1
    outer loop
      vertex 44.5 5 4
      vertex 43.3762 8 4
      vertex 44.5301 4.42509 4
    endloop
  endfacet
  facet normal -0 0 1
    outer loop
      vertex 43.3762 8 4
      vertex 43.8095 7.90184 4
      vertex 43.7688 8 4
    endloop
  endfacet
  facet normal -0 0 1
    outer loop
      vertex 30.4836 4.68641 4
      vertex 44.5301 4.42509 4
      vertex 43.3762 8 4
    endloop
  endfacet
  facet normal 0 0 1
    outer loop
      vertex 30.4344 4.37626 4
      vertex 44.5301 4.42509 4
      vertex 30.4836 4.68641 4
    endloop
  endfacet
  facet normal 0 0 1
    outer loop
      vertex 30.4836 4.68641 4
      vertex 43.3762 8 4
      vertex 30.5 5 4
    endloop
  endfacet
  facet normal 0 0 1
    outer loop
      vertex 44.5301 4.42509 4
      vertex 30.4344 4.37626 4
      vertex 44.6202 3.85649 4
    endloop
  endfacet
  facet normal -0 0 1
    outer loop
      vertex 30.3532 4.07295 4
      vertex 44.6202 3.85649 4
      vertex 30.4344 4.37626 4
    endloop
  endfacet
  facet normal 0 0 1
    outer loop
      vertex 44.6202 3.85649 4
      vertex 30.3532 4.07295 4
      vertex 44.7692 3.30041 4
    endloop
  endfacet
  facet normal -0 0 1
    outer loop
      vertex 30.2406 3.77979 4
      vertex 44.7692 3.30041 4
      vertex 30.3532 4.07295 4
    endloop
  endfacet
  facet normal 0 0 1
    outer loop
      vertex 44.7692 3.30041 4
      vertex 30.2406 3.77979 4
      vertex 44.9755 2.76295 4
    endloop
  endfacet
  facet normal -0 0 1
    outer loop
      vertex 30.0981 3.5 4
      vertex 44.9755 2.76295 4
      vertex 30.2406 3.77979 4
    endloop
  endfacet
  facet normal 0 0 1
    outer loop
      vertex 44.9755 2.76295 4
      vertex 30.0981 3.5 4
      vertex 45.2369 2.25 4
    endloop
  endfacet
  facet normal -0 0 1
    outer loop
      vertex 29.9271 3.23664 4
      vertex 45.2369 2.25 4
      vertex 30.0981 3.5 4
    endloop
  endfacet
  facet normal -0 0 1
    outer loop
      vertex 29.7294 2.99261 4
      vertex 45.2369 2.25 4
      vertex 29.9271 3.23664 4
    endloop
  endfacet
  facet normal 0 0 1
    outer loop
      vertex 45.2369 2.25 4
      vertex 29.7294 2.99261 4
      vertex 45.5504 1.76718 4
    endloop
  endfacet
  facet normal -0 0 1
    outer loop
      vertex 29.5074 2.77057 4
      vertex 45.5504 1.76718 4
      vertex 29.7294 2.99261 4
    endloop
  endfacet
  facet normal 0 0 1
    outer loop
      vertex 45.5504 1.76718 4
      vertex 29.5074 2.77057 4
      vertex 45.9127 1.31978 4
    endloop
  endfacet
  facet normal -0 0 1
    outer loop
      vertex 29.2634 2.57295 4
      vertex 45.9127 1.31978 4
      vertex 29.5074 2.77057 4
    endloop
  endfacet
  facet normal 0 0 1
    outer loop
      vertex 45.9127 1.31978 4
      vertex 29.2634 2.57295 4
      vertex 46.3198 0.912703 4
    endloop
  endfacet
  facet normal -0 0 1
    outer loop
      vertex 29 2.40192 4
      vertex 46.3198 0.912703 4
      vertex 29.2634 2.57295 4
    endloop
  endfacet
  facet normal 0 0 1
    outer loop
      vertex 46.3198 0.912703 4
      vertex 29 2.40192 4
      vertex 46.7672 0.550406 4
    endloop
  endfacet
  facet normal -0 0 1
    outer loop
      vertex 28.7202 2.25936 4
      vertex 46.7672 0.550406 4
      vertex 29 2.40192 4
    endloop
  endfacet
  facet normal 0 0 1
    outer loop
      vertex 46.7672 0.550406 4
      vertex 28.7202 2.25936 4
      vertex 47.25 0.23686 4
    endloop
  endfacet
  facet normal -0 0 1
    outer loop
      vertex 28.4271 2.14683 4
      vertex 47.25 0.23686 4
      vertex 28.7202 2.25936 4
    endloop
  endfacet
  facet normal 0 0 1
    outer loop
      vertex 47.25 0.23686 4
      vertex 28.4271 2.14683 4
      vertex 47.7629 -0.0244999 4
    endloop
  endfacet
  facet normal -0 0 1
    outer loop
      vertex 28.1237 2.06556 4
      vertex 47.7629 -0.0244999 4
      vertex 28.4271 2.14683 4
    endloop
  endfacet
  facet normal 0 0 1
    outer loop
      vertex 47.7629 -0.0244999 4
      vertex 28.1237 2.06556 4
      vertex 48.3004 -0.23081 4
    endloop
  endfacet
  facet normal -0 0 1
    outer loop
      vertex 27.8136 2.01643 4
      vertex 48.3004 -0.23081 4
      vertex 28.1237 2.06556 4
    endloop
  endfacet
  facet normal 0 0 1
    outer loop
      vertex 10.3762 -3 4
      vertex 48.3004 -0.23081 4
      vertex 27.8136 2.01643 4
    endloop
  endfacet
  facet normal 0 0 1
    outer loop
      vertex 10.3762 -3 4
      vertex 27.8136 2.01643 4
      vertex 27.5 2 4
    endloop
  endfacet
  facet normal 0 0 1
    outer loop
      vertex 10.3762 -3 4
      vertex 27.5 2 4
      vertex 27.1864 2.01643 4
    endloop
  endfacet
  facet normal 0 0 1
    outer loop
      vertex 10.3762 -3 4
      vertex 24.5 5 4
      vertex 10.3762 13 4
    endloop
  endfacet
  facet normal 0 0 1
    outer loop
      vertex 24.5 5 4
      vertex 10.3762 -3 4
      vertex 24.5164 4.68641 4
    endloop
  endfacet
  facet normal 0 0 1
    outer loop
      vertex 24.5164 4.68641 4
      vertex 10.3762 -3 4
      vertex 24.5656 4.37626 4
    endloop
  endfacet
  facet normal 0 0 1
    outer loop
      vertex 24.5656 4.37626 4
      vertex 10.3762 -3 4
      vertex 24.6468 4.07295 4
    endloop
  endfacet
  facet normal 0 0 1
    outer loop
      vertex 24.6468 4.07295 4
      vertex 10.3762 -3 4
      vertex 24.7594 3.77979 4
    endloop
  endfacet
  facet normal 0 0 1
    outer loop
      vertex 24.7594 3.77979 4
      vertex 10.3762 -3 4
      vertex 24.9019 3.5 4
    endloop
  endfacet
  facet normal 0 0 1
    outer loop
      vertex 24.9019 3.5 4
      vertex 10.3762 -3 4
      vertex 25.0729 3.23664 4
    endloop
  endfacet
  facet normal 0 0 1
    outer loop
      vertex 25.0729 3.23664 4
      vertex 10.3762 -3 4
      vertex 25.2706 2.99261 4
    endloop
  endfacet
  facet normal 0 0 1
    outer loop
      vertex 25.2706 2.99261 4
      vertex 10.3762 -3 4
      vertex 25.4926 2.77057 4
    endloop
  endfacet
  facet normal 0 0 1
    outer loop
      vertex 25.4926 2.77057 4
      vertex 10.3762 -3 4
      vertex 25.7366 2.57295 4
    endloop
  endfacet
  facet normal 0 0 1
    outer loop
      vertex 10.3762 -3 4
      vertex 26 2.40192 4
      vertex 25.7366 2.57295 4
    endloop
  endfacet
  facet normal 0 0 1
    outer loop
      vertex 10.3762 -3 4
      vertex 26.2798 2.25936 4
      vertex 26 2.40192 4
    endloop
  endfacet
  facet normal 0 0 1
    outer loop
      vertex 10.3762 -3 4
      vertex 26.5729 2.14683 4
      vertex 26.2798 2.25936 4
    endloop
  endfacet
  facet normal 0 0 1
    outer loop
      vertex 10.3762 -3 4
      vertex 26.8763 2.06556 4
      vertex 26.5729 2.14683 4
    endloop
  endfacet
  facet normal 0 0 1
    outer loop
      vertex 10.3762 -3 4
      vertex 27.1864 2.01643 4
      vertex 26.8763 2.06556 4
    endloop
  endfacet
  facet normal 0 0 1
    outer loop
      vertex 48.3004 -0.23081 4
      vertex 10.3762 -3 4
      vertex 50.6272 -0.967131 4
    endloop
  endfacet
  facet normal -0 0 1
    outer loop
      vertex 10.3762 -3 4
      vertex 5.94076 -3.9507 4
      vertex 50.6272 -0.967131 4
    endloop
  endfacet
  facet normal -0 0 1
    outer loop
      vertex -0.376208 -3 4
      vertex 5.94076 -3.9507 4
      vertex 10.3762 -3 4
    endloop
  endfacet
  facet normal 0 0 1
    outer loop
      vertex 5.94076 -3.9507 4
      vertex 4.89614 -3.99456 4
      vertex 5 -4 4
    endloop
  endfacet
  facet normal 0 0 1
    outer loop
      vertex 4.97261 -5.52264 4
      vertex -0.376208 -3 4
      vertex 4.89074 -6.03956 4
    endloop
  endfacet
  facet normal 0 0 1
    outer loop
      vertex 4.89074 -6.03956 4
      vertex -0.376208 -3 4
      vertex 4.75528 -6.54508 4
    endloop
  endfacet
  facet normal 0 0 1
    outer loop
      vertex 4.75528 -6.54508 4
      vertex -0.376208 -3 4
      vertex 4.56773 -7.03368 4
    endloop
  endfacet
  facet normal 0 0 1
    outer loop
      vertex 4.56773 -7.03368 4
      vertex -0.376208 -3 4
      vertex 4.33013 -7.5 4
    endloop
  endfacet
  facet normal 0 0 1
    outer loop
      vertex 4.33013 -7.5 4
      vertex -0.376208 -3 4
      vertex 4.04508 -7.93893 4
    endloop
  endfacet
  facet normal 0 0 1
    outer loop
      vertex 4.04508 -7.93893 4
      vertex -0.376208 -3 4
      vertex 3.71572 -8.34565 4
    endloop
  endfacet
  facet normal 0 0 1
    outer loop
      vertex 3.71572 -8.34565 4
      vertex -0.376208 -3 4
      vertex 3.34565 -8.71572 4
    endloop
  endfacet
  facet normal 0 0 1
    outer loop
      vertex 3.34565 -8.71572 4
      vertex -0.376208 -3 4
      vertex 2.93893 -9.04508 4
    endloop
  endfacet
  facet normal 0 0 1
    outer loop
      vertex 2.93893 -9.04508 4
      vertex -0.376208 -3 4
      vertex 2.5 -9.33013 4
    endloop
  endfacet
  facet normal 0 0 1
    outer loop
      vertex 2.5 -9.33013 4
      vertex -0.376208 -3 4
      vertex 2.03368 -9.56773 4
    endloop
  endfacet
  facet normal 0 0 1
    outer loop
      vertex 2.03368 -9.56773 4
      vertex -0.376208 -3 4
      vertex 1.54508 -9.75528 4
    endloop
  endfacet
  facet normal 0 0 1
    outer loop
      vertex 1.54508 -9.75528 4
      vertex -0.376208 -3 4
      vertex 1.03956 -9.89074 4
    endloop
  endfacet
  facet normal 0 0 1
    outer loop
      vertex 1.03956 -9.89074 4
      vertex -0.376208 -3 4
      vertex 0.522642 -9.97261 4
    endloop
  endfacet
  facet normal 0 0 1
    outer loop
      vertex 5.94076 -3.9507 4
      vertex -0.376208 -3 4
      vertex 4.89614 -3.99456 4
    endloop
  endfacet
  facet normal 0 0 1
    outer loop
      vertex 0.522642 -9.97261 4
      vertex -0.376208 -3 4
      vertex 0 -10 4
    endloop
  endfacet
  facet normal 0 0 1
    outer loop
      vertex 0 -10 4
      vertex -0.376208 -3 4
      vertex -0.522642 -9.97261 4
    endloop
  endfacet
  facet normal 0 0 1
    outer loop
      vertex -0.376208 -3 4
      vertex 5 -5 4
      vertex 4.97261 -4.47736 4
    endloop
  endfacet
  facet normal 0 0 1
    outer loop
      vertex -0.376208 -3 4
      vertex 4.97261 -4.47736 4
      vertex 4.89614 -3.99456 4
    endloop
  endfacet
  facet normal 0 0 1
    outer loop
      vertex 5 -5 4
      vertex -0.376208 -3 4
      vertex 4.97261 -5.52264 4
    endloop
  endfacet
  facet normal 0 0 1
    outer loop
      vertex -0.376208 -3 4
      vertex -4.33013 -2.5 4
      vertex -4.56773 -2.96632 4
    endloop
  endfacet
  facet normal 0 0 1
    outer loop
      vertex -0.376208 -3 4
      vertex -4.33013 -7.5 4
      vertex -4.04508 -7.93893 4
    endloop
  endfacet
  facet normal 0 0 1
    outer loop
      vertex -4.75528 -3.45491 4
      vertex -0.376208 -3 4
      vertex -4.56773 -2.96632 4
    endloop
  endfacet
  facet normal 0 0 1
    outer loop
      vertex -0.376208 -3 4
      vertex -4.56773 -7.03368 4
      vertex -4.33013 -7.5 4
    endloop
  endfacet
  facet normal 0 0 1
    outer loop
      vertex -4.89074 -3.96044 4
      vertex -0.376208 -3 4
      vertex -4.75528 -3.45491 4
    endloop
  endfacet
  facet normal 0 0 1
    outer loop
      vertex -0.376208 -3 4
      vertex -4.75528 -6.54508 4
      vertex -4.56773 -7.03368 4
    endloop
  endfacet
  facet normal 0 0 1
    outer loop
      vertex -4.97261 -4.47736 4
      vertex -0.376208 -3 4
      vertex -4.89074 -3.96044 4
    endloop
  endfacet
  facet normal 0 0 1
    outer loop
      vertex -0.376208 -3 4
      vertex -4.89074 -6.03956 4
      vertex -4.75528 -6.54508 4
    endloop
  endfacet
  facet normal 0 0 1
    outer loop
      vertex -5 -5 4
      vertex -0.376208 -3 4
      vertex -4.97261 -4.47736 4
    endloop
  endfacet
  facet normal 0 0 1
    outer loop
      vertex -0.376208 -3 4
      vertex -4.97261 -5.52264 4
      vertex -4.89074 -6.03956 4
    endloop
  endfacet
  facet normal 0 0 1
    outer loop
      vertex -0.376208 -3 4
      vertex -5 -5 4
      vertex -4.97261 -5.52264 4
    endloop
  endfacet
  facet normal 0.544647 -0.838665 0
    outer loop
      vertex 53 -0.196152 0
      vertex 53.5267 0.145898 4
      vertex 53 -0.196152 4
    endloop
  endfacet
  facet normal 0.544647 -0.838665 0
    outer loop
      vertex 53.5267 0.145898 4
      vertex 53 -0.196152 0
      vertex 53.5267 0.145898 0
    endloop
  endfacet
  facet normal 0.453979 -0.891013 0
    outer loop
      vertex 52.4404 -0.481273 0
      vertex 53 -0.196152 4
      vertex 52.4404 -0.481273 4
    endloop
  endfacet
  facet normal 0.453979 -0.891013 0
    outer loop
      vertex 53 -0.196152 4
      vertex 52.4404 -0.481273 0
      vertex 53 -0.196152 0
    endloop
  endfacet
  facet normal 0.933616 -0.358275 2.16384e-19
    outer loop
      vertex 55.4813 2.55958 4
      vertex 55.7063 3.1459 0
      vertex 55.7063 3.1459 4
    endloop
  endfacet
  facet normal 0.933616 -0.358275 2.16384e-19
    outer loop
      vertex 55.7063 3.1459 0
      vertex 55.4813 2.55958 4
      vertex 55.4813 2.55958 0
    endloop
  endfacet
  facet normal -0.453949 0.891028 0
    outer loop
      vertex -8.84716 11.3948 0
      vertex -9.5 11.0622 4
      vertex -8.84716 11.3948 4
    endloop
  endfacet
  facet normal -0.453949 0.891028 0
    outer loop
      vertex -9.5 11.0622 4
      vertex -8.84716 11.3948 0
      vertex -9.5 11.0622 0
    endloop
  endfacet
  facet normal -0.965939 -0.25877 -8.12027e-19
    outer loop
      vertex -12.6574 2.83688 0
      vertex -12.847 3.54462 4
      vertex -12.847 3.54462 0
    endloop
  endfacet
  facet normal -0.965939 -0.25877 -8.12027e-19
    outer loop
      vertex -12.847 3.54462 4
      vertex -12.6574 2.83688 0
      vertex -12.6574 2.83688 4
    endloop
  endfacet
  facet normal -0.54464 -0.83867 0
    outer loop
      vertex -10.1145 -0.663118 0
      vertex -9.5 -1.06218 4
      vertex -10.1145 -0.663118 4
    endloop
  endfacet
  facet normal -0.54464 -0.83867 -0
    outer loop
      vertex -9.5 -1.06218 4
      vertex -10.1145 -0.663118 0
      vertex -9.5 -1.06218 0
    endloop
  endfacet
  facet normal -0.77715 -0.629316 7.12646e-18
    outer loop
      vertex -11.202 0.316085 0
      vertex -11.6631 0.885503 4
      vertex -11.6631 0.885503 0
    endloop
  endfacet
  facet normal -0.77715 -0.629316 7.12646e-18
    outer loop
      vertex -11.6631 0.885503 4
      vertex -11.202 0.316085 0
      vertex -11.202 0.316085 4
    endloop
  endfacet
  facet normal 0.891136 0.453735 3.05913e-19
    outer loop
      vertex 55.2087 7.97545 2.88703
      vertex 55.1962 8 2.39659
      vertex 55.1962 8 2.8659
    endloop
  endfacet
  facet normal 0.891009 0.453986 1.58086e-05
    outer loop
      vertex 55.4813 7.44042 3.34758
      vertex 55.1962 8 2.39659
      vertex 55.2087 7.97545 2.88703
    endloop
  endfacet
  facet normal 0.89102 0.453965 1.66917e-18
    outer loop
      vertex 55.1962 8 2.39659
      vertex 55.4813 7.44042 3.34758
      vertex 55.4813 7.44042 0
    endloop
  endfacet
  facet normal 0.89102 0.453965 0
    outer loop
      vertex 55.1962 8 2.39659
      vertex 55.4813 7.44042 0
      vertex 55.1962 8 0
    endloop
  endfacet
  facet normal -0.707105 -0.707108 0
    outer loop
      vertex -11.202 0.316085 0
      vertex -10.6839 -0.202013 4
      vertex -11.202 0.316085 4
    endloop
  endfacet
  facet normal -0.707105 -0.707108 -0
    outer loop
      vertex -10.6839 -0.202013 4
      vertex -11.202 0.316085 0
      vertex -10.6839 -0.202013 0
    endloop
  endfacet
  facet normal -0.891028 0.453949 4.69181e-18
    outer loop
      vertex -12.3948 7.84716 0
      vertex -12.0622 8.5 4
      vertex -12.0622 8.5 0
    endloop
  endfacet
  facet normal -0.891028 0.453949 4.69181e-18
    outer loop
      vertex -12.0622 8.5 4
      vertex -12.3948 7.84716 0
      vertex -12.3948 7.84716 4
    endloop
  endfacet
  facet normal 0.453885 0.89106 -0
    outer loop
      vertex 53 10.1962 0
      vertex 52.4721 10.4651 0.86035
      vertex 53 10.1962 1.06298
    endloop
  endfacet
  facet normal 0.453952 0.891026 5.15422e-05
    outer loop
      vertex 52.4404 10.4813 0
      vertex 52.4721 10.4651 0.86035
      vertex 53 10.1962 0
    endloop
  endfacet
  facet normal 0.455062 0.89046 -5.59019e-19
    outer loop
      vertex 52.4721 10.4651 0.86035
      vertex 52.4404 10.4813 0
      vertex 52.4404 10.4813 0.851851
    endloop
  endfacet
  facet normal 0.707095 -0.707119 0
    outer loop
      vertex 54.0148 0.541131 0
      vertex 54.4589 0.985216 4
      vertex 54.0148 0.541131 4
    endloop
  endfacet
  facet normal 0.707095 -0.707119 0
    outer loop
      vertex 54.4589 0.985216 4
      vertex 54.0148 0.541131 0
      vertex 54.4589 0.985216 0
    endloop
  endfacet
  facet normal 0.838634 -0.544696 4.22257e-18
    outer loop
      vertex 54.8541 1.47329 4
      vertex 55.1962 2 0
      vertex 55.1962 2 4
    endloop
  endfacet
  facet normal 0.838634 -0.544696 4.22257e-18
    outer loop
      vertex 55.1962 2 0
      vertex 54.8541 1.47329 4
      vertex 54.8541 1.47329 0
    endloop
  endfacet
  facet normal -0.35837 -0.93358 0
    outer loop
      vertex -8.84716 -1.39482 0
      vertex -8.16312 -1.6574 4
      vertex -8.84716 -1.39482 4
    endloop
  endfacet
  facet normal -0.35837 -0.93358 -0
    outer loop
      vertex -8.16312 -1.6574 4
      vertex -8.84716 -1.39482 0
      vertex -8.16312 -1.6574 0
    endloop
  endfacet
  facet normal -0.0523065 -0.998631 0
    outer loop
      vertex 4.89614 -3.99456 0
      vertex 5 -4 4
      vertex 4.89614 -3.99456 4
    endloop
  endfacet
  facet normal -0.0523065 -0.998631 -0
    outer loop
      vertex 5 -4 4
      vertex 4.89614 -3.99456 0
      vertex 5 -4 0
    endloop
  endfacet
  facet normal -0.838646 0.544677 -4.1052e-18
    outer loop
      vertex -12.0622 8.5 0
      vertex -11.6631 9.1145 4
      vertex -11.6631 9.1145 0
    endloop
  endfacet
  facet normal -0.838646 0.544677 -4.1052e-18
    outer loop
      vertex -11.6631 9.1145 4
      vertex -12.0622 8.5 0
      vertex -12.0622 8.5 4
    endloop
  endfacet
  facet normal 0.89102 -0.453965 3.44688e-18
    outer loop
      vertex 55.1962 2 4
      vertex 55.4813 2.55958 0
      vertex 55.4813 2.55958 4
    endloop
  endfacet
  facet normal 0.89102 -0.453965 3.44688e-18
    outer loop
      vertex 55.4813 2.55958 0
      vertex 55.1962 2 4
      vertex 55.1962 2 0
    endloop
  endfacet
  facet normal 0.0523326 0.99863 -0
    outer loop
      vertex 5.94076 13.9507 0
      vertex 5 14 4
      vertex 5.94076 13.9507 4
    endloop
  endfacet
  facet normal 0.0523326 0.99863 0
    outer loop
      vertex 5 14 4
      vertex 5.94076 13.9507 0
      vertex 5 14 0
    endloop
  endfacet
  facet normal 0.358377 -0.933577 0
    outer loop
      vertex 51.8541 -0.706339 0
      vertex 52.4404 -0.481273 4
      vertex 51.8541 -0.706339 4
    endloop
  endfacet
  facet normal 0.358377 -0.933577 0
    outer loop
      vertex 52.4404 -0.481273 4
      vertex 51.8541 -0.706339 0
      vertex 52.4404 -0.481273 0
    endloop
  endfacet
  facet normal 0.933604 0.358308 -6.62907e-06
    outer loop
      vertex 55.7063 6.8541 0
      vertex 55.4813 7.44042 3.34758
      vertex 55.6109 7.10274 3.59871
    endloop
  endfacet
  facet normal 0.933636 0.358224 -0
    outer loop
      vertex 55.7063 6.8541 0
      vertex 55.6109 7.10274 3.59871
      vertex 55.7063 6.8541 3.91898
    endloop
  endfacet
  facet normal 0.933616 0.358275 0
    outer loop
      vertex 55.4813 7.44042 3.34758
      vertex 55.7063 6.8541 0
      vertex 55.4813 7.44042 0
    endloop
  endfacet
  facet normal -0.629332 -0.777137 0
    outer loop
      vertex -10.6839 -0.202013 0
      vertex -10.1145 -0.663118 4
      vertex -10.6839 -0.202013 4
    endloop
  endfacet
  facet normal -0.629332 -0.777137 -0
    outer loop
      vertex -10.1145 -0.663118 4
      vertex -10.6839 -0.202013 0
      vertex -10.1145 -0.663118 0
    endloop
  endfacet
  facet normal 0.777173 -0.629287 4.90725e-18
    outer loop
      vertex 54.4589 0.985216 4
      vertex 54.8541 1.47329 0
      vertex 54.8541 1.47329 4
    endloop
  endfacet
  facet normal 0.777173 -0.629287 4.90725e-18
    outer loop
      vertex 54.8541 1.47329 0
      vertex 54.4589 0.985216 4
      vertex 54.4589 0.985216 0
    endloop
  endfacet
  facet normal 0.156435 -0.987688 0
    outer loop
      vertex 50.6272 -0.967131 0
      vertex 51.2475 -0.868885 4
      vertex 50.6272 -0.967131 4
    endloop
  endfacet
  facet normal 0.156435 -0.987688 0
    outer loop
      vertex 51.2475 -0.868885 4
      vertex 50.6272 -0.967131 0
      vertex 51.2475 -0.868885 0
    endloop
  endfacet
  facet normal 0 0 -1
    outer loop
      vertex 4.97261 -5.52264 0
      vertex 4.97261 -4.47736 0
      vertex 5 -5 0
    endloop
  endfacet
  facet normal 0 0 -1
    outer loop
      vertex 4.97261 -5.52264 0
      vertex 4.89614 -3.99456 0
      vertex 4.97261 -4.47736 0
    endloop
  endfacet
  facet normal 0 -0 -1
    outer loop
      vertex 4.89614 -3.99456 0
      vertex 4.97261 -5.52264 0
      vertex 4.89074 -6.03956 0
    endloop
  endfacet
  facet normal 0 0 -1
    outer loop
      vertex -4.33013 -7.5 0
      vertex -4.28646 -2.43275 0
      vertex -4.04508 -7.93893 0
    endloop
  endfacet
  facet normal 0 0 -1
    outer loop
      vertex -4.56773 -7.03368 0
      vertex -4.28646 -2.43275 0
      vertex -4.33013 -7.5 0
    endloop
  endfacet
  facet normal 0 0 -1
    outer loop
      vertex -4.56773 -2.96632 0
      vertex -4.28646 -2.43275 0
      vertex -4.56773 -7.03368 0
    endloop
  endfacet
  facet normal 0 0 -1
    outer loop
      vertex -4.28646 -2.43275 0
      vertex -4.56773 -2.96632 0
      vertex -4.33013 -2.5 0
    endloop
  endfacet
  facet normal 0 0 -1
    outer loop
      vertex -4.75528 -6.54508 0
      vertex -4.56773 -2.96632 0
      vertex -4.56773 -7.03368 0
    endloop
  endfacet
  facet normal 0 0 -1
    outer loop
      vertex -4.75528 -6.54508 0
      vertex -4.75528 -3.45491 0
      vertex -4.56773 -2.96632 0
    endloop
  endfacet
  facet normal 0 0 -1
    outer loop
      vertex -4.89074 -6.03956 0
      vertex -4.75528 -3.45491 0
      vertex -4.75528 -6.54508 0
    endloop
  endfacet
  facet normal 0 0 -1
    outer loop
      vertex -4.89074 -6.03956 0
      vertex -4.89074 -3.96044 0
      vertex -4.75528 -3.45491 0
    endloop
  endfacet
  facet normal 0 0 -1
    outer loop
      vertex -4.97261 -5.52264 0
      vertex -4.89074 -3.96044 0
      vertex -4.89074 -6.03956 0
    endloop
  endfacet
  facet normal 0 0 -1
    outer loop
      vertex -4.97261 -5.52264 0
      vertex -4.97261 -4.47736 0
      vertex -4.89074 -3.96044 0
    endloop
  endfacet
  facet normal 0 -0 -1
    outer loop
      vertex -4.97261 -4.47736 0
      vertex -4.97261 -5.52264 0
      vertex -5 -5 0
    endloop
  endfacet
  facet normal 0 0 -1
    outer loop
      vertex 55.9671 4.37283 0
      vertex 55.9671 5.62717 0
      vertex 56 5 0
    endloop
  endfacet
  facet normal 0 0 -1
    outer loop
      vertex 55.8689 3.75253 0
      vertex 55.9671 5.62717 0
      vertex 55.9671 4.37283 0
    endloop
  endfacet
  facet normal 0 0 -1
    outer loop
      vertex 55.8689 3.75253 0
      vertex 55.8689 6.24747 0
      vertex 55.9671 5.62717 0
    endloop
  endfacet
  facet normal 0 0 -1
    outer loop
      vertex 55.7063 3.1459 0
      vertex 55.8689 6.24747 0
      vertex 55.8689 3.75253 0
    endloop
  endfacet
  facet normal 0 0 -1
    outer loop
      vertex 55.7063 3.1459 0
      vertex 55.7063 6.8541 0
      vertex 55.8689 6.24747 0
    endloop
  endfacet
  facet normal 0 0 -1
    outer loop
      vertex 55.4813 2.55958 0
      vertex 55.7063 6.8541 0
      vertex 55.7063 3.1459 0
    endloop
  endfacet
  facet normal 0 0 -1
    outer loop
      vertex 55.4813 2.55958 0
      vertex 55.4813 7.44042 0
      vertex 55.7063 6.8541 0
    endloop
  endfacet
  facet normal 0 0 -1
    outer loop
      vertex 55.1962 2 0
      vertex 55.4813 7.44042 0
      vertex 55.4813 2.55958 0
    endloop
  endfacet
  facet normal 0 0 -1
    outer loop
      vertex 55.1962 2 0
      vertex 55.1962 8 0
      vertex 55.4813 7.44042 0
    endloop
  endfacet
  facet normal 0 0 -1
    outer loop
      vertex 54.8541 1.47329 0
      vertex 55.1962 8 0
      vertex 55.1962 2 0
    endloop
  endfacet
  facet normal 0 0 -1
    outer loop
      vertex 54.8541 1.47329 0
      vertex 54.8541 8.52671 0
      vertex 55.1962 8 0
    endloop
  endfacet
  facet normal 0 0 -1
    outer loop
      vertex 54.4589 0.985216 0
      vertex 54.8541 8.52671 0
      vertex 54.8541 1.47329 0
    endloop
  endfacet
  facet normal 0 0 -1
    outer loop
      vertex 54.4589 0.985216 0
      vertex 54.4589 9.01478 0
      vertex 54.8541 8.52671 0
    endloop
  endfacet
  facet normal 0 0 -1
    outer loop
      vertex 54.0148 0.541131 0
      vertex 54.4589 9.01478 0
      vertex 54.4589 0.985216 0
    endloop
  endfacet
  facet normal 0 0 -1
    outer loop
      vertex 54.0148 0.541131 0
      vertex 54.0148 9.45887 0
      vertex 54.4589 9.01478 0
    endloop
  endfacet
  facet normal 0 0 -1
    outer loop
      vertex 53.5267 0.145898 0
      vertex 54.0148 9.45887 0
      vertex 54.0148 0.541131 0
    endloop
  endfacet
  facet normal 0 0 -1
    outer loop
      vertex 53.5267 0.145898 0
      vertex 53.5267 9.8541 0
      vertex 54.0148 9.45887 0
    endloop
  endfacet
  facet normal 0 0 -1
    outer loop
      vertex 53 -0.196152 0
      vertex 53.5267 9.8541 0
      vertex 53.5267 0.145898 0
    endloop
  endfacet
  facet normal 0 0 -1
    outer loop
      vertex 53 -0.196152 0
      vertex 53 10.1962 0
      vertex 53.5267 9.8541 0
    endloop
  endfacet
  facet normal 0 0 -1
    outer loop
      vertex 52.4404 -0.481273 0
      vertex 53 10.1962 0
      vertex 53 -0.196152 0
    endloop
  endfacet
  facet normal 0 0 -1
    outer loop
      vertex 52.4404 -0.481273 0
      vertex 52.4404 10.4813 0
      vertex 53 10.1962 0
    endloop
  endfacet
  facet normal 0 0 -1
    outer loop
      vertex 51.8541 -0.706339 0
      vertex 52.4404 10.4813 0
      vertex 52.4404 -0.481273 0
    endloop
  endfacet
  facet normal 0 0 -1
    outer loop
      vertex 51.8541 -0.706339 0
      vertex 51.8541 10.7063 0
      vertex 52.4404 10.4813 0
    endloop
  endfacet
  facet normal 0 0 -1
    outer loop
      vertex 51.2475 -0.868885 0
      vertex 51.8541 10.7063 0
      vertex 51.8541 -0.706339 0
    endloop
  endfacet
  facet normal 0 0 -1
    outer loop
      vertex 51.2475 -0.868885 0
      vertex 51.2475 10.8689 0
      vertex 51.8541 10.7063 0
    endloop
  endfacet
  facet normal 0 0 -1
    outer loop
      vertex 50.6272 -0.967131 0
      vertex 51.2475 10.8689 0
      vertex 51.2475 -0.868885 0
    endloop
  endfacet
  facet normal 0 0 -1
    outer loop
      vertex 50.6272 -0.967131 0
      vertex 50.6272 10.9671 0
      vertex 51.2475 10.8689 0
    endloop
  endfacet
  facet normal 0 0 -1
    outer loop
      vertex 50.6272 -0.967131 0
      vertex 30.5 5 0
      vertex 50.6272 10.9671 0
    endloop
  endfacet
  facet normal 0 0 -1
    outer loop
      vertex 50.6272 -0.967131 0
      vertex 30.4836 4.68641 0
      vertex 30.5 5 0
    endloop
  endfacet
  facet normal 0 0 -1
    outer loop
      vertex 50.6272 -0.967131 0
      vertex 30.4344 4.37626 0
      vertex 30.4836 4.68641 0
    endloop
  endfacet
  facet normal 0 0 -1
    outer loop
      vertex 50.6272 -0.967131 0
      vertex 30.3532 4.07295 0
      vertex 30.4344 4.37626 0
    endloop
  endfacet
  facet normal 0 0 -1
    outer loop
      vertex 50.6272 -0.967131 0
      vertex 30.2406 3.77979 0
      vertex 30.3532 4.07295 0
    endloop
  endfacet
  facet normal 0 0 -1
    outer loop
      vertex 50.6272 -0.967131 0
      vertex 30.0981 3.5 0
      vertex 30.2406 3.77979 0
    endloop
  endfacet
  facet normal 0 0 -1
    outer loop
      vertex 50.6272 -0.967131 0
      vertex 29.9271 3.23664 0
      vertex 30.0981 3.5 0
    endloop
  endfacet
  facet normal 0 0 -1
    outer loop
      vertex 50.6272 -0.967131 0
      vertex 29.7294 2.99261 0
      vertex 29.9271 3.23664 0
    endloop
  endfacet
  facet normal 0 0 -1
    outer loop
      vertex 50.6272 -0.967131 0
      vertex 29.5074 2.77057 0
      vertex 29.7294 2.99261 0
    endloop
  endfacet
  facet normal 0 0 -1
    outer loop
      vertex 50.6272 -0.967131 0
      vertex 29.2634 2.57295 0
      vertex 29.5074 2.77057 0
    endloop
  endfacet
  facet normal 0 0 -1
    outer loop
      vertex 50.6272 -0.967131 0
      vertex 29 2.40192 0
      vertex 29.2634 2.57295 0
    endloop
  endfacet
  facet normal 0 0 -1
    outer loop
      vertex 50.6272 -0.967131 0
      vertex 28.7202 2.25936 0
      vertex 29 2.40192 0
    endloop
  endfacet
  facet normal 0 0 -1
    outer loop
      vertex 50.6272 -0.967131 0
      vertex 28.4271 2.14683 0
      vertex 28.7202 2.25936 0
    endloop
  endfacet
  facet normal 0 0 -1
    outer loop
      vertex 50.6272 -0.967131 0
      vertex 28.1237 2.06556 0
      vertex 28.4271 2.14683 0
    endloop
  endfacet
  facet normal 0 0 -1
    outer loop
      vertex 50.6272 -0.967131 0
      vertex 27.8136 2.01643 0
      vertex 28.1237 2.06556 0
    endloop
  endfacet
  facet normal 0 0 -1
    outer loop
      vertex 5.94076 -3.9507 0
      vertex 27.8136 2.01643 0
      vertex 50.6272 -0.967131 0
    endloop
  endfacet
  facet normal 0 0 -1
    outer loop
      vertex 27.8136 2.01643 0
      vertex 5.94076 -3.9507 0
      vertex 27.5 2 0
    endloop
  endfacet
  facet normal -0 0 -1
    outer loop
      vertex 24.5164 4.68641 0
      vertex 5.94076 -3.9507 0
      vertex 24.5 5 0
    endloop
  endfacet
  facet normal -0 0 -1
    outer loop
      vertex 24.5656 4.37626 0
      vertex 5.94076 -3.9507 0
      vertex 24.5164 4.68641 0
    endloop
  endfacet
  facet normal -0 0 -1
    outer loop
      vertex 24.6468 4.07295 0
      vertex 5.94076 -3.9507 0
      vertex 24.5656 4.37626 0
    endloop
  endfacet
  facet normal -0 0 -1
    outer loop
      vertex 24.7594 3.77979 0
      vertex 5.94076 -3.9507 0
      vertex 24.6468 4.07295 0
    endloop
  endfacet
  facet normal -0 0 -1
    outer loop
      vertex 24.9019 3.5 0
      vertex 5.94076 -3.9507 0
      vertex 24.7594 3.77979 0
    endloop
  endfacet
  facet normal -0 0 -1
    outer loop
      vertex 25.0729 3.23664 0
      vertex 5.94076 -3.9507 0
      vertex 24.9019 3.5 0
    endloop
  endfacet
  facet normal -0 0 -1
    outer loop
      vertex 25.2706 2.99261 0
      vertex 5.94076 -3.9507 0
      vertex 25.0729 3.23664 0
    endloop
  endfacet
  facet normal -0 0 -1
    outer loop
      vertex 25.4926 2.77057 0
      vertex 5.94076 -3.9507 0
      vertex 25.2706 2.99261 0
    endloop
  endfacet
  facet normal -0 0 -1
    outer loop
      vertex 25.7366 2.57295 0
      vertex 5.94076 -3.9507 0
      vertex 25.4926 2.77057 0
    endloop
  endfacet
  facet normal -0 0 -1
    outer loop
      vertex 26 2.40192 0
      vertex 5.94076 -3.9507 0
      vertex 25.7366 2.57295 0
    endloop
  endfacet
  facet normal -0 0 -1
    outer loop
      vertex 26.2798 2.25936 0
      vertex 5.94076 -3.9507 0
      vertex 26 2.40192 0
    endloop
  endfacet
  facet normal -0 0 -1
    outer loop
      vertex 26.5729 2.14683 0
      vertex 5.94076 -3.9507 0
      vertex 26.2798 2.25936 0
    endloop
  endfacet
  facet normal -0 0 -1
    outer loop
      vertex 26.8763 2.06556 0
      vertex 5.94076 -3.9507 0
      vertex 26.5729 2.14683 0
    endloop
  endfacet
  facet normal -0 0 -1
    outer loop
      vertex 27.1864 2.01643 0
      vertex 5.94076 -3.9507 0
      vertex 26.8763 2.06556 0
    endloop
  endfacet
  facet normal -0 0 -1
    outer loop
      vertex 27.5 2 0
      vertex 5.94076 -3.9507 0
      vertex 27.1864 2.01643 0
    endloop
  endfacet
  facet normal 0 0 -1
    outer loop
      vertex 30.4836 5.31359 0
      vertex 50.6272 10.9671 0
      vertex 30.5 5 0
    endloop
  endfacet
  facet normal 0 0 -1
    outer loop
      vertex 30.4344 5.62373 0
      vertex 50.6272 10.9671 0
      vertex 30.4836 5.31359 0
    endloop
  endfacet
  facet normal 0 0 -1
    outer loop
      vertex 30.3532 5.92705 0
      vertex 50.6272 10.9671 0
      vertex 30.4344 5.62373 0
    endloop
  endfacet
  facet normal 0 0 -1
    outer loop
      vertex 30.2406 6.22021 0
      vertex 50.6272 10.9671 0
      vertex 30.3532 5.92705 0
    endloop
  endfacet
  facet normal 0 0 -1
    outer loop
      vertex 30.0981 6.5 0
      vertex 50.6272 10.9671 0
      vertex 30.2406 6.22021 0
    endloop
  endfacet
  facet normal 0 0 -1
    outer loop
      vertex 29.9271 6.76336 0
      vertex 50.6272 10.9671 0
      vertex 30.0981 6.5 0
    endloop
  endfacet
  facet normal 0 0 -1
    outer loop
      vertex 29.7294 7.00739 0
      vertex 50.6272 10.9671 0
      vertex 29.9271 6.76336 0
    endloop
  endfacet
  facet normal 0 0 -1
    outer loop
      vertex 29.5074 7.22943 0
      vertex 50.6272 10.9671 0
      vertex 29.7294 7.00739 0
    endloop
  endfacet
  facet normal 0 0 -1
    outer loop
      vertex 29.2634 7.42705 0
      vertex 50.6272 10.9671 0
      vertex 29.5074 7.22943 0
    endloop
  endfacet
  facet normal 0 0 -1
    outer loop
      vertex 29 7.59808 0
      vertex 50.6272 10.9671 0
      vertex 29.2634 7.42705 0
    endloop
  endfacet
  facet normal 0 0 -1
    outer loop
      vertex 28.7202 7.74064 0
      vertex 50.6272 10.9671 0
      vertex 29 7.59808 0
    endloop
  endfacet
  facet normal 0 0 -1
    outer loop
      vertex 28.4271 7.85317 0
      vertex 50.6272 10.9671 0
      vertex 28.7202 7.74064 0
    endloop
  endfacet
  facet normal 0 0 -1
    outer loop
      vertex 28.1237 7.93444 0
      vertex 50.6272 10.9671 0
      vertex 28.4271 7.85317 0
    endloop
  endfacet
  facet normal 0 0 -1
    outer loop
      vertex 27.8136 7.98357 0
      vertex 50.6272 10.9671 0
      vertex 28.1237 7.93444 0
    endloop
  endfacet
  facet normal 0 0 -1
    outer loop
      vertex 5.94076 13.9507 0
      vertex 27.8136 7.98357 0
      vertex 27.5 8 0
    endloop
  endfacet
  facet normal 0 0 -1
    outer loop
      vertex 5.94076 13.9507 0
      vertex 27.5 8 0
      vertex 27.1864 7.98357 0
    endloop
  endfacet
  facet normal 0 0 -1
    outer loop
      vertex 5.94076 13.9507 0
      vertex 24.5 5 0
      vertex 5.94076 -3.9507 0
    endloop
  endfacet
  facet normal 0 0 -1
    outer loop
      vertex 24.5 5 0
      vertex 5.94076 13.9507 0
      vertex 24.5164 5.31359 0
    endloop
  endfacet
  facet normal 0 0 -1
    outer loop
      vertex 24.5164 5.31359 0
      vertex 5.94076 13.9507 0
      vertex 24.5656 5.62373 0
    endloop
  endfacet
  facet normal 0 0 -1
    outer loop
      vertex 24.5656 5.62373 0
      vertex 5.94076 13.9507 0
      vertex 24.6468 5.92705 0
    endloop
  endfacet
  facet normal 0 0 -1
    outer loop
      vertex 24.6468 5.92705 0
      vertex 5.94076 13.9507 0
      vertex 24.7594 6.22021 0
    endloop
  endfacet
  facet normal 0 0 -1
    outer loop
      vertex 24.7594 6.22021 0
      vertex 5.94076 13.9507 0
      vertex 24.9019 6.5 0
    endloop
  endfacet
  facet normal 0 0 -1
    outer loop
      vertex 24.9019 6.5 0
      vertex 5.94076 13.9507 0
      vertex 25.0729 6.76336 0
    endloop
  endfacet
  facet normal 0 0 -1
    outer loop
      vertex 25.0729 6.76336 0
      vertex 5.94076 13.9507 0
      vertex 25.2706 7.00739 0
    endloop
  endfacet
  facet normal 0 0 -1
    outer loop
      vertex 25.2706 7.00739 0
      vertex 5.94076 13.9507 0
      vertex 25.4926 7.22943 0
    endloop
  endfacet
  facet normal 0 0 -1
    outer loop
      vertex 25.4926 7.22943 0
      vertex 5.94076 13.9507 0
      vertex 25.7366 7.42705 0
    endloop
  endfacet
  facet normal 0 0 -1
    outer loop
      vertex 27.8136 7.98357 0
      vertex 5.94076 13.9507 0
      vertex 50.6272 10.9671 0
    endloop
  endfacet
  facet normal 0 0 -1
    outer loop
      vertex 26.8763 7.93444 0
      vertex 5.94076 13.9507 0
      vertex 27.1864 7.98357 0
    endloop
  endfacet
  facet normal 0 0 -1
    outer loop
      vertex 26.5729 7.85317 0
      vertex 5.94076 13.9507 0
      vertex 26.8763 7.93444 0
    endloop
  endfacet
  facet normal 0 0 -1
    outer loop
      vertex 26.2798 7.74064 0
      vertex 5.94076 13.9507 0
      vertex 26.5729 7.85317 0
    endloop
  endfacet
  facet normal 0 0 -1
    outer loop
      vertex 26 7.59808 0
      vertex 5.94076 13.9507 0
      vertex 26.2798 7.74064 0
    endloop
  endfacet
  facet normal 0 0 -1
    outer loop
      vertex 25.7366 7.42705 0
      vertex 5.94076 13.9507 0
      vertex 26 7.59808 0
    endloop
  endfacet
  facet normal 0 0 -1
    outer loop
      vertex 4.89614 -3.99456 0
      vertex 5.94076 -3.9507 0
      vertex 5 -4 0
    endloop
  endfacet
  facet normal -0 0 -1
    outer loop
      vertex 5.94076 -3.9507 0
      vertex 4.89614 -3.99456 0
      vertex 5.94076 13.9507 0
    endloop
  endfacet
  facet normal -0 0 -1
    outer loop
      vertex 5.94076 13.9507 0
      vertex 4.89614 -3.99456 0
      vertex 5 14 0
    endloop
  endfacet
  facet normal 0 0 -1
    outer loop
      vertex 4.75528 -6.54508 0
      vertex 4.89614 -3.99456 0
      vertex 4.89074 -6.03956 0
    endloop
  endfacet
  facet normal 0 0 -1
    outer loop
      vertex -4.28646 -2.43275 0
      vertex 4.89614 -3.99456 0
      vertex 4.75528 -6.54508 0
    endloop
  endfacet
  facet normal 0 0 -1
    outer loop
      vertex -4.28646 -2.43275 0
      vertex 4.75528 -6.54508 0
      vertex 4.56773 -7.03368 0
    endloop
  endfacet
  facet normal 0 0 -1
    outer loop
      vertex -4.28646 -2.43275 0
      vertex 4.56773 -7.03368 0
      vertex 4.33013 -7.5 0
    endloop
  endfacet
  facet normal 0 0 -1
    outer loop
      vertex 4.89614 -3.99456 0
      vertex 3.12879 13.8033 0
      vertex 5 14 0
    endloop
  endfacet
  facet normal 0 0 -1
    outer loop
      vertex -4.28646 -2.43275 0
      vertex 4.33013 -7.5 0
      vertex 4.04508 -7.93893 0
    endloop
  endfacet
  facet normal 0 0 -1
    outer loop
      vertex -4.28646 -2.43275 0
      vertex 4.04508 -7.93893 0
      vertex 3.71572 -8.34565 0
    endloop
  endfacet
  facet normal 0 0 -1
    outer loop
      vertex -4.28646 -2.43275 0
      vertex 3.71572 -8.34565 0
      vertex 3.34565 -8.71572 0
    endloop
  endfacet
  facet normal 0 0 -1
    outer loop
      vertex 4.89614 -3.99456 0
      vertex -4.28646 -2.43275 0
      vertex 3.12879 13.8033 0
    endloop
  endfacet
  facet normal 0 0 -1
    outer loop
      vertex -4.28646 -2.43275 0
      vertex 3.34565 -8.71572 0
      vertex 2.93893 -9.04508 0
    endloop
  endfacet
  facet normal 0 0 -1
    outer loop
      vertex -4.28646 -2.43275 0
      vertex 2.93893 -9.04508 0
      vertex 2.5 -9.33013 0
    endloop
  endfacet
  facet normal 0 0 -1
    outer loop
      vertex -4.28646 -2.43275 0
      vertex 2.5 -9.33013 0
      vertex 2.03368 -9.56773 0
    endloop
  endfacet
  facet normal 0 0 -1
    outer loop
      vertex -4.28646 -2.43275 0
      vertex 2.03368 -9.56773 0
      vertex 1.54508 -9.75528 0
    endloop
  endfacet
  facet normal 0 0 -1
    outer loop
      vertex -4.28646 -2.43275 0
      vertex 1.54508 -9.75528 0
      vertex 1.03956 -9.89074 0
    endloop
  endfacet
  facet normal 0 0 -1
    outer loop
      vertex -4.28646 -2.43275 0
      vertex 1.03956 -9.89074 0
      vertex 0.522642 -9.97261 0
    endloop
  endfacet
  facet normal 0 0 -1
    outer loop
      vertex -4.28646 -2.43275 0
      vertex 0.522642 -9.97261 0
      vertex 0 -10 0
    endloop
  endfacet
  facet normal 0 0 -1
    outer loop
      vertex -4.28646 -2.43275 0
      vertex 0 -10 0
      vertex -0.522642 -9.97261 0
    endloop
  endfacet
  facet normal 0 0 -1
    outer loop
      vertex -4.28646 -2.43275 0
      vertex -0.522642 -9.97261 0
      vertex -1.03956 -9.89074 0
    endloop
  endfacet
  facet normal 0 0 -1
    outer loop
      vertex -4.28646 -2.43275 0
      vertex -1.03956 -9.89074 0
      vertex -1.54508 -9.75528 0
    endloop
  endfacet
  facet normal 0 0 -1
    outer loop
      vertex -4.28646 -2.43275 0
      vertex -1.54508 -9.75528 0
      vertex -2.03368 -9.56773 0
    endloop
  endfacet
  facet normal 0 0 -1
    outer loop
      vertex -4.28646 -2.43275 0
      vertex -2.03368 -9.56773 0
      vertex -2.5 -9.33013 0
    endloop
  endfacet
  facet normal 0 0 -1
    outer loop
      vertex -4.28646 -2.43275 0
      vertex -2.5 -9.33013 0
      vertex -2.93893 -9.04508 0
    endloop
  endfacet
  facet normal 0 0 -1
    outer loop
      vertex -4.28646 -2.43275 0
      vertex -2.93893 -9.04508 0
      vertex -3.34565 -8.71572 0
    endloop
  endfacet
  facet normal 0 0 -1
    outer loop
      vertex -4.28646 -2.43275 0
      vertex -3.34565 -8.71572 0
      vertex -3.71572 -8.34565 0
    endloop
  endfacet
  facet normal 0 0 -1
    outer loop
      vertex -4.28646 -2.43275 0
      vertex -3.71572 -8.34565 0
      vertex -4.04508 -7.93893 0
    endloop
  endfacet
  facet normal 0 0 -1
    outer loop
      vertex 5 14 0
      vertex 3.12879 13.8033 0
      vertex 4.05924 13.9507 0
    endloop
  endfacet
  facet normal 0 0 -1
    outer loop
      vertex -7.45538 11.847 0
      vertex -4.28646 -2.43275 0
      vertex -7.45538 -1.84703 0
    endloop
  endfacet
  facet normal 0 0 -1
    outer loop
      vertex -4.28646 -2.43275 0
      vertex -7.45538 11.847 0
      vertex 3.12879 13.8033 0
    endloop
  endfacet
  facet normal 0 0 -1
    outer loop
      vertex -8.16312 -1.6574 0
      vertex -7.45538 11.847 0
      vertex -7.45538 -1.84703 0
    endloop
  endfacet
  facet normal 0 0 -1
    outer loop
      vertex -8.16312 -1.6574 0
      vertex -8.16312 11.6574 0
      vertex -7.45538 11.847 0
    endloop
  endfacet
  facet normal 0 0 -1
    outer loop
      vertex -8.84716 -1.39482 0
      vertex -8.16312 11.6574 0
      vertex -8.16312 -1.6574 0
    endloop
  endfacet
  facet normal 0 0 -1
    outer loop
      vertex -8.84716 -1.39482 0
      vertex -8.84716 11.3948 0
      vertex -8.16312 11.6574 0
    endloop
  endfacet
  facet normal 0 0 -1
    outer loop
      vertex -9.5 -1.06218 0
      vertex -8.84716 11.3948 0
      vertex -8.84716 -1.39482 0
    endloop
  endfacet
  facet normal 0 0 -1
    outer loop
      vertex -9.5 -1.06218 0
      vertex -9.5 11.0622 0
      vertex -8.84716 11.3948 0
    endloop
  endfacet
  facet normal 0 0 -1
    outer loop
      vertex -10.1145 -0.663118 0
      vertex -9.5 11.0622 0
      vertex -9.5 -1.06218 0
    endloop
  endfacet
  facet normal 0 0 -1
    outer loop
      vertex -10.1145 -0.663118 0
      vertex -10.1145 10.6631 0
      vertex -9.5 11.0622 0
    endloop
  endfacet
  facet normal 0 0 -1
    outer loop
      vertex -10.6839 -0.202013 0
      vertex -10.1145 10.6631 0
      vertex -10.1145 -0.663118 0
    endloop
  endfacet
  facet normal 0 0 -1
    outer loop
      vertex -10.6839 -0.202013 0
      vertex -10.6839 10.202 0
      vertex -10.1145 10.6631 0
    endloop
  endfacet
  facet normal 0 0 -1
    outer loop
      vertex -11.202 0.316085 0
      vertex -10.6839 10.202 0
      vertex -10.6839 -0.202013 0
    endloop
  endfacet
  facet normal 0 0 -1
    outer loop
      vertex -11.202 0.316085 0
      vertex -11.202 9.68391 0
      vertex -10.6839 10.202 0
    endloop
  endfacet
  facet normal 0 0 -1
    outer loop
      vertex -11.6631 0.885503 0
      vertex -11.202 9.68391 0
      vertex -11.202 0.316085 0
    endloop
  endfacet
  facet normal 0 0 -1
    outer loop
      vertex -11.6631 0.885503 0
      vertex -11.6631 9.1145 0
      vertex -11.202 9.68391 0
    endloop
  endfacet
  facet normal 0 0 -1
    outer loop
      vertex -12.0622 1.5 0
      vertex -11.6631 9.1145 0
      vertex -11.6631 0.885503 0
    endloop
  endfacet
  facet normal 0 0 -1
    outer loop
      vertex -12.0622 1.5 0
      vertex -12.0622 8.5 0
      vertex -11.6631 9.1145 0
    endloop
  endfacet
  facet normal 0 0 -1
    outer loop
      vertex -12.3948 2.15284 0
      vertex -12.0622 8.5 0
      vertex -12.0622 1.5 0
    endloop
  endfacet
  facet normal 0 0 -1
    outer loop
      vertex -12.3948 2.15284 0
      vertex -12.3948 7.84716 0
      vertex -12.0622 8.5 0
    endloop
  endfacet
  facet normal 0 0 -1
    outer loop
      vertex -12.6574 2.83688 0
      vertex -12.3948 7.84716 0
      vertex -12.3948 2.15284 0
    endloop
  endfacet
  facet normal 0 0 -1
    outer loop
      vertex -12.6574 2.83688 0
      vertex -12.6574 7.16312 0
      vertex -12.3948 7.84716 0
    endloop
  endfacet
  facet normal 0 0 -1
    outer loop
      vertex -12.847 3.54462 0
      vertex -12.6574 7.16312 0
      vertex -12.6574 2.83688 0
    endloop
  endfacet
  facet normal 0 0 -1
    outer loop
      vertex -12.847 3.54462 0
      vertex -12.847 6.45538 0
      vertex -12.6574 7.16312 0
    endloop
  endfacet
  facet normal 0 0 -1
    outer loop
      vertex -12.9617 4.2683 0
      vertex -12.847 6.45538 0
      vertex -12.847 3.54462 0
    endloop
  endfacet
  facet normal 0 0 -1
    outer loop
      vertex -12.9617 4.2683 0
      vertex -12.9617 5.7317 0
      vertex -12.847 6.45538 0
    endloop
  endfacet
  facet normal 0 -0 -1
    outer loop
      vertex -12.9617 5.7317 0
      vertex -12.9617 4.2683 0
      vertex -13 5 0
    endloop
  endfacet
  facet normal 0.998627 0.0523858 4.12859e-19
    outer loop
      vertex 56 5 4
      vertex 55.9671 5.62717 0
      vertex 55.9671 5.62717 4
    endloop
  endfacet
  facet normal 0.998627 0.0523858 4.12859e-19
    outer loop
      vertex 55.9671 5.62717 0
      vertex 56 5 4
      vertex 56 5 0
    endloop
  endfacet
  facet normal -0.7071 0.707114 -7.71377e-18
    outer loop
      vertex -11.202 9.68391 0
      vertex -10.6839 10.202 4
      vertex -10.6839 10.202 0
    endloop
  endfacet
  facet normal -0.7071 0.707114 -7.71377e-18
    outer loop
      vertex -10.6839 10.202 4
      vertex -11.202 9.68391 0
      vertex -11.202 9.68391 4
    endloop
  endfacet
  facet normal -0.933571 0.358394 -6.34603e-19
    outer loop
      vertex -12.6574 7.16312 0
      vertex -12.3948 7.84716 4
      vertex -12.3948 7.84716 0
    endloop
  endfacet
  facet normal -0.933571 0.358394 -6.34603e-19
    outer loop
      vertex -12.3948 7.84716 4
      vertex -12.6574 7.16312 0
      vertex -12.6574 7.16312 4
    endloop
  endfacet
  facet normal -0.998633 0.0522723 3.346e-19
    outer loop
      vertex -13 5 0
      vertex -12.9617 5.7317 4
      vertex -12.9617 5.7317 0
    endloop
  endfacet
  facet normal -0.998633 0.0522723 3.346e-19
    outer loop
      vertex -12.9617 5.7317 4
      vertex -13 5 0
      vertex -13 5 4
    endloop
  endfacet
  facet normal -0.358394 0.933571 0
    outer loop
      vertex -8.16312 11.6574 0
      vertex -8.84716 11.3948 4
      vertex -8.16312 11.6574 4
    endloop
  endfacet
  facet normal -0.358394 0.933571 0
    outer loop
      vertex -8.84716 11.3948 4
      vertex -8.16312 11.6574 0
      vertex -8.84716 11.3948 0
    endloop
  endfacet
  facet normal 0.777163 0.629299 -3.78824e-06
    outer loop
      vertex 54.8541 8.52671 0
      vertex 54.4589 9.01478 1.83859
      vertex 54.7023 8.71419 1.99667
    endloop
  endfacet
  facet normal 0.777183 0.629275 -0
    outer loop
      vertex 54.8541 8.52671 0
      vertex 54.7023 8.71419 1.99667
      vertex 54.8541 8.52671 2.11961
    endloop
  endfacet
  facet normal 0.77717 0.62929 0
    outer loop
      vertex 54.4589 9.01478 1.83859
      vertex 54.8541 8.52671 0
      vertex 54.4589 9.01478 0
    endloop
  endfacet
  facet normal -0.891028 -0.453949 -1.64608e-18
    outer loop
      vertex -12.0622 1.5 0
      vertex -12.3948 2.15284 4
      vertex -12.3948 2.15284 0
    endloop
  endfacet
  facet normal -0.891028 -0.453949 -1.64608e-18
    outer loop
      vertex -12.3948 2.15284 4
      vertex -12.0622 1.5 0
      vertex -12.0622 1.5 4
    endloop
  endfacet
  facet normal -0.25877 0.965939 0
    outer loop
      vertex -7.45538 11.847 0
      vertex -8.16312 11.6574 4
      vertex -7.45538 11.847 4
    endloop
  endfacet
  facet normal -0.25877 0.965939 0
    outer loop
      vertex -8.16312 11.6574 4
      vertex -7.45538 11.847 0
      vertex -8.16312 11.6574 0
    endloop
  endfacet
  facet normal 0.628851 0.777526 -0
    outer loop
      vertex 54.0148 9.45887 0
      vertex 54 9.47084 1.5406
      vertex 54.0148 9.45887 1.5502
    endloop
  endfacet
  facet normal 0.629307 0.777156 7.26209e-06
    outer loop
      vertex 54.0148 9.45887 0
      vertex 53.5267 9.8541 1.29945
      vertex 54 9.47084 1.5406
    endloop
  endfacet
  facet normal 0.629296 0.777166 0
    outer loop
      vertex 53.5267 9.8541 1.29945
      vertex 54.0148 9.45887 0
      vertex 53.5267 9.8541 0
    endloop
  endfacet
  facet normal -0.965939 0.25877 8.12027e-19
    outer loop
      vertex -12.847 6.45538 0
      vertex -12.6574 7.16312 4
      vertex -12.6574 7.16312 0
    endloop
  endfacet
  facet normal -0.965939 0.25877 8.12027e-19
    outer loop
      vertex -12.6574 7.16312 4
      vertex -12.847 6.45538 0
      vertex -12.847 6.45538 4
    endloop
  endfacet
  facet normal 0.544701 0.83863 -9.30548e-06
    outer loop
      vertex 53.5267 9.8541 0
      vertex 53.0402 10.1701 1.0784
      vertex 53.2539 10.0313 1.16044
    endloop
  endfacet
  facet normal 0.590336 0.774918 -0.225841
    outer loop
      vertex 53.039 10.1708 1.07777
      vertex 53 10.1962 1.06298
      vertex 53.0377 10.1717 1.07746
    endloop
  endfacet
  facet normal 0.544729 0.838612 -0
    outer loop
      vertex 53.5267 9.8541 0
      vertex 53.2539 10.0313 1.16044
      vertex 53.5267 9.8541 1.29945
    endloop
  endfacet
  facet normal 0.511864 0.858816 -0.0207383
    outer loop
      vertex 53.0402 10.1701 1.0784
      vertex 53.5267 9.8541 0
      vertex 53.039 10.1708 1.07777
    endloop
  endfacet
  facet normal 0.544703 0.838629 5.35979e-05
    outer loop
      vertex 53 10.1962 0
      vertex 53.039 10.1708 1.07777
      vertex 53.5267 9.8541 0
    endloop
  endfacet
  facet normal 0.545743 0.837952 8.41982e-19
    outer loop
      vertex 53.039 10.1708 1.07777
      vertex 53 10.1962 0
      vertex 53 10.1962 1.06298
    endloop
  endfacet
  facet normal -0.933571 -0.358394 -1.27457e-18
    outer loop
      vertex -12.3948 2.15284 0
      vertex -12.6574 2.83688 4
      vertex -12.6574 2.83688 0
    endloop
  endfacet
  facet normal -0.933571 -0.358394 -1.27457e-18
    outer loop
      vertex -12.6574 2.83688 4
      vertex -12.3948 2.15284 0
      vertex -12.3948 2.15284 4
    endloop
  endfacet
  facet normal 0.965938 0.258772 -0.00101857
    outer loop
      vertex 55.8689 6.24747 4
      vertex 55.7063 6.8541 3.91898
      vertex 55.7261 6.78051 4
    endloop
  endfacet
  facet normal 0.965904 0.258899 7.92557e-19
    outer loop
      vertex 55.7063 6.8541 3.91898
      vertex 55.8689 6.24747 4
      vertex 55.8689 6.24747 0
    endloop
  endfacet
  facet normal 0.965904 0.258899 0
    outer loop
      vertex 55.7063 6.8541 3.91898
      vertex 55.8689 6.24747 0
      vertex 55.7063 6.8541 0
    endloop
  endfacet
  facet normal 0.965904 -0.258899 -7.92557e-19
    outer loop
      vertex 55.7063 3.1459 4
      vertex 55.8689 3.75253 0
      vertex 55.8689 3.75253 4
    endloop
  endfacet
  facet normal 0.965904 -0.258899 -7.92557e-19
    outer loop
      vertex 55.8689 3.75253 0
      vertex 55.7063 3.1459 4
      vertex 55.7063 3.1459 0
    endloop
  endfacet
  facet normal 0.9877 0.156363 3.86809e-19
    outer loop
      vertex 55.9671 5.62717 4
      vertex 55.8689 6.24747 0
      vertex 55.8689 6.24747 4
    endloop
  endfacet
  facet normal 0.9877 0.156363 3.86809e-19
    outer loop
      vertex 55.8689 6.24747 0
      vertex 55.9671 5.62717 4
      vertex 55.9671 5.62717 0
    endloop
  endfacet
  facet normal 0.998627 -0.0523858 -4.12859e-19
    outer loop
      vertex 55.9671 4.37283 4
      vertex 56 5 0
      vertex 56 5 4
    endloop
  endfacet
  facet normal 0.998627 -0.0523858 -4.12859e-19
    outer loop
      vertex 56 5 0
      vertex 55.9671 4.37283 4
      vertex 55.9671 4.37283 0
    endloop
  endfacet
  facet normal -0.998633 -0.0522723 -3.346e-19
    outer loop
      vertex -12.9617 4.2683 0
      vertex -13 5 4
      vertex -13 5 0
    endloop
  endfacet
  facet normal -0.998633 -0.0522723 -3.346e-19
    outer loop
      vertex -13 5 4
      vertex -12.9617 4.2683 0
      vertex -12.9617 4.2683 4
    endloop
  endfacet
  facet normal 0.707099 0.707115 -0
    outer loop
      vertex 54.4589 9.01478 0
      vertex 54.0148 9.45887 1.5502
      vertex 54.4589 9.01478 1.83859
    endloop
  endfacet
  facet normal 0.707099 0.707115 0
    outer loop
      vertex 54.0148 9.45887 1.5502
      vertex 54.4589 9.01478 0
      vertex 54.0148 9.45887 0
    endloop
  endfacet
  facet normal 0.258831 -0.965923 0
    outer loop
      vertex 51.2475 -0.868885 0
      vertex 51.8541 -0.706339 4
      vertex 51.2475 -0.868885 4
    endloop
  endfacet
  facet normal 0.258831 -0.965923 0
    outer loop
      vertex 51.8541 -0.706339 4
      vertex 51.2475 -0.868885 0
      vertex 51.8541 -0.706339 0
    endloop
  endfacet
  facet normal -0.987671 -0.156541 -2.23165e-18
    outer loop
      vertex -12.847 3.54462 0
      vertex -12.9617 4.2683 4
      vertex -12.9617 4.2683 0
    endloop
  endfacet
  facet normal -0.987671 -0.156541 -2.23165e-18
    outer loop
      vertex -12.9617 4.2683 4
      vertex -12.847 3.54462 0
      vertex -12.847 3.54462 4
    endloop
  endfacet
  facet normal -0.629328 0.77714 0
    outer loop
      vertex -10.1145 10.6631 0
      vertex -10.6839 10.202 4
      vertex -10.1145 10.6631 4
    endloop
  endfacet
  facet normal -0.629328 0.77714 0
    outer loop
      vertex -10.6839 10.202 4
      vertex -10.1145 10.6631 0
      vertex -10.6839 10.202 0
    endloop
  endfacet
  facet normal 0.629299 -0.777164 0
    outer loop
      vertex 53.5267 0.145898 0
      vertex 54.0148 0.541131 4
      vertex 53.5267 0.145898 4
    endloop
  endfacet
  facet normal 0.629299 -0.777164 0
    outer loop
      vertex 54.0148 0.541131 4
      vertex 53.5267 0.145898 0
      vertex 54.0148 0.541131 0
    endloop
  endfacet
  facet normal -0.544677 0.838646 0
    outer loop
      vertex -9.5 11.0622 0
      vertex -10.1145 10.6631 4
      vertex -9.5 11.0622 4
    endloop
  endfacet
  facet normal -0.544677 0.838646 0
    outer loop
      vertex -10.1145 10.6631 4
      vertex -9.5 11.0622 0
      vertex -10.1145 10.6631 0
    endloop
  endfacet
  facet normal 0.358285 0.933612 -0
    outer loop
      vertex 52.4404 10.4813 0
      vertex 51.8541 10.7063 0.694748
      vertex 52.4404 10.4813 0.851851
    endloop
  endfacet
  facet normal 0.358285 0.933612 0
    outer loop
      vertex 51.8541 10.7063 0.694748
      vertex 52.4404 10.4813 0
      vertex 51.8541 10.7063 0
    endloop
  endfacet
  facet normal -0.777145 0.629321 1.73e-18
    outer loop
      vertex -11.6631 9.1145 0
      vertex -11.202 9.68391 4
      vertex -11.202 9.68391 0
    endloop
  endfacet
  facet normal -0.777145 0.629321 1.73e-18
    outer loop
      vertex -11.202 9.68391 4
      vertex -11.6631 9.1145 0
      vertex -11.6631 9.1145 4
    endloop
  endfacet
  facet normal 0.987689 -0.156431 -1.48888e-18
    outer loop
      vertex 4.89074 -6.03956 4
      vertex 4.97261 -5.52264 0
      vertex 4.97261 -5.52264 4
    endloop
  endfacet
  facet normal 0.987689 -0.156431 -1.48888e-18
    outer loop
      vertex 4.97261 -5.52264 0
      vertex 4.89074 -6.03956 4
      vertex 4.89074 -6.03956 0
    endloop
  endfacet
  facet normal 0.987688 0.156438 -3.20343e-19
    outer loop
      vertex 4.97261 -4.47736 4
      vertex 4.89614 -3.99456 0
      vertex 4.89614 -3.99456 4
    endloop
  endfacet
  facet normal 0.987688 0.156438 -3.20343e-19
    outer loop
      vertex 4.89614 -3.99456 0
      vertex 4.97261 -4.47736 4
      vertex 4.97261 -4.47736 0
    endloop
  endfacet
  facet normal 0.99863 0.0523352 -3.73478e-19
    outer loop
      vertex 5 -5 4
      vertex 4.97261 -4.47736 0
      vertex 4.97261 -4.47736 4
    endloop
  endfacet
  facet normal 0.99863 0.0523352 -3.73478e-19
    outer loop
      vertex 4.97261 -4.47736 0
      vertex 5 -5 4
      vertex 5 -5 0
    endloop
  endfacet
  facet normal -0.25883 -0.965923 0
    outer loop
      vertex -1.54508 -9.75528 0
      vertex -1.03956 -9.89074 4
      vertex -1.54508 -9.75528 4
    endloop
  endfacet
  facet normal -0.25883 -0.965923 -0
    outer loop
      vertex -1.03956 -9.89074 4
      vertex -1.54508 -9.75528 0
      vertex -1.03956 -9.89074 0
    endloop
  endfacet
  facet normal -0.99863 0.0523352 3.73478e-19
    outer loop
      vertex -5 -5 0
      vertex -4.97261 -4.47736 4
      vertex -4.97261 -4.47736 0
    endloop
  endfacet
  facet normal -0.99863 0.0523352 3.73478e-19
    outer loop
      vertex -4.97261 -4.47736 4
      vertex -5 -5 0
      vertex -5 -5 4
    endloop
  endfacet
  facet normal 0.838666 -0.544646 7.59931e-19
    outer loop
      vertex 4.04508 -7.93893 4
      vertex 4.33013 -7.5 0
      vertex 4.33013 -7.5 4
    endloop
  endfacet
  facet normal 0.838666 -0.544646 7.59931e-19
    outer loop
      vertex 4.33013 -7.5 0
      vertex 4.04508 -7.93893 4
      vertex 4.04508 -7.93893 0
    endloop
  endfacet
  facet normal 0.052335 -0.99863 0
    outer loop
      vertex 0 -10 0
      vertex 0.522642 -9.97261 4
      vertex 0 -10 4
    endloop
  endfacet
  facet normal 0.052335 -0.99863 0
    outer loop
      vertex 0.522642 -9.97261 4
      vertex 0 -10 0
      vertex 0.522642 -9.97261 0
    endloop
  endfacet
  facet normal 0.358358 -0.933584 0
    outer loop
      vertex 1.54508 -9.75528 0
      vertex 2.03368 -9.56773 4
      vertex 1.54508 -9.75528 4
    endloop
  endfacet
  facet normal 0.358358 -0.933584 0
    outer loop
      vertex 2.03368 -9.56773 4
      vertex 1.54508 -9.75528 0
      vertex 2.03368 -9.56773 0
    endloop
  endfacet
  facet normal -0.891008 0.453988 -1.98614e-18
    outer loop
      vertex -4.56773 -2.96632 0
      vertex -4.33013 -2.5 4
      vertex -4.33013 -2.5 0
    endloop
  endfacet
  facet normal -0.891008 0.453988 -1.98614e-18
    outer loop
      vertex -4.33013 -2.5 4
      vertex -4.56773 -2.96632 0
      vertex -4.56773 -2.96632 4
    endloop
  endfacet
  facet normal 0.25883 -0.965923 0
    outer loop
      vertex 1.03956 -9.89074 0
      vertex 1.54508 -9.75528 4
      vertex 1.03956 -9.89074 4
    endloop
  endfacet
  facet normal 0.25883 -0.965923 0
    outer loop
      vertex 1.54508 -9.75528 4
      vertex 1.03956 -9.89074 0
      vertex 1.54508 -9.75528 0
    endloop
  endfacet
  facet normal -0.965924 0.258826 2.27867e-18
    outer loop
      vertex -4.89074 -3.96044 0
      vertex -4.75528 -3.45491 4
      vertex -4.75528 -3.45491 0
    endloop
  endfacet
  facet normal -0.965924 0.258826 2.27867e-18
    outer loop
      vertex -4.75528 -3.45491 4
      vertex -4.89074 -3.96044 0
      vertex -4.89074 -3.96044 4
    endloop
  endfacet
  facet normal -0.965923 -0.25883 2.70289e-18
    outer loop
      vertex -4.75528 -6.54508 0
      vertex -4.89074 -6.03956 4
      vertex -4.89074 -6.03956 0
    endloop
  endfacet
  facet normal -0.965923 -0.25883 2.70289e-18
    outer loop
      vertex -4.89074 -6.03956 4
      vertex -4.75528 -6.54508 0
      vertex -4.75528 -6.54508 4
    endloop
  endfacet
  facet normal -0.707107 -0.707107 -2.31139e-18
    outer loop
      vertex -3.34565 -8.71572 0
      vertex -3.71572 -8.34565 4
      vertex -3.71572 -8.34565 0
    endloop
  endfacet
  facet normal -0.707107 -0.707107 -2.31139e-18
    outer loop
      vertex -3.71572 -8.34565 4
      vertex -3.34565 -8.71572 0
      vertex -3.34565 -8.71572 4
    endloop
  endfacet
  facet normal -0.453988 -0.891008 0
    outer loop
      vertex -2.5 -9.33013 0
      vertex -2.03368 -9.56773 4
      vertex -2.5 -9.33013 4
    endloop
  endfacet
  facet normal -0.453988 -0.891008 -0
    outer loop
      vertex -2.03368 -9.56773 4
      vertex -2.5 -9.33013 0
      vertex -2.03368 -9.56773 0
    endloop
  endfacet
  facet normal -0.99863 -0.0523352 -3.73478e-19
    outer loop
      vertex -4.97261 -5.52264 0
      vertex -5 -5 4
      vertex -5 -5 0
    endloop
  endfacet
  facet normal -0.99863 -0.0523352 -3.73478e-19
    outer loop
      vertex -5 -5 4
      vertex -4.97261 -5.52264 0
      vertex -4.97261 -5.52264 4
    endloop
  endfacet
  facet normal -0.629326 -0.777142 0
    outer loop
      vertex -3.34565 -8.71572 0
      vertex -2.93893 -9.04508 4
      vertex -3.34565 -8.71572 4
    endloop
  endfacet
  facet normal -0.629326 -0.777142 -0
    outer loop
      vertex -2.93893 -9.04508 4
      vertex -3.34565 -8.71572 0
      vertex -2.93893 -9.04508 0
    endloop
  endfacet
  facet normal 0.965923 -0.25883 -2.70289e-18
    outer loop
      vertex 4.75528 -6.54508 4
      vertex 4.89074 -6.03956 0
      vertex 4.89074 -6.03956 4
    endloop
  endfacet
  facet normal 0.965923 -0.25883 -2.70289e-18
    outer loop
      vertex 4.89074 -6.03956 0
      vertex 4.75528 -6.54508 4
      vertex 4.75528 -6.54508 0
    endloop
  endfacet
  facet normal -0.933584 -0.358358 -3.18018e-18
    outer loop
      vertex -4.56773 -7.03368 0
      vertex -4.75528 -6.54508 4
      vertex -4.75528 -6.54508 0
    endloop
  endfacet
  facet normal -0.933584 -0.358358 -3.18018e-18
    outer loop
      vertex -4.75528 -6.54508 4
      vertex -4.56773 -7.03368 0
      vertex -4.56773 -7.03368 4
    endloop
  endfacet
  facet normal 0.156431 -0.987689 0
    outer loop
      vertex 0.522642 -9.97261 0
      vertex 1.03956 -9.89074 4
      vertex 0.522642 -9.97261 4
    endloop
  endfacet
  facet normal 0.156431 -0.987689 0
    outer loop
      vertex 1.03956 -9.89074 4
      vertex 0.522642 -9.97261 0
      vertex 1.03956 -9.89074 0
    endloop
  endfacet
  facet normal -0.544646 -0.838666 0
    outer loop
      vertex -2.93893 -9.04508 0
      vertex -2.5 -9.33013 4
      vertex -2.93893 -9.04508 4
    endloop
  endfacet
  facet normal -0.544646 -0.838666 -0
    outer loop
      vertex -2.5 -9.33013 4
      vertex -2.93893 -9.04508 0
      vertex -2.5 -9.33013 0
    endloop
  endfacet
  facet normal 0.891008 -0.453988 6.44303e-19
    outer loop
      vertex 4.33013 -7.5 4
      vertex 4.56773 -7.03368 0
      vertex 4.56773 -7.03368 4
    endloop
  endfacet
  facet normal 0.891008 -0.453988 6.44303e-19
    outer loop
      vertex 4.56773 -7.03368 0
      vertex 4.33013 -7.5 4
      vertex 4.33013 -7.5 0
    endloop
  endfacet
  facet normal 0.544646 -0.838666 0
    outer loop
      vertex 2.5 -9.33013 0
      vertex 2.93893 -9.04508 4
      vertex 2.5 -9.33013 4
    endloop
  endfacet
  facet normal 0.544646 -0.838666 0
    outer loop
      vertex 2.93893 -9.04508 4
      vertex 2.5 -9.33013 0
      vertex 2.93893 -9.04508 0
    endloop
  endfacet
  facet normal 0.99863 -0.0523352 3.73478e-19
    outer loop
      vertex 4.97261 -5.52264 4
      vertex 5 -5 0
      vertex 5 -5 4
    endloop
  endfacet
  facet normal 0.99863 -0.0523352 3.73478e-19
    outer loop
      vertex 5 -5 0
      vertex 4.97261 -5.52264 4
      vertex 4.97261 -5.52264 0
    endloop
  endfacet
  facet normal 0.777142 -0.629326 1.42085e-18
    outer loop
      vertex 3.71572 -8.34565 4
      vertex 4.04508 -7.93893 0
      vertex 4.04508 -7.93893 4
    endloop
  endfacet
  facet normal 0.777142 -0.629326 1.42085e-18
    outer loop
      vertex 4.04508 -7.93893 0
      vertex 3.71572 -8.34565 4
      vertex 3.71572 -8.34565 0
    endloop
  endfacet
  facet normal 0.933584 -0.358358 3.18018e-18
    outer loop
      vertex 4.56773 -7.03368 4
      vertex 4.75528 -6.54508 0
      vertex 4.75528 -6.54508 4
    endloop
  endfacet
  facet normal 0.933584 -0.358358 3.18018e-18
    outer loop
      vertex 4.75528 -6.54508 0
      vertex 4.56773 -7.03368 4
      vertex 4.56773 -7.03368 0
    endloop
  endfacet
  facet normal -0.838686 0.544616 -5.81176e-21
    outer loop
      vertex -4.33013 -2.5 0
      vertex -4.28646 -2.43275 4
      vertex -4.28646 -2.43275 0
    endloop
  endfacet
  facet normal -0.838686 0.544616 -5.81176e-21
    outer loop
      vertex -4.28646 -2.43275 4
      vertex -4.33013 -2.5 0
      vertex -4.33013 -2.5 4
    endloop
  endfacet
  facet normal -0.891008 -0.453988 -6.44303e-19
    outer loop
      vertex -4.33013 -7.5 0
      vertex -4.56773 -7.03368 4
      vertex -4.56773 -7.03368 0
    endloop
  endfacet
  facet normal -0.891008 -0.453988 -6.44303e-19
    outer loop
      vertex -4.56773 -7.03368 4
      vertex -4.33013 -7.5 0
      vertex -4.33013 -7.5 4
    endloop
  endfacet
  facet normal -0.838666 -0.544646 -7.59931e-19
    outer loop
      vertex -4.04508 -7.93893 0
      vertex -4.33013 -7.5 4
      vertex -4.33013 -7.5 0
    endloop
  endfacet
  facet normal -0.838666 -0.544646 -7.59931e-19
    outer loop
      vertex -4.33013 -7.5 4
      vertex -4.04508 -7.93893 0
      vertex -4.04508 -7.93893 4
    endloop
  endfacet
  facet normal 0.453988 -0.891008 0
    outer loop
      vertex 2.03368 -9.56773 0
      vertex 2.5 -9.33013 4
      vertex 2.03368 -9.56773 4
    endloop
  endfacet
  facet normal 0.453988 -0.891008 0
    outer loop
      vertex 2.5 -9.33013 4
      vertex 2.03368 -9.56773 0
      vertex 2.5 -9.33013 0
    endloop
  endfacet
  facet normal 0.629326 -0.777142 0
    outer loop
      vertex 2.93893 -9.04508 0
      vertex 3.34565 -8.71572 4
      vertex 2.93893 -9.04508 4
    endloop
  endfacet
  facet normal 0.629326 -0.777142 0
    outer loop
      vertex 3.34565 -8.71572 4
      vertex 2.93893 -9.04508 0
      vertex 3.34565 -8.71572 0
    endloop
  endfacet
  facet normal -0.987689 0.156431 -1.48888e-18
    outer loop
      vertex -4.97261 -4.47736 0
      vertex -4.89074 -3.96044 4
      vertex -4.89074 -3.96044 0
    endloop
  endfacet
  facet normal -0.987689 0.156431 -1.48888e-18
    outer loop
      vertex -4.89074 -3.96044 4
      vertex -4.97261 -4.47736 0
      vertex -4.97261 -4.47736 4
    endloop
  endfacet
  facet normal -0.987689 -0.156431 1.48888e-18
    outer loop
      vertex -4.89074 -6.03956 0
      vertex -4.97261 -5.52264 4
      vertex -4.97261 -5.52264 0
    endloop
  endfacet
  facet normal -0.987689 -0.156431 1.48888e-18
    outer loop
      vertex -4.97261 -5.52264 4
      vertex -4.89074 -6.03956 0
      vertex -4.89074 -6.03956 4
    endloop
  endfacet
  facet normal -0.777142 -0.629326 -1.42085e-18
    outer loop
      vertex -3.71572 -8.34565 0
      vertex -4.04508 -7.93893 4
      vertex -4.04508 -7.93893 0
    endloop
  endfacet
  facet normal -0.777142 -0.629326 -1.42085e-18
    outer loop
      vertex -4.04508 -7.93893 4
      vertex -3.71572 -8.34565 0
      vertex -3.71572 -8.34565 4
    endloop
  endfacet
  facet normal -0.933582 0.358364 3.03229e-18
    outer loop
      vertex -4.75528 -3.45491 0
      vertex -4.56773 -2.96632 4
      vertex -4.56773 -2.96632 0
    endloop
  endfacet
  facet normal -0.933582 0.358364 3.03229e-18
    outer loop
      vertex -4.56773 -2.96632 4
      vertex -4.75528 -3.45491 0
      vertex -4.75528 -3.45491 4
    endloop
  endfacet
  facet normal -0.052335 -0.99863 0
    outer loop
      vertex -0.522642 -9.97261 0
      vertex 0 -10 4
      vertex -0.522642 -9.97261 4
    endloop
  endfacet
  facet normal -0.052335 -0.99863 -0
    outer loop
      vertex 0 -10 4
      vertex -0.522642 -9.97261 0
      vertex 0 -10 0
    endloop
  endfacet
  facet normal -0.358358 -0.933584 0
    outer loop
      vertex -2.03368 -9.56773 0
      vertex -1.54508 -9.75528 4
      vertex -2.03368 -9.56773 4
    endloop
  endfacet
  facet normal -0.358358 -0.933584 -0
    outer loop
      vertex -1.54508 -9.75528 4
      vertex -2.03368 -9.56773 0
      vertex -1.54508 -9.75528 0
    endloop
  endfacet
  facet normal -0.156431 -0.987689 0
    outer loop
      vertex -1.03956 -9.89074 0
      vertex -0.522642 -9.97261 4
      vertex -1.03956 -9.89074 4
    endloop
  endfacet
  facet normal -0.156431 -0.987689 -0
    outer loop
      vertex -0.522642 -9.97261 4
      vertex -1.03956 -9.89074 0
      vertex -0.522642 -9.97261 0
    endloop
  endfacet
  facet normal 0.707107 -0.707107 2.31139e-18
    outer loop
      vertex 3.34565 -8.71572 4
      vertex 3.71572 -8.34565 0
      vertex 3.71572 -8.34565 4
    endloop
  endfacet
  facet normal 0.707107 -0.707107 2.31139e-18
    outer loop
      vertex 3.71572 -8.34565 0
      vertex 3.34565 -8.71572 4
      vertex 3.34565 -8.71572 0
    endloop
  endfacet
  facet normal -0.453949 4.1152e-19 0.891028
    outer loop
      vertex 1.5 13 14.531
      vertex 2.15284 -3 14.8636
      vertex 2.15284 13 14.8636
    endloop
  endfacet
  facet normal -0.453949 4.1152e-19 0.891028
    outer loop
      vertex 2.15284 -3 14.8636
      vertex 1.5 13 14.531
      vertex 1.5 -3 14.531
    endloop
  endfacet
  facet normal 0.987671 -0 0.156541
    outer loop
      vertex 11.847 -3 9.92418
      vertex 11.9617 13 9.2005
      vertex 11.847 13 9.92418
    endloop
  endfacet
  facet normal 0.987671 0 0.156541
    outer loop
      vertex 11.9617 13 9.2005
      vertex 11.847 -3 9.92418
      vertex 11.9617 -3 9.2005
    endloop
  endfacet
  facet normal 0.998633 -0 0.0522723
    outer loop
      vertex 11.9617 -3 9.2005
      vertex 12 13 8.4688
      vertex 11.9617 13 9.2005
    endloop
  endfacet
  facet normal 0.998633 0 0.0522723
    outer loop
      vertex 12 13 8.4688
      vertex 11.9617 -3 9.2005
      vertex 12 -3 8.4688
    endloop
  endfacet
  facet normal 0.965937 -0 0.258777
    outer loop
      vertex 11.6574 -3 10.6319
      vertex 11.847 13 9.92418
      vertex 11.6574 13 10.6319
    endloop
  endfacet
  facet normal 0.965937 0 0.258777
    outer loop
      vertex 11.847 13 9.92418
      vertex 11.6574 -3 10.6319
      vertex 11.847 -3 9.92418
    endloop
  endfacet
  facet normal 0.933581 -0 0.358366
    outer loop
      vertex 11.3948 -3 11.316
      vertex 11.6574 13 10.6319
      vertex 11.3948 13 11.316
    endloop
  endfacet
  facet normal 0.933581 0 0.358366
    outer loop
      vertex 11.6574 13 10.6319
      vertex 11.3948 -3 11.316
      vertex 11.6574 -3 10.6319
    endloop
  endfacet
  facet normal -0.998629 0 -0.0523403
    outer loop
      vertex -1.96165 -3 7.7371
      vertex -2 13 8.4688
      vertex -1.96165 13 7.7371
    endloop
  endfacet
  facet normal -0.998629 -0 -0.0523403
    outer loop
      vertex -2 13 8.4688
      vertex -1.96165 -3 7.7371
      vertex -2 -3 8.4688
    endloop
  endfacet
  facet normal -0.358394 3.18644e-19 0.933571
    outer loop
      vertex 2.15284 13 14.8636
      vertex 2.83688 -3 15.1262
      vertex 2.83688 13 15.1262
    endloop
  endfacet
  facet normal -0.358394 3.18644e-19 0.933571
    outer loop
      vertex 2.83688 -3 15.1262
      vertex 2.15284 13 14.8636
      vertex 2.15284 -3 14.8636
    endloop
  endfacet
  facet normal -0.998629 0 0.0523403
    outer loop
      vertex -2 -3 8.4688
      vertex -1.96165 13 9.2005
      vertex -2 13 8.4688
    endloop
  endfacet
  facet normal -0.998629 0 0.0523403
    outer loop
      vertex -1.96165 13 9.2005
      vertex -2 -3 8.4688
      vertex -1.96165 -3 9.2005
    endloop
  endfacet
  facet normal -0.777137 0 0.629332
    outer loop
      vertex -0.663118 -3 12.5833
      vertex -0.202013 13 13.1527
      vertex -0.663118 13 12.5833
    endloop
  endfacet
  facet normal -0.777137 0 0.629332
    outer loop
      vertex -0.202013 13 13.1527
      vertex -0.663118 -3 12.5833
      vertex -0.202013 -3 13.1527
    endloop
  endfacet
  facet normal 0.156541 -5.57912e-19 0.987671
    outer loop
      vertex 5.7317 13 15.4305
      vertex 6.45538 -3 15.3158
      vertex 6.45538 13 15.3158
    endloop
  endfacet
  facet normal 0.156541 -5.57912e-19 0.987671
    outer loop
      vertex 6.45538 -3 15.3158
      vertex 5.7317 13 15.4305
      vertex 5.7317 -3 15.4305
    endloop
  endfacet
  facet normal -0.838666 0 -0.544646
    outer loop
      vertex -0.663118 -3 4.35431
      vertex -1.06218 13 4.9688
      vertex -0.663118 13 4.35431
    endloop
  endfacet
  facet normal -0.838666 -0 -0.544646
    outer loop
      vertex -1.06218 13 4.9688
      vertex -0.663118 -3 4.35431
      vertex -1.06218 -3 4.9688
    endloop
  endfacet
  facet normal 0.358394 1.58651e-19 0.933571
    outer loop
      vertex 7.16312 13 15.1262
      vertex 7.84716 -3 14.8636
      vertex 7.84716 13 14.8636
    endloop
  endfacet
  facet normal 0.358394 1.58651e-19 0.933571
    outer loop
      vertex 7.84716 -3 14.8636
      vertex 7.16312 13 15.1262
      vertex 7.16312 -3 15.1262
    endloop
  endfacet
  facet normal 0.987671 0 -0.156541
    outer loop
      vertex 11.9617 -3 7.7371
      vertex 11.847 13 7.01342
      vertex 11.9617 13 7.7371
    endloop
  endfacet
  facet normal 0.987671 0 -0.156541
    outer loop
      vertex 11.847 13 7.01342
      vertex 11.9617 -3 7.7371
      vertex 11.847 -3 7.01342
    endloop
  endfacet
  facet normal -0.965927 0 0.258815
    outer loop
      vertex -1.84703 -3 9.92418
      vertex -1.6574 13 10.6319
      vertex -1.84703 13 9.92418
    endloop
  endfacet
  facet normal -0.965927 0 0.258815
    outer loop
      vertex -1.6574 13 10.6319
      vertex -1.84703 -3 9.92418
      vertex -1.6574 -3 10.6319
    endloop
  endfacet
  facet normal 0.453949 -1.17295e-18 0.891028
    outer loop
      vertex 7.84716 13 14.8636
      vertex 8.5 -3 14.531
      vertex 8.5 13 14.531
    endloop
  endfacet
  facet normal 0.453949 -1.17295e-18 0.891028
    outer loop
      vertex 8.5 -3 14.531
      vertex 7.84716 13 14.8636
      vertex 7.84716 -3 14.8636
    endloop
  endfacet
  facet normal 0.77714 -0 0.629328
    outer loop
      vertex 10.202 -3 13.1527
      vertex 10.6631 13 12.5833
      vertex 10.202 13 13.1527
    endloop
  endfacet
  facet normal 0.77714 0 0.629328
    outer loop
      vertex 10.6631 13 12.5833
      vertex 10.202 -3 13.1527
      vertex 10.6631 -3 12.5833
    endloop
  endfacet
  facet normal 0.629321 -4.32499e-19 0.777145
    outer loop
      vertex 9.1145 13 14.1319
      vertex 9.68391 -3 13.6708
      vertex 9.68391 13 13.6708
    endloop
  endfacet
  facet normal 0.629321 -4.32499e-19 0.777145
    outer loop
      vertex 9.68391 -3 13.6708
      vertex 9.1145 13 14.1319
      vertex 9.1145 -3 14.1319
    endloop
  endfacet
  facet normal 0.544677 1.0263e-18 0.838646
    outer loop
      vertex 8.5 13 14.531
      vertex 9.1145 -3 14.1319
      vertex 9.1145 13 14.1319
    endloop
  endfacet
  facet normal 0.544677 1.0263e-18 0.838646
    outer loop
      vertex 9.1145 -3 14.1319
      vertex 8.5 13 14.531
      vertex 8.5 -3 14.531
    endloop
  endfacet
  facet normal 0.838646 -0 0.544677
    outer loop
      vertex 10.6631 -3 12.5833
      vertex 11.0622 13 11.9688
      vertex 10.6631 13 12.5833
    endloop
  endfacet
  facet normal 0.838646 0 0.544677
    outer loop
      vertex 11.0622 13 11.9688
      vertex 10.6631 -3 12.5833
      vertex 11.0622 -3 11.9688
    endloop
  endfacet
  facet normal -0.777151 0 -0.629314
    outer loop
      vertex -0.376208 -3 4
      vertex -0.663118 13 4.35431
      vertex -0.376208 13 4
    endloop
  endfacet
  facet normal -0.777151 -0 -0.629314
    outer loop
      vertex -0.663118 13 4.35431
      vertex -0.376208 -3 4
      vertex -0.663118 -3 4.35431
    endloop
  endfacet
  facet normal -0.965929 0 -0.258808
    outer loop
      vertex -1.6574 -3 6.30568
      vertex -1.84703 13 7.01342
      vertex -1.6574 13 6.30568
    endloop
  endfacet
  facet normal -0.965929 -0 -0.258808
    outer loop
      vertex -1.84703 13 7.01342
      vertex -1.6574 -3 6.30568
      vertex -1.84703 -3 7.01342
    endloop
  endfacet
  facet normal -0.987688 0 -0.156435
    outer loop
      vertex -1.84703 -3 7.01342
      vertex -1.96165 13 7.7371
      vertex -1.84703 13 7.01342
    endloop
  endfacet
  facet normal -0.987688 -0 -0.156435
    outer loop
      vertex -1.96165 13 7.7371
      vertex -1.84703 -3 7.01342
      vertex -1.96165 -3 7.7371
    endloop
  endfacet
  facet normal -0.890994 0 0.454014
    outer loop
      vertex -1.39482 -3 11.316
      vertex -1.06218 13 11.9688
      vertex -1.39482 13 11.316
    endloop
  endfacet
  facet normal -0.890994 0 0.454014
    outer loop
      vertex -1.06218 13 11.9688
      vertex -1.39482 -3 11.316
      vertex -1.06218 -3 11.9688
    endloop
  endfacet
  facet normal -0.25877 2.03007e-19 0.965939
    outer loop
      vertex 2.83688 13 15.1262
      vertex 3.54462 -3 15.3158
      vertex 3.54462 13 15.3158
    endloop
  endfacet
  facet normal -0.25877 2.03007e-19 0.965939
    outer loop
      vertex 3.54462 -3 15.3158
      vertex 2.83688 13 15.1262
      vertex 2.83688 -3 15.1262
    endloop
  endfacet
  facet normal -0.156541 5.57912e-19 0.987671
    outer loop
      vertex 3.54462 13 15.3158
      vertex 4.2683 -3 15.4305
      vertex 4.2683 13 15.4305
    endloop
  endfacet
  facet normal -0.156541 5.57912e-19 0.987671
    outer loop
      vertex 4.2683 -3 15.4305
      vertex 3.54462 13 15.3158
      vertex 3.54462 -3 15.3158
    endloop
  endfacet
  facet normal 0.777162 0 -0.629301
    outer loop
      vertex 10.6631 -3 4.35431
      vertex 10.3762 13 4
      vertex 10.6631 13 4.35431
    endloop
  endfacet
  facet normal 0.777162 0 -0.629301
    outer loop
      vertex 10.3762 13 4
      vertex 10.6631 -3 4.35431
      vertex 10.3762 -3 4
    endloop
  endfacet
  facet normal 0.0522723 -8.36499e-20 0.998633
    outer loop
      vertex 5 13 15.4688
      vertex 5.7317 -3 15.4305
      vertex 5.7317 13 15.4305
    endloop
  endfacet
  facet normal 0.0522723 -8.36499e-20 0.998633
    outer loop
      vertex 5.7317 -3 15.4305
      vertex 5 13 15.4688
      vertex 5 -3 15.4688
    endloop
  endfacet
  facet normal 0.838642 0 -0.544683
    outer loop
      vertex 11.0622 -3 4.9688
      vertex 10.6631 13 4.35431
      vertex 11.0622 13 4.9688
    endloop
  endfacet
  facet normal 0.838642 0 -0.544683
    outer loop
      vertex 10.6631 13 4.35431
      vertex 11.0622 -3 4.9688
      vertex 10.6631 -3 4.35431
    endloop
  endfacet
  facet normal 0.965939 0 -0.25877
    outer loop
      vertex 11.847 -3 7.01342
      vertex 11.6574 13 6.30568
      vertex 11.847 13 7.01342
    endloop
  endfacet
  facet normal 0.965939 0 -0.25877
    outer loop
      vertex 11.6574 13 6.30568
      vertex 11.847 -3 7.01342
      vertex 11.6574 -3 6.30568
    endloop
  endfacet
  facet normal 0.933571 0 -0.358394
    outer loop
      vertex 11.6574 -3 6.30568
      vertex 11.3948 13 5.62164
      vertex 11.6574 13 6.30568
    endloop
  endfacet
  facet normal 0.933571 0 -0.358394
    outer loop
      vertex 11.3948 13 5.62164
      vertex 11.6574 -3 6.30568
      vertex 11.3948 -3 5.62164
    endloop
  endfacet
  facet normal 0.707114 -0 0.7071
    outer loop
      vertex 9.68391 -3 13.6708
      vertex 10.202 13 13.1527
      vertex 9.68391 13 13.6708
    endloop
  endfacet
  facet normal 0.707114 0 0.7071
    outer loop
      vertex 10.202 13 13.1527
      vertex 9.68391 -3 13.6708
      vertex 10.202 -3 13.1527
    endloop
  endfacet
  facet normal 0 -1 0
    outer loop
      vertex 2.6906 -3 12.4688
      vertex 5 -3 15.4688
      vertex 4.2683 -3 15.4305
    endloop
  endfacet
  facet normal 0 -1 0
    outer loop
      vertex 2.6906 -3 12.4688
      vertex 4.2683 -3 15.4305
      vertex 3.54462 -3 15.3158
    endloop
  endfacet
  facet normal 0 -1 0
    outer loop
      vertex 7.3094 -3 12.4688
      vertex 5 -3 15.4688
      vertex 2.6906 -3 12.4688
    endloop
  endfacet
  facet normal 0 -1 0
    outer loop
      vertex 2.6906 -3 12.4688
      vertex 3.54462 -3 15.3158
      vertex 2.83688 -3 15.1262
    endloop
  endfacet
  facet normal 0 -1 0
    outer loop
      vertex 5 -3 15.4688
      vertex 7.3094 -3 12.4688
      vertex 5.7317 -3 15.4305
    endloop
  endfacet
  facet normal 0 -1 0
    outer loop
      vertex 2.6906 -3 12.4688
      vertex 2.83688 -3 15.1262
      vertex 2.15284 -3 14.8636
    endloop
  endfacet
  facet normal 0 -1 0
    outer loop
      vertex 5.7317 -3 15.4305
      vertex 7.3094 -3 12.4688
      vertex 6.45538 -3 15.3158
    endloop
  endfacet
  facet normal 0 -1 0
    outer loop
      vertex 2.6906 -3 12.4688
      vertex 2.15284 -3 14.8636
      vertex 1.5 -3 14.531
    endloop
  endfacet
  facet normal 0 -1 0
    outer loop
      vertex 6.45538 -3 15.3158
      vertex 7.3094 -3 12.4688
      vertex 7.16312 -3 15.1262
    endloop
  endfacet
  facet normal 0 -1 0
    outer loop
      vertex 2.6906 -3 12.4688
      vertex 1.5 -3 14.531
      vertex 0.885503 -3 14.1319
    endloop
  endfacet
  facet normal 0 -1 0
    outer loop
      vertex 7.16312 -3 15.1262
      vertex 7.3094 -3 12.4688
      vertex 7.84716 -3 14.8636
    endloop
  endfacet
  facet normal 0 -1 0
    outer loop
      vertex 2.6906 -3 12.4688
      vertex 0.885503 -3 14.1319
      vertex 0.316085 -3 13.6708
    endloop
  endfacet
  facet normal 0 -1 -0
    outer loop
      vertex 7.84716 -3 14.8636
      vertex 7.3094 -3 12.4688
      vertex 8.5 -3 14.531
    endloop
  endfacet
  facet normal 0 -1 0
    outer loop
      vertex 2.6906 -3 12.4688
      vertex 0.316085 -3 13.6708
      vertex -0.202013 -3 13.1527
    endloop
  endfacet
  facet normal 0 -1 -0
    outer loop
      vertex 8.5 -3 14.531
      vertex 7.3094 -3 12.4688
      vertex 9.1145 -3 14.1319
    endloop
  endfacet
  facet normal 0 -1 0
    outer loop
      vertex 2.6906 -3 12.4688
      vertex -0.202013 -3 13.1527
      vertex -0.663118 -3 12.5833
    endloop
  endfacet
  facet normal 0 -1 -0
    outer loop
      vertex 9.1145 -3 14.1319
      vertex 7.3094 -3 12.4688
      vertex 9.68391 -3 13.6708
    endloop
  endfacet
  facet normal 0 -1 -0
    outer loop
      vertex 9.68391 -3 13.6708
      vertex 7.3094 -3 12.4688
      vertex 10.202 -3 13.1527
    endloop
  endfacet
  facet normal 0 -1 0
    outer loop
      vertex -1.06218 -3 11.9688
      vertex 2.6906 -3 12.4688
      vertex -0.663118 -3 12.5833
    endloop
  endfacet
  facet normal 0 -1 0
    outer loop
      vertex 0.381197 -3 8.4688
      vertex -1.06218 -3 11.9688
      vertex -1.39482 -3 11.316
    endloop
  endfacet
  facet normal 0 -1 0
    outer loop
      vertex 0.381197 -3 8.4688
      vertex -1.39482 -3 11.316
      vertex -1.6574 -3 10.6319
    endloop
  endfacet
  facet normal 0 -1 0
    outer loop
      vertex 0.381197 -3 8.4688
      vertex -1.6574 -3 10.6319
      vertex -1.84703 -3 9.92418
    endloop
  endfacet
  facet normal 0 -1 0
    outer loop
      vertex 0.381197 -3 8.4688
      vertex -1.84703 -3 9.92418
      vertex -1.96165 -3 9.2005
    endloop
  endfacet
  facet normal 0 -1 0
    outer loop
      vertex 0.381197 -3 8.4688
      vertex -1.96165 -3 9.2005
      vertex -2 -3 8.4688
    endloop
  endfacet
  facet normal 0 -1 0
    outer loop
      vertex -1.06218 -3 11.9688
      vertex 0.381197 -3 8.4688
      vertex 2.6906 -3 12.4688
    endloop
  endfacet
  facet normal 0 -1 0
    outer loop
      vertex -1.96165 -3 7.7371
      vertex 0.381197 -3 8.4688
      vertex -2 -3 8.4688
    endloop
  endfacet
  facet normal 0 -1 0
    outer loop
      vertex -1.84703 -3 7.01342
      vertex 0.381197 -3 8.4688
      vertex -1.96165 -3 7.7371
    endloop
  endfacet
  facet normal 0 -1 0
    outer loop
      vertex -1.6574 -3 6.30568
      vertex 0.381197 -3 8.4688
      vertex -1.84703 -3 7.01342
    endloop
  endfacet
  facet normal 0 -1 0
    outer loop
      vertex -1.39482 -3 5.62164
      vertex 0.381197 -3 8.4688
      vertex -1.6574 -3 6.30568
    endloop
  endfacet
  facet normal 0 -1 0
    outer loop
      vertex -1.06218 -3 4.9688
      vertex 0.381197 -3 8.4688
      vertex -1.39482 -3 5.62164
    endloop
  endfacet
  facet normal 0 -1 0
    outer loop
      vertex -1.06218 -3 4.9688
      vertex 2.6906 -3 4.4688
      vertex 0.381197 -3 8.4688
    endloop
  endfacet
  facet normal 0 -1 0
    outer loop
      vertex -0.376208 -3 4
      vertex 2.6906 -3 4.4688
      vertex -0.663118 -3 4.35431
    endloop
  endfacet
  facet normal 0 -1 0
    outer loop
      vertex -0.663118 -3 4.35431
      vertex 2.6906 -3 4.4688
      vertex -1.06218 -3 4.9688
    endloop
  endfacet
  facet normal 0 -1 -0
    outer loop
      vertex 10.202 -3 13.1527
      vertex 7.3094 -3 12.4688
      vertex 10.6631 -3 12.5833
    endloop
  endfacet
  facet normal 0 -1 0
    outer loop
      vertex 7.3094 -3 12.4688
      vertex 11.0622 -3 11.9688
      vertex 10.6631 -3 12.5833
    endloop
  endfacet
  facet normal 0 -1 0
    outer loop
      vertex 9.6188 -3 8.4688
      vertex 11.0622 -3 11.9688
      vertex 7.3094 -3 12.4688
    endloop
  endfacet
  facet normal 0 -1 -0
    outer loop
      vertex 11.0622 -3 11.9688
      vertex 9.6188 -3 8.4688
      vertex 11.3948 -3 11.316
    endloop
  endfacet
  facet normal 0 -1 -0
    outer loop
      vertex 11.3948 -3 11.316
      vertex 9.6188 -3 8.4688
      vertex 11.6574 -3 10.6319
    endloop
  endfacet
  facet normal 0 -1 -0
    outer loop
      vertex 11.6574 -3 10.6319
      vertex 9.6188 -3 8.4688
      vertex 11.847 -3 9.92418
    endloop
  endfacet
  facet normal 0 -1 -0
    outer loop
      vertex 11.847 -3 9.92418
      vertex 9.6188 -3 8.4688
      vertex 11.9617 -3 9.2005
    endloop
  endfacet
  facet normal 0 -1 0
    outer loop
      vertex 9.6188 -3 8.4688
      vertex 12 -3 8.4688
      vertex 11.9617 -3 9.2005
    endloop
  endfacet
  facet normal 0 -1 0
    outer loop
      vertex 9.6188 -3 8.4688
      vertex 11.9617 -3 7.7371
      vertex 12 -3 8.4688
    endloop
  endfacet
  facet normal 0 -1 0
    outer loop
      vertex 9.6188 -3 8.4688
      vertex 11.847 -3 7.01342
      vertex 11.9617 -3 7.7371
    endloop
  endfacet
  facet normal 0 -1 0
    outer loop
      vertex 9.6188 -3 8.4688
      vertex 11.6574 -3 6.30568
      vertex 11.847 -3 7.01342
    endloop
  endfacet
  facet normal 0 -1 0
    outer loop
      vertex 9.6188 -3 8.4688
      vertex 11.3948 -3 5.62164
      vertex 11.6574 -3 6.30568
    endloop
  endfacet
  facet normal 0 -1 0
    outer loop
      vertex 9.6188 -3 8.4688
      vertex 11.0622 -3 4.9688
      vertex 11.3948 -3 5.62164
    endloop
  endfacet
  facet normal 0 -1 0
    outer loop
      vertex 7.3094 -3 4.4688
      vertex 11.0622 -3 4.9688
      vertex 9.6188 -3 8.4688
    endloop
  endfacet
  facet normal 0 -1 0
    outer loop
      vertex 7.3094 -3 4.4688
      vertex 10.6631 -3 4.35431
      vertex 11.0622 -3 4.9688
    endloop
  endfacet
  facet normal 0 -1 -0
    outer loop
      vertex 2.6906 -3 4.4688
      vertex -0.376208 -3 4
      vertex 7.3094 -3 4.4688
    endloop
  endfacet
  facet normal 0 -1 0
    outer loop
      vertex 10.3762 -3 4
      vertex 7.3094 -3 4.4688
      vertex -0.376208 -3 4
    endloop
  endfacet
  facet normal 0 -1 0
    outer loop
      vertex 7.3094 -3 4.4688
      vertex 10.3762 -3 4
      vertex 10.6631 -3 4.35431
    endloop
  endfacet
  facet normal 0.891017 -0 0.453971
    outer loop
      vertex 11.0622 -3 11.9688
      vertex 11.3948 13 11.316
      vertex 11.0622 13 11.9688
    endloop
  endfacet
  facet normal 0.891017 0 0.453971
    outer loop
      vertex 11.3948 13 11.316
      vertex 11.0622 -3 11.9688
      vertex 11.3948 -3 11.316
    endloop
  endfacet
  facet normal -0.0522723 8.36499e-20 0.998633
    outer loop
      vertex 4.2683 13 15.4305
      vertex 5 -3 15.4688
      vertex 5 13 15.4688
    endloop
  endfacet
  facet normal -0.0522723 8.36499e-20 0.998633
    outer loop
      vertex 5 -3 15.4688
      vertex 4.2683 13 15.4305
      vertex 4.2683 -3 15.4305
    endloop
  endfacet
  facet normal 0.25877 -2.03007e-19 0.965939
    outer loop
      vertex 6.45538 13 15.3158
      vertex 7.16312 -3 15.1262
      vertex 7.16312 13 15.1262
    endloop
  endfacet
  facet normal 0.25877 -2.03007e-19 0.965939
    outer loop
      vertex 7.16312 -3 15.1262
      vertex 6.45538 13 15.3158
      vertex 6.45538 -3 15.3158
    endloop
  endfacet
  facet normal 0.998633 0 -0.0522723
    outer loop
      vertex 12 -3 8.4688
      vertex 11.9617 13 7.7371
      vertex 12 13 8.4688
    endloop
  endfacet
  facet normal 0.998633 0 -0.0522723
    outer loop
      vertex 11.9617 13 7.7371
      vertex 12 -3 8.4688
      vertex 11.9617 -3 7.7371
    endloop
  endfacet
  facet normal -0.707108 0 0.707105
    outer loop
      vertex -0.202013 -3 13.1527
      vertex 0.316085 13 13.6708
      vertex -0.202013 13 13.1527
    endloop
  endfacet
  facet normal -0.707108 0 0.707105
    outer loop
      vertex 0.316085 13 13.6708
      vertex -0.202013 -3 13.1527
      vertex 0.316085 -3 13.6708
    endloop
  endfacet
  facet normal -0.629316 -1.78162e-18 0.77715
    outer loop
      vertex 0.316085 13 13.6708
      vertex 0.885503 -3 14.1319
      vertex 0.885503 13 14.1319
    endloop
  endfacet
  facet normal -0.629316 -1.78162e-18 0.77715
    outer loop
      vertex 0.885503 -3 14.1319
      vertex 0.316085 13 13.6708
      vertex 0.316085 -3 13.6708
    endloop
  endfacet
  facet normal -0.544678 -2.22475e-19 0.838645
    outer loop
      vertex 0.885503 13 14.1319
      vertex 1.5 -3 14.531
      vertex 1.5 13 14.531
    endloop
  endfacet
  facet normal -0.544678 -2.22475e-19 0.838645
    outer loop
      vertex 1.5 -3 14.531
      vertex 0.885503 13 14.1319
      vertex 0.885503 -3 14.1319
    endloop
  endfacet
  facet normal -0.987688 0 0.156435
    outer loop
      vertex -1.96165 -3 9.2005
      vertex -1.84703 13 9.92418
      vertex -1.96165 13 9.2005
    endloop
  endfacet
  facet normal -0.987688 0 0.156435
    outer loop
      vertex -1.84703 13 9.92418
      vertex -1.96165 -3 9.2005
      vertex -1.84703 -3 9.92418
    endloop
  endfacet
  facet normal -0.93358 0 -0.35837
    outer loop
      vertex -1.39482 -3 5.62164
      vertex -1.6574 13 6.30568
      vertex -1.39482 13 5.62164
    endloop
  endfacet
  facet normal -0.93358 -0 -0.35837
    outer loop
      vertex -1.6574 13 6.30568
      vertex -1.39482 -3 5.62164
      vertex -1.6574 -3 6.30568
    endloop
  endfacet
  facet normal 0.891028 0 -0.453949
    outer loop
      vertex 11.3948 -3 5.62164
      vertex 11.0622 13 4.9688
      vertex 11.3948 13 5.62164
    endloop
  endfacet
  facet normal 0.891028 0 -0.453949
    outer loop
      vertex 11.0622 13 4.9688
      vertex 11.3948 -3 5.62164
      vertex 11.0622 -3 4.9688
    endloop
  endfacet
  facet normal -0.83867 0 0.54464
    outer loop
      vertex -1.06218 -3 11.9688
      vertex -0.663118 13 12.5833
      vertex -1.06218 13 11.9688
    endloop
  endfacet
  facet normal -0.83867 0 0.54464
    outer loop
      vertex -0.663118 13 12.5833
      vertex -1.06218 -3 11.9688
      vertex -0.663118 -3 12.5833
    endloop
  endfacet
  facet normal 0 1 0
    outer loop
      vertex 7.3094 13 12.4688
      vertex 5 13 15.4688
      vertex 5.7317 13 15.4305
    endloop
  endfacet
  facet normal 0 1 0
    outer loop
      vertex 7.3094 13 12.4688
      vertex 5.7317 13 15.4305
      vertex 6.45538 13 15.3158
    endloop
  endfacet
  facet normal 0 1 0
    outer loop
      vertex 2.6906 13 12.4688
      vertex 5 13 15.4688
      vertex 7.3094 13 12.4688
    endloop
  endfacet
  facet normal 0 1 0
    outer loop
      vertex 7.3094 13 12.4688
      vertex 6.45538 13 15.3158
      vertex 7.16312 13 15.1262
    endloop
  endfacet
  facet normal 0 1 0
    outer loop
      vertex 5 13 15.4688
      vertex 2.6906 13 12.4688
      vertex 4.2683 13 15.4305
    endloop
  endfacet
  facet normal 0 1 -0
    outer loop
      vertex 7.3094 13 12.4688
      vertex 7.16312 13 15.1262
      vertex 7.84716 13 14.8636
    endloop
  endfacet
  facet normal 0 1 0
    outer loop
      vertex 4.2683 13 15.4305
      vertex 2.6906 13 12.4688
      vertex 3.54462 13 15.3158
    endloop
  endfacet
  facet normal 0 1 0
    outer loop
      vertex 7.3094 13 12.4688
      vertex 7.84716 13 14.8636
      vertex 8.5 13 14.531
    endloop
  endfacet
  facet normal 0 1 0
    outer loop
      vertex 3.54462 13 15.3158
      vertex 2.6906 13 12.4688
      vertex 2.83688 13 15.1262
    endloop
  endfacet
  facet normal 0 1 0
    outer loop
      vertex 7.3094 13 12.4688
      vertex 8.5 13 14.531
      vertex 9.1145 13 14.1319
    endloop
  endfacet
  facet normal 0 1 0
    outer loop
      vertex 2.83688 13 15.1262
      vertex 2.6906 13 12.4688
      vertex 2.15284 13 14.8636
    endloop
  endfacet
  facet normal 0 1 0
    outer loop
      vertex 7.3094 13 12.4688
      vertex 9.1145 13 14.1319
      vertex 9.68391 13 13.6708
    endloop
  endfacet
  facet normal 0 1 0
    outer loop
      vertex 2.15284 13 14.8636
      vertex 2.6906 13 12.4688
      vertex 1.5 13 14.531
    endloop
  endfacet
  facet normal 0 1 0
    outer loop
      vertex 7.3094 13 12.4688
      vertex 9.68391 13 13.6708
      vertex 10.202 13 13.1527
    endloop
  endfacet
  facet normal 0 1 0
    outer loop
      vertex 1.5 13 14.531
      vertex 2.6906 13 12.4688
      vertex 0.885503 13 14.1319
    endloop
  endfacet
  facet normal 0 1 0
    outer loop
      vertex 7.3094 13 12.4688
      vertex 10.202 13 13.1527
      vertex 10.6631 13 12.5833
    endloop
  endfacet
  facet normal 0 1 0
    outer loop
      vertex 0.885503 13 14.1319
      vertex 2.6906 13 12.4688
      vertex 0.316085 13 13.6708
    endloop
  endfacet
  facet normal 0 1 0
    outer loop
      vertex 0.316085 13 13.6708
      vertex 2.6906 13 12.4688
      vertex -0.202013 13 13.1527
    endloop
  endfacet
  facet normal 0 1 0
    outer loop
      vertex 11.0622 13 11.9688
      vertex 7.3094 13 12.4688
      vertex 10.6631 13 12.5833
    endloop
  endfacet
  facet normal 0 1 0
    outer loop
      vertex 9.6188 13 8.4688
      vertex 11.0622 13 11.9688
      vertex 11.3948 13 11.316
    endloop
  endfacet
  facet normal 0 1 0
    outer loop
      vertex 9.6188 13 8.4688
      vertex 11.3948 13 11.316
      vertex 11.6574 13 10.6319
    endloop
  endfacet
  facet normal 0 1 0
    outer loop
      vertex 9.6188 13 8.4688
      vertex 11.6574 13 10.6319
      vertex 11.847 13 9.92418
    endloop
  endfacet
  facet normal 0 1 0
    outer loop
      vertex 9.6188 13 8.4688
      vertex 11.847 13 9.92418
      vertex 11.9617 13 9.2005
    endloop
  endfacet
  facet normal 0 1 0
    outer loop
      vertex 9.6188 13 8.4688
      vertex 11.9617 13 9.2005
      vertex 12 13 8.4688
    endloop
  endfacet
  facet normal 0 1 0
    outer loop
      vertex 11.0622 13 11.9688
      vertex 9.6188 13 8.4688
      vertex 7.3094 13 12.4688
    endloop
  endfacet
  facet normal 0 1 -0
    outer loop
      vertex 11.9617 13 7.7371
      vertex 9.6188 13 8.4688
      vertex 12 13 8.4688
    endloop
  endfacet
  facet normal 0 1 -0
    outer loop
      vertex 11.847 13 7.01342
      vertex 9.6188 13 8.4688
      vertex 11.9617 13 7.7371
    endloop
  endfacet
  facet normal 0 1 -0
    outer loop
      vertex 11.6574 13 6.30568
      vertex 9.6188 13 8.4688
      vertex 11.847 13 7.01342
    endloop
  endfacet
  facet normal 0 1 -0
    outer loop
      vertex 11.3948 13 5.62164
      vertex 9.6188 13 8.4688
      vertex 11.6574 13 6.30568
    endloop
  endfacet
  facet normal 0 1 -0
    outer loop
      vertex 11.0622 13 4.9688
      vertex 9.6188 13 8.4688
      vertex 11.3948 13 5.62164
    endloop
  endfacet
  facet normal 0 1 0
    outer loop
      vertex 11.0622 13 4.9688
      vertex 7.3094 13 4.4688
      vertex 9.6188 13 8.4688
    endloop
  endfacet
  facet normal 0 1 -0
    outer loop
      vertex 10.3762 13 4
      vertex 7.3094 13 4.4688
      vertex 10.6631 13 4.35431
    endloop
  endfacet
  facet normal 0 1 -0
    outer loop
      vertex 10.6631 13 4.35431
      vertex 7.3094 13 4.4688
      vertex 11.0622 13 4.9688
    endloop
  endfacet
  facet normal 0 1 0
    outer loop
      vertex -0.202013 13 13.1527
      vertex 2.6906 13 12.4688
      vertex -0.663118 13 12.5833
    endloop
  endfacet
  facet normal 0 1 0
    outer loop
      vertex 2.6906 13 12.4688
      vertex -1.06218 13 11.9688
      vertex -0.663118 13 12.5833
    endloop
  endfacet
  facet normal 0 1 -0
    outer loop
      vertex 0.381197 13 8.4688
      vertex -1.06218 13 11.9688
      vertex 2.6906 13 12.4688
    endloop
  endfacet
  facet normal 0 1 0
    outer loop
      vertex -1.06218 13 11.9688
      vertex 0.381197 13 8.4688
      vertex -1.39482 13 11.316
    endloop
  endfacet
  facet normal 0 1 0
    outer loop
      vertex -1.39482 13 11.316
      vertex 0.381197 13 8.4688
      vertex -1.6574 13 10.6319
    endloop
  endfacet
  facet normal 0 1 0
    outer loop
      vertex -1.6574 13 10.6319
      vertex 0.381197 13 8.4688
      vertex -1.84703 13 9.92418
    endloop
  endfacet
  facet normal 0 1 0
    outer loop
      vertex -1.84703 13 9.92418
      vertex 0.381197 13 8.4688
      vertex -1.96165 13 9.2005
    endloop
  endfacet
  facet normal 0 1 0
    outer loop
      vertex 0.381197 13 8.4688
      vertex -2 13 8.4688
      vertex -1.96165 13 9.2005
    endloop
  endfacet
  facet normal 0 1 0
    outer loop
      vertex 0.381197 13 8.4688
      vertex -1.96165 13 7.7371
      vertex -2 13 8.4688
    endloop
  endfacet
  facet normal 0 1 0
    outer loop
      vertex 0.381197 13 8.4688
      vertex -1.84703 13 7.01342
      vertex -1.96165 13 7.7371
    endloop
  endfacet
  facet normal 0 1 0
    outer loop
      vertex 0.381197 13 8.4688
      vertex -1.6574 13 6.30568
      vertex -1.84703 13 7.01342
    endloop
  endfacet
  facet normal 0 1 0
    outer loop
      vertex 0.381197 13 8.4688
      vertex -1.39482 13 5.62164
      vertex -1.6574 13 6.30568
    endloop
  endfacet
  facet normal 0 1 0
    outer loop
      vertex 0.381197 13 8.4688
      vertex -1.06218 13 4.9688
      vertex -1.39482 13 5.62164
    endloop
  endfacet
  facet normal 0 1 0
    outer loop
      vertex 2.6906 13 4.4688
      vertex -1.06218 13 4.9688
      vertex 0.381197 13 8.4688
    endloop
  endfacet
  facet normal 0 1 0
    outer loop
      vertex 2.6906 13 4.4688
      vertex -0.663118 13 4.35431
      vertex -1.06218 13 4.9688
    endloop
  endfacet
  facet normal 0 1 0
    outer loop
      vertex 7.3094 13 4.4688
      vertex 10.3762 13 4
      vertex 2.6906 13 4.4688
    endloop
  endfacet
  facet normal 0 1 0
    outer loop
      vertex -0.376208 13 4
      vertex 2.6906 13 4.4688
      vertex 10.3762 13 4
    endloop
  endfacet
  facet normal 0 1 0
    outer loop
      vertex 2.6906 13 4.4688
      vertex -0.376208 13 4
      vertex -0.663118 13 4.35431
    endloop
  endfacet
  facet normal -0.93359 0 0.358343
    outer loop
      vertex -1.6574 -3 10.6319
      vertex -1.39482 13 11.316
      vertex -1.6574 13 10.6319
    endloop
  endfacet
  facet normal -0.93359 0 0.358343
    outer loop
      vertex -1.39482 13 11.316
      vertex -1.6574 -3 10.6319
      vertex -1.39482 -3 11.316
    endloop
  endfacet
  facet normal -0.891006 0 -0.453992
    outer loop
      vertex -1.06218 -3 4.9688
      vertex -1.39482 13 5.62164
      vertex -1.06218 13 4.9688
    endloop
  endfacet
  facet normal -0.891006 -0 -0.453992
    outer loop
      vertex -1.39482 13 5.62164
      vertex -1.06218 -3 4.9688
      vertex -1.39482 -3 5.62164
    endloop
  endfacet
  facet normal 0 0 -1
    outer loop
      vertex 2.6906 -9 4.4688
      vertex 7.3094 -3 4.4688
      vertex 7.3094 -9 4.4688
    endloop
  endfacet
  facet normal -0 0 -1
    outer loop
      vertex 7.3094 -3 4.4688
      vertex 2.6906 -9 4.4688
      vertex 2.6906 -3 4.4688
    endloop
  endfacet
  facet normal 0 0 -1
    outer loop
      vertex 2.6906 13 4.4688
      vertex 7.3094 19 4.4688
      vertex 7.3094 13 4.4688
    endloop
  endfacet
  facet normal -0 0 -1
    outer loop
      vertex 7.3094 19 4.4688
      vertex 2.6906 13 4.4688
      vertex 2.6906 19 4.4688
    endloop
  endfacet
  facet normal -0 0 1
    outer loop
      vertex 2.6906 19 12.4688
      vertex 7.3094 13 12.4688
      vertex 7.3094 19 12.4688
    endloop
  endfacet
  facet normal 0 0 1
    outer loop
      vertex 7.3094 13 12.4688
      vertex 2.6906 19 12.4688
      vertex 2.6906 13 12.4688
    endloop
  endfacet
  facet normal -0 0 1
    outer loop
      vertex 2.6906 -3 12.4688
      vertex 7.3094 -9 12.4688
      vertex 7.3094 -3 12.4688
    endloop
  endfacet
  facet normal 0 0 1
    outer loop
      vertex 7.3094 -9 12.4688
      vertex 2.6906 -3 12.4688
      vertex 2.6906 -9 12.4688
    endloop
  endfacet
  facet normal 0.866026 -0 0.5
    outer loop
      vertex 7.3094 13 12.4688
      vertex 9.6188 19 8.4688
      vertex 7.3094 19 12.4688
    endloop
  endfacet
  facet normal 0.866026 0 0.5
    outer loop
      vertex 9.6188 19 8.4688
      vertex 7.3094 13 12.4688
      vertex 9.6188 13 8.4688
    endloop
  endfacet
  facet normal 0.866026 -0 0.5
    outer loop
      vertex 7.3094 -9 12.4688
      vertex 9.6188 -3 8.4688
      vertex 7.3094 -3 12.4688
    endloop
  endfacet
  facet normal 0.866026 0 0.5
    outer loop
      vertex 9.6188 -3 8.4688
      vertex 7.3094 -9 12.4688
      vertex 9.6188 -9 8.4688
    endloop
  endfacet
  facet normal -0.866025 0 0.5
    outer loop
      vertex 0.381197 -9 8.4688
      vertex 2.6906 -3 12.4688
      vertex 0.381197 -3 8.4688
    endloop
  endfacet
  facet normal -0.866025 0 0.5
    outer loop
      vertex 2.6906 -3 12.4688
      vertex 0.381197 -9 8.4688
      vertex 2.6906 -9 12.4688
    endloop
  endfacet
  facet normal -0.866025 0 0.5
    outer loop
      vertex 0.381197 13 8.4688
      vertex 2.6906 19 12.4688
      vertex 0.381197 19 8.4688
    endloop
  endfacet
  facet normal -0.866025 0 0.5
    outer loop
      vertex 2.6906 19 12.4688
      vertex 0.381197 13 8.4688
      vertex 2.6906 13 12.4688
    endloop
  endfacet
  facet normal -0.866025 0 -0.5
    outer loop
      vertex 2.6906 -9 4.4688
      vertex 0.381197 -3 8.4688
      vertex 2.6906 -3 4.4688
    endloop
  endfacet
  facet normal -0.866025 -0 -0.5
    outer loop
      vertex 0.381197 -3 8.4688
      vertex 2.6906 -9 4.4688
      vertex 0.381197 -9 8.4688
    endloop
  endfacet
  facet normal -0.866025 0 -0.5
    outer loop
      vertex 2.6906 13 4.4688
      vertex 0.381197 19 8.4688
      vertex 2.6906 19 4.4688
    endloop
  endfacet
  facet normal -0.866025 -0 -0.5
    outer loop
      vertex 0.381197 19 8.4688
      vertex 2.6906 13 4.4688
      vertex 0.381197 13 8.4688
    endloop
  endfacet
  facet normal 0 -1 0
    outer loop
      vertex 0.381197 -9 8.4688
      vertex 7.3094 -9 12.4688
      vertex 2.6906 -9 12.4688
    endloop
  endfacet
  facet normal 0 -1 0
    outer loop
      vertex 0.381197 -9 8.4688
      vertex 9.6188 -9 8.4688
      vertex 7.3094 -9 12.4688
    endloop
  endfacet
  facet normal 0 -1 0
    outer loop
      vertex 2.6906 -9 4.4688
      vertex 9.6188 -9 8.4688
      vertex 0.381197 -9 8.4688
    endloop
  endfacet
  facet normal 0 -1 0
    outer loop
      vertex 9.6188 -9 8.4688
      vertex 2.6906 -9 4.4688
      vertex 7.3094 -9 4.4688
    endloop
  endfacet
  facet normal 0 1 0
    outer loop
      vertex 9.6188 19 8.4688
      vertex 2.6906 19 12.4688
      vertex 7.3094 19 12.4688
    endloop
  endfacet
  facet normal 0 1 0
    outer loop
      vertex 9.6188 19 8.4688
      vertex 0.381197 19 8.4688
      vertex 2.6906 19 12.4688
    endloop
  endfacet
  facet normal 0 1 -0
    outer loop
      vertex 7.3094 19 4.4688
      vertex 0.381197 19 8.4688
      vertex 9.6188 19 8.4688
    endloop
  endfacet
  facet normal 0 1 0
    outer loop
      vertex 0.381197 19 8.4688
      vertex 7.3094 19 4.4688
      vertex 2.6906 19 4.4688
    endloop
  endfacet
  facet normal 0.866026 0 -0.5
    outer loop
      vertex 9.6188 13 8.4688
      vertex 7.3094 19 4.4688
      vertex 9.6188 19 8.4688
    endloop
  endfacet
  facet normal 0.866026 0 -0.5
    outer loop
      vertex 7.3094 19 4.4688
      vertex 9.6188 13 8.4688
      vertex 7.3094 13 4.4688
    endloop
  endfacet
  facet normal 0.866026 0 -0.5
    outer loop
      vertex 9.6188 -9 8.4688
      vertex 7.3094 -3 4.4688
      vertex 9.6188 -3 8.4688
    endloop
  endfacet
  facet normal 0.866026 0 -0.5
    outer loop
      vertex 7.3094 -3 4.4688
      vertex 9.6188 -9 8.4688
      vertex 7.3094 -9 4.4688
    endloop
  endfacet
  facet normal 0.987677 0.156507 2.60121e-18
    outer loop
      vertex 55.4699 5.57491 13.9688
      vertex 55.3798 6.14351 12.7742
      vertex 55.3798 6.14351 13.9688
    endloop
  endfacet
  facet normal 0.987705 0.156329 -8.65987e-05
    outer loop
      vertex 55.3798 6.14351 12.7742
      vertex 55.4699 5.57491 13.9688
      vertex 55.3944 6.0512 12.6558
    endloop
  endfacet
  facet normal 0.987668 0.156562 -3.25026e-18
    outer loop
      vertex 55.3944 6.0512 12.6558
      vertex 55.4699 5.57491 13.9688
      vertex 55.4699 5.57491 12.0447
    endloop
  endfacet
  facet normal 0.987722 0.156221 -6.46684e-18
    outer loop
      vertex 55.3944 6.0512 4.28185
      vertex 55.3798 6.14351 4
      vertex 55.3798 6.14351 4.16341
    endloop
  endfacet
  facet normal 0.987668 0.156562 -0
    outer loop
      vertex 55.4699 5.57491 4
      vertex 55.3944 6.0512 4.28185
      vertex 55.4699 5.57491 4.89295
    endloop
  endfacet
  facet normal 0.987677 0.156507 9.59636e-05
    outer loop
      vertex 55.3944 6.0512 4.28185
      vertex 55.4699 5.57491 4
      vertex 55.3798 6.14351 4
    endloop
  endfacet
  facet normal 0.998632 0.0522844 -1.1283e-18
    outer loop
      vertex 55.5 5 13.9688
      vertex 55.4699 5.57491 12.0447
      vertex 55.4699 5.57491 13.9688
    endloop
  endfacet
  facet normal 0.998633 0.0522775 -2.06082e-06
    outer loop
      vertex 55.4699 5.57491 12.0447
      vertex 55.5 5 13.9688
      vertex 55.4936 5.12216 11.5303
    endloop
  endfacet
  facet normal 0.99863 0.0523186 6.70411e-20
    outer loop
      vertex 55.4936 5.12216 11.5303
      vertex 55.5 5 13.9688
      vertex 55.5 5 11.2312
    endloop
  endfacet
  facet normal 0.998633 0.0522791 3.43527e-06
    outer loop
      vertex 55.5 5 4
      vertex 55.4699 5.57491 4.89295
      vertex 55.4936 5.12216 5.40733
    endloop
  endfacet
  facet normal 0.99863 0.0523186 -0
    outer loop
      vertex 55.5 5 4
      vertex 55.4936 5.12216 5.40733
      vertex 55.5 5 5.70639
    endloop
  endfacet
  facet normal 0.998632 0.0522844 0
    outer loop
      vertex 55.4699 5.57491 4.89295
      vertex 55.5 5 4
      vertex 55.4699 5.57491 4
    endloop
  endfacet
  facet normal -0.933587 -0.35835 -5.97113e-19
    outer loop
      vertex 44.9755 2.76295 4
      vertex 44.7692 3.30041 13.9688
      vertex 44.7692 3.30041 4
    endloop
  endfacet
  facet normal -0.933587 -0.35835 -5.97113e-19
    outer loop
      vertex 44.7692 3.30041 13.9688
      vertex 44.9755 2.76295 4
      vertex 44.9755 2.76295 13.9688
    endloop
  endfacet
  facet normal -0.987705 0.156329 -8.65987e-05
    outer loop
      vertex 44.5301 5.57491 13.9688
      vertex 44.6202 6.14351 12.7742
      vertex 44.6056 6.0512 12.6558
    endloop
  endfacet
  facet normal -0.987668 0.156562 0
    outer loop
      vertex 44.5301 5.57491 13.9688
      vertex 44.6056 6.0512 12.6558
      vertex 44.5301 5.57491 12.0447
    endloop
  endfacet
  facet normal -0.987677 0.156507 0
    outer loop
      vertex 44.6202 6.14351 12.7742
      vertex 44.5301 5.57491 13.9688
      vertex 44.6202 6.14351 13.9688
    endloop
  endfacet
  facet normal -0.987722 0.156221 0
    outer loop
      vertex 44.6202 6.14351 4
      vertex 44.6056 6.0512 4.28185
      vertex 44.6202 6.14351 4.16341
    endloop
  endfacet
  facet normal -0.987677 0.156507 9.59636e-05
    outer loop
      vertex 44.5301 5.57491 4
      vertex 44.6056 6.0512 4.28185
      vertex 44.6202 6.14351 4
    endloop
  endfacet
  facet normal -0.987668 0.156562 7.00356e-18
    outer loop
      vertex 44.6056 6.0512 4.28185
      vertex 44.5301 5.57491 4
      vertex 44.5301 5.57491 4.89295
    endloop
  endfacet
  facet normal -0.156437 -0.987688 0
    outer loop
      vertex 48.8565 -0.379811 4
      vertex 49.4251 -0.46987 13.9688
      vertex 48.8565 -0.379811 13.9688
    endloop
  endfacet
  facet normal -0.156437 -0.987688 -0
    outer loop
      vertex 49.4251 -0.46987 13.9688
      vertex 48.8565 -0.379811 4
      vertex 49.4251 -0.46987 4
    endloop
  endfacet
  facet normal 0.998632 -0.0522844 7.93015e-19
    outer loop
      vertex 55.4699 4.42509 13.9688
      vertex 55.5 5 11.2312
      vertex 55.5 5 13.9688
    endloop
  endfacet
  facet normal 0.998597 -0.0529457 -0.000139266
    outer loop
      vertex 55.5 5 11.2312
      vertex 55.4699 4.42509 13.9688
      vertex 55.4991 4.98312 11.1952
    endloop
  endfacet
  facet normal 0.998632 -0.05229 -6.9784e-06
    outer loop
      vertex 55.4991 4.98312 11.1952
      vertex 55.4699 4.42509 13.9688
      vertex 55.4751 4.5249 10.2169
    endloop
  endfacet
  facet normal 0.998646 -0.0520284 -1.00297e-19
    outer loop
      vertex 55.4751 4.5249 10.2169
      vertex 55.4699 4.42509 13.9688
      vertex 55.4699 4.42509 9.93079
    endloop
  endfacet
  facet normal 0.998603 -0.0528414 0.000188174
    outer loop
      vertex 55.4699 4.42509 4
      vertex 55.5 5 5.70639
      vertex 55.4991 4.98312 5.74242
    endloop
  endfacet
  facet normal 0.998632 -0.0522848 9.4311e-06
    outer loop
      vertex 55.4699 4.42509 4
      vertex 55.4991 4.98312 5.74242
      vertex 55.4751 4.5249 6.72074
    endloop
  endfacet
  facet normal 0.998646 -0.0520284 0
    outer loop
      vertex 55.4699 4.42509 4
      vertex 55.4751 4.5249 6.72074
      vertex 55.4699 4.42509 7.00681
    endloop
  endfacet
  facet normal 0.998632 -0.0522844 0
    outer loop
      vertex 55.5 5 5.70639
      vertex 55.4699 4.42509 4
      vertex 55.5 5 4
    endloop
  endfacet
  facet normal 0.62932 -0.777146 0
    outer loop
      vertex 53.2328 0.550406 4
      vertex 53.6802 0.912703 13.9688
      vertex 53.2328 0.550406 13.9688
    endloop
  endfacet
  facet normal 0.62932 -0.777146 0
    outer loop
      vertex 53.6802 0.912703 13.9688
      vertex 53.2328 0.550406 4
      vertex 53.6802 0.912703 4
    endloop
  endfacet
  facet normal 0.25881 -0.965928 0
    outer loop
      vertex 51.1435 -0.379811 4
      vertex 51.6996 -0.23081 13.9688
      vertex 51.1435 -0.379811 13.9688
    endloop
  endfacet
  facet normal 0.25881 -0.965928 0
    outer loop
      vertex 51.6996 -0.23081 13.9688
      vertex 51.1435 -0.379811 4
      vertex 51.6996 -0.23081 4
    endloop
  endfacet
  facet normal 0.777144 -0.629323 -9.49381e-19
    outer loop
      vertex 54.0873 1.31978 13.9688
      vertex 54.4496 1.76718 4
      vertex 54.4496 1.76718 13.9688
    endloop
  endfacet
  facet normal 0.777144 -0.629323 -9.49381e-19
    outer loop
      vertex 54.4496 1.76718 4
      vertex 54.0873 1.31978 13.9688
      vertex 54.0873 1.31978 4
    endloop
  endfacet
  facet normal 0.838708 -0.544582 -1.23578e-18
    outer loop
      vertex 54.4496 1.76718 13.9688
      vertex 54.7631 2.25 4
      vertex 54.7631 2.25 13.9688
    endloop
  endfacet
  facet normal 0.838708 -0.544582 -1.23578e-18
    outer loop
      vertex 54.7631 2.25 4
      vertex 54.4496 1.76718 13.9688
      vertex 54.4496 1.76718 4
    endloop
  endfacet
  facet normal -0.544654 -0.838661 0
    outer loop
      vertex 46.7672 0.550406 4
      vertex 47.25 0.23686 13.9688
      vertex 46.7672 0.550406 13.9688
    endloop
  endfacet
  facet normal -0.544654 -0.838661 -0
    outer loop
      vertex 47.25 0.23686 13.9688
      vertex 46.7672 0.550406 4
      vertex 47.25 0.23686 4
    endloop
  endfacet
  facet normal -0.62932 -0.777146 0
    outer loop
      vertex 46.3198 0.912703 4
      vertex 46.7672 0.550406 13.9688
      vertex 46.3198 0.912703 13.9688
    endloop
  endfacet
  facet normal -0.62932 -0.777146 -0
    outer loop
      vertex 46.7672 0.550406 13.9688
      vertex 46.3198 0.912703 4
      vertex 46.7672 0.550406 4
    endloop
  endfacet
  facet normal 0.358342 -0.93359 0
    outer loop
      vertex 51.6996 -0.23081 4
      vertex 52.2371 -0.0244999 13.9688
      vertex 51.6996 -0.23081 13.9688
    endloop
  endfacet
  facet normal 0.358342 -0.93359 0
    outer loop
      vertex 52.2371 -0.0244999 13.9688
      vertex 51.6996 -0.23081 4
      vertex 52.2371 -0.0244999 4
    endloop
  endfacet
  facet normal 0.544654 -0.838661 0
    outer loop
      vertex 52.75 0.23686 4
      vertex 53.2328 0.550406 13.9688
      vertex 52.75 0.23686 13.9688
    endloop
  endfacet
  facet normal 0.544654 -0.838661 0
    outer loop
      vertex 53.2328 0.550406 13.9688
      vertex 52.75 0.23686 4
      vertex 53.2328 0.550406 4
    endloop
  endfacet
  facet normal 0.933587 -0.35835 5.97113e-19
    outer loop
      vertex 55.0245 2.76295 13.9688
      vertex 55.2308 3.30041 4
      vertex 55.2308 3.30041 13.9688
    endloop
  endfacet
  facet normal 0.933587 -0.35835 5.97113e-19
    outer loop
      vertex 55.2308 3.30041 4
      vertex 55.0245 2.76295 13.9688
      vertex 55.0245 2.76295 4
    endloop
  endfacet
  facet normal -0.965885 0.25897 0.000184094
    outer loop
      vertex 44.6202 6.14351 13.9688
      vertex 44.7692 6.69959 13.4735
      vertex 44.7256 6.53707 13.3389
    endloop
  endfacet
  facet normal -0.965959 0.258695 0
    outer loop
      vertex 44.6202 6.14351 13.9688
      vertex 44.7256 6.53707 13.3389
      vertex 44.6202 6.14351 12.7742
    endloop
  endfacet
  facet normal -0.965926 0.258817 0
    outer loop
      vertex 44.7692 6.69959 13.4735
      vertex 44.6202 6.14351 13.9688
      vertex 44.7692 6.69959 13.9688
    endloop
  endfacet
  facet normal -0.965961 0.258687 -1.10975e-17
    outer loop
      vertex 44.6507 6.2574 4
      vertex 44.6202 6.14351 4
      vertex 44.6202 6.14351 4.16341
    endloop
  endfacet
  facet normal -0.707087 -0.707127 -1.07316e-18
    outer loop
      vertex 46.3198 0.912703 4
      vertex 45.9127 1.31978 13.9688
      vertex 45.9127 1.31978 4
    endloop
  endfacet
  facet normal -0.707087 -0.707127 -1.07316e-18
    outer loop
      vertex 45.9127 1.31978 13.9688
      vertex 46.3198 0.912703 4
      vertex 46.3198 0.912703 13.9688
    endloop
  endfacet
  facet normal 0.156437 -0.987688 0
    outer loop
      vertex 50.5749 -0.46987 4
      vertex 51.1435 -0.379811 13.9688
      vertex 50.5749 -0.46987 13.9688
    endloop
  endfacet
  facet normal 0.156437 -0.987688 0
    outer loop
      vertex 51.1435 -0.379811 13.9688
      vertex 50.5749 -0.46987 4
      vertex 51.1435 -0.379811 4
    endloop
  endfacet
  facet normal 0 0 1
    outer loop
      vertex 54.0425 5.95753 13.9688
      vertex 55.5 5 13.9688
      vertex 55.4699 5.57491 13.9688
    endloop
  endfacet
  facet normal -0 0 1
    outer loop
      vertex 54.0425 5.95753 13.9688
      vertex 55.4699 5.57491 13.9688
      vertex 55.3798 6.14351 13.9688
    endloop
  endfacet
  facet normal -0 0 1
    outer loop
      vertex 53.6122 5.6274 13.9688
      vertex 55.5 5 13.9688
      vertex 54.0425 5.95753 13.9688
    endloop
  endfacet
  facet normal -0 0 1
    outer loop
      vertex 54.3726 6.38776 13.9688
      vertex 55.3798 6.14351 13.9688
      vertex 55.2308 6.69959 13.9688
    endloop
  endfacet
  facet normal 0 0 1
    outer loop
      vertex 55.5 5 13.9688
      vertex 53.6122 5.6274 13.9688
      vertex 55.4699 4.42509 13.9688
    endloop
  endfacet
  facet normal -0 0 1
    outer loop
      vertex 54.951 7.14154 13.9688
      vertex 55.2308 6.69959 13.9688
      vertex 55.0245 7.23705 13.9688
    endloop
  endfacet
  facet normal 0 0 1
    outer loop
      vertex 54.3726 6.38776 13.9688
      vertex 55.2308 6.69959 13.9688
      vertex 54.951 7.14154 13.9688
    endloop
  endfacet
  facet normal 0 0 1
    outer loop
      vertex 54.951 7.14154 13.9688
      vertex 55.0245 7.23705 13.9688
      vertex 55.0058 7.2738 13.9688
    endloop
  endfacet
  facet normal 0 0 1
    outer loop
      vertex 55.3798 6.14351 13.9688
      vertex 54.3726 6.38776 13.9688
      vertex 54.0425 5.95753 13.9688
    endloop
  endfacet
  facet normal 0 0 1
    outer loop
      vertex 55.4699 4.42509 13.9688
      vertex 53.6122 5.6274 13.9688
      vertex 55.3798 3.85649 13.9688
    endloop
  endfacet
  facet normal -0 0 1
    outer loop
      vertex 52.8585 5.049 13.9688
      vertex 55.3798 3.85649 13.9688
      vertex 53.6122 5.6274 13.9688
    endloop
  endfacet
  facet normal 0 0 1
    outer loop
      vertex 55.3798 3.85649 13.9688
      vertex 52.8585 5.049 13.9688
      vertex 55.2308 3.30041 13.9688
    endloop
  endfacet
  facet normal 0 0 1
    outer loop
      vertex 55.2308 3.30041 13.9688
      vertex 52.8585 5.049 13.9688
      vertex 55.0245 2.76295 13.9688
    endloop
  endfacet
  facet normal 0 0 1
    outer loop
      vertex 55.0245 2.76295 13.9688
      vertex 52.8585 5.049 13.9688
      vertex 54.7631 2.25 13.9688
    endloop
  endfacet
  facet normal -0 0 1
    outer loop
      vertex 51.9807 4.68541 13.9688
      vertex 54.7631 2.25 13.9688
      vertex 52.8585 5.049 13.9688
    endloop
  endfacet
  facet normal 0 0 1
    outer loop
      vertex 54.7631 2.25 13.9688
      vertex 51.9807 4.68541 13.9688
      vertex 54.4496 1.76718 13.9688
    endloop
  endfacet
  facet normal 0 0 1
    outer loop
      vertex 54.4496 1.76718 13.9688
      vertex 51.9807 4.68541 13.9688
      vertex 54.0873 1.31978 13.9688
    endloop
  endfacet
  facet normal -0 0 1
    outer loop
      vertex 51.4796 4.47788 13.9688
      vertex 54.0873 1.31978 13.9688
      vertex 51.9807 4.68541 13.9688
    endloop
  endfacet
  facet normal 0 0 1
    outer loop
      vertex 54.0873 1.31978 13.9688
      vertex 51.4796 4.47788 13.9688
      vertex 53.6802 0.912703 13.9688
    endloop
  endfacet
  facet normal 0 0 1
    outer loop
      vertex 53.6802 0.912703 13.9688
      vertex 51.4796 4.47788 13.9688
      vertex 53.2328 0.550406 13.9688
    endloop
  endfacet
  facet normal 0 0 1
    outer loop
      vertex 53.2328 0.550406 13.9688
      vertex 51.4796 4.47788 13.9688
      vertex 52.75 0.23686 13.9688
    endloop
  endfacet
  facet normal 0 0 1
    outer loop
      vertex 52.75 0.23686 13.9688
      vertex 51.4796 4.47788 13.9688
      vertex 52.2371 -0.0244999 13.9688
    endloop
  endfacet
  facet normal -0 0 1
    outer loop
      vertex 50.5377 4.35387 13.9688
      vertex 52.2371 -0.0244999 13.9688
      vertex 51.4796 4.47788 13.9688
    endloop
  endfacet
  facet normal 0 0 1
    outer loop
      vertex 52.2371 -0.0244999 13.9688
      vertex 50.5377 4.35387 13.9688
      vertex 51.6996 -0.23081 13.9688
    endloop
  endfacet
  facet normal 0 0 1
    outer loop
      vertex 51.6996 -0.23081 13.9688
      vertex 50.5377 4.35387 13.9688
      vertex 51.1435 -0.379811 13.9688
    endloop
  endfacet
  facet normal -0 0 1
    outer loop
      vertex 50 4.28308 13.9688
      vertex 51.1435 -0.379811 13.9688
      vertex 50.5377 4.35387 13.9688
    endloop
  endfacet
  facet normal 0 0 1
    outer loop
      vertex 51.1435 -0.379811 13.9688
      vertex 50 4.28308 13.9688
      vertex 50.5749 -0.46987 13.9688
    endloop
  endfacet
  facet normal 0 0 1
    outer loop
      vertex 50 4.28308 13.9688
      vertex 50 -0.5 13.9688
      vertex 50.5749 -0.46987 13.9688
    endloop
  endfacet
  facet normal 0 0 1
    outer loop
      vertex 48.8565 -0.379811 13.9688
      vertex 50 4.28308 13.9688
      vertex 49.4623 4.35387 13.9688
    endloop
  endfacet
  facet normal 0 0 1
    outer loop
      vertex 50 4.28308 13.9688
      vertex 49.4251 -0.46987 13.9688
      vertex 50 -0.5 13.9688
    endloop
  endfacet
  facet normal 0 0 1
    outer loop
      vertex 50 4.28308 13.9688
      vertex 48.8565 -0.379811 13.9688
      vertex 49.4251 -0.46987 13.9688
    endloop
  endfacet
  facet normal 0 0 1
    outer loop
      vertex 47.7629 -0.0244999 13.9688
      vertex 49.4623 4.35387 13.9688
      vertex 48.5204 4.47788 13.9688
    endloop
  endfacet
  facet normal 0 0 1
    outer loop
      vertex 49.4623 4.35387 13.9688
      vertex 48.3004 -0.23081 13.9688
      vertex 48.8565 -0.379811 13.9688
    endloop
  endfacet
  facet normal 0 0 1
    outer loop
      vertex 45.9127 1.31978 13.9688
      vertex 48.5204 4.47788 13.9688
      vertex 48.0193 4.68541 13.9688
    endloop
  endfacet
  facet normal 0 0 1
    outer loop
      vertex 49.4623 4.35387 13.9688
      vertex 47.7629 -0.0244999 13.9688
      vertex 48.3004 -0.23081 13.9688
    endloop
  endfacet
  facet normal 0 0 1
    outer loop
      vertex 48.5204 4.47788 13.9688
      vertex 47.25 0.23686 13.9688
      vertex 47.7629 -0.0244999 13.9688
    endloop
  endfacet
  facet normal 0 0 1
    outer loop
      vertex 45.2369 2.25 13.9688
      vertex 48.0193 4.68541 13.9688
      vertex 47.1415 5.049 13.9688
    endloop
  endfacet
  facet normal 0 0 1
    outer loop
      vertex 48.5204 4.47788 13.9688
      vertex 46.7672 0.550406 13.9688
      vertex 47.25 0.23686 13.9688
    endloop
  endfacet
  facet normal 0 0 1
    outer loop
      vertex 44.6202 3.85649 13.9688
      vertex 47.1415 5.049 13.9688
      vertex 46.3878 5.6274 13.9688
    endloop
  endfacet
  facet normal 0 0 1
    outer loop
      vertex 48.5204 4.47788 13.9688
      vertex 46.3198 0.912703 13.9688
      vertex 46.7672 0.550406 13.9688
    endloop
  endfacet
  facet normal 0 0 1
    outer loop
      vertex 44.5 5 13.9688
      vertex 46.3878 5.6274 13.9688
      vertex 45.9575 5.95753 13.9688
    endloop
  endfacet
  facet normal 0 0 1
    outer loop
      vertex 48.5204 4.47788 13.9688
      vertex 45.9127 1.31978 13.9688
      vertex 46.3198 0.912703 13.9688
    endloop
  endfacet
  facet normal 0 0 1
    outer loop
      vertex 44.5301 5.57491 13.9688
      vertex 45.9575 5.95753 13.9688
      vertex 45.6274 6.38776 13.9688
    endloop
  endfacet
  facet normal 0 0 1
    outer loop
      vertex 48.0193 4.68541 13.9688
      vertex 45.5504 1.76718 13.9688
      vertex 45.9127 1.31978 13.9688
    endloop
  endfacet
  facet normal 0 0 1
    outer loop
      vertex 48.0193 4.68541 13.9688
      vertex 45.2369 2.25 13.9688
      vertex 45.5504 1.76718 13.9688
    endloop
  endfacet
  facet normal -0 0 1
    outer loop
      vertex 44.7692 6.69959 13.9688
      vertex 45.6274 6.38776 13.9688
      vertex 45.049 7.14154 13.9688
    endloop
  endfacet
  facet normal -0 0 1
    outer loop
      vertex 44.9755 7.23705 13.9688
      vertex 45.049 7.14154 13.9688
      vertex 44.9942 7.2738 13.9688
    endloop
  endfacet
  facet normal 0 0 1
    outer loop
      vertex 45.049 7.14154 13.9688
      vertex 44.9755 7.23705 13.9688
      vertex 44.7692 6.69959 13.9688
    endloop
  endfacet
  facet normal 0 0 1
    outer loop
      vertex 47.1415 5.049 13.9688
      vertex 44.9755 2.76295 13.9688
      vertex 45.2369 2.25 13.9688
    endloop
  endfacet
  facet normal 0 0 1
    outer loop
      vertex 45.6274 6.38776 13.9688
      vertex 44.7692 6.69959 13.9688
      vertex 44.6202 6.14351 13.9688
    endloop
  endfacet
  facet normal 0 0 1
    outer loop
      vertex 47.1415 5.049 13.9688
      vertex 44.7692 3.30041 13.9688
      vertex 44.9755 2.76295 13.9688
    endloop
  endfacet
  facet normal 0 0 1
    outer loop
      vertex 45.6274 6.38776 13.9688
      vertex 44.6202 6.14351 13.9688
      vertex 44.5301 5.57491 13.9688
    endloop
  endfacet
  facet normal 0 0 1
    outer loop
      vertex 47.1415 5.049 13.9688
      vertex 44.6202 3.85649 13.9688
      vertex 44.7692 3.30041 13.9688
    endloop
  endfacet
  facet normal 0 0 1
    outer loop
      vertex 45.9575 5.95753 13.9688
      vertex 44.5301 5.57491 13.9688
      vertex 44.5 5 13.9688
    endloop
  endfacet
  facet normal 0 0 1
    outer loop
      vertex 46.3878 5.6274 13.9688
      vertex 44.5301 4.42509 13.9688
      vertex 44.6202 3.85649 13.9688
    endloop
  endfacet
  facet normal 0 0 1
    outer loop
      vertex 46.3878 5.6274 13.9688
      vertex 44.5 5 13.9688
      vertex 44.5301 4.42509 13.9688
    endloop
  endfacet
  facet normal 0.454024 -0.890989 0
    outer loop
      vertex 52.2371 -0.0244999 4
      vertex 52.75 0.23686 13.9688
      vertex 52.2371 -0.0244999 13.9688
    endloop
  endfacet
  facet normal 0.454024 -0.890989 0
    outer loop
      vertex 52.75 0.23686 13.9688
      vertex 52.2371 -0.0244999 4
      vertex 52.75 0.23686 4
    endloop
  endfacet
  facet normal 0.93363 0.358238 0
    outer loop
      vertex 55.0245 7.23705 13.9688
      vertex 55.0925 7.05983 13.8054
      vertex 55.0245 7.23705 13.9372
    endloop
  endfacet
  facet normal 0.933587 0.35835 -0.000140387
    outer loop
      vertex 55.2308 6.69959 13.9688
      vertex 55.0925 7.05983 13.8054
      vertex 55.0245 7.23705 13.9688
    endloop
  endfacet
  facet normal 0.933566 0.358406 -9.97702e-19
    outer loop
      vertex 55.0925 7.05983 13.8054
      vertex 55.2308 6.69959 13.9688
      vertex 55.2308 6.69959 13.4735
    endloop
  endfacet
  facet normal 0.987677 -0.156507 -7.69539e-19
    outer loop
      vertex 55.3798 3.85649 13.9688
      vertex 55.4699 4.42509 9.93079
      vertex 55.4699 4.42509 13.9688
    endloop
  endfacet
  facet normal 0.987701 -0.156353 0
    outer loop
      vertex 55.3798 3.85649 4
      vertex 55.4446 4.26584 9.51301
      vertex 55.3798 3.85649 13.9688
    endloop
  endfacet
  facet normal 0.987631 -0.156795 -4.16708e-05
    outer loop
      vertex 55.4699 4.42509 9.93079
      vertex 55.3798 3.85649 13.9688
      vertex 55.4446 4.26584 9.51301
    endloop
  endfacet
  facet normal 0.987635 -0.156771 5.12233e-05
    outer loop
      vertex 55.3798 3.85649 4
      vertex 55.4699 4.42509 7.00681
      vertex 55.4446 4.26584 7.42459
    endloop
  endfacet
  facet normal 0.987701 -0.156353 0
    outer loop
      vertex 55.4446 4.26584 9.51301
      vertex 55.3798 3.85649 4
      vertex 55.4446 4.26584 7.42459
    endloop
  endfacet
  facet normal 0.987677 -0.156507 0
    outer loop
      vertex 55.4699 4.42509 7.00681
      vertex 55.3798 3.85649 4
      vertex 55.4699 4.42509 4
    endloop
  endfacet
  facet normal 0.965926 -0.258817 -3.20989e-19
    outer loop
      vertex 55.2308 3.30041 13.9688
      vertex 55.3798 3.85649 4
      vertex 55.3798 3.85649 13.9688
    endloop
  endfacet
  facet normal 0.965926 -0.258817 -3.20989e-19
    outer loop
      vertex 55.3798 3.85649 4
      vertex 55.2308 3.30041 13.9688
      vertex 55.2308 3.30041 4
    endloop
  endfacet
  facet normal -0.987677 -0.156507 1.03346e-18
    outer loop
      vertex 44.6202 3.85649 4
      vertex 44.5301 4.42509 7.00681
      vertex 44.5301 4.42509 4
    endloop
  endfacet
  facet normal -0.987701 -0.156353 0
    outer loop
      vertex 44.5554 4.26584 7.42459
      vertex 44.6202 3.85649 4
      vertex 44.5554 4.26584 9.51301
    endloop
  endfacet
  facet normal -0.987635 -0.156771 5.12233e-05
    outer loop
      vertex 44.5301 4.42509 7.00681
      vertex 44.6202 3.85649 4
      vertex 44.5554 4.26584 7.42459
    endloop
  endfacet
  facet normal -0.987631 -0.156795 -4.16708e-05
    outer loop
      vertex 44.6202 3.85649 13.9688
      vertex 44.5301 4.42509 9.93079
      vertex 44.5554 4.26584 9.51301
    endloop
  endfacet
  facet normal -0.987701 -0.156353 -0
    outer loop
      vertex 44.6202 3.85649 13.9688
      vertex 44.5554 4.26584 9.51301
      vertex 44.6202 3.85649 4
    endloop
  endfacet
  facet normal -0.987677 -0.156507 0
    outer loop
      vertex 44.5301 4.42509 9.93079
      vertex 44.6202 3.85649 13.9688
      vertex 44.5301 4.42509 13.9688
    endloop
  endfacet
  facet normal 0.891252 0.453508 -0
    outer loop
      vertex 55.0245 7.23705 13.9372
      vertex 55.0058 7.2738 13.9688
      vertex 55.0245 7.23705 13.9688
    endloop
  endfacet
  facet normal 0.965926 0.258817 -4.8309e-18
    outer loop
      vertex 55.3798 6.14351 13.9688
      vertex 55.2308 6.69959 13.4735
      vertex 55.2308 6.69959 13.9688
    endloop
  endfacet
  facet normal 0.965885 0.25897 0.000184094
    outer loop
      vertex 55.2308 6.69959 13.4735
      vertex 55.3798 6.14351 13.9688
      vertex 55.2744 6.53707 13.3389
    endloop
  endfacet
  facet normal 0.965959 0.258695 2.01969e-18
    outer loop
      vertex 55.2744 6.53707 13.3389
      vertex 55.3798 6.14351 13.9688
      vertex 55.3798 6.14351 12.7742
    endloop
  endfacet
  facet normal 0.965961 0.258687 -0
    outer loop
      vertex 55.3798 6.14351 4
      vertex 55.3493 6.2574 4
      vertex 55.3798 6.14351 4.16341
    endloop
  endfacet
  facet normal 0.707087 -0.707127 1.07316e-18
    outer loop
      vertex 53.6802 0.912703 13.9688
      vertex 54.0873 1.31978 4
      vertex 54.0873 1.31978 13.9688
    endloop
  endfacet
  facet normal 0.707087 -0.707127 1.07316e-18
    outer loop
      vertex 54.0873 1.31978 4
      vertex 53.6802 0.912703 13.9688
      vertex 53.6802 0.912703 4
    endloop
  endfacet
  facet normal 0.0523373 -0.998629 0
    outer loop
      vertex 50 -0.5 4
      vertex 50.5749 -0.46987 13.9688
      vertex 50 -0.5 13.9688
    endloop
  endfacet
  facet normal 0.0523373 -0.998629 0
    outer loop
      vertex 50.5749 -0.46987 13.9688
      vertex 50 -0.5 4
      vertex 50.5749 -0.46987 4
    endloop
  endfacet
  facet normal -0.0523373 -0.998629 0
    outer loop
      vertex 49.4251 -0.46987 4
      vertex 50 -0.5 13.9688
      vertex 49.4251 -0.46987 13.9688
    endloop
  endfacet
  facet normal -0.0523373 -0.998629 -0
    outer loop
      vertex 50 -0.5 13.9688
      vertex 49.4251 -0.46987 4
      vertex 50 -0.5 4
    endloop
  endfacet
  facet normal -0.965926 -0.258817 3.20989e-19
    outer loop
      vertex 44.7692 3.30041 4
      vertex 44.6202 3.85649 13.9688
      vertex 44.6202 3.85649 4
    endloop
  endfacet
  facet normal -0.965926 -0.258817 3.20989e-19
    outer loop
      vertex 44.6202 3.85649 13.9688
      vertex 44.7692 3.30041 4
      vertex 44.7692 3.30041 13.9688
    endloop
  endfacet
  facet normal -0.777144 -0.629323 9.49381e-19
    outer loop
      vertex 45.9127 1.31978 4
      vertex 45.5504 1.76718 13.9688
      vertex 45.5504 1.76718 4
    endloop
  endfacet
  facet normal -0.777144 -0.629323 9.49381e-19
    outer loop
      vertex 45.5504 1.76718 13.9688
      vertex 45.9127 1.31978 4
      vertex 45.9127 1.31978 13.9688
    endloop
  endfacet
  facet normal -0.358342 -0.93359 0
    outer loop
      vertex 47.7629 -0.0244999 4
      vertex 48.3004 -0.23081 13.9688
      vertex 47.7629 -0.0244999 13.9688
    endloop
  endfacet
  facet normal -0.358342 -0.93359 -0
    outer loop
      vertex 48.3004 -0.23081 13.9688
      vertex 47.7629 -0.0244999 4
      vertex 48.3004 -0.23081 4
    endloop
  endfacet
  facet normal 0.890979 -0.454044 -2.31069e-18
    outer loop
      vertex 54.7631 2.25 13.9688
      vertex 55.0245 2.76295 4
      vertex 55.0245 2.76295 13.9688
    endloop
  endfacet
  facet normal 0.890979 -0.454044 -2.31069e-18
    outer loop
      vertex 55.0245 2.76295 4
      vertex 54.7631 2.25 13.9688
      vertex 54.7631 2.25 4
    endloop
  endfacet
  facet normal -0.25881 -0.965928 0
    outer loop
      vertex 48.3004 -0.23081 4
      vertex 48.8565 -0.379811 13.9688
      vertex 48.3004 -0.23081 13.9688
    endloop
  endfacet
  facet normal -0.25881 -0.965928 -0
    outer loop
      vertex 48.8565 -0.379811 13.9688
      vertex 48.3004 -0.23081 4
      vertex 48.8565 -0.379811 4
    endloop
  endfacet
  facet normal -0.93363 0.358238 -7.85215e-17
    outer loop
      vertex 44.9075 7.05983 13.8054
      vertex 44.9755 7.23705 13.9688
      vertex 44.9755 7.23705 13.9372
    endloop
  endfacet
  facet normal -0.933566 0.358406 0
    outer loop
      vertex 44.7692 6.69959 13.9688
      vertex 44.9075 7.05983 13.8054
      vertex 44.7692 6.69959 13.4735
    endloop
  endfacet
  facet normal -0.933587 0.35835 -0.000140387
    outer loop
      vertex 44.9075 7.05983 13.8054
      vertex 44.7692 6.69959 13.9688
      vertex 44.9755 7.23705 13.9688
    endloop
  endfacet
  facet normal -0.891252 0.453508 -3.48021e-17
    outer loop
      vertex 44.9942 7.2738 13.9688
      vertex 44.9755 7.23705 13.9372
      vertex 44.9755 7.23705 13.9688
    endloop
  endfacet
  facet normal -0.998633 0.0522775 -2.06082e-06
    outer loop
      vertex 44.5 5 13.9688
      vertex 44.5301 5.57491 12.0447
      vertex 44.5064 5.12216 11.5303
    endloop
  endfacet
  facet normal -0.99863 0.0523186 0
    outer loop
      vertex 44.5 5 13.9688
      vertex 44.5064 5.12216 11.5303
      vertex 44.5 5 11.2312
    endloop
  endfacet
  facet normal -0.998632 0.0522844 0
    outer loop
      vertex 44.5301 5.57491 12.0447
      vertex 44.5 5 13.9688
      vertex 44.5301 5.57491 13.9688
    endloop
  endfacet
  facet normal -0.998632 0.0522844 2.43122e-18
    outer loop
      vertex 44.5 5 4
      vertex 44.5301 5.57491 4.89295
      vertex 44.5301 5.57491 4
    endloop
  endfacet
  facet normal -0.998633 0.0522791 3.43527e-06
    outer loop
      vertex 44.5301 5.57491 4.89295
      vertex 44.5 5 4
      vertex 44.5064 5.12216 5.40733
    endloop
  endfacet
  facet normal -0.99863 0.0523186 -1.07556e-19
    outer loop
      vertex 44.5064 5.12216 5.40733
      vertex 44.5 5 4
      vertex 44.5 5 5.70638
    endloop
  endfacet
  facet normal -0.998597 -0.0529457 -0.000139266
    outer loop
      vertex 44.5301 4.42509 13.9688
      vertex 44.5 5 11.2312
      vertex 44.5009 4.98312 11.1952
    endloop
  endfacet
  facet normal -0.998632 -0.05229 -6.9784e-06
    outer loop
      vertex 44.5301 4.42509 13.9688
      vertex 44.5009 4.98312 11.1952
      vertex 44.5249 4.5249 10.2169
    endloop
  endfacet
  facet normal -0.998646 -0.0520284 -0
    outer loop
      vertex 44.5301 4.42509 13.9688
      vertex 44.5249 4.5249 10.2169
      vertex 44.5301 4.42509 9.93079
    endloop
  endfacet
  facet normal -0.998632 -0.0522844 0
    outer loop
      vertex 44.5 5 11.2312
      vertex 44.5301 4.42509 13.9688
      vertex 44.5 5 13.9688
    endloop
  endfacet
  facet normal -0.998632 -0.0522844 -1.27226e-18
    outer loop
      vertex 44.5301 4.42509 4
      vertex 44.5 5 5.70638
      vertex 44.5 5 4
    endloop
  endfacet
  facet normal -0.998603 -0.0528413 0.000188153
    outer loop
      vertex 44.5 5 5.70638
      vertex 44.5301 4.42509 4
      vertex 44.5009 4.98312 5.74242
    endloop
  endfacet
  facet normal -0.998632 -0.0522848 9.4311e-06
    outer loop
      vertex 44.5009 4.98312 5.74242
      vertex 44.5301 4.42509 4
      vertex 44.5249 4.5249 6.72074
    endloop
  endfacet
  facet normal -0.998646 -0.0520284 1.34694e-19
    outer loop
      vertex 44.5249 4.5249 6.72074
      vertex 44.5301 4.42509 4
      vertex 44.5301 4.42509 7.00681
    endloop
  endfacet
  facet normal -0.890979 -0.454044 2.31069e-18
    outer loop
      vertex 45.2369 2.25 4
      vertex 44.9755 2.76295 13.9688
      vertex 44.9755 2.76295 4
    endloop
  endfacet
  facet normal -0.890979 -0.454044 2.31069e-18
    outer loop
      vertex 44.9755 2.76295 13.9688
      vertex 45.2369 2.25 4
      vertex 45.2369 2.25 13.9688
    endloop
  endfacet
  facet normal -0.838708 -0.544582 1.23578e-18
    outer loop
      vertex 45.5504 1.76718 4
      vertex 45.2369 2.25 13.9688
      vertex 45.2369 2.25 4
    endloop
  endfacet
  facet normal -0.838708 -0.544582 1.23578e-18
    outer loop
      vertex 45.2369 2.25 13.9688
      vertex 45.5504 1.76718 4
      vertex 45.5504 1.76718 13.9688
    endloop
  endfacet
  facet normal -0.454024 -0.890989 0
    outer loop
      vertex 47.25 0.23686 4
      vertex 47.7629 -0.0244999 13.9688
      vertex 47.25 0.23686 13.9688
    endloop
  endfacet
  facet normal -0.454024 -0.890989 -0
    outer loop
      vertex 47.7629 -0.0244999 13.9688
      vertex 47.25 0.23686 4
      vertex 47.7629 -0.0244999 4
    endloop
  endfacet
  facet normal 0.836189 0.0765902 -0.543068
    outer loop
      vertex 56.4721 18 3.76652
      vertex 56.0622 31 4.9688
      vertex 56.9282 18 4.4688
    endloop
  endfacet
  facet normal 0.888371 0.0765904 -0.452693
    outer loop
      vertex 56.9282 18 4.4688
      vertex 56.0622 31 4.9688
      vertex 57.3084 18 5.21491
    endloop
  endfacet
  facet normal 0.838652 0 -0.544668
    outer loop
      vertex 56.9282 8 4.4688
      vertex 56.4721 18 3.76652
      vertex 56.9282 18 4.4688
    endloop
  endfacet
  facet normal 0.838652 0 -0.544668
    outer loop
      vertex 56.4721 18 3.76652
      vertex 56.9282 8 4.4688
      vertex 56.4721 8 3.76652
    endloop
  endfacet
  facet normal -0.453993 -3.42203e-19 -0.891005
    outer loop
      vertex 46 11.2761 1.5406
      vertex 46.7461 18 1.16044
      vertex 46.7461 11.2263 1.16044
    endloop
  endfacet
  facet normal -0.453993 -3.44737e-19 -0.891005
    outer loop
      vertex 46.7461 18 1.16044
      vertex 46 11.2761 1.5406
      vertex 46 18 1.5406
    endloop
  endfacet
  facet normal -0.257775 0.0904118 -0.961966
    outer loop
      vertex 48.5446 31 1.62177
      vertex 47.8369 31 1.81141
      vertex 48.1459 42 2.76246
    endloop
  endfacet
  facet normal 0.544673 3.17262e-19 -0.838648
    outer loop
      vertex 54.4589 9.01478 1.83859
      vertex 54.7023 18 1.99667
      vertex 54.7023 8.71419 1.99667
    endloop
  endfacet
  facet normal 0.544625 1.88305e-06 -0.83868
    outer loop
      vertex 54.0148 9.45887 1.5502
      vertex 54.7023 18 1.99667
      vertex 54.4589 9.01478 1.83859
    endloop
  endfacet
  facet normal 0.544219 4.83284e-05 -0.838943
    outer loop
      vertex 54 9.47084 1.5406
      vertex 54.7023 18 1.99667
      vertex 54.0148 9.45887 1.5502
    endloop
  endfacet
  facet normal 0.544632 -1.32061e-18 -0.838675
    outer loop
      vertex 54.7023 18 1.99667
      vertex 54 9.47084 1.5406
      vertex 54 18 1.5406
    endloop
  endfacet
  facet normal -0.358352 -1.21976e-18 -0.933586
    outer loop
      vertex 46.7461 11.2263 1.16044
      vertex 47.5279 18 0.86035
      vertex 47.5279 11.1741 0.86035
    endloop
  endfacet
  facet normal -0.358352 -1.22916e-18 -0.933586
    outer loop
      vertex 47.5279 18 0.86035
      vertex 46.7461 11.2263 1.16044
      vertex 46.7461 18 1.16044
    endloop
  endfacet
  facet normal -0.704982 0.0765909 -0.705077
    outer loop
      vertex 44.647 18 2.52364
      vertex 44.0548 18 3.11576
      vertex 45.3161 31 3.26679
    endloop
  endfacet
  facet normal -0.835195 0.0904104 0.542472
    outer loop
      vertex 44.8038 42 11.4688
      vertex 43.9378 31 11.9688
      vertex 45.1459 42 11.9955
    endloop
  endfacet
  facet normal -0.838652 8.32412e-06 -0.544668
    outer loop
      vertex 43.5279 18 3.76652
      vertex 43.3762 11.4513 4
      vertex 43.0718 18 4.4688
    endloop
  endfacet
  facet normal -0.838545 -5.21323e-19 -0.544832
    outer loop
      vertex 43.3762 11.4513 4
      vertex 43.5279 18 3.76652
      vertex 43.5279 11.4411 3.76652
    endloop
  endfacet
  facet normal -0.838705 -4.93218e-18 -0.544586
    outer loop
      vertex 43.0718 8 4.4688
      vertex 43.3762 11.4513 4
      vertex 43.3762 8 4
    endloop
  endfacet
  facet normal -0.838705 -1.70224e-18 -0.544586
    outer loop
      vertex 43.3762 11.4513 4
      vertex 43.0718 8 4.4688
      vertex 43.0718 18 4.4688
    endloop
  endfacet
  facet normal 0.356863 0.0904149 -0.929771
    outer loop
      vertex 52.8472 31 2.07398
      vertex 52.1631 31 1.81141
      vertex 52.4404 42 2.98753
    endloop
  endfacet
  facet normal 0.836183 0.0765917 0.543077
    outer loop
      vertex 56.0622 31 11.9688
      vertex 55.6631 31 12.5833
      vertex 56.4721 18 13.1711
    endloop
  endfacet
  facet normal -0.258074 0.076592 -0.963084
    outer loop
      vertex 48.5446 31 1.62177
      vertex 47.5279 18 0.86035
      vertex 47.8369 31 1.81141
    endloop
  endfacet
  facet normal 0.887377 0.0904104 0.452093
    outer loop
      vertex 55.4813 42 10.9092
      vertex 55.1962 42 11.4688
      vertex 56.0622 31 11.9688
    endloop
  endfacet
  facet normal -0.704211 0.0904079 0.704211
    outer loop
      vertex 45.5411 42 12.4836
      vertex 44.798 31 13.1527
      vertex 45.3161 31 13.6708
    endloop
  endfacet
  facet normal 0.156441 2.83773e-19 -0.987687
    outer loop
      vertex 51.2475 10.8689 0.577761
      vertex 51.6633 18 0.64362
      vertex 51.6633 10.7575 0.64362
    endloop
  endfacet
  facet normal 0.156412 1.69821e-06 -0.987692
    outer loop
      vertex 50.8362 10.934 0.512627
      vertex 51.6633 18 0.64362
      vertex 51.2475 10.8689 0.577761
    endloop
  endfacet
  facet normal 0.156427 8.6696e-19 -0.98769
    outer loop
      vertex 51.6633 18 0.64362
      vertex 50.8362 10.934 0.512627
      vertex 50.8362 18 0.512627
    endloop
  endfacet
  facet normal 0.983627 0.0904089 -0.1559
    outer loop
      vertex 56.847 31 7.01342
      vertex 55.8689 42 7.22133
      vertex 56.9617 31 7.7371
    endloop
  endfacet
  facet normal 0.963093 0.0765961 0.258039
    outer loop
      vertex 57.8252 18 10.1321
      vertex 56.847 31 9.92418
      vertex 57.6085 18 10.9409
    endloop
  endfacet
  facet normal 0.70503 0.0765933 0.70503
    outer loop
      vertex 55.202 31 13.1527
      vertex 54.6839 31 13.6708
      vertex 55.9452 18 13.8218
    endloop
  endfacet
  facet normal -0.356863 0.0904149 -0.929771
    outer loop
      vertex 47.8369 31 1.81141
      vertex 47.1528 31 2.07398
      vertex 47.5596 42 2.98753
    endloop
  endfacet
  facet normal 0.836196 0.0765903 0.543057
    outer loop
      vertex 56.9282 18 12.4688
      vertex 56.0622 31 11.9688
      vertex 56.4721 18 13.1711
    endloop
  endfacet
  facet normal 0.774907 0.076595 -0.627418
    outer loop
      vertex 55.9452 18 3.11576
      vertex 55.202 31 3.78489
      vertex 56.4721 18 3.76652
    endloop
  endfacet
  facet normal -0.704211 0.0904079 0.704211
    outer loop
      vertex 45.5411 42 12.4836
      vertex 45.3161 31 13.6708
      vertex 45.9852 42 12.9277
    endloop
  endfacet
  facet normal 0.994543 0.090413 0.0520582
    outer loop
      vertex 57 31 8.4688
      vertex 56 42 8.4688
      vertex 56.9617 31 9.2005
    endloop
  endfacet
  facet normal -0.774879 0.0765918 0.627453
    outer loop
      vertex 44.3369 31 12.5833
      vertex 43.5279 18 13.1711
      vertex 44.0548 18 13.8218
    endloop
  endfacet
  facet normal -0.987687 -7.21173e-06 0.15644
    outer loop
      vertex 42.0438 18 9.30503
      vertex 42.0768 10.0632 9.51301
      vertex 42.1748 18 10.1321
    endloop
  endfacet
  facet normal -0.987474 2.88048e-05 0.157781
    outer loop
      vertex 42.0438 18 9.30503
      vertex 42.0684 10 9.46045
      vertex 42.0768 10.0632 9.51301
    endloop
  endfacet
  facet normal -0.987489 -0.000107832 0.157688
    outer loop
      vertex 42.0684 10 9.46045
      vertex 42.0438 8 9.30503
      vertex 42.0768 9.93677 9.51301
    endloop
  endfacet
  facet normal -0.987704 0 0.156335
    outer loop
      vertex 42.0438 8 9.30503
      vertex 42.0684 10 9.46045
      vertex 42.0438 18 9.30503
    endloop
  endfacet
  facet normal -0.987793 4.62539e-05 0.155772
    outer loop
      vertex 42.0824 10.0337 9.54853
      vertex 42.1748 18 10.1321
      vertex 42.0768 10.0632 9.51301
    endloop
  endfacet
  facet normal -0.987718 1.05593e-05 0.156247
    outer loop
      vertex 42.0888 10 9.58899
      vertex 42.1748 18 10.1321
      vertex 42.0824 10.0337 9.54853
    endloop
  endfacet
  facet normal -0.987687 2.95533e-05 0.15644
    outer loop
      vertex 42.1748 8 10.1321
      vertex 42.0768 9.93677 9.51301
      vertex 42.0438 8 9.30503
    endloop
  endfacet
  facet normal -0.987779 -0.000159427 0.155863
    outer loop
      vertex 42.0768 9.93677 9.51301
      vertex 42.1748 8 10.1321
      vertex 42.0824 9.96632 9.54853
    endloop
  endfacet
  facet normal -0.987694 -3.91296e-19 0.156399
    outer loop
      vertex 42.0888 10 9.58899
      vertex 42.1748 8 10.1321
      vertex 42.1748 18 10.1321
    endloop
  endfacet
  facet normal -0.987715 -3.63977e-05 0.156268
    outer loop
      vertex 42.0824 9.96632 9.54853
      vertex 42.1748 8 10.1321
      vertex 42.0888 10 9.58899
    endloop
  endfacet
  facet normal -0.62675 0.0904123 0.773957
    outer loop
      vertex 46.4733 42 13.3229
      vertex 45.3161 31 13.6708
      vertex 45.8855 31 14.1319
    endloop
  endfacet
  facet normal 0.0521188 0.07659 0.9957
    outer loop
      vertex 50.7317 31 15.4305
      vertex 50 31 15.4688
      vertex 50.8362 18 16.425
    endloop
  endfacet
  facet normal -0.0523391 -1.4014e-19 -0.998629
    outer loop
      vertex 49.1638 11.0648 0.512627
      vertex 50 18 0.468801
      vertex 50 11.009 0.468801
    endloop
  endfacet
  facet normal -0.0523391 -1.41268e-19 -0.998629
    outer loop
      vertex 50 18 0.468801
      vertex 49.1638 11.0648 0.512627
      vertex 49.1638 18 0.512627
    endloop
  endfacet
  facet normal -0.629352 4.70317e-19 -0.777121
    outer loop
      vertex 44.647 11.3664 2.52364
      vertex 45.2977 18 1.99667
      vertex 45.2977 11.323 1.99667
    endloop
  endfacet
  facet normal -0.629352 4.73394e-19 -0.777121
    outer loop
      vertex 45.2977 18 1.99667
      vertex 44.647 11.3664 2.52364
      vertex 44.647 18 2.52364
    endloop
  endfacet
  facet normal -0.452093 0.0904118 0.887377
    outer loop
      vertex 47.5596 42 13.9501
      vertex 47 42 13.665
      vertex 47.1528 31 14.8636
    endloop
  endfacet
  facet normal -0.961982 0.0904163 -0.25771
    outer loop
      vertex 43.3426 31 6.30568
      vertex 43.153 31 7.01342
      vertex 44.2937 42 6.6147
    endloop
  endfacet
  facet normal 0.77719 -2.89462e-06 -0.629266
    outer loop
      vertex 56.4721 18 3.76652
      vertex 56.3362 10.0804 3.59871
      vertex 55.9452 18 3.11576
    endloop
  endfacet
  facet normal 0.776834 1.25065e-05 -0.629705
    outer loop
      vertex 56.4721 18 3.76652
      vertex 56.3731 10 3.64423
      vertex 56.3362 10.0804 3.59871
    endloop
  endfacet
  facet normal 0.776863 -4.63722e-05 -0.629669
    outer loop
      vertex 56.3731 10 3.64423
      vertex 56.4721 8 3.76652
      vertex 56.3362 9.91963 3.59871
    endloop
  endfacet
  facet normal 0.777235 0 -0.629211
    outer loop
      vertex 56.4721 8 3.76652
      vertex 56.3731 10 3.64423
      vertex 56.4721 18 3.76652
    endloop
  endfacet
  facet normal 0.777333 1.49206e-05 -0.62909
    outer loop
      vertex 56.3079 10.0298 3.56374
      vertex 55.9452 18 3.11576
      vertex 56.3362 10.0804 3.59871
    endloop
  endfacet
  facet normal 0.777526 3.70946e-05 -0.628851
    outer loop
      vertex 56.2912 10 3.54309
      vertex 55.9452 18 3.11576
      vertex 56.3079 10.0298 3.56374
    endloop
  endfacet
  facet normal 0.77719 1.1942e-05 -0.629266
    outer loop
      vertex 55.9452 8 3.11576
      vertex 56.3362 9.91963 3.59871
      vertex 56.4721 8 3.76652
    endloop
  endfacet
  facet normal 0.777309 -4.91295e-05 -0.62912
    outer loop
      vertex 56.3362 9.91963 3.59871
      vertex 55.9452 8 3.11576
      vertex 56.3079 9.97015 3.56374
    endloop
  endfacet
  facet normal 0.777186 -1.39828e-18 -0.629271
    outer loop
      vertex 56.2912 10 3.54309
      vertex 55.9452 8 3.11576
      vertex 55.9452 18 3.11576
    endloop
  endfacet
  facet normal 0.777465 -0.000122094 -0.628926
    outer loop
      vertex 56.3079 9.97015 3.56374
      vertex 55.9452 8 3.11576
      vertex 56.2912 10 3.54309
    endloop
  endfacet
  facet normal 0.452155 0.0904132 -0.887345
    outer loop
      vertex 53.5 31 2.40662
      vertex 52.8472 31 2.07398
      vertex 53 42 3.27265
    endloop
  endfacet
  facet normal -0.452112 0.0904105 0.887367
    outer loop
      vertex 47 42 13.665
      vertex 46.5 31 14.531
      vertex 47.1528 31 14.8636
    endloop
  endfacet
  facet normal -0.890986 0 0.454031
    outer loop
      vertex 42.6916 8 11.7227
      vertex 43.0718 18 12.4688
      vertex 42.6916 18 11.7227
    endloop
  endfacet
  facet normal -0.890986 0 0.454031
    outer loop
      vertex 43.0718 18 12.4688
      vertex 42.6916 8 11.7227
      vertex 43.0718 8 12.4688
    endloop
  endfacet
  facet normal -0.156256 0 0.987717
    outer loop
      vertex 49.1638 18 16.425
      vertex 49.0083 10.3112 16.4004
      vertex 49.1638 8 16.425
    endloop
  endfacet
  facet normal -0.156435 3.70262e-06 0.987688
    outer loop
      vertex 48.3367 18 16.294
      vertex 49.0083 10.3112 16.4004
      vertex 49.1638 18 16.425
    endloop
  endfacet
  facet normal -0.157007 -4.75506e-05 0.987597
    outer loop
      vertex 49.0083 10.3112 16.4004
      vertex 48.3367 18 16.294
      vertex 48.9756 10.2823 16.3952
    endloop
  endfacet
  facet normal -0.159468 -0.00025647 0.987203
    outer loop
      vertex 48.9756 10.2823 16.3952
      vertex 48.3367 18 16.294
      vertex 48.9688 10.2763 16.3941
    endloop
  endfacet
  facet normal -0.156711 -2.50679e-05 0.987645
    outer loop
      vertex 48.9688 10.2763 16.3941
      vertex 48.3367 18 16.294
      vertex 48.8888 10.0278 16.3814
    endloop
  endfacet
  facet normal -0.154174 0.000154959 0.988044
    outer loop
      vertex 48.8888 10.0278 16.3814
      vertex 48.3367 18 16.294
      vertex 48.8798 10 16.38
    endloop
  endfacet
  facet normal -0.156256 0 0.987717
    outer loop
      vertex 49.0083 9.68876 16.4004
      vertex 49.1638 8 16.425
      vertex 49.0083 10.3112 16.4004
    endloop
  endfacet
  facet normal -0.156899 0.000172576 0.987615
    outer loop
      vertex 48.3367 8 16.294
      vertex 49.0083 9.68876 16.4004
      vertex 48.9756 9.71765 16.3952
    endloop
  endfacet
  facet normal -0.158884 0.000929543 0.987297
    outer loop
      vertex 48.3367 8 16.294
      vertex 48.9756 9.71765 16.3952
      vertex 48.9688 9.72369 16.3941
    endloop
  endfacet
  facet normal -0.156587 6.5856e-05 0.987664
    outer loop
      vertex 48.3367 8 16.294
      vertex 48.9688 9.72369 16.3941
      vertex 48.8888 9.97223 16.3814
    endloop
  endfacet
  facet normal -0.154936 -0.000407929 0.987924
    outer loop
      vertex 48.3367 8 16.294
      vertex 48.8888 9.97223 16.3814
      vertex 48.8798 10 16.38
    endloop
  endfacet
  facet normal -0.156435 -1.68578e-05 0.987688
    outer loop
      vertex 49.0083 9.68876 16.4004
      vertex 48.3367 8 16.294
      vertex 49.1638 8 16.425
    endloop
  endfacet
  facet normal -0.156401 0 0.987694
    outer loop
      vertex 48.3367 8 16.294
      vertex 48.8798 10 16.38
      vertex 48.3367 18 16.294
    endloop
  endfacet
  facet normal 0.707107 -5.08606e-19 0.707107
    outer loop
      vertex 55.353 18 14.414
      vertex 55.9452 8 13.8218
      vertex 55.9452 18 13.8218
    endloop
  endfacet
  facet normal 0.707107 -5.08606e-19 0.707107
    outer loop
      vertex 55.9452 8 13.8218
      vertex 55.353 18 14.414
      vertex 55.353 8 14.414
    endloop
  endfacet
  facet normal 0.704211 0.0904079 0.704211
    outer loop
      vertex 55.202 31 13.1527
      vertex 54.4589 42 12.4836
      vertex 54.6839 31 13.6708
    endloop
  endfacet
  facet normal 0.987687 -7.21173e-06 0.15644
    outer loop
      vertex 57.8252 18 10.1321
      vertex 57.9232 10.0632 9.51301
      vertex 57.9562 18 9.30503
    endloop
  endfacet
  facet normal 0.987793 4.62539e-05 0.155772
    outer loop
      vertex 57.8252 18 10.1321
      vertex 57.9176 10.0337 9.54853
      vertex 57.9232 10.0632 9.51301
    endloop
  endfacet
  facet normal 0.987718 1.05593e-05 0.156247
    outer loop
      vertex 57.8252 18 10.1321
      vertex 57.9112 10 9.58899
      vertex 57.9176 10.0337 9.54853
    endloop
  endfacet
  facet normal 0.987779 -0.000159427 0.155863
    outer loop
      vertex 57.9176 9.96632 9.54853
      vertex 57.8252 8 10.1321
      vertex 57.9232 9.93677 9.51301
    endloop
  endfacet
  facet normal 0.987715 -3.63977e-05 0.156268
    outer loop
      vertex 57.9112 10 9.58899
      vertex 57.8252 8 10.1321
      vertex 57.9176 9.96632 9.54853
    endloop
  endfacet
  facet normal 0.987694 -0 0.156399
    outer loop
      vertex 57.8252 8 10.1321
      vertex 57.9112 10 9.58899
      vertex 57.8252 18 10.1321
    endloop
  endfacet
  facet normal 0.987474 2.88048e-05 0.157781
    outer loop
      vertex 57.9316 10 9.46045
      vertex 57.9562 18 9.30503
      vertex 57.9232 10.0632 9.51301
    endloop
  endfacet
  facet normal 0.987687 2.95533e-05 0.15644
    outer loop
      vertex 57.9562 8 9.30503
      vertex 57.9232 9.93677 9.51301
      vertex 57.8252 8 10.1321
    endloop
  endfacet
  facet normal 0.987704 -1.07925e-19 0.156335
    outer loop
      vertex 57.9316 10 9.46045
      vertex 57.9562 8 9.30503
      vertex 57.9562 18 9.30503
    endloop
  endfacet
  facet normal 0.987489 -0.000107832 0.157688
    outer loop
      vertex 57.9232 9.93677 9.51301
      vertex 57.9562 8 9.30503
      vertex 57.9316 10 9.46045
    endloop
  endfacet
  facet normal -0.965931 0 0.2588
    outer loop
      vertex 42.1748 8 10.1321
      vertex 42.3915 18 10.9409
      vertex 42.1748 18 10.1321
    endloop
  endfacet
  facet normal -0.965931 0 0.2588
    outer loop
      vertex 42.3915 18 10.9409
      vertex 42.1748 8 10.1321
      vertex 42.3915 8 10.9409
    endloop
  endfacet
  facet normal -0.357278 0.0765905 -0.930852
    outer loop
      vertex 47.8369 31 1.81141
      vertex 46.7461 18 1.16044
      vertex 47.1528 31 2.07398
    endloop
  endfacet
  facet normal 0.453978 1.88573e-19 -0.891013
    outer loop
      vertex 53.5267 9.8541 1.29945
      vertex 54 18 1.5406
      vertex 54 9.47084 1.5406
    endloop
  endfacet
  facet normal 0.454019 -2.98006e-06 -0.890992
    outer loop
      vertex 53.2539 10.0313 1.16044
      vertex 54 18 1.5406
      vertex 53.5267 9.8541 1.29945
    endloop
  endfacet
  facet normal 0.453993 2.90885e-19 -0.891005
    outer loop
      vertex 54 18 1.5406
      vertex 53.2539 10.0313 1.16044
      vertex 53.2539 18 1.16044
    endloop
  endfacet
  facet normal 0.9957 0.0765901 0.0521188
    outer loop
      vertex 57 31 8.4688
      vertex 56.9617 31 9.2005
      vertex 57.9562 18 9.30503
    endloop
  endfacet
  facet normal 0.704203 0.0904105 -0.704219
    outer loop
      vertex 54.6839 31 3.26679
      vertex 54.0148 42 4.00993
      vertex 54.4589 42 4.45402
    endloop
  endfacet
  facet normal 0.773957 0.0904079 0.626751
    outer loop
      vertex 55.6631 31 12.5833
      vertex 54.4589 42 12.4836
      vertex 55.202 31 13.1527
    endloop
  endfacet
  facet normal 0.995698 0.0765921 -0.0521526
    outer loop
      vertex 57.9562 18 7.63257
      vertex 57 31 8.4688
      vertex 58 18 8.4688
    endloop
  endfacet
  facet normal 0.774879 0.0765918 0.627453
    outer loop
      vertex 56.4721 18 13.1711
      vertex 55.6631 31 12.5833
      vertex 55.9452 18 13.8218
    endloop
  endfacet
  facet normal -0.963093 0.0765961 0.258039
    outer loop
      vertex 43.153 31 9.92418
      vertex 42.1748 18 10.1321
      vertex 42.3915 18 10.9409
    endloop
  endfacet
  facet normal -0.929792 0.0904169 -0.356807
    outer loop
      vertex 44.5187 42 6.02838
      vertex 43.3426 31 6.30568
      vertex 44.2937 42 6.6147
    endloop
  endfacet
  facet normal -0.452637 0.0765902 0.888399
    outer loop
      vertex 46.5 31 14.531
      vertex 46 18 15.397
      vertex 47.1528 31 14.8636
    endloop
  endfacet
  facet normal -0.356899 0.0904109 0.929758
    outer loop
      vertex 47.5596 42 13.9501
      vertex 47.1528 31 14.8636
      vertex 47.8369 31 15.1262
    endloop
  endfacet
  facet normal 0.995698 0.0765921 0.0521526
    outer loop
      vertex 58 18 8.4688
      vertex 57 31 8.4688
      vertex 57.9562 18 9.30503
    endloop
  endfacet
  facet normal 0.929788 0.0904162 0.356818
    outer loop
      vertex 55.7063 42 10.3229
      vertex 55.4813 42 10.9092
      vertex 56.6574 31 10.6319
    endloop
  endfacet
  facet normal -0.70503 0.0765949 -0.70503
    outer loop
      vertex 45.3161 31 3.26679
      vertex 44.0548 18 3.11576
      vertex 44.798 31 3.78489
    endloop
  endfacet
  facet normal 0.70503 0.0765949 -0.70503
    outer loop
      vertex 55.9452 18 3.11576
      vertex 54.6839 31 3.26679
      vertex 55.202 31 3.78489
    endloop
  endfacet
  facet normal 0.627503 0.076591 -0.774838
    outer loop
      vertex 54.7023 18 1.99667
      vertex 54.6839 31 3.26679
      vertex 55.353 18 2.52364
    endloop
  endfacet
  facet normal 0.0521866 0.076592 -0.995696
    outer loop
      vertex 50.8362 18 0.512627
      vertex 50 31 1.4688
      vertex 50.7317 31 1.50715
    endloop
  endfacet
  facet normal -0.998631 0 -0.0523062
    outer loop
      vertex 42.0438 8 7.63257
      vertex 42 18 8.4688
      vertex 42.0438 18 7.63257
    endloop
  endfacet
  facet normal -0.998631 -0 -0.0523062
    outer loop
      vertex 42 18 8.4688
      vertex 42.0438 8 7.63257
      vertex 42 8 8.4688
    endloop
  endfacet
  facet normal -0.627487 0.0765922 -0.77485
    outer loop
      vertex 45.8855 31 2.80568
      vertex 45.2977 18 1.99667
      vertex 45.3161 31 3.26679
    endloop
  endfacet
  facet normal 0.3573 0.0765919 -0.930844
    outer loop
      vertex 52.4721 18 0.86035
      vertex 52.1631 31 1.81141
      vertex 53.2539 18 1.16044
    endloop
  endfacet
  facet normal 0.987687 -7.16216e-06 -0.156442
    outer loop
      vertex 57.9562 18 7.63257
      vertex 57.9232 10.0632 7.42459
      vertex 57.8252 18 6.80551
    endloop
  endfacet
  facet normal 0.987474 2.88048e-05 -0.157781
    outer loop
      vertex 57.9562 18 7.63257
      vertex 57.9316 10 7.47715
      vertex 57.9232 10.0632 7.42459
    endloop
  endfacet
  facet normal 0.987489 -0.000107832 -0.157688
    outer loop
      vertex 57.9316 10 7.47715
      vertex 57.9562 8 7.63257
      vertex 57.9232 9.93677 7.42459
    endloop
  endfacet
  facet normal 0.987704 0 -0.156335
    outer loop
      vertex 57.9562 8 7.63257
      vertex 57.9316 10 7.47715
      vertex 57.9562 18 7.63257
    endloop
  endfacet
  facet normal 0.987787 4.32245e-05 -0.155812
    outer loop
      vertex 57.9176 10.0337 7.38908
      vertex 57.8252 18 6.80551
      vertex 57.9232 10.0632 7.42459
    endloop
  endfacet
  facet normal 0.987724 1.3225e-05 -0.156211
    outer loop
      vertex 57.9112 10 7.34861
      vertex 57.8252 18 6.80551
      vertex 57.9176 10.0337 7.38908
    endloop
  endfacet
  facet normal 0.987773 -0.00014898 -0.155898
    outer loop
      vertex 57.8252 8 6.80551
      vertex 57.9176 9.96632 7.38908
      vertex 57.9232 9.93677 7.42459
    endloop
  endfacet
  facet normal 0.987687 2.93502e-05 -0.156442
    outer loop
      vertex 57.8252 8 6.80551
      vertex 57.9232 9.93677 7.42459
      vertex 57.9562 8 7.63257
    endloop
  endfacet
  facet normal 0.987694 1.96916e-19 -0.156401
    outer loop
      vertex 57.9112 10 7.34861
      vertex 57.8252 8 6.80551
      vertex 57.8252 18 6.80551
    endloop
  endfacet
  facet normal 0.987719 -4.55878e-05 -0.156238
    outer loop
      vertex 57.9176 9.96632 7.38908
      vertex 57.8252 8 6.80551
      vertex 57.9112 10 7.34861
    endloop
  endfacet
  facet normal -0.774907 0.076595 -0.627418
    outer loop
      vertex 44.0548 18 3.11576
      vertex 43.5279 18 3.76652
      vertex 44.798 31 3.78489
    endloop
  endfacet
  facet normal -0.156427 -8.83311e-19 -0.98769
    outer loop
      vertex 48.3367 11.1201 0.64362
      vertex 49.1638 18 0.512627
      vertex 49.1638 11.0648 0.512627
    endloop
  endfacet
  facet normal -0.156427 -8.90411e-19 -0.98769
    outer loop
      vertex 49.1638 18 0.512627
      vertex 48.3367 11.1201 0.64362
      vertex 48.3367 18 0.64362
    endloop
  endfacet
  facet normal -0.155967 0.076592 -0.984788
    outer loop
      vertex 49.1638 18 0.512627
      vertex 48.3367 18 0.64362
      vertex 48.5446 31 1.62177
    endloop
  endfacet
  facet normal 0.963101 0.0765949 -0.25801
    outer loop
      vertex 57.6085 18 5.99667
      vertex 56.6574 31 6.30568
      vertex 56.847 31 7.01342
    endloop
  endfacet
  facet normal 0.45266 0.0765917 -0.888388
    outer loop
      vertex 54 18 1.5406
      vertex 53.2539 18 1.16044
      vertex 53.5 31 2.40662
    endloop
  endfacet
  facet normal 0.356915 0.0904115 -0.929751
    outer loop
      vertex 52.1631 31 1.81141
      vertex 51.8541 42 2.76246
      vertex 52.4404 42 2.98753
    endloop
  endfacet
  facet normal 0.835208 0.0904114 -0.542452
    outer loop
      vertex 55.6631 31 4.35431
      vertex 54.8541 42 4.94209
      vertex 56.0622 31 4.9688
    endloop
  endfacet
  facet normal 0.961949 0.0904081 0.257839
    outer loop
      vertex 55.8689 42 9.71627
      vertex 55.7063 42 10.3229
      vertex 56.847 31 9.92418
    endloop
  endfacet
  facet normal -0.995698 0.0765921 -0.0521526
    outer loop
      vertex 42.0438 18 7.63257
      vertex 42 18 8.4688
      vertex 43 31 8.4688
    endloop
  endfacet
  facet normal -0.838659 0 0.544657
    outer loop
      vertex 43.0718 8 12.4688
      vertex 43.5279 18 13.1711
      vertex 43.0718 18 12.4688
    endloop
  endfacet
  facet normal -0.838659 0 0.544657
    outer loop
      vertex 43.5279 18 13.1711
      vertex 43.0718 8 12.4688
      vertex 43.5279 8 13.1711
    endloop
  endfacet
  facet normal -0.62669 0.0904075 0.774007
    outer loop
      vertex 45.9852 42 12.9277
      vertex 45.3161 31 13.6708
      vertex 46.4733 42 13.3229
    endloop
  endfacet
  facet normal 0.70503 0.0765933 0.70503
    outer loop
      vertex 55.9452 18 13.8218
      vertex 54.6839 31 13.6708
      vertex 55.353 18 14.414
    endloop
  endfacet
  facet normal 0.0523539 -8.87869e-20 -0.998629
    outer loop
      vertex 50.6272 10.9671 0.50167
      vertex 50.8362 18 0.512627
      vertex 50.8362 10.934 0.512627
    endloop
  endfacet
  facet normal 0.0523342 5.89581e-07 -0.99863
    outer loop
      vertex 50 11.009 0.468801
      vertex 50.8362 18 0.512627
      vertex 50.6272 10.9671 0.50167
    endloop
  endfacet
  facet normal 0.0523391 1.4014e-19 -0.998629
    outer loop
      vertex 50.8362 18 0.512627
      vertex 50 11.009 0.468801
      vertex 50 18 0.468801
    endloop
  endfacet
  facet normal -0.774006 0.0904127 0.62669
    outer loop
      vertex 45.1459 42 11.9955
      vertex 44.3369 31 12.5833
      vertex 45.5411 42 12.4836
    endloop
  endfacet
  facet normal 0.930834 0.0765949 -0.357326
    outer loop
      vertex 57.3084 18 5.21491
      vertex 56.6574 31 6.30568
      vertex 57.6085 18 5.99667
    endloop
  endfacet
  facet normal 0.88841 0.0765957 -0.452615
    outer loop
      vertex 57.3084 18 5.21491
      vertex 56.0622 31 4.9688
      vertex 56.3948 31 5.62164
    endloop
  endfacet
  facet normal 0.963096 0.076596 -0.258028
    outer loop
      vertex 57.6085 18 5.99667
      vertex 56.847 31 7.01342
      vertex 57.8252 18 6.80551
    endloop
  endfacet
  facet normal 0.984786 0.076596 -0.155983
    outer loop
      vertex 57.8252 18 6.80551
      vertex 56.847 31 7.01342
      vertex 57.9562 18 7.63257
    endloop
  endfacet
  facet normal -0.454031 -3.07434e-18 0.890986
    outer loop
      vertex 46 18 15.397
      vertex 46.7461 8 15.7772
      vertex 46.7461 18 15.7772
    endloop
  endfacet
  facet normal -0.454031 -3.07434e-18 0.890986
    outer loop
      vertex 46.7461 8 15.7772
      vertex 46 18 15.397
      vertex 46 8 15.397
    endloop
  endfacet
  facet normal 0.965931 -0 0.2588
    outer loop
      vertex 57.6085 8 10.9409
      vertex 57.8252 18 10.1321
      vertex 57.6085 18 10.9409
    endloop
  endfacet
  facet normal 0.965931 0 0.2588
    outer loop
      vertex 57.8252 18 10.1321
      vertex 57.6085 8 10.9409
      vertex 57.8252 8 10.1321
    endloop
  endfacet
  facet normal 0.933576 -7.7305e-06 -0.358379
    outer loop
      vertex 57.6085 18 5.99667
      vertex 57.3822 10.0669 5.40733
      vertex 57.3084 18 5.21491
    endloop
  endfacet
  facet normal 0.933462 1.77183e-05 -0.358677
    outer loop
      vertex 57.6085 18 5.99667
      vertex 57.4114 10 5.48332
      vertex 57.3822 10.0669 5.40733
    endloop
  endfacet
  facet normal 0.933474 -6.10766e-05 -0.358644
    outer loop
      vertex 57.4114 10 5.48332
      vertex 57.6085 8 5.99667
      vertex 57.3822 9.9331 5.40733
    endloop
  endfacet
  facet normal 0.933554 0 -0.358437
    outer loop
      vertex 57.6085 8 5.99667
      vertex 57.4114 10 5.48332
      vertex 57.6085 18 5.99667
    endloop
  endfacet
  facet normal 0.933564 -8.65275e-06 -0.358412
    outer loop
      vertex 57.3714 10.0256 5.3792
      vertex 57.3084 18 5.21491
      vertex 57.3822 10.0669 5.40733
    endloop
  endfacet
  facet normal 0.934894 7.365e-05 -0.354927
    outer loop
      vertex 57.3648 10 5.36181
      vertex 57.3084 18 5.21491
      vertex 57.3714 10.0256 5.3792
    endloop
  endfacet
  facet normal 0.933575 3.20803e-05 -0.358382
    outer loop
      vertex 57.3084 8 5.21491
      vertex 57.3714 9.97445 5.3792
      vertex 57.3822 9.9331 5.40733
    endloop
  endfacet
  facet normal 0.933576 3.17246e-05 -0.358379
    outer loop
      vertex 57.3084 8 5.21491
      vertex 57.3822 9.9331 5.40733
      vertex 57.6085 8 5.99667
    endloop
  endfacet
  facet normal 0.933558 -9.90399e-20 -0.358425
    outer loop
      vertex 57.3648 10 5.36181
      vertex 57.3084 8 5.21491
      vertex 57.3084 18 5.21491
    endloop
  endfacet
  facet normal 0.934797 -0.000273064 -0.355183
    outer loop
      vertex 57.3714 9.97445 5.3792
      vertex 57.3084 8 5.21491
      vertex 57.3648 10 5.36181
    endloop
  endfacet
  facet normal -0.452698 0.0765943 0.888368
    outer loop
      vertex 47.1528 31 14.8636
      vertex 46 18 15.397
      vertex 46.7461 18 15.7772
    endloop
  endfacet
  facet normal 0.93084 0.0765947 0.35731
    outer loop
      vertex 57.6085 18 10.9409
      vertex 56.6574 31 10.6319
      vertex 57.3084 18 11.7227
    endloop
  endfacet
  facet normal 0.356818 0.0904162 0.929788
    outer loop
      vertex 52.4404 42 13.9501
      vertex 51.8541 42 14.1751
      vertex 52.1631 31 15.1262
    endloop
  endfacet
  facet normal 0.838659 -0 0.544657
    outer loop
      vertex 56.4721 8 13.1711
      vertex 56.9282 18 12.4688
      vertex 56.4721 18 13.1711
    endloop
  endfacet
  facet normal 0.838659 0 0.544657
    outer loop
      vertex 56.9282 18 12.4688
      vertex 56.4721 8 13.1711
      vertex 56.9282 8 12.4688
    endloop
  endfacet
  facet normal 0.929758 0.0904109 0.356899
    outer loop
      vertex 56.6574 31 10.6319
      vertex 55.4813 42 10.9092
      vertex 56.3948 31 11.316
    endloop
  endfacet
  facet normal 0.984786 0.0765961 0.155981
    outer loop
      vertex 57.9562 18 9.30503
      vertex 56.847 31 9.92418
      vertex 57.8252 18 10.1321
    endloop
  endfacet
  facet normal 0.98477 0.0765899 0.156082
    outer loop
      vertex 56.9617 31 9.2005
      vertex 56.847 31 9.92418
      vertex 57.9562 18 9.30503
    endloop
  endfacet
  facet normal 0.890988 0 -0.454026
    outer loop
      vertex 57.3084 8 5.21491
      vertex 56.9282 18 4.4688
      vertex 57.3084 18 5.21491
    endloop
  endfacet
  facet normal 0.890988 0 -0.454026
    outer loop
      vertex 56.9282 18 4.4688
      vertex 57.3084 8 5.21491
      vertex 56.9282 8 4.4688
    endloop
  endfacet
  facet normal -0.774857 0.0765938 0.627479
    outer loop
      vertex 44.3369 31 12.5833
      vertex 44.0548 18 13.8218
      vertex 44.798 31 13.1527
    endloop
  endfacet
  facet normal -0.887367 0.0904117 0.452112
    outer loop
      vertex 44.5187 42 10.9092
      vertex 43.6052 31 11.316
      vertex 43.9378 31 11.9688
    endloop
  endfacet
  facet normal -0.888399 0.0765945 0.452637
    outer loop
      vertex 43.6052 31 11.316
      vertex 42.6916 18 11.7227
      vertex 43.9378 31 11.9688
    endloop
  endfacet
  facet normal 0.156401 0 0.987694
    outer loop
      vertex 51.6633 18 16.294
      vertex 51.1202 10 16.38
      vertex 51.6633 8 16.294
    endloop
  endfacet
  facet normal 0.154174 0.000154959 0.988044
    outer loop
      vertex 51.6633 18 16.294
      vertex 51.1112 10.0278 16.3814
      vertex 51.1202 10 16.38
    endloop
  endfacet
  facet normal 0.156711 -2.50679e-05 0.987645
    outer loop
      vertex 51.6633 18 16.294
      vertex 51.0312 10.2763 16.3941
      vertex 51.1112 10.0278 16.3814
    endloop
  endfacet
  facet normal 0.159468 -0.00025647 0.987203
    outer loop
      vertex 51.6633 18 16.294
      vertex 51.0244 10.2823 16.3952
      vertex 51.0312 10.2763 16.3941
    endloop
  endfacet
  facet normal 0.157007 -4.75506e-05 0.987597
    outer loop
      vertex 51.6633 18 16.294
      vertex 50.9917 10.3112 16.4004
      vertex 51.0244 10.2823 16.3952
    endloop
  endfacet
  facet normal 0.156256 -0 0.987717
    outer loop
      vertex 50.8362 8 16.425
      vertex 50.9917 10.3112 16.4004
      vertex 50.8362 18 16.425
    endloop
  endfacet
  facet normal 0.156435 3.70262e-06 0.987688
    outer loop
      vertex 50.8362 18 16.425
      vertex 50.9917 10.3112 16.4004
      vertex 51.6633 18 16.294
    endloop
  endfacet
  facet normal 0.154936 -0.000407929 0.987924
    outer loop
      vertex 51.1112 9.97223 16.3814
      vertex 51.6633 8 16.294
      vertex 51.1202 10 16.38
    endloop
  endfacet
  facet normal 0.156587 6.5856e-05 0.987664
    outer loop
      vertex 51.0312 9.72369 16.3941
      vertex 51.6633 8 16.294
      vertex 51.1112 9.97223 16.3814
    endloop
  endfacet
  facet normal 0.158884 0.000929543 0.987297
    outer loop
      vertex 51.0244 9.71765 16.3952
      vertex 51.6633 8 16.294
      vertex 51.0312 9.72369 16.3941
    endloop
  endfacet
  facet normal 0.156899 0.000172576 0.987615
    outer loop
      vertex 50.9917 9.68876 16.4004
      vertex 51.6633 8 16.294
      vertex 51.0244 9.71765 16.3952
    endloop
  endfacet
  facet normal 0.156435 -1.68578e-05 0.987688
    outer loop
      vertex 50.9917 9.68876 16.4004
      vertex 50.8362 8 16.425
      vertex 51.6633 8 16.294
    endloop
  endfacet
  facet normal 0.156256 0 0.987717
    outer loop
      vertex 50.9917 10.3112 16.4004
      vertex 50.8362 8 16.425
      vertex 50.9917 9.68876 16.4004
    endloop
  endfacet
  facet normal -0.836189 0.0765902 -0.543068
    outer loop
      vertex 43.5279 18 3.76652
      vertex 43.0718 18 4.4688
      vertex 43.9378 31 4.9688
    endloop
  endfacet
  facet normal 0.0523081 6.83561e-20 0.998631
    outer loop
      vertex 50 18 16.4688
      vertex 50.8362 8 16.425
      vertex 50.8362 18 16.425
    endloop
  endfacet
  facet normal 0.0523081 6.83561e-20 0.998631
    outer loop
      vertex 50.8362 8 16.425
      vertex 50 18 16.4688
      vertex 50 8 16.4688
    endloop
  endfacet
  facet normal -0.0521688 0.0904198 0.994536
    outer loop
      vertex 49.3728 42 14.4359
      vertex 49.2683 31 15.4305
      vertex 50 42 14.4688
    endloop
  endfacet
  facet normal 0.0521214 0.0904127 -0.99454
    outer loop
      vertex 50.6272 42 2.50167
      vertex 50 31 1.4688
      vertex 50 42 2.4688
    endloop
  endfacet
  facet normal -0.77719 -4.25253e-18 -0.629266
    outer loop
      vertex 44.0548 18 3.11576
      vertex 43.5279 11.4411 3.76652
      vertex 43.5279 18 3.76652
    endloop
  endfacet
  facet normal -0.77719 -4.22983e-18 -0.629266
    outer loop
      vertex 43.5279 11.4411 3.76652
      vertex 44.0548 18 3.11576
      vertex 44.0548 11.4059 3.11576
    endloop
  endfacet
  facet normal 0.965934 0 -0.258788
    outer loop
      vertex 57.8252 8 6.80551
      vertex 57.6085 18 5.99667
      vertex 57.8252 18 6.80551
    endloop
  endfacet
  facet normal 0.965934 0 -0.258788
    outer loop
      vertex 57.6085 18 5.99667
      vertex 57.8252 8 6.80551
      vertex 57.6085 8 5.99667
    endloop
  endfacet
  facet normal -0.452681 0.0765903 -0.888377
    outer loop
      vertex 46.7461 18 1.16044
      vertex 46.5 31 2.40662
      vertex 47.1528 31 2.07398
    endloop
  endfacet
  facet normal 0.998631 0 -0.0523062
    outer loop
      vertex 58 8 8.4688
      vertex 57.9562 18 7.63257
      vertex 58 18 8.4688
    endloop
  endfacet
  facet normal 0.998631 0 -0.0523062
    outer loop
      vertex 57.9562 18 7.63257
      vertex 58 8 8.4688
      vertex 57.9562 8 7.63257
    endloop
  endfacet
  facet normal -0.933582 -6.38234e-06 0.358363
    outer loop
      vertex 42.3915 18 10.9409
      vertex 42.6178 10.0669 11.5303
      vertex 42.6916 18 11.7227
    endloop
  endfacet
  facet normal -0.933477 1.69737e-05 0.358637
    outer loop
      vertex 42.3915 18 10.9409
      vertex 42.5886 10 11.4543
      vertex 42.6178 10.0669 11.5303
    endloop
  endfacet
  facet normal -0.933489 -5.85101e-05 0.358605
    outer loop
      vertex 42.5886 10 11.4543
      vertex 42.3915 8 10.9409
      vertex 42.6178 9.9331 11.5303
    endloop
  endfacet
  facet normal -0.933566 0 0.358406
    outer loop
      vertex 42.3915 8 10.9409
      vertex 42.5886 10 11.4543
      vertex 42.3915 18 10.9409
    endloop
  endfacet
  facet normal -0.933439 -1.67389e-05 0.358735
    outer loop
      vertex 42.6286 10.0256 11.5584
      vertex 42.6916 18 11.7227
      vertex 42.6178 10.0669 11.5303
    endloop
  endfacet
  facet normal -0.93496 7.73026e-05 0.354754
    outer loop
      vertex 42.6352 10 11.5758
      vertex 42.6916 18 11.7227
      vertex 42.6286 10.0256 11.5584
    endloop
  endfacet
  facet normal -0.933582 2.6192e-05 0.358363
    outer loop
      vertex 42.6916 8 11.7227
      vertex 42.6178 9.9331 11.5303
      vertex 42.3915 8 10.9409
    endloop
  endfacet
  facet normal -0.933462 6.20551e-05 0.358677
    outer loop
      vertex 42.6178 9.9331 11.5303
      vertex 42.6916 8 11.7227
      vertex 42.6286 9.97445 11.5584
    endloop
  endfacet
  facet normal -0.933558 -9.90399e-20 0.358425
    outer loop
      vertex 42.6352 10 11.5758
      vertex 42.6916 8 11.7227
      vertex 42.6916 18 11.7227
    endloop
  endfacet
  facet normal -0.934858 -0.000286617 0.355022
    outer loop
      vertex 42.6286 9.97445 11.5584
      vertex 42.6916 8 11.7227
      vertex 42.6352 10 11.5758
    endloop
  endfacet
  facet normal 0.2588 -2.17127e-19 0.965931
    outer loop
      vertex 51.6633 18 16.294
      vertex 52.4721 8 16.0773
      vertex 52.4721 18 16.0773
    endloop
  endfacet
  facet normal 0.2588 -2.17127e-19 0.965931
    outer loop
      vertex 52.4721 8 16.0773
      vertex 51.6633 18 16.294
      vertex 51.6633 8 16.294
    endloop
  endfacet
  facet normal 0.774868 0.0765913 -0.627466
    outer loop
      vertex 56.4721 18 3.76652
      vertex 55.202 31 3.78489
      vertex 55.6631 31 4.35431
    endloop
  endfacet
  facet normal 0.929792 0.0904169 -0.356807
    outer loop
      vertex 56.6574 31 6.30568
      vertex 55.4813 42 6.02838
      vertex 55.7063 42 6.6147
    endloop
  endfacet
  facet normal -0.257762 0.0904126 -0.961969
    outer loop
      vertex 48.5446 31 1.62177
      vertex 48.1459 42 2.76246
      vertex 48.7525 42 2.59992
    endloop
  endfacet
  facet normal 0.357314 0.0765949 0.930838
    outer loop
      vertex 52.8472 31 14.8636
      vertex 52.1631 31 15.1262
      vertex 53.2539 18 15.7772
    endloop
  endfacet
  facet normal 0.98477 0.0765899 -0.156082
    outer loop
      vertex 57.9562 18 7.63257
      vertex 56.847 31 7.01342
      vertex 56.9617 31 7.7371
    endloop
  endfacet
  facet normal 0.257762 0.0904126 -0.961969
    outer loop
      vertex 51.4554 31 1.62177
      vertex 51.2475 42 2.59992
      vertex 51.8541 42 2.76246
    endloop
  endfacet
  facet normal 0.835195 0.0904104 0.542472
    outer loop
      vertex 55.1962 42 11.4688
      vertex 54.8541 42 11.9955
      vertex 56.0622 31 11.9688
    endloop
  endfacet
  facet normal 0.543032 0.0765917 -0.836212
    outer loop
      vertex 54 18 1.5406
      vertex 53.5 31 2.40662
      vertex 54.7023 18 1.99667
    endloop
  endfacet
  facet normal 0.452681 0.0765903 -0.888377
    outer loop
      vertex 53.2539 18 1.16044
      vertex 52.8472 31 2.07398
      vertex 53.5 31 2.40662
    endloop
  endfacet
  facet normal -0.994543 0.090413 0.0520582
    outer loop
      vertex 44 42 8.4688
      vertex 43 31 8.4688
      vertex 43.0383 31 9.2005
    endloop
  endfacet
  facet normal -0.258073 0.0765919 -0.963085
    outer loop
      vertex 48.3367 18 0.64362
      vertex 47.5279 18 0.86035
      vertex 48.5446 31 1.62177
    endloop
  endfacet
  facet normal -0.704203 0.0904105 -0.704219
    outer loop
      vertex 45.9852 42 4.00993
      vertex 45.3161 31 3.26679
      vertex 45.5411 42 4.45402
    endloop
  endfacet
  facet normal -0.257851 0.0904165 0.961945
    outer loop
      vertex 48.1459 42 14.1751
      vertex 47.8369 31 15.1262
      vertex 48.7525 42 14.3377
    endloop
  endfacet
  facet normal -0.961949 0.0904081 0.257839
    outer loop
      vertex 44.1311 42 9.71627
      vertex 43.153 31 9.92418
      vertex 44.2937 42 10.3229
    endloop
  endfacet
  facet normal 0.257851 0.0904165 0.961945
    outer loop
      vertex 51.8541 42 14.1751
      vertex 51.2475 42 14.3377
      vertex 52.1631 31 15.1262
    endloop
  endfacet
  facet normal -0.704211 0.0904098 -0.704211
    outer loop
      vertex 45.3161 31 3.26679
      vertex 44.798 31 3.78489
      vertex 45.5411 42 4.45402
    endloop
  endfacet
  facet normal -0.9957 0.0765901 0.0521188
    outer loop
      vertex 43 31 8.4688
      vertex 42.0438 18 9.30503
      vertex 43.0383 31 9.2005
    endloop
  endfacet
  facet normal 0.542472 0.0904125 0.835194
    outer loop
      vertex 53.5267 42 13.3229
      vertex 53 42 13.665
      vertex 54.1145 31 14.1319
    endloop
  endfacet
  facet normal 0.15579 0.0904121 -0.983644
    outer loop
      vertex 50.7317 31 1.50715
      vertex 50.6272 42 2.50167
      vertex 51.4554 31 1.62177
    endloop
  endfacet
  facet normal -0.356818 0.0904162 0.929788
    outer loop
      vertex 48.1459 42 14.1751
      vertex 47.5596 42 13.9501
      vertex 47.8369 31 15.1262
    endloop
  endfacet
  facet normal 0.542407 0.0904136 -0.835236
    outer loop
      vertex 54.1145 31 2.80568
      vertex 53.5 31 2.40662
      vertex 53.5267 42 3.6147
    endloop
  endfacet
  facet normal -0.0521853 0.0765919 -0.995696
    outer loop
      vertex 50 18 0.468801
      vertex 49.1638 18 0.512627
      vertex 50 31 1.4688
    endloop
  endfacet
  facet normal -0.987687 -7.16216e-06 -0.156442
    outer loop
      vertex 42.1748 18 6.80551
      vertex 42.0768 10.0632 7.42459
      vertex 42.0438 18 7.63257
    endloop
  endfacet
  facet normal -0.987787 4.32245e-05 -0.155812
    outer loop
      vertex 42.1748 18 6.80551
      vertex 42.0824 10.0337 7.38908
      vertex 42.0768 10.0632 7.42459
    endloop
  endfacet
  facet normal -0.987724 1.3225e-05 -0.156211
    outer loop
      vertex 42.1748 18 6.80551
      vertex 42.0888 10 7.34861
      vertex 42.0824 10.0337 7.38908
    endloop
  endfacet
  facet normal -0.987719 -4.55878e-05 -0.156238
    outer loop
      vertex 42.1748 8 6.80551
      vertex 42.0824 9.96632 7.38908
      vertex 42.0888 10 7.34861
    endloop
  endfacet
  facet normal -0.987773 -0.00014898 -0.155898
    outer loop
      vertex 42.0824 9.96632 7.38908
      vertex 42.1748 8 6.80551
      vertex 42.0768 9.93677 7.42459
    endloop
  endfacet
  facet normal -0.987694 0 -0.156401
    outer loop
      vertex 42.1748 8 6.80551
      vertex 42.0888 10 7.34861
      vertex 42.1748 18 6.80551
    endloop
  endfacet
  facet normal -0.987474 2.88048e-05 -0.157781
    outer loop
      vertex 42.0684 10 7.47715
      vertex 42.0438 18 7.63257
      vertex 42.0768 10.0632 7.42459
    endloop
  endfacet
  facet normal -0.987687 2.93502e-05 -0.156442
    outer loop
      vertex 42.0438 8 7.63257
      vertex 42.0768 9.93677 7.42459
      vertex 42.1748 8 6.80551
    endloop
  endfacet
  facet normal -0.987704 6.27304e-20 -0.156335
    outer loop
      vertex 42.0684 10 7.47715
      vertex 42.0438 8 7.63257
      vertex 42.0438 18 7.63257
    endloop
  endfacet
  facet normal -0.987489 -0.000107832 -0.157688
    outer loop
      vertex 42.0768 9.93677 7.42459
      vertex 42.0438 8 7.63257
      vertex 42.0684 10 7.47715
    endloop
  endfacet
  facet normal -0.358406 0 0.933566
    outer loop
      vertex 47.5279 18 16.0773
      vertex 47.0145 10 15.8802
      vertex 47.5279 8 16.0773
    endloop
  endfacet
  facet normal -0.359074 4.91841e-05 0.933309
    outer loop
      vertex 47.5279 18 16.0773
      vertex 46.9615 10.1743 15.8598
      vertex 47.0145 10 15.8802
    endloop
  endfacet
  facet normal -0.358363 -9.89716e-06 0.933582
    outer loop
      vertex 46.7461 18 15.7772
      vertex 46.9615 10.1743 15.8598
      vertex 47.5279 18 16.0773
    endloop
  endfacet
  facet normal -0.357295 2.38055e-05 0.933991
    outer loop
      vertex 46.9615 10.1743 15.8598
      vertex 46.7461 18 15.7772
      vertex 46.893 10 15.8336
    endloop
  endfacet
  facet normal -0.358845 -0.000129215 0.933397
    outer loop
      vertex 46.9615 9.82573 15.8598
      vertex 47.5279 8 16.0773
      vertex 47.0145 10 15.8802
    endloop
  endfacet
  facet normal -0.357429 -8.39741e-05 0.93394
    outer loop
      vertex 46.7461 8 15.7772
      vertex 46.9615 9.82573 15.8598
      vertex 46.893 10 15.8336
    endloop
  endfacet
  facet normal -0.358363 4.24226e-05 0.933582
    outer loop
      vertex 46.9615 9.82573 15.8598
      vertex 46.7461 8 15.7772
      vertex 47.5279 8 16.0773
    endloop
  endfacet
  facet normal -0.358425 0 0.933558
    outer loop
      vertex 46.7461 8 15.7772
      vertex 46.893 10 15.8336
      vertex 46.7461 18 15.7772
    endloop
  endfacet
  facet normal -0.35731 0.0765947 0.93084
    outer loop
      vertex 47.8369 31 15.1262
      vertex 46.7461 18 15.7772
      vertex 47.5279 18 16.0773
    endloop
  endfacet
  facet normal -0.357314 0.0765949 0.930838
    outer loop
      vertex 47.1528 31 14.8636
      vertex 46.7461 18 15.7772
      vertex 47.8369 31 15.1262
    endloop
  endfacet
  facet normal -0.257724 0.0904085 0.96198
    outer loop
      vertex 48.7525 42 14.3377
      vertex 47.8369 31 15.1262
      vertex 48.5446 31 15.3158
    endloop
  endfacet
  facet normal 0.452118 0.0904157 -0.887364
    outer loop
      vertex 52.8472 31 2.07398
      vertex 52.4404 42 2.98753
      vertex 53 42 3.27265
    endloop
  endfacet
  facet normal -0.542472 0.0904125 0.835194
    outer loop
      vertex 46.4733 42 13.3229
      vertex 45.8855 31 14.1319
      vertex 47 42 13.665
    endloop
  endfacet
  facet normal -0.258833 1.74556e-18 -0.965922
    outer loop
      vertex 47.5279 11.1741 0.86035
      vertex 48.3367 18 0.64362
      vertex 48.3367 11.1201 0.64362
    endloop
  endfacet
  facet normal -0.258833 1.75936e-18 -0.965922
    outer loop
      vertex 48.3367 18 0.64362
      vertex 47.5279 11.1741 0.86035
      vertex 47.5279 18 0.86035
    endloop
  endfacet
  facet normal 0.890986 -0 0.454031
    outer loop
      vertex 56.9282 8 12.4688
      vertex 57.3084 18 11.7227
      vertex 56.9282 18 12.4688
    endloop
  endfacet
  facet normal 0.890986 0 0.454031
    outer loop
      vertex 57.3084 18 11.7227
      vertex 56.9282 8 12.4688
      vertex 57.3084 8 11.7227
    endloop
  endfacet
  facet normal 0.888369 0.0765905 0.452698
    outer loop
      vertex 57.3084 18 11.7227
      vertex 56.0622 31 11.9688
      vertex 56.9282 18 12.4688
    endloop
  endfacet
  facet normal 0.888399 0.0765945 0.452637
    outer loop
      vertex 56.3948 31 11.316
      vertex 56.0622 31 11.9688
      vertex 57.3084 18 11.7227
    endloop
  endfacet
  facet normal 0.930838 0.0765949 0.357314
    outer loop
      vertex 56.6574 31 10.6319
      vertex 56.3948 31 11.316
      vertex 57.3084 18 11.7227
    endloop
  endfacet
  facet normal 0.774857 0.0765938 0.627479
    outer loop
      vertex 55.6631 31 12.5833
      vertex 55.202 31 13.1527
      vertex 55.9452 18 13.8218
    endloop
  endfacet
  facet normal 0.963099 0.0765947 0.258017
    outer loop
      vertex 56.847 31 9.92418
      vertex 56.6574 31 10.6319
      vertex 57.6085 18 10.9409
    endloop
  endfacet
  facet normal -0.888371 0.0765904 -0.452693
    outer loop
      vertex 43.0718 18 4.4688
      vertex 42.6916 18 5.21491
      vertex 43.9378 31 4.9688
    endloop
  endfacet
  facet normal -0.70503 0.0765933 0.70503
    outer loop
      vertex 44.798 31 13.1527
      vertex 44.0548 18 13.8218
      vertex 45.3161 31 13.6708
    endloop
  endfacet
  facet normal -0.963101 0.0765949 -0.25801
    outer loop
      vertex 43.3426 31 6.30568
      vertex 42.3915 18 5.99667
      vertex 43.153 31 7.01342
    endloop
  endfacet
  facet normal -0.707107 0 0.707107
    outer loop
      vertex 44.0548 8 13.8218
      vertex 44.647 18 14.414
      vertex 44.0548 18 13.8218
    endloop
  endfacet
  facet normal -0.707107 0 0.707107
    outer loop
      vertex 44.647 18 14.414
      vertex 44.0548 8 13.8218
      vertex 44.647 8 14.414
    endloop
  endfacet
  facet normal -0.777161 -2.45969e-06 0.629301
    outer loop
      vertex 43.5279 18 13.1711
      vertex 43.6638 10.0804 13.3389
      vertex 44.0548 18 13.8218
    endloop
  endfacet
  facet normal -0.776703 1.73901e-05 0.629867
    outer loop
      vertex 43.5279 18 13.1711
      vertex 43.6269 10 13.2934
      vertex 43.6638 10.0804 13.3389
    endloop
  endfacet
  facet normal -0.776744 -6.44788e-05 0.629817
    outer loop
      vertex 43.6269 10 13.2934
      vertex 43.5279 8 13.1711
      vertex 43.6638 9.91963 13.3389
    endloop
  endfacet
  facet normal -0.77726 0 0.62918
    outer loop
      vertex 43.5279 8 13.1711
      vertex 43.6269 10 13.2934
      vertex 43.5279 18 13.1711
    endloop
  endfacet
  facet normal -0.777572 4.88012e-05 0.628793
    outer loop
      vertex 43.6921 10.0298 13.3739
      vertex 44.0548 18 13.8218
      vertex 43.6638 10.0804 13.3389
    endloop
  endfacet
  facet normal -0.776831 -3.6362e-05 0.629709
    outer loop
      vertex 43.7088 10 13.3945
      vertex 44.0548 18 13.8218
      vertex 43.6921 10.0298 13.3739
    endloop
  endfacet
  facet normal -0.777161 1.01477e-05 0.629301
    outer loop
      vertex 44.0548 8 13.8218
      vertex 43.6638 9.91963 13.3389
      vertex 43.5279 8 13.1711
    endloop
  endfacet
  facet normal -0.777493 -0.000160706 0.628891
    outer loop
      vertex 43.6638 9.91963 13.3389
      vertex 44.0548 8 13.8218
      vertex 43.6921 9.97015 13.3739
    endloop
  endfacet
  facet normal -0.777164 1.77222e-18 0.629298
    outer loop
      vertex 43.7088 10 13.3945
      vertex 44.0548 8 13.8218
      vertex 44.0548 18 13.8218
    endloop
  endfacet
  facet normal -0.77689 0.000119655 0.629636
    outer loop
      vertex 43.6921 9.97015 13.3739
      vertex 44.0548 8 13.8218
      vertex 43.7088 10 13.3945
    endloop
  endfacet
  facet normal -0.888369 0.0765905 0.452698
    outer loop
      vertex 43.9378 31 11.9688
      vertex 42.6916 18 11.7227
      vertex 43.0718 18 12.4688
    endloop
  endfacet
  facet normal 0.887367 0.0904117 0.452112
    outer loop
      vertex 56.3948 31 11.316
      vertex 55.4813 42 10.9092
      vertex 56.0622 31 11.9688
    endloop
  endfacet
  facet normal 0.961949 0.0904081 -0.257839
    outer loop
      vertex 56.847 31 7.01342
      vertex 55.7063 42 6.6147
      vertex 55.8689 42 7.22133
    endloop
  endfacet
  facet normal -0.836196 0.0765903 0.543057
    outer loop
      vertex 43.9378 31 11.9688
      vertex 43.0718 18 12.4688
      vertex 43.5279 18 13.1711
    endloop
  endfacet
  facet normal -0.93084 0.0765947 0.35731
    outer loop
      vertex 43.3426 31 10.6319
      vertex 42.3915 18 10.9409
      vertex 42.6916 18 11.7227
    endloop
  endfacet
  facet normal -0.773957 0.0904079 0.626751
    outer loop
      vertex 45.5411 42 12.4836
      vertex 44.3369 31 12.5833
      vertex 44.798 31 13.1527
    endloop
  endfacet
  facet normal -0.887377 0.0904104 0.452093
    outer loop
      vertex 44.5187 42 10.9092
      vertex 43.9378 31 11.9688
      vertex 44.8038 42 11.4688
    endloop
  endfacet
  facet normal -0.963096 0.076596 -0.258028
    outer loop
      vertex 42.3915 18 5.99667
      vertex 42.1748 18 6.80551
      vertex 43.153 31 7.01342
    endloop
  endfacet
  facet normal 0.835211 0.0904123 0.542446
    outer loop
      vertex 56.0622 31 11.9688
      vertex 54.8541 42 11.9955
      vertex 55.6631 31 12.5833
    endloop
  endfacet
  facet normal -0.994543 0.090413 -0.0520582
    outer loop
      vertex 43.0383 31 7.7371
      vertex 43 31 8.4688
      vertex 44 42 8.4688
    endloop
  endfacet
  facet normal -0.930834 0.0765949 -0.357326
    outer loop
      vertex 42.6916 18 5.21491
      vertex 42.3915 18 5.99667
      vertex 43.3426 31 6.30568
    endloop
  endfacet
  facet normal -0.774868 0.0765913 -0.627466
    outer loop
      vertex 44.798 31 3.78489
      vertex 43.5279 18 3.76652
      vertex 44.3369 31 4.35431
    endloop
  endfacet
  facet normal -0.627503 0.076591 -0.774838
    outer loop
      vertex 45.2977 18 1.99667
      vertex 44.647 18 2.52364
      vertex 45.3161 31 3.26679
    endloop
  endfacet
  facet normal -0.544632 1.67518e-18 -0.838675
    outer loop
      vertex 45.2977 11.323 1.99667
      vertex 46 18 1.5406
      vertex 46 11.2761 1.5406
    endloop
  endfacet
  facet normal -0.544632 1.68694e-18 -0.838675
    outer loop
      vertex 46 18 1.5406
      vertex 45.2977 11.323 1.99667
      vertex 45.2977 18 1.99667
    endloop
  endfacet
  facet normal -0.0521866 0.076592 -0.995696
    outer loop
      vertex 50 31 1.4688
      vertex 49.1638 18 0.512627
      vertex 49.2683 31 1.50715
    endloop
  endfacet
  facet normal 0.0521853 0.0765919 -0.995696
    outer loop
      vertex 50.8362 18 0.512627
      vertex 50 18 0.468801
      vertex 50 31 1.4688
    endloop
  endfacet
  facet normal 0.258073 0.0765919 -0.963085
    outer loop
      vertex 51.6633 18 0.64362
      vertex 51.4554 31 1.62177
      vertex 52.4721 18 0.86035
    endloop
  endfacet
  facet normal 0.707059 4.77756e-20 -0.707155
    outer loop
      vertex 55.353 8 2.52364
      vertex 55.9452 18 3.11576
      vertex 55.9452 8 3.11576
    endloop
  endfacet
  facet normal 0.707059 4.77756e-20 -0.707155
    outer loop
      vertex 55.9452 18 3.11576
      vertex 55.353 8 2.52364
      vertex 55.353 18 2.52364
    endloop
  endfacet
  facet normal 0.629314 -9.72059e-06 -0.777151
    outer loop
      vertex 55.353 8 2.52364
      vertex 54.857 9.90076 2.12197
      vertex 54.9257 10 2.1776
    endloop
  endfacet
  facet normal 0.629352 6.46657e-06 -0.777121
    outer loop
      vertex 55.353 8 2.52364
      vertex 54.8541 8.52671 2.11961
      vertex 54.857 9.90076 2.12197
    endloop
  endfacet
  facet normal 0.629371 6.39894e-06 -0.777105
    outer loop
      vertex 54.7023 8.71419 1.99667
      vertex 54.857 9.90076 2.12197
      vertex 54.8541 8.52671 2.11961
    endloop
  endfacet
  facet normal 0.62954 -3.00929e-05 -0.776968
    outer loop
      vertex 54.857 9.90076 2.12197
      vertex 54.7023 8.71419 1.99667
      vertex 54.83 9.9834 2.10009
    endloop
  endfacet
  facet normal 0.630467 -0.000184678 -0.776216
    outer loop
      vertex 54.83 9.9834 2.10009
      vertex 54.7023 8.71419 1.99667
      vertex 54.8246 10 2.0957
    endloop
  endfacet
  facet normal 0.629547 0.000313661 -0.776962
    outer loop
      vertex 54.8541 8.52671 2.11961
      vertex 55.353 8 2.52364
      vertex 55.1962 8 2.39659
    endloop
  endfacet
  facet normal 0.629342 0 -0.777129
    outer loop
      vertex 55.353 8 2.52364
      vertex 54.9257 10 2.1776
      vertex 55.353 18 2.52364
    endloop
  endfacet
  facet normal 0.629308 2.95246e-06 -0.777156
    outer loop
      vertex 54.857 10.0992 2.12197
      vertex 55.353 18 2.52364
      vertex 54.9257 10 2.1776
    endloop
  endfacet
  facet normal 0.629584 5.9653e-06 -0.776932
    outer loop
      vertex 54.7023 18 1.99667
      vertex 54.857 10.0992 2.12197
      vertex 54.83 10.0166 2.10009
    endloop
  endfacet
  facet normal 0.630741 3.66292e-05 -0.775993
    outer loop
      vertex 54.7023 18 1.99667
      vertex 54.83 10.0166 2.10009
      vertex 54.8246 10 2.0957
    endloop
  endfacet
  facet normal 0.629295 0 -0.777166
    outer loop
      vertex 54.7023 18 1.99667
      vertex 54.8246 10 2.0957
      vertex 54.7023 8.71419 1.99667
    endloop
  endfacet
  facet normal 0.629352 -1.57977e-06 -0.777121
    outer loop
      vertex 54.857 10.0992 2.12197
      vertex 54.7023 18 1.99667
      vertex 55.353 18 2.52364
    endloop
  endfacet
  facet normal 0.836179 0.0765913 -0.543083
    outer loop
      vertex 56.4721 18 3.76652
      vertex 55.6631 31 4.35431
      vertex 56.0622 31 4.9688
    endloop
  endfacet
  facet normal 0.357278 0.0765905 -0.930852
    outer loop
      vertex 53.2539 18 1.16044
      vertex 52.1631 31 1.81141
      vertex 52.8472 31 2.07398
    endloop
  endfacet
  facet normal 0.626719 0.0904105 -0.773983
    outer loop
      vertex 54.6839 31 3.26679
      vertex 53.5267 42 3.6147
      vertex 54.0148 42 4.00993
    endloop
  endfacet
  facet normal 0.994543 0.090413 -0.0520582
    outer loop
      vertex 56.9617 31 7.7371
      vertex 56 42 8.4688
      vertex 57 31 8.4688
    endloop
  endfacet
  facet normal 0.9957 0.0765901 -0.0521188
    outer loop
      vertex 57.9562 18 7.63257
      vertex 56.9617 31 7.7371
      vertex 57 31 8.4688
    endloop
  endfacet
  facet normal 0.961982 0.0904163 -0.25771
    outer loop
      vertex 56.6574 31 6.30568
      vertex 55.7063 42 6.6147
      vertex 56.847 31 7.01342
    endloop
  endfacet
  facet normal 0.62669 0.0904075 0.774007
    outer loop
      vertex 54.0148 42 12.9277
      vertex 53.5267 42 13.3229
      vertex 54.6839 31 13.6708
    endloop
  endfacet
  facet normal -0.356915 0.0904115 -0.929751
    outer loop
      vertex 47.8369 31 1.81141
      vertex 47.5596 42 2.98753
      vertex 48.1459 42 2.76246
    endloop
  endfacet
  facet normal 0.155967 0.076592 -0.984788
    outer loop
      vertex 51.6633 18 0.64362
      vertex 50.8362 18 0.512627
      vertex 51.4554 31 1.62177
    endloop
  endfacet
  facet normal 0.155971 0.0765918 -0.984788
    outer loop
      vertex 50.8362 18 0.512627
      vertex 50.7317 31 1.50715
      vertex 51.4554 31 1.62177
    endloop
  endfacet
  facet normal 0.1558 0.0904128 -0.983642
    outer loop
      vertex 51.4554 31 1.62177
      vertex 50.6272 42 2.50167
      vertex 51.2475 42 2.59992
    endloop
  endfacet
  facet normal 0.704982 0.0765909 -0.705077
    outer loop
      vertex 55.353 18 2.52364
      vertex 54.6839 31 3.26679
      vertex 55.9452 18 3.11576
    endloop
  endfacet
  facet normal 0.543038 0.0765922 -0.836208
    outer loop
      vertex 54.7023 18 1.99667
      vertex 53.5 31 2.40662
      vertex 54.1145 31 2.80568
    endloop
  endfacet
  facet normal 0.362246 0.00681454 -0.932058
    outer loop
      vertex 53.0385 10.1743 1.07777
      vertex 53.2539 10.0313 1.16044
      vertex 53.0402 10.1701 1.0784
    endloop
  endfacet
  facet normal 0.358314 0 -0.933601
    outer loop
      vertex 53.2539 10.0313 1.16044
      vertex 53.0385 10.1743 1.07777
      vertex 53.2539 18 1.16044
    endloop
  endfacet
  facet normal 0.35901 0.000817321 -0.933333
    outer loop
      vertex 53 10.1962 1.06298
      vertex 53.0385 10.1743 1.07777
      vertex 53.0377 10.1717 1.07746
    endloop
  endfacet
  facet normal 0.358601 -9.06321e-06 -0.933491
    outer loop
      vertex 53.0385 10.1743 1.07777
      vertex 53 10.1962 1.06298
      vertex 53.2539 18 1.16044
    endloop
  endfacet
  facet normal 0.35835 3.06968e-07 -0.933587
    outer loop
      vertex 52.4721 10.4651 0.86035
      vertex 53.2539 18 1.16044
      vertex 53 10.1962 1.06298
    endloop
  endfacet
  facet normal 0.358352 1.10499e-18 -0.933586
    outer loop
      vertex 53.2539 18 1.16044
      vertex 52.4721 10.4651 0.86035
      vertex 52.4721 18 0.86035
    endloop
  endfacet
  facet normal 0.258961 6.58625e-20 -0.965888
    outer loop
      vertex 52.4404 10.4813 0.851851
      vertex 52.4721 18 0.86035
      vertex 52.4721 10.4651 0.86035
    endloop
  endfacet
  facet normal 0.258826 6.12236e-07 -0.965924
    outer loop
      vertex 51.8541 10.7063 0.694748
      vertex 52.4721 18 0.86035
      vertex 52.4404 10.4813 0.851851
    endloop
  endfacet
  facet normal 0.258835 -1.64507e-07 -0.965922
    outer loop
      vertex 51.6633 10.7575 0.64362
      vertex 52.4721 18 0.86035
      vertex 51.8541 10.7063 0.694748
    endloop
  endfacet
  facet normal 0.258833 -1.65816e-18 -0.965922
    outer loop
      vertex 52.4721 18 0.86035
      vertex 51.6633 10.7575 0.64362
      vertex 51.6633 18 0.64362
    endloop
  endfacet
  facet normal -0.3573 0.0765919 -0.930844
    outer loop
      vertex 47.5279 18 0.86035
      vertex 46.7461 18 1.16044
      vertex 47.8369 31 1.81141
    endloop
  endfacet
  facet normal 0.774006 0.0904127 0.62669
    outer loop
      vertex 54.8541 42 11.9955
      vertex 54.4589 42 12.4836
      vertex 55.6631 31 12.5833
    endloop
  endfacet
  facet normal -0.0521214 0.0904127 -0.99454
    outer loop
      vertex 50 31 1.4688
      vertex 49.3728 42 2.50167
      vertex 50 42 2.4688
    endloop
  endfacet
  facet normal -0.45266 0.0765917 -0.888388
    outer loop
      vertex 46.7461 18 1.16044
      vertex 46 18 1.5406
      vertex 46.5 31 2.40662
    endloop
  endfacet
  facet normal -0.543032 0.0765917 -0.836212
    outer loop
      vertex 46 18 1.5406
      vertex 45.2977 18 1.99667
      vertex 46.5 31 2.40662
    endloop
  endfacet
  facet normal -0.983654 0.09042 0.155723
    outer loop
      vertex 44.0329 42 9.09597
      vertex 43.0383 31 9.2005
      vertex 44.1311 42 9.71627
    endloop
  endfacet
  facet normal 0.543057 0.0765916 0.836196
    outer loop
      vertex 54.1145 31 14.1319
      vertex 54 18 15.397
      vertex 54.7023 18 14.9409
    endloop
  endfacet
  facet normal -0.930838 0.0765949 0.357314
    outer loop
      vertex 43.3426 31 10.6319
      vertex 42.6916 18 11.7227
      vertex 43.6052 31 11.316
    endloop
  endfacet
  facet normal -0.929758 0.0904109 0.356899
    outer loop
      vertex 44.5187 42 10.9092
      vertex 43.3426 31 10.6319
      vertex 43.6052 31 11.316
    endloop
  endfacet
  facet normal -0.995698 0.0765921 0.0521526
    outer loop
      vertex 43 31 8.4688
      vertex 42 18 8.4688
      vertex 42.0438 18 9.30503
    endloop
  endfacet
  facet normal -0.983627 0.0904089 0.1559
    outer loop
      vertex 44.1311 42 9.71627
      vertex 43.0383 31 9.2005
      vertex 43.153 31 9.92418
    endloop
  endfacet
  facet normal -0.984786 0.0765961 0.155981
    outer loop
      vertex 43.153 31 9.92418
      vertex 42.0438 18 9.30503
      vertex 42.1748 18 10.1321
    endloop
  endfacet
  facet normal 0.0520582 0.090413 0.994543
    outer loop
      vertex 50 42 14.4688
      vertex 50 31 15.4688
      vertex 50.7317 31 15.4305
    endloop
  endfacet
  facet normal 0.544657 1.12795e-18 0.838659
    outer loop
      vertex 54 18 15.397
      vertex 54.7023 8 14.9409
      vertex 54.7023 18 14.9409
    endloop
  endfacet
  facet normal 0.544657 1.12795e-18 0.838659
    outer loop
      vertex 54.7023 8 14.9409
      vertex 54 18 15.397
      vertex 54 8 15.397
    endloop
  endfacet
  facet normal 0.0521545 0.0765921 0.995698
    outer loop
      vertex 50 31 15.4688
      vertex 50 18 16.4688
      vertex 50.8362 18 16.425
    endloop
  endfacet
  facet normal 0.773968 0.0904112 -0.626737
    outer loop
      vertex 55.202 31 3.78489
      vertex 54.8541 42 4.94209
      vertex 55.6631 31 4.35431
    endloop
  endfacet
  facet normal -0.0521188 0.07659 0.9957
    outer loop
      vertex 49.2683 31 15.4305
      vertex 49.1638 18 16.425
      vertex 50 31 15.4688
    endloop
  endfacet
  facet normal -0.155896 0.0904088 0.983627
    outer loop
      vertex 48.7525 42 14.3377
      vertex 48.5446 31 15.3158
      vertex 49.2683 31 15.4305
    endloop
  endfacet
  facet normal -0.2588 2.17127e-19 0.965931
    outer loop
      vertex 47.5279 18 16.0773
      vertex 48.3367 8 16.294
      vertex 48.3367 18 16.294
    endloop
  endfacet
  facet normal -0.2588 2.17127e-19 0.965931
    outer loop
      vertex 48.3367 8 16.294
      vertex 47.5279 18 16.0773
      vertex 47.5279 8 16.0773
    endloop
  endfacet
  facet normal -0.542446 0.0904106 0.835212
    outer loop
      vertex 47 42 13.665
      vertex 45.8855 31 14.1319
      vertex 46.5 31 14.531
    endloop
  endfacet
  facet normal -0.627453 0.0765937 0.774878
    outer loop
      vertex 45.3161 31 13.6708
      vertex 44.647 18 14.414
      vertex 45.2977 18 14.9409
    endloop
  endfacet
  facet normal -0.887379 0.0904094 -0.45209
    outer loop
      vertex 43.9378 31 4.9688
      vertex 43.6052 31 5.62164
      vertex 44.5187 42 6.02838
    endloop
  endfacet
  facet normal -0.88841 0.0765957 -0.452615
    outer loop
      vertex 43.9378 31 4.9688
      vertex 42.6916 18 5.21491
      vertex 43.6052 31 5.62164
    endloop
  endfacet
  facet normal -0.70503 0.0765933 0.70503
    outer loop
      vertex 45.3161 31 13.6708
      vertex 44.0548 18 13.8218
      vertex 44.647 18 14.414
    endloop
  endfacet
  facet normal -0.543077 0.0765902 0.836183
    outer loop
      vertex 46.5 31 14.531
      vertex 45.8855 31 14.1319
      vertex 46 18 15.397
    endloop
  endfacet
  facet normal 0.933582 -6.38234e-06 0.358363
    outer loop
      vertex 57.3084 18 11.7227
      vertex 57.3822 10.0669 11.5303
      vertex 57.6085 18 10.9409
    endloop
  endfacet
  facet normal 0.933439 -1.67389e-05 0.358735
    outer loop
      vertex 57.3084 18 11.7227
      vertex 57.3714 10.0256 11.5584
      vertex 57.3822 10.0669 11.5303
    endloop
  endfacet
  facet normal 0.93496 7.73026e-05 0.354754
    outer loop
      vertex 57.3084 18 11.7227
      vertex 57.3648 10 11.5758
      vertex 57.3714 10.0256 11.5584
    endloop
  endfacet
  facet normal 0.933462 6.20551e-05 0.358677
    outer loop
      vertex 57.3714 9.97445 11.5584
      vertex 57.3084 8 11.7227
      vertex 57.3822 9.9331 11.5303
    endloop
  endfacet
  facet normal 0.934858 -0.000286617 0.355022
    outer loop
      vertex 57.3648 10 11.5758
      vertex 57.3084 8 11.7227
      vertex 57.3714 9.97445 11.5584
    endloop
  endfacet
  facet normal 0.933558 -0 0.358425
    outer loop
      vertex 57.3084 8 11.7227
      vertex 57.3648 10 11.5758
      vertex 57.3084 18 11.7227
    endloop
  endfacet
  facet normal 0.933477 1.69737e-05 0.358637
    outer loop
      vertex 57.4114 10 11.4543
      vertex 57.6085 18 10.9409
      vertex 57.3822 10.0669 11.5303
    endloop
  endfacet
  facet normal 0.933582 2.6192e-05 0.358363
    outer loop
      vertex 57.6085 8 10.9409
      vertex 57.3822 9.9331 11.5303
      vertex 57.3084 8 11.7227
    endloop
  endfacet
  facet normal 0.933566 1.15095e-18 0.358406
    outer loop
      vertex 57.4114 10 11.4543
      vertex 57.6085 8 10.9409
      vertex 57.6085 18 10.9409
    endloop
  endfacet
  facet normal 0.933489 -5.85101e-05 0.358605
    outer loop
      vertex 57.3822 9.9331 11.5303
      vertex 57.6085 8 10.9409
      vertex 57.4114 10 11.4543
    endloop
  endfacet
  facet normal 0.777161 -2.45969e-06 0.629301
    outer loop
      vertex 55.9452 18 13.8218
      vertex 56.3362 10.0804 13.3389
      vertex 56.4721 18 13.1711
    endloop
  endfacet
  facet normal 0.777572 4.88012e-05 0.628793
    outer loop
      vertex 55.9452 18 13.8218
      vertex 56.3079 10.0298 13.3739
      vertex 56.3362 10.0804 13.3389
    endloop
  endfacet
  facet normal 0.776831 -3.6362e-05 0.629709
    outer loop
      vertex 55.9452 18 13.8218
      vertex 56.2912 10 13.3945
      vertex 56.3079 10.0298 13.3739
    endloop
  endfacet
  facet normal 0.777493 -0.000160706 0.628891
    outer loop
      vertex 56.3079 9.97015 13.3739
      vertex 55.9452 8 13.8218
      vertex 56.3362 9.91963 13.3389
    endloop
  endfacet
  facet normal 0.77689 0.000119655 0.629636
    outer loop
      vertex 56.2912 10 13.3945
      vertex 55.9452 8 13.8218
      vertex 56.3079 9.97015 13.3739
    endloop
  endfacet
  facet normal 0.777164 -0 0.629298
    outer loop
      vertex 55.9452 8 13.8218
      vertex 56.2912 10 13.3945
      vertex 55.9452 18 13.8218
    endloop
  endfacet
  facet normal 0.776703 1.73901e-05 0.629867
    outer loop
      vertex 56.3731 10 13.2934
      vertex 56.4721 18 13.1711
      vertex 56.3362 10.0804 13.3389
    endloop
  endfacet
  facet normal 0.777161 1.01477e-05 0.629301
    outer loop
      vertex 56.4721 8 13.1711
      vertex 56.3362 9.91963 13.3389
      vertex 55.9452 8 13.8218
    endloop
  endfacet
  facet normal 0.77726 -1.19004e-19 0.62918
    outer loop
      vertex 56.3731 10 13.2934
      vertex 56.4721 8 13.1711
      vertex 56.4721 18 13.1711
    endloop
  endfacet
  facet normal 0.776744 -6.44788e-05 0.629817
    outer loop
      vertex 56.3362 9.91963 13.3389
      vertex 56.4721 8 13.1711
      vertex 56.3731 10 13.2934
    endloop
  endfacet
  facet normal 0.998631 -0 0.0523062
    outer loop
      vertex 57.9562 8 9.30503
      vertex 58 18 8.4688
      vertex 57.9562 18 9.30503
    endloop
  endfacet
  facet normal 0.998631 0 0.0523062
    outer loop
      vertex 58 18 8.4688
      vertex 57.9562 8 9.30503
      vertex 58 8 8.4688
    endloop
  endfacet
  facet normal -0.836183 0.0765917 0.543077
    outer loop
      vertex 43.9378 31 11.9688
      vertex 43.5279 18 13.1711
      vertex 44.3369 31 12.5833
    endloop
  endfacet
  facet normal -0.835211 0.0904123 0.542446
    outer loop
      vertex 45.1459 42 11.9955
      vertex 43.9378 31 11.9688
      vertex 44.3369 31 12.5833
    endloop
  endfacet
  facet normal -0.155723 0.0904196 0.983654
    outer loop
      vertex 49.3728 42 14.4359
      vertex 48.7525 42 14.3377
      vertex 49.2683 31 15.4305
    endloop
  endfacet
  facet normal -0.994536 0.0904199 0.0521713
    outer loop
      vertex 44 42 8.4688
      vertex 43.0383 31 9.2005
      vertex 44.0329 42 9.09597
    endloop
  endfacet
  facet normal -0.98477 0.0765899 -0.156082
    outer loop
      vertex 43.153 31 7.01342
      vertex 42.0438 18 7.63257
      vertex 43.0383 31 7.7371
    endloop
  endfacet
  facet normal -0.9957 0.0765901 -0.0521188
    outer loop
      vertex 43.0383 31 7.7371
      vertex 42.0438 18 7.63257
      vertex 43 31 8.4688
    endloop
  endfacet
  facet normal -0.984786 0.076596 -0.155983
    outer loop
      vertex 42.1748 18 6.80551
      vertex 42.0438 18 7.63257
      vertex 43.153 31 7.01342
    endloop
  endfacet
  facet normal -0.933576 -7.7305e-06 -0.358379
    outer loop
      vertex 42.6916 18 5.21491
      vertex 42.6178 10.0669 5.40733
      vertex 42.3915 18 5.99667
    endloop
  endfacet
  facet normal -0.933564 -8.65275e-06 -0.358412
    outer loop
      vertex 42.6916 18 5.21491
      vertex 42.6286 10.0256 5.3792
      vertex 42.6178 10.0669 5.40733
    endloop
  endfacet
  facet normal -0.934894 7.365e-05 -0.354927
    outer loop
      vertex 42.6916 18 5.21491
      vertex 42.6352 10 5.36181
      vertex 42.6286 10.0256 5.3792
    endloop
  endfacet
  facet normal -0.934797 -0.000273064 -0.355183
    outer loop
      vertex 42.6916 8 5.21491
      vertex 42.6286 9.97445 5.3792
      vertex 42.6352 10 5.36181
    endloop
  endfacet
  facet normal -0.933575 3.20803e-05 -0.358382
    outer loop
      vertex 42.6286 9.97445 5.3792
      vertex 42.6916 8 5.21491
      vertex 42.6178 9.9331 5.40733
    endloop
  endfacet
  facet normal -0.933558 0 -0.358425
    outer loop
      vertex 42.6916 8 5.21491
      vertex 42.6352 10 5.36181
      vertex 42.6916 18 5.21491
    endloop
  endfacet
  facet normal -0.933462 1.77183e-05 -0.358677
    outer loop
      vertex 42.5886 10 5.48332
      vertex 42.3915 18 5.99667
      vertex 42.6178 10.0669 5.40733
    endloop
  endfacet
  facet normal -0.933576 3.17246e-05 -0.358379
    outer loop
      vertex 42.3915 8 5.99667
      vertex 42.6178 9.9331 5.40733
      vertex 42.6916 8 5.21491
    endloop
  endfacet
  facet normal -0.933554 4.83242e-19 -0.358437
    outer loop
      vertex 42.5886 10 5.48332
      vertex 42.3915 8 5.99667
      vertex 42.3915 18 5.99667
    endloop
  endfacet
  facet normal -0.933474 -6.10766e-05 -0.358644
    outer loop
      vertex 42.6178 9.9331 5.40733
      vertex 42.3915 8 5.99667
      vertex 42.5886 10 5.48332
    endloop
  endfacet
  facet normal -0.626758 0.0904136 -0.77395
    outer loop
      vertex 45.8855 31 2.80568
      vertex 45.3161 31 3.26679
      vertex 46.4733 42 3.6147
    endloop
  endfacet
  facet normal 0.961981 0.0904159 0.257717
    outer loop
      vertex 56.847 31 9.92418
      vertex 55.7063 42 10.3229
      vertex 56.6574 31 10.6319
    endloop
  endfacet
  facet normal -0.836179 0.0765913 -0.543083
    outer loop
      vertex 44.3369 31 4.35431
      vertex 43.5279 18 3.76652
      vertex 43.9378 31 4.9688
    endloop
  endfacet
  facet normal -0.773988 0.0904093 -0.626713
    outer loop
      vertex 45.5411 42 4.45402
      vertex 44.798 31 3.78489
      vertex 45.1459 42 4.94209
    endloop
  endfacet
  facet normal -0.890988 0 -0.454026
    outer loop
      vertex 43.0718 8 4.4688
      vertex 42.6916 18 5.21491
      vertex 43.0718 18 4.4688
    endloop
  endfacet
  facet normal -0.890988 -0 -0.454026
    outer loop
      vertex 42.6916 18 5.21491
      vertex 43.0718 8 4.4688
      vertex 42.6916 8 5.21491
    endloop
  endfacet
  facet normal -0.707059 -7.24521e-20 -0.707155
    outer loop
      vertex 44.647 18 2.52364
      vertex 44.0548 11.4059 3.11576
      vertex 44.0548 18 3.11576
    endloop
  endfacet
  facet normal -0.707059 -7.20206e-20 -0.707155
    outer loop
      vertex 44.0548 11.4059 3.11576
      vertex 44.647 18 2.52364
      vertex 44.647 11.3664 2.52364
    endloop
  endfacet
  facet normal 0.052126 0.0904124 -0.994539
    outer loop
      vertex 50.7317 31 1.50715
      vertex 50 31 1.4688
      vertex 50.6272 42 2.50167
    endloop
  endfacet
  facet normal -0.998631 0 0.0523062
    outer loop
      vertex 42 8 8.4688
      vertex 42.0438 18 9.30503
      vertex 42 18 8.4688
    endloop
  endfacet
  facet normal -0.998631 0 0.0523062
    outer loop
      vertex 42.0438 18 9.30503
      vertex 42 8 8.4688
      vertex 42.0438 8 9.30503
    endloop
  endfacet
  facet normal 0.542416 0.090413 -0.835231
    outer loop
      vertex 53.5 31 2.40662
      vertex 53 42 3.27265
      vertex 53.5267 42 3.6147
    endloop
  endfacet
  facet normal 0.704211 0.0904098 -0.704211
    outer loop
      vertex 54.6839 31 3.26679
      vertex 54.4589 42 4.45402
      vertex 55.202 31 3.78489
    endloop
  endfacet
  facet normal -0.994536 0.0904199 -0.0521713
    outer loop
      vertex 44.0329 42 7.84163
      vertex 43.0383 31 7.7371
      vertex 44 42 8.4688
    endloop
  endfacet
  facet normal 0.155723 0.0904196 0.983654
    outer loop
      vertex 51.2475 42 14.3377
      vertex 50.6272 42 14.4359
      vertex 50.7317 31 15.4305
    endloop
  endfacet
  facet normal 0 1 -0
    outer loop
      vertex 50.5359 42 14.0725
      vertex 50 42 14.4688
      vertex 50.6272 42 14.4359
    endloop
  endfacet
  facet normal 0 1 -0
    outer loop
      vertex 51.1202 42 14.0121
      vertex 50.6272 42 14.4359
      vertex 51.2475 42 14.3377
    endloop
  endfacet
  facet normal 0 1 0
    outer loop
      vertex 50 42 14.4688
      vertex 50.5359 42 14.0725
      vertex 50.039 42 14.09
    endloop
  endfacet
  facet normal 0 1 -0
    outer loop
      vertex 51.6731 42 13.8206
      vertex 51.2475 42 14.3377
      vertex 51.8541 42 14.1751
    endloop
  endfacet
  facet normal 0 1 0
    outer loop
      vertex 50 42 14.4688
      vertex 50.039 42 14.09
      vertex 50 42 14.0914
    endloop
  endfacet
  facet normal 0 1 0
    outer loop
      vertex 50 42 14.4688
      vertex 49.4641 42 14.0725
      vertex 49.3728 42 14.4359
    endloop
  endfacet
  facet normal 0 1 0
    outer loop
      vertex 49.4641 42 14.0725
      vertex 50 42 14.4688
      vertex 49.961 42 14.09
    endloop
  endfacet
  facet normal 0 1 0
    outer loop
      vertex 49.961 42 14.09
      vertex 50 42 14.4688
      vertex 50 42 14.0914
    endloop
  endfacet
  facet normal 0 1 0
    outer loop
      vertex 50.6272 42 14.4359
      vertex 51.1202 42 14.0121
      vertex 50.5359 42 14.0725
    endloop
  endfacet
  facet normal 0 1 0
    outer loop
      vertex 51.2475 42 14.3377
      vertex 51.1547 42 14.0044
      vertex 51.1202 42 14.0121
    endloop
  endfacet
  facet normal 0 1 -0
    outer loop
      vertex 52 42 13.7047
      vertex 51.8541 42 14.1751
      vertex 52.4404 42 13.9501
    endloop
  endfacet
  facet normal 0 1 0
    outer loop
      vertex 51.2475 42 14.3377
      vertex 51.6731 42 13.8206
      vertex 51.1547 42 14.0044
    endloop
  endfacet
  facet normal 0 1 0
    outer loop
      vertex 51.8541 42 14.1751
      vertex 52 42 13.7047
      vertex 51.6731 42 13.8206
    endloop
  endfacet
  facet normal 0 1 0
    outer loop
      vertex 53.0299 42 13.2289
      vertex 52.4404 42 13.9501
      vertex 53 42 13.665
    endloop
  endfacet
  facet normal 0 1 -0
    outer loop
      vertex 53.0299 42 13.2289
      vertex 53 42 13.665
      vertex 53.5267 42 13.3229
    endloop
  endfacet
  facet normal 0 1 0
    outer loop
      vertex 52.4404 42 13.9501
      vertex 53.0299 42 13.2289
      vertex 52 42 13.7047
    endloop
  endfacet
  facet normal 0 1 0
    outer loop
      vertex 53.5267 42 13.3229
      vertex 53.1861 42 13.104
      vertex 53.0299 42 13.2289
    endloop
  endfacet
  facet normal 0 1 0
    outer loop
      vertex 53.4641 42 12.8815
      vertex 53.5267 42 13.3229
      vertex 54.0148 42 12.9277
    endloop
  endfacet
  facet normal 0 1 0
    outer loop
      vertex 53.5267 42 13.3229
      vertex 53.4641 42 12.8815
      vertex 53.1861 42 13.104
    endloop
  endfacet
  facet normal 0 1 -0
    outer loop
      vertex 54.2798 42 12.1214
      vertex 54.0148 42 12.9277
      vertex 54.4589 42 12.4836
    endloop
  endfacet
  facet normal 0 1 0
    outer loop
      vertex 54.0148 42 12.9277
      vertex 54.2798 42 12.1214
      vertex 53.4641 42 12.8815
    endloop
  endfacet
  facet normal 0 1 0
    outer loop
      vertex 54.8541 42 11.9955
      vertex 54.2798 42 12.1214
      vertex 54.4589 42 12.4836
    endloop
  endfacet
  facet normal 0 1 0
    outer loop
      vertex 54.699 42 11.4447
      vertex 54.8541 42 11.9955
      vertex 55.1962 42 11.4688
    endloop
  endfacet
  facet normal 0 1 0
    outer loop
      vertex 54.8541 42 11.9955
      vertex 54.699 42 11.4447
      vertex 54.2798 42 12.1214
    endloop
  endfacet
  facet normal 0 1 0
    outer loop
      vertex 55.1202 42 10.7649
      vertex 55.1962 42 11.4688
      vertex 55.4813 42 10.9092
    endloop
  endfacet
  facet normal 0 1 0
    outer loop
      vertex 55.1962 42 11.4688
      vertex 55.1202 42 10.7649
      vertex 54.699 42 11.4447
    endloop
  endfacet
  facet normal 0 1 0
    outer loop
      vertex 55.7063 42 10.3229
      vertex 55.1202 42 10.7649
      vertex 55.4813 42 10.9092
    endloop
  endfacet
  facet normal 0 1 0
    outer loop
      vertex 55.7063 42 10.3229
      vertex 55.3927 42 9.81731
      vertex 55.1202 42 10.7649
    endloop
  endfacet
  facet normal 0 1 0
    outer loop
      vertex 55.8689 42 9.71627
      vertex 55.3927 42 9.81731
      vertex 55.7063 42 10.3229
    endloop
  endfacet
  facet normal 0 1 0
    outer loop
      vertex 55.8689 42 9.71627
      vertex 55.5553 42 9.25196
      vertex 55.3927 42 9.81731
    endloop
  endfacet
  facet normal 0 1 0
    outer loop
      vertex 55.9671 42 9.09597
      vertex 55.5553 42 9.25196
      vertex 55.8689 42 9.71627
    endloop
  endfacet
  facet normal 0 1 0
    outer loop
      vertex 56 42 8.4688
      vertex 55.5553 42 9.25196
      vertex 55.9671 42 9.09597
    endloop
  endfacet
  facet normal 0 1 0
    outer loop
      vertex 55.5553 42 7.68564
      vertex 56 42 8.4688
      vertex 55.9671 42 7.84163
    endloop
  endfacet
  facet normal 0 1 0
    outer loop
      vertex 56 42 8.4688
      vertex 55.5553 42 7.68564
      vertex 55.5553 42 9.25196
    endloop
  endfacet
  facet normal 0 1 -0
    outer loop
      vertex 55.8689 42 7.22133
      vertex 55.5553 42 7.68564
      vertex 55.9671 42 7.84163
    endloop
  endfacet
  facet normal 0 1 0
    outer loop
      vertex 55.8689 42 7.22133
      vertex 55.3927 42 7.12029
      vertex 55.5553 42 7.68564
    endloop
  endfacet
  facet normal 0 1 -0
    outer loop
      vertex 55.7063 42 6.6147
      vertex 55.3927 42 7.12029
      vertex 55.8689 42 7.22133
    endloop
  endfacet
  facet normal 0 1 0
    outer loop
      vertex 55.7063 42 6.6147
      vertex 55.1202 42 6.1727
      vertex 55.3927 42 7.12029
    endloop
  endfacet
  facet normal 0 1 -0
    outer loop
      vertex 55.4813 42 6.02838
      vertex 55.1202 42 6.1727
      vertex 55.7063 42 6.6147
    endloop
  endfacet
  facet normal 0 1 -0
    outer loop
      vertex 55.1962 42 5.4688
      vertex 55.1202 42 6.1727
      vertex 55.4813 42 6.02838
    endloop
  endfacet
  facet normal 0 1 0
    outer loop
      vertex 55.1202 42 6.1727
      vertex 55.1962 42 5.4688
      vertex 54.699 42 5.49286
    endloop
  endfacet
  facet normal 0 1 -0
    outer loop
      vertex 54.8541 42 4.94209
      vertex 54.699 42 5.49286
      vertex 55.1962 42 5.4688
    endloop
  endfacet
  facet normal 0 1 0
    outer loop
      vertex 54.8541 42 4.94209
      vertex 54.2798 42 4.81623
      vertex 54.699 42 5.49286
    endloop
  endfacet
  facet normal 0 1 -0
    outer loop
      vertex 54.4589 42 4.45402
      vertex 54.2798 42 4.81623
      vertex 54.8541 42 4.94209
    endloop
  endfacet
  facet normal 0 1 0
    outer loop
      vertex 54.0148 42 4.00993
      vertex 54.2798 42 4.81623
      vertex 54.4589 42 4.45402
    endloop
  endfacet
  facet normal 0 1 0
    outer loop
      vertex 54.2798 42 4.81623
      vertex 54.0148 42 4.00993
      vertex 53.4641 42 4.05611
    endloop
  endfacet
  facet normal 0 1 -0
    outer loop
      vertex 53.5267 42 3.6147
      vertex 53.4641 42 4.05611
      vertex 54.0148 42 4.00993
    endloop
  endfacet
  facet normal 0 1 0
    outer loop
      vertex 53.4641 42 4.05611
      vertex 53.5267 42 3.6147
      vertex 53.1861 42 3.83365
    endloop
  endfacet
  facet normal 0 1 0
    outer loop
      vertex 53.1861 42 3.83365
      vertex 53.5267 42 3.6147
      vertex 53.0299 42 3.70868
    endloop
  endfacet
  facet normal 0 1 0
    outer loop
      vertex 53 42 3.27265
      vertex 53.0299 42 3.70868
      vertex 53.5267 42 3.6147
    endloop
  endfacet
  facet normal 0 1 0
    outer loop
      vertex 52.4404 42 2.98753
      vertex 53.0299 42 3.70868
      vertex 53 42 3.27265
    endloop
  endfacet
  facet normal 0 1 0
    outer loop
      vertex 53.0299 42 3.70868
      vertex 52.4404 42 2.98753
      vertex 52 42 3.23286
    endloop
  endfacet
  facet normal 0 1 0
    outer loop
      vertex 51.8541 42 2.76246
      vertex 52 42 3.23286
      vertex 52.4404 42 2.98753
    endloop
  endfacet
  facet normal 0 1 0
    outer loop
      vertex 52 42 3.23286
      vertex 51.8541 42 2.76246
      vertex 51.6731 42 3.11699
    endloop
  endfacet
  facet normal 0 1 0
    outer loop
      vertex 51.2475 42 2.59992
      vertex 51.6731 42 3.11699
      vertex 51.8541 42 2.76246
    endloop
  endfacet
  facet normal 0 1 0
    outer loop
      vertex 51.6731 42 3.11699
      vertex 51.2475 42 2.59992
      vertex 51.1547 42 2.9332
    endloop
  endfacet
  facet normal 0 1 0
    outer loop
      vertex 51.1202 42 2.92552
      vertex 50.6272 42 2.50167
      vertex 50.5359 42 2.86509
    endloop
  endfacet
  facet normal 0 1 0
    outer loop
      vertex 50.6272 42 2.50167
      vertex 51.1202 42 2.92552
      vertex 51.2475 42 2.59992
    endloop
  endfacet
  facet normal 0 1 0
    outer loop
      vertex 51.1547 42 2.9332
      vertex 51.2475 42 2.59992
      vertex 51.1202 42 2.92552
    endloop
  endfacet
  facet normal 0 1 0
    outer loop
      vertex 48.8798 42 14.0121
      vertex 49.3728 42 14.4359
      vertex 49.4641 42 14.0725
    endloop
  endfacet
  facet normal 0 1 0
    outer loop
      vertex 49.3728 42 14.4359
      vertex 48.8798 42 14.0121
      vertex 48.7525 42 14.3377
    endloop
  endfacet
  facet normal 0 1 -0
    outer loop
      vertex 48.8453 42 14.0044
      vertex 48.7525 42 14.3377
      vertex 48.8798 42 14.0121
    endloop
  endfacet
  facet normal 0 1 0
    outer loop
      vertex 48.3269 42 13.8206
      vertex 48.7525 42 14.3377
      vertex 48.8453 42 14.0044
    endloop
  endfacet
  facet normal 0 1 0
    outer loop
      vertex 48.7525 42 14.3377
      vertex 48.3269 42 13.8206
      vertex 48.1459 42 14.1751
    endloop
  endfacet
  facet normal 0 1 0
    outer loop
      vertex 48 42 13.7047
      vertex 48.1459 42 14.1751
      vertex 48.3269 42 13.8206
    endloop
  endfacet
  facet normal 0 1 0
    outer loop
      vertex 48.1459 42 14.1751
      vertex 48 42 13.7047
      vertex 47.5596 42 13.9501
    endloop
  endfacet
  facet normal 0 1 0
    outer loop
      vertex 46.9701 42 13.2289
      vertex 47.5596 42 13.9501
      vertex 48 42 13.7047
    endloop
  endfacet
  facet normal 0 1 0
    outer loop
      vertex 47.5596 42 13.9501
      vertex 46.9701 42 13.2289
      vertex 47 42 13.665
    endloop
  endfacet
  facet normal 0 1 0
    outer loop
      vertex 47 42 13.665
      vertex 46.9701 42 13.2289
      vertex 46.4733 42 13.3229
    endloop
  endfacet
  facet normal 0 1 -0
    outer loop
      vertex 46.8139 42 13.104
      vertex 46.4733 42 13.3229
      vertex 46.9701 42 13.2289
    endloop
  endfacet
  facet normal 0 1 -0
    outer loop
      vertex 46.5359 42 12.8815
      vertex 46.4733 42 13.3229
      vertex 46.8139 42 13.104
    endloop
  endfacet
  facet normal 0 1 0
    outer loop
      vertex 46.4733 42 13.3229
      vertex 46.5359 42 12.8815
      vertex 45.9852 42 12.9277
    endloop
  endfacet
  facet normal 0 1 0
    outer loop
      vertex 45.7202 42 12.1214
      vertex 45.9852 42 12.9277
      vertex 46.5359 42 12.8815
    endloop
  endfacet
  facet normal 0 1 0
    outer loop
      vertex 45.9852 42 12.9277
      vertex 45.7202 42 12.1214
      vertex 45.5411 42 12.4836
    endloop
  endfacet
  facet normal 0 1 0
    outer loop
      vertex 45.7202 42 12.1214
      vertex 45.1459 42 11.9955
      vertex 45.5411 42 12.4836
    endloop
  endfacet
  facet normal 0 1 -0
    outer loop
      vertex 45.301 42 11.4447
      vertex 45.1459 42 11.9955
      vertex 45.7202 42 12.1214
    endloop
  endfacet
  facet normal 0 1 0
    outer loop
      vertex 45.1459 42 11.9955
      vertex 45.301 42 11.4447
      vertex 44.8038 42 11.4688
    endloop
  endfacet
  facet normal 0 1 -0
    outer loop
      vertex 44.8798 42 10.7649
      vertex 44.8038 42 11.4688
      vertex 45.301 42 11.4447
    endloop
  endfacet
  facet normal 0 1 0
    outer loop
      vertex 44.8038 42 11.4688
      vertex 44.8798 42 10.7649
      vertex 44.5187 42 10.9092
    endloop
  endfacet
  facet normal 0 1 0
    outer loop
      vertex 44.8798 42 10.7649
      vertex 44.2937 42 10.3229
      vertex 44.5187 42 10.9092
    endloop
  endfacet
  facet normal 0 1 -0
    outer loop
      vertex 44.6073 42 9.81731
      vertex 44.2937 42 10.3229
      vertex 44.8798 42 10.7649
    endloop
  endfacet
  facet normal 0 1 0
    outer loop
      vertex 44.6073 42 9.81731
      vertex 44.1311 42 9.71627
      vertex 44.2937 42 10.3229
    endloop
  endfacet
  facet normal 0 1 -0
    outer loop
      vertex 44.4447 42 9.25196
      vertex 44.1311 42 9.71627
      vertex 44.6073 42 9.81731
    endloop
  endfacet
  facet normal 0 1 0
    outer loop
      vertex 44.4447 42 9.25196
      vertex 44.0329 42 9.09597
      vertex 44.1311 42 9.71627
    endloop
  endfacet
  facet normal 0 1 0
    outer loop
      vertex 44.4447 42 9.25196
      vertex 44 42 8.4688
      vertex 44.0329 42 9.09597
    endloop
  endfacet
  facet normal 0 1 -0
    outer loop
      vertex 44.4447 42 7.68564
      vertex 44 42 8.4688
      vertex 44.4447 42 9.25196
    endloop
  endfacet
  facet normal 0 1 0
    outer loop
      vertex 44 42 8.4688
      vertex 44.4447 42 7.68564
      vertex 44.0329 42 7.84163
    endloop
  endfacet
  facet normal 0 1 0
    outer loop
      vertex 44.4447 42 7.68564
      vertex 44.1311 42 7.22133
      vertex 44.0329 42 7.84163
    endloop
  endfacet
  facet normal 0 1 0
    outer loop
      vertex 44.6073 42 7.12029
      vertex 44.1311 42 7.22133
      vertex 44.4447 42 7.68564
    endloop
  endfacet
  facet normal 0 1 0
    outer loop
      vertex 44.6073 42 7.12029
      vertex 44.2937 42 6.6147
      vertex 44.1311 42 7.22133
    endloop
  endfacet
  facet normal 0 1 0
    outer loop
      vertex 44.8798 42 6.1727
      vertex 44.2937 42 6.6147
      vertex 44.6073 42 7.12029
    endloop
  endfacet
  facet normal 0 1 0
    outer loop
      vertex 44.8798 42 6.1727
      vertex 44.5187 42 6.02838
      vertex 44.2937 42 6.6147
    endloop
  endfacet
  facet normal 0 1 0
    outer loop
      vertex 44.8038 42 5.4688
      vertex 44.8798 42 6.1727
      vertex 45.301 42 5.49286
    endloop
  endfacet
  facet normal 0 1 0
    outer loop
      vertex 44.8798 42 6.1727
      vertex 44.8038 42 5.4688
      vertex 44.5187 42 6.02838
    endloop
  endfacet
  facet normal 0 1 0
    outer loop
      vertex 45.301 42 5.49286
      vertex 45.1459 42 4.94209
      vertex 44.8038 42 5.4688
    endloop
  endfacet
  facet normal 0 1 0
    outer loop
      vertex 45.7202 42 4.81623
      vertex 45.1459 42 4.94209
      vertex 45.301 42 5.49286
    endloop
  endfacet
  facet normal 0 1 0
    outer loop
      vertex 45.7202 42 4.81623
      vertex 45.5411 42 4.45402
      vertex 45.1459 42 4.94209
    endloop
  endfacet
  facet normal 0 1 -0
    outer loop
      vertex 45.9852 42 4.00993
      vertex 45.7202 42 4.81623
      vertex 46.5359 42 4.05611
    endloop
  endfacet
  facet normal 0 1 0
    outer loop
      vertex 45.7202 42 4.81623
      vertex 45.9852 42 4.00993
      vertex 45.5411 42 4.45402
    endloop
  endfacet
  facet normal 0 1 0
    outer loop
      vertex 46.4733 42 3.6147
      vertex 46.5359 42 4.05611
      vertex 46.8139 42 3.83365
    endloop
  endfacet
  facet normal 0 1 0
    outer loop
      vertex 46.4733 42 3.6147
      vertex 46.8139 42 3.83365
      vertex 46.9701 42 3.70868
    endloop
  endfacet
  facet normal 0 1 0
    outer loop
      vertex 46.5359 42 4.05611
      vertex 46.4733 42 3.6147
      vertex 45.9852 42 4.00993
    endloop
  endfacet
  facet normal 0 1 0
    outer loop
      vertex 46.9701 42 3.70868
      vertex 47 42 3.27265
      vertex 46.4733 42 3.6147
    endloop
  endfacet
  facet normal 0 1 -0
    outer loop
      vertex 47.5596 42 2.98753
      vertex 46.9701 42 3.70868
      vertex 48 42 3.23286
    endloop
  endfacet
  facet normal 0 1 -0
    outer loop
      vertex 48.1459 42 2.76246
      vertex 48 42 3.23286
      vertex 48.3269 42 3.11699
    endloop
  endfacet
  facet normal 0 1 0
    outer loop
      vertex 46.9701 42 3.70868
      vertex 47.5596 42 2.98753
      vertex 47 42 3.27265
    endloop
  endfacet
  facet normal 0 1 -0
    outer loop
      vertex 48.7525 42 2.59992
      vertex 48.3269 42 3.11699
      vertex 48.8453 42 2.9332
    endloop
  endfacet
  facet normal 0 1 0
    outer loop
      vertex 48.7525 42 2.59992
      vertex 48.8453 42 2.9332
      vertex 48.8798 42 2.92552
    endloop
  endfacet
  facet normal 0 1 -0
    outer loop
      vertex 49.3728 42 2.50167
      vertex 48.8798 42 2.92552
      vertex 49.4641 42 2.86509
    endloop
  endfacet
  facet normal 0 1 0
    outer loop
      vertex 50 42 2.4688
      vertex 50.5359 42 2.86509
      vertex 50.6272 42 2.50167
    endloop
  endfacet
  facet normal 0 1 0
    outer loop
      vertex 50.5359 42 2.86509
      vertex 50 42 2.4688
      vertex 50.039 42 2.84756
    endloop
  endfacet
  facet normal 0 1 0
    outer loop
      vertex 48 42 3.23286
      vertex 48.1459 42 2.76246
      vertex 47.5596 42 2.98753
    endloop
  endfacet
  facet normal 0 1 0
    outer loop
      vertex 50.039 42 2.84756
      vertex 50 42 2.4688
      vertex 50 42 2.84618
    endloop
  endfacet
  facet normal 0 1 0
    outer loop
      vertex 50 42 2.84618
      vertex 50 42 2.4688
      vertex 49.961 42 2.84756
    endloop
  endfacet
  facet normal 0 1 0
    outer loop
      vertex 48.3269 42 3.11699
      vertex 48.7525 42 2.59992
      vertex 48.1459 42 2.76246
    endloop
  endfacet
  facet normal 0 1 0
    outer loop
      vertex 49.961 42 2.84756
      vertex 50 42 2.4688
      vertex 49.4641 42 2.86509
    endloop
  endfacet
  facet normal 0 1 0
    outer loop
      vertex 48.8798 42 2.92552
      vertex 49.3728 42 2.50167
      vertex 48.7525 42 2.59992
    endloop
  endfacet
  facet normal 0 1 0
    outer loop
      vertex 49.4641 42 2.86509
      vertex 50 42 2.4688
      vertex 49.3728 42 2.50167
    endloop
  endfacet
  facet normal 0.88737 0.0904105 -0.452106
    outer loop
      vertex 56.0622 31 4.9688
      vertex 55.1962 42 5.4688
      vertex 55.4813 42 6.02838
    endloop
  endfacet
  facet normal 0.994536 0.0904199 0.0521713
    outer loop
      vertex 56 42 8.4688
      vertex 55.9671 42 9.09597
      vertex 56.9617 31 9.2005
    endloop
  endfacet
  facet normal 0.930828 0.0765958 -0.357341
    outer loop
      vertex 57.3084 18 5.21491
      vertex 56.3948 31 5.62164
      vertex 56.6574 31 6.30568
    endloop
  endfacet
  facet normal 0.258074 0.076592 -0.963084
    outer loop
      vertex 52.4721 18 0.86035
      vertex 51.4554 31 1.62177
      vertex 52.1631 31 1.81141
    endloop
  endfacet
  facet normal 0.257775 0.0904118 -0.961966
    outer loop
      vertex 52.1631 31 1.81141
      vertex 51.4554 31 1.62177
      vertex 51.8541 42 2.76246
    endloop
  endfacet
  facet normal -0.983627 0.0904089 -0.1559
    outer loop
      vertex 43.153 31 7.01342
      vertex 43.0383 31 7.7371
      vertex 44.1311 42 7.22133
    endloop
  endfacet
  facet normal -0.542407 0.0904136 -0.835236
    outer loop
      vertex 46.5 31 2.40662
      vertex 45.8855 31 2.80568
      vertex 46.4733 42 3.6147
    endloop
  endfacet
  facet normal -0.0520582 0.090413 0.994543
    outer loop
      vertex 50 42 14.4688
      vertex 49.2683 31 15.4305
      vertex 50 31 15.4688
    endloop
  endfacet
  facet normal -0.542416 0.090413 -0.835231
    outer loop
      vertex 46.5 31 2.40662
      vertex 46.4733 42 3.6147
      vertex 47 42 3.27265
    endloop
  endfacet
  facet normal -0.543038 0.0765922 -0.836208
    outer loop
      vertex 46.5 31 2.40662
      vertex 45.2977 18 1.99667
      vertex 45.8855 31 2.80568
    endloop
  endfacet
  facet normal -0.626719 0.0904105 -0.773983
    outer loop
      vertex 46.4733 42 3.6147
      vertex 45.3161 31 3.26679
      vertex 45.9852 42 4.00993
    endloop
  endfacet
  facet normal -0.98477 0.0765899 0.156082
    outer loop
      vertex 43.0383 31 9.2005
      vertex 42.0438 18 9.30503
      vertex 43.153 31 9.92418
    endloop
  endfacet
  facet normal -0.929788 0.0904162 0.356818
    outer loop
      vertex 44.2937 42 10.3229
      vertex 43.3426 31 10.6319
      vertex 44.5187 42 10.9092
    endloop
  endfacet
  facet normal -0.963099 0.0765947 0.258017
    outer loop
      vertex 43.153 31 9.92418
      vertex 42.3915 18 10.9409
      vertex 43.3426 31 10.6319
    endloop
  endfacet
  facet normal -0.961981 0.0904159 0.257717
    outer loop
      vertex 44.2937 42 10.3229
      vertex 43.153 31 9.92418
      vertex 43.3426 31 10.6319
    endloop
  endfacet
  facet normal 0.629298 0 0.777164
    outer loop
      vertex 55.353 18 14.414
      vertex 54.9257 10 14.76
      vertex 55.353 8 14.414
    endloop
  endfacet
  facet normal 0.629115 1.61768e-05 0.777312
    outer loop
      vertex 55.353 18 14.414
      vertex 54.857 10.0992 14.8156
      vertex 54.9257 10 14.76
    endloop
  endfacet
  facet normal 0.629301 -3.21685e-06 0.777161
    outer loop
      vertex 54.7023 18 14.9409
      vertex 54.857 10.0992 14.8156
      vertex 55.353 18 14.414
    endloop
  endfacet
  facet normal 0.629912 1.65913e-05 0.776666
    outer loop
      vertex 54.857 10.0992 14.8156
      vertex 54.7023 18 14.9409
      vertex 54.83 10.0166 14.8375
    endloop
  endfacet
  facet normal 0.631561 6.03391e-05 0.775326
    outer loop
      vertex 54.83 10.0166 14.8375
      vertex 54.7023 18 14.9409
      vertex 54.8246 10 14.8419
    endloop
  endfacet
  facet normal 0.629147 -5.32598e-05 0.777286
    outer loop
      vertex 54.857 9.90077 14.8156
      vertex 55.353 8 14.414
      vertex 54.9257 10 14.76
    endloop
  endfacet
  facet normal 0.629835 -5.8524e-05 0.776729
    outer loop
      vertex 54.7023 8 14.9409
      vertex 54.857 9.90077 14.8156
      vertex 54.83 9.9834 14.8375
    endloop
  endfacet
  facet normal 0.63128 -0.000212776 0.775555
    outer loop
      vertex 54.7023 8 14.9409
      vertex 54.83 9.9834 14.8375
      vertex 54.8246 10 14.8419
    endloop
  endfacet
  facet normal 0.629301 1.33713e-05 0.777161
    outer loop
      vertex 54.857 9.90077 14.8156
      vertex 54.7023 8 14.9409
      vertex 55.353 8 14.414
    endloop
  endfacet
  facet normal 0.62918 -0 0.77726
    outer loop
      vertex 54.7023 8 14.9409
      vertex 54.8246 10 14.8419
      vertex 54.7023 18 14.9409
    endloop
  endfacet
  facet normal -0.835199 0.0904105 -0.542465
    outer loop
      vertex 45.1459 42 4.94209
      vertex 43.9378 31 4.9688
      vertex 44.8038 42 5.4688
    endloop
  endfacet
  facet normal -0.88737 0.0904105 -0.452106
    outer loop
      vertex 44.8038 42 5.4688
      vertex 43.9378 31 4.9688
      vertex 44.5187 42 6.02838
    endloop
  endfacet
  facet normal 0.35731 0.0765947 0.93084
    outer loop
      vertex 53.2539 18 15.7772
      vertex 52.1631 31 15.1262
      vertex 52.4721 18 16.0773
    endloop
  endfacet
  facet normal 0.258039 0.0765957 0.963093
    outer loop
      vertex 52.4721 18 16.0773
      vertex 51.4554 31 15.3158
      vertex 51.6633 18 16.294
    endloop
  endfacet
  facet normal 0.155896 0.0904088 0.983627
    outer loop
      vertex 51.2475 42 14.3377
      vertex 50.7317 31 15.4305
      vertex 51.4554 31 15.3158
    endloop
  endfacet
  facet normal -0.0521545 0.0765921 0.995698
    outer loop
      vertex 50 31 15.4688
      vertex 49.1638 18 16.425
      vertex 50 18 16.4688
    endloop
  endfacet
  facet normal -0.0523081 -6.83561e-20 0.998631
    outer loop
      vertex 49.1638 18 16.425
      vertex 50 8 16.4688
      vertex 50 18 16.4688
    endloop
  endfacet
  facet normal -0.0523081 -6.83561e-20 0.998631
    outer loop
      vertex 50 8 16.4688
      vertex 49.1638 18 16.425
      vertex 49.1638 8 16.425
    endloop
  endfacet
  facet normal 0.452093 0.0904118 0.887377
    outer loop
      vertex 53 42 13.665
      vertex 52.4404 42 13.9501
      vertex 52.8472 31 14.8636
    endloop
  endfacet
  facet normal -0.258024 0.0765947 0.963098
    outer loop
      vertex 47.8369 31 15.1262
      vertex 47.5279 18 16.0773
      vertex 48.5446 31 15.3158
    endloop
  endfacet
  facet normal -0.258039 0.0765957 0.963093
    outer loop
      vertex 48.5446 31 15.3158
      vertex 47.5279 18 16.0773
      vertex 48.3367 18 16.294
    endloop
  endfacet
  facet normal -0.62918 0 0.77726
    outer loop
      vertex 45.2977 18 14.9409
      vertex 45.1754 10 14.8419
      vertex 45.2977 8 14.9409
    endloop
  endfacet
  facet normal -0.631561 6.03391e-05 0.775326
    outer loop
      vertex 45.2977 18 14.9409
      vertex 45.17 10.0166 14.8375
      vertex 45.1754 10 14.8419
    endloop
  endfacet
  facet normal -0.629912 1.65913e-05 0.776666
    outer loop
      vertex 45.2977 18 14.9409
      vertex 45.143 10.0992 14.8156
      vertex 45.17 10.0166 14.8375
    endloop
  endfacet
  facet normal -0.629301 -3.21685e-06 0.777161
    outer loop
      vertex 44.647 18 14.414
      vertex 45.143 10.0992 14.8156
      vertex 45.2977 18 14.9409
    endloop
  endfacet
  facet normal -0.629115 1.61768e-05 0.777312
    outer loop
      vertex 45.143 10.0992 14.8156
      vertex 44.647 18 14.414
      vertex 45.0743 10 14.76
    endloop
  endfacet
  facet normal -0.63128 -0.000212776 0.775555
    outer loop
      vertex 45.17 9.9834 14.8375
      vertex 45.2977 8 14.9409
      vertex 45.1754 10 14.8419
    endloop
  endfacet
  facet normal -0.629835 -5.8524e-05 0.776729
    outer loop
      vertex 45.143 9.90077 14.8156
      vertex 45.2977 8 14.9409
      vertex 45.17 9.9834 14.8375
    endloop
  endfacet
  facet normal -0.629147 -5.32598e-05 0.777286
    outer loop
      vertex 44.647 8 14.414
      vertex 45.143 9.90077 14.8156
      vertex 45.0743 10 14.76
    endloop
  endfacet
  facet normal -0.629301 1.33713e-05 0.777161
    outer loop
      vertex 45.143 9.90077 14.8156
      vertex 44.647 8 14.414
      vertex 45.2977 8 14.9409
    endloop
  endfacet
  facet normal -0.629298 0 0.777164
    outer loop
      vertex 44.647 8 14.414
      vertex 45.0743 10 14.76
      vertex 44.647 18 14.414
    endloop
  endfacet
  facet normal -0.544657 -1.12795e-18 0.838659
    outer loop
      vertex 45.2977 18 14.9409
      vertex 46 8 15.397
      vertex 46 18 15.397
    endloop
  endfacet
  facet normal -0.544657 -1.12795e-18 0.838659
    outer loop
      vertex 46 8 15.397
      vertex 45.2977 18 14.9409
      vertex 45.2977 8 14.9409
    endloop
  endfacet
  facet normal 0.773988 0.0904093 -0.626713
    outer loop
      vertex 55.202 31 3.78489
      vertex 54.4589 42 4.45402
      vertex 54.8541 42 4.94209
    endloop
  endfacet
  facet normal 0 -1 0
    outer loop
      vertex 49.6041 8 16.1303
      vertex 50 8 16.4688
      vertex 49.1638 8 16.425
    endloop
  endfacet
  facet normal 0 -1 0
    outer loop
      vertex 48.8453 8 16.0614
      vertex 49.1638 8 16.425
      vertex 48.3367 8 16.294
    endloop
  endfacet
  facet normal 0 -1 -0
    outer loop
      vertex 50 8 16.4688
      vertex 49.6041 8 16.1303
      vertex 50 8 16.1443
    endloop
  endfacet
  facet normal 0 -1 0
    outer loop
      vertex 50 8 16.4688
      vertex 50.3959 8 16.1303
      vertex 50.8362 8 16.425
    endloop
  endfacet
  facet normal 0 -1 0
    outer loop
      vertex 50.3959 8 16.1303
      vertex 50 8 16.4688
      vertex 50 8 16.1443
    endloop
  endfacet
  facet normal 0 -1 0
    outer loop
      vertex 49.1638 8 16.425
      vertex 49.4641 8 16.1254
      vertex 49.6041 8 16.1303
    endloop
  endfacet
  facet normal 0 -1 0
    outer loop
      vertex 48 8 15.9223
      vertex 48.3367 8 16.294
      vertex 47.5279 8 16.0773
    endloop
  endfacet
  facet normal 0 -1 -0
    outer loop
      vertex 49.1638 8 16.425
      vertex 48.969 8 16.0742
      vertex 49.4641 8 16.1254
    endloop
  endfacet
  facet normal 0 -1 0
    outer loop
      vertex 49.1638 8 16.425
      vertex 48.8453 8 16.0614
      vertex 48.969 8 16.0742
    endloop
  endfacet
  facet normal 0 -1 0
    outer loop
      vertex 48.3367 8 16.294
      vertex 48.739 8 16.0439
      vertex 48.8453 8 16.0614
    endloop
  endfacet
  facet normal 0 -1 -0
    outer loop
      vertex 48.3367 8 16.294
      vertex 48 8 15.9223
      vertex 48.739 8 16.0439
    endloop
  endfacet
  facet normal 0 -1 0
    outer loop
      vertex 47.5279 8 16.0773
      vertex 47.7088 8 15.8598
      vertex 48 8 15.9223
    endloop
  endfacet
  facet normal 0 -1 0
    outer loop
      vertex 47.1543 8 15.6037
      vertex 47.5279 8 16.0773
      vertex 46.7461 8 15.7772
    endloop
  endfacet
  facet normal 0 -1 -0
    outer loop
      vertex 47.5279 8 16.0773
      vertex 47.1543 8 15.6037
      vertex 47.7088 8 15.8598
    endloop
  endfacet
  facet normal 0 -1 0
    outer loop
      vertex 46.5359 8 15.318
      vertex 46.7461 8 15.7772
      vertex 46 8 15.397
    endloop
  endfacet
  facet normal 0 -1 -0
    outer loop
      vertex 46.7461 8 15.7772
      vertex 46.5359 8 15.318
      vertex 47.1543 8 15.6037
    endloop
  endfacet
  facet normal 0 -1 0
    outer loop
      vertex 46 8 15.397
      vertex 46.1162 8 15.0922
      vertex 46.5359 8 15.318
    endloop
  endfacet
  facet normal 0 -1 0
    outer loop
      vertex 45.6022 8 14.8156
      vertex 46 8 15.397
      vertex 45.2977 8 14.9409
    endloop
  endfacet
  facet normal 0 -1 -0
    outer loop
      vertex 46 8 15.397
      vertex 45.6022 8 14.8156
      vertex 46.1162 8 15.0922
    endloop
  endfacet
  facet normal 0 -1 0
    outer loop
      vertex 44.647 8 14.414
      vertex 45.6022 8 14.8156
      vertex 45.2977 8 14.9409
    endloop
  endfacet
  facet normal 0 -1 0
    outer loop
      vertex 44.647 8 14.414
      vertex 44.7321 8 14.0048
      vertex 45.6022 8 14.8156
    endloop
  endfacet
  facet normal 0 -1 0
    outer loop
      vertex 44.0548 8 13.8218
      vertex 44.7321 8 14.0048
      vertex 44.647 8 14.414
    endloop
  endfacet
  facet normal 0 -1 -0
    outer loop
      vertex 44.0548 8 13.8218
      vertex 44.0174 8 13.3389
      vertex 44.7321 8 14.0048
    endloop
  endfacet
  facet normal 0 -1 0
    outer loop
      vertex 43.5279 8 13.1711
      vertex 44.0174 8 13.3389
      vertex 44.0548 8 13.8218
    endloop
  endfacet
  facet normal 0 -1 0
    outer loop
      vertex 43.5279 8 13.1711
      vertex 43.8224 8 13.0241
      vertex 44.0174 8 13.3389
    endloop
  endfacet
  facet normal 0 -1 0
    outer loop
      vertex 43.0718 8 12.4688
      vertex 43.8224 8 13.0241
      vertex 43.5279 8 13.1711
    endloop
  endfacet
  facet normal 0 -1 0
    outer loop
      vertex 42.8969 8 11.5303
      vertex 43.0718 8 12.4688
      vertex 42.6916 8 11.7227
    endloop
  endfacet
  facet normal 0 -1 -0
    outer loop
      vertex 43.0718 8 12.4688
      vertex 42.8969 8 11.5303
      vertex 43.8224 8 13.0241
    endloop
  endfacet
  facet normal 0 -1 0
    outer loop
      vertex 42.6916 8 11.7227
      vertex 42.8723 8 11.4447
      vertex 42.8969 8 11.5303
    endloop
  endfacet
  facet normal 0 -1 0
    outer loop
      vertex 42.3915 8 10.9409
      vertex 42.8723 8 11.4447
      vertex 42.6916 8 11.7227
    endloop
  endfacet
  facet normal 0 -1 0
    outer loop
      vertex 42.3915 8 10.9409
      vertex 42.5359 8 10.2749
      vertex 42.8723 8 11.4447
    endloop
  endfacet
  facet normal 0 -1 0
    outer loop
      vertex 42.1748 8 10.1321
      vertex 42.5359 8 10.2749
      vertex 42.3915 8 10.9409
    endloop
  endfacet
  facet normal 0 -1 0
    outer loop
      vertex 42.1748 8 10.1321
      vertex 42.3317 8 9.51301
      vertex 42.5359 8 10.2749
    endloop
  endfacet
  facet normal 0 -1 0
    outer loop
      vertex 42.0438 8 9.30503
      vertex 42.3317 8 9.51301
      vertex 42.1748 8 10.1321
    endloop
  endfacet
  facet normal 0 -1 0
    outer loop
      vertex 42 8 8.4688
      vertex 42.3317 8 9.51301
      vertex 42.0438 8 9.30503
    endloop
  endfacet
  facet normal 0 -1 0
    outer loop
      vertex 42.3317 8 7.42459
      vertex 42 8 8.4688
      vertex 42.0438 8 7.63257
    endloop
  endfacet
  facet normal 0 -1 0
    outer loop
      vertex 42 8 8.4688
      vertex 42.3317 8 7.42459
      vertex 42.3317 8 9.51301
    endloop
  endfacet
  facet normal 0 -1 0
    outer loop
      vertex 42.1748 8 6.80551
      vertex 42.3317 8 7.42459
      vertex 42.0438 8 7.63257
    endloop
  endfacet
  facet normal 0 -1 0
    outer loop
      vertex 42.1748 8 6.80551
      vertex 42.5359 8 6.66268
      vertex 42.3317 8 7.42459
    endloop
  endfacet
  facet normal 0 -1 0
    outer loop
      vertex 42.3915 8 5.99667
      vertex 42.5359 8 6.66268
      vertex 42.1748 8 6.80551
    endloop
  endfacet
  facet normal 0 -1 0
    outer loop
      vertex 42.3915 8 5.99667
      vertex 42.8723 8 5.49288
      vertex 42.5359 8 6.66268
    endloop
  endfacet
  facet normal 0 -1 0
    outer loop
      vertex 42.6916 8 5.21491
      vertex 42.8723 8 5.49288
      vertex 42.3915 8 5.99667
    endloop
  endfacet
  facet normal 0 -1 -0
    outer loop
      vertex 42.8723 8 5.49288
      vertex 42.6916 8 5.21491
      vertex 42.8969 8 5.40733
    endloop
  endfacet
  facet normal 0 -1 0
    outer loop
      vertex 43.0718 8 4.4688
      vertex 42.8969 8 5.40733
      vertex 42.6916 8 5.21491
    endloop
  endfacet
  facet normal 0 -1 0
    outer loop
      vertex 43.7688 8 4
      vertex 43.0718 8 4.4688
      vertex 43.3762 8 4
    endloop
  endfacet
  facet normal 0 -1 0
    outer loop
      vertex 43.0718 8 4.4688
      vertex 43.7688 8 4
      vertex 42.8969 8 5.40733
    endloop
  endfacet
  facet normal 0 -1 0
    outer loop
      vertex 50.5359 8 16.1254
      vertex 50.8362 8 16.425
      vertex 50.3959 8 16.1303
    endloop
  endfacet
  facet normal 0 -1 0
    outer loop
      vertex 51.031 8 16.0742
      vertex 50.8362 8 16.425
      vertex 50.5359 8 16.1254
    endloop
  endfacet
  facet normal 0 -1 0
    outer loop
      vertex 51.1547 8 16.0614
      vertex 50.8362 8 16.425
      vertex 51.031 8 16.0742
    endloop
  endfacet
  facet normal 0 -1 0
    outer loop
      vertex 50.8362 8 16.425
      vertex 51.1547 8 16.0614
      vertex 51.6633 8 16.294
    endloop
  endfacet
  facet normal 0 -1 0
    outer loop
      vertex 51.261 8 16.0439
      vertex 51.6633 8 16.294
      vertex 51.1547 8 16.0614
    endloop
  endfacet
  facet normal 0 -1 0
    outer loop
      vertex 52 8 15.9223
      vertex 51.6633 8 16.294
      vertex 51.261 8 16.0439
    endloop
  endfacet
  facet normal 0 -1 0
    outer loop
      vertex 51.6633 8 16.294
      vertex 52 8 15.9223
      vertex 52.4721 8 16.0773
    endloop
  endfacet
  facet normal 0 -1 0
    outer loop
      vertex 52.2912 8 15.8598
      vertex 52.4721 8 16.0773
      vertex 52 8 15.9223
    endloop
  endfacet
  facet normal 0 -1 0
    outer loop
      vertex 52.8457 8 15.6037
      vertex 52.4721 8 16.0773
      vertex 52.2912 8 15.8598
    endloop
  endfacet
  facet normal 0 -1 0
    outer loop
      vertex 52.4721 8 16.0773
      vertex 52.8457 8 15.6037
      vertex 53.2539 8 15.7772
    endloop
  endfacet
  facet normal 0 -1 0
    outer loop
      vertex 53.4641 8 15.318
      vertex 53.2539 8 15.7772
      vertex 52.8457 8 15.6037
    endloop
  endfacet
  facet normal 0 -1 0
    outer loop
      vertex 53.2539 8 15.7772
      vertex 53.4641 8 15.318
      vertex 54 8 15.397
    endloop
  endfacet
  facet normal 0 -1 0
    outer loop
      vertex 53.8838 8 15.0922
      vertex 54 8 15.397
      vertex 53.4641 8 15.318
    endloop
  endfacet
  facet normal 0 -1 0
    outer loop
      vertex 54.3978 8 14.8156
      vertex 54 8 15.397
      vertex 53.8838 8 15.0922
    endloop
  endfacet
  facet normal 0 -1 0
    outer loop
      vertex 54 8 15.397
      vertex 54.3978 8 14.8156
      vertex 54.7023 8 14.9409
    endloop
  endfacet
  facet normal 0 -1 0
    outer loop
      vertex 54.3978 8 14.8156
      vertex 55.353 8 14.414
      vertex 54.7023 8 14.9409
    endloop
  endfacet
  facet normal 0 -1 0
    outer loop
      vertex 55.2679 8 14.0048
      vertex 55.353 8 14.414
      vertex 54.3978 8 14.8156
    endloop
  endfacet
  facet normal 0 -1 0
    outer loop
      vertex 55.2679 8 14.0048
      vertex 55.9452 8 13.8218
      vertex 55.353 8 14.414
    endloop
  endfacet
  facet normal 0 -1 0
    outer loop
      vertex 55.9826 8 13.3389
      vertex 55.9452 8 13.8218
      vertex 55.2679 8 14.0048
    endloop
  endfacet
  facet normal 0 -1 0
    outer loop
      vertex 55.9826 8 13.3389
      vertex 56.4721 8 13.1711
      vertex 55.9452 8 13.8218
    endloop
  endfacet
  facet normal 0 -1 0
    outer loop
      vertex 56.1776 8 13.0241
      vertex 56.4721 8 13.1711
      vertex 55.9826 8 13.3389
    endloop
  endfacet
  facet normal 0 -1 0
    outer loop
      vertex 56.1776 8 13.0241
      vertex 56.9282 8 12.4688
      vertex 56.4721 8 13.1711
    endloop
  endfacet
  facet normal 0 -1 0
    outer loop
      vertex 57.1031 8 11.5303
      vertex 56.9282 8 12.4688
      vertex 56.1776 8 13.0241
    endloop
  endfacet
  facet normal 0 -1 0
    outer loop
      vertex 56.9282 8 12.4688
      vertex 57.1031 8 11.5303
      vertex 57.3084 8 11.7227
    endloop
  endfacet
  facet normal 0 -1 0
    outer loop
      vertex 57.1277 8 11.4447
      vertex 57.3084 8 11.7227
      vertex 57.1031 8 11.5303
    endloop
  endfacet
  facet normal 0 -1 0
    outer loop
      vertex 57.1277 8 11.4447
      vertex 57.6085 8 10.9409
      vertex 57.3084 8 11.7227
    endloop
  endfacet
  facet normal 0 -1 0
    outer loop
      vertex 57.4641 8 10.2749
      vertex 57.6085 8 10.9409
      vertex 57.1277 8 11.4447
    endloop
  endfacet
  facet normal 0 -1 0
    outer loop
      vertex 57.4641 8 10.2749
      vertex 57.8252 8 10.1321
      vertex 57.6085 8 10.9409
    endloop
  endfacet
  facet normal 0 -1 0
    outer loop
      vertex 57.6683 8 9.51301
      vertex 57.8252 8 10.1321
      vertex 57.4641 8 10.2749
    endloop
  endfacet
  facet normal 0 -1 0
    outer loop
      vertex 57.6683 8 9.51301
      vertex 57.9562 8 9.30503
      vertex 57.8252 8 10.1321
    endloop
  endfacet
  facet normal 0 -1 0
    outer loop
      vertex 57.6683 8 9.51301
      vertex 58 8 8.4688
      vertex 57.9562 8 9.30503
    endloop
  endfacet
  facet normal 0 -1 0
    outer loop
      vertex 57.6683 8 7.42459
      vertex 58 8 8.4688
      vertex 57.6683 8 9.51301
    endloop
  endfacet
  facet normal 0 -1 0
    outer loop
      vertex 58 8 8.4688
      vertex 57.6683 8 7.42459
      vertex 57.9562 8 7.63257
    endloop
  endfacet
  facet normal 0 -1 0
    outer loop
      vertex 57.6683 8 7.42459
      vertex 57.8252 8 6.80551
      vertex 57.9562 8 7.63257
    endloop
  endfacet
  facet normal 0 -1 0
    outer loop
      vertex 57.4641 8 6.66268
      vertex 57.8252 8 6.80551
      vertex 57.6683 8 7.42459
    endloop
  endfacet
  facet normal 0 -1 0
    outer loop
      vertex 57.4641 8 6.66268
      vertex 57.6085 8 5.99667
      vertex 57.8252 8 6.80551
    endloop
  endfacet
  facet normal 0 -1 0
    outer loop
      vertex 57.1277 8 5.49288
      vertex 57.6085 8 5.99667
      vertex 57.4641 8 6.66268
    endloop
  endfacet
  facet normal 0 -1 0
    outer loop
      vertex 57.3084 8 5.21491
      vertex 57.1277 8 5.49288
      vertex 57.1031 8 5.40733
    endloop
  endfacet
  facet normal 0 -1 0
    outer loop
      vertex 57.1277 8 5.49288
      vertex 57.3084 8 5.21491
      vertex 57.6085 8 5.99667
    endloop
  endfacet
  facet normal 0 -1 -0
    outer loop
      vertex 57.1031 8 5.40733
      vertex 56.9282 8 4.4688
      vertex 57.3084 8 5.21491
    endloop
  endfacet
  facet normal 0 -1 0
    outer loop
      vertex 56.1776 8 3.91352
      vertex 56.9282 8 4.4688
      vertex 57.1031 8 5.40733
    endloop
  endfacet
  facet normal 0 -1 0
    outer loop
      vertex 56.1776 8 3.91352
      vertex 56.4721 8 3.76652
      vertex 56.9282 8 4.4688
    endloop
  endfacet
  facet normal 0 -1 0
    outer loop
      vertex 55.9826 8 3.59871
      vertex 56.4721 8 3.76652
      vertex 56.1776 8 3.91352
    endloop
  endfacet
  facet normal 0 -1 -0
    outer loop
      vertex 55.9826 8 3.59871
      vertex 55.9452 8 3.11576
      vertex 56.4721 8 3.76652
    endloop
  endfacet
  facet normal 0 -1 0
    outer loop
      vertex 55.2679 8 2.93277
      vertex 55.9452 8 3.11576
      vertex 55.9826 8 3.59871
    endloop
  endfacet
  facet normal 0 -1 0
    outer loop
      vertex 55.353 8 2.52364
      vertex 55.2679 8 2.93277
      vertex 55.1962 8 2.8659
    endloop
  endfacet
  facet normal 0 -1 0
    outer loop
      vertex 55.2679 8 2.93277
      vertex 55.353 8 2.52364
      vertex 55.9452 8 3.11576
    endloop
  endfacet
  facet normal -0 -1 0
    outer loop
      vertex 55.353 8 2.52364
      vertex 55.1962 8 2.8659
      vertex 55.1962 8 2.39659
    endloop
  endfacet
  facet normal -0.965934 0 -0.258788
    outer loop
      vertex 42.3915 8 5.99667
      vertex 42.1748 18 6.80551
      vertex 42.3915 18 5.99667
    endloop
  endfacet
  facet normal -0.965934 -0 -0.258788
    outer loop
      vertex 42.1748 18 6.80551
      vertex 42.3915 8 5.99667
      vertex 42.1748 8 6.80551
    endloop
  endfacet
  facet normal 0.983627 0.0904089 0.1559
    outer loop
      vertex 56.9617 31 9.2005
      vertex 55.8689 42 9.71627
      vertex 56.847 31 9.92418
    endloop
  endfacet
  facet normal 0.452637 0.0765945 0.888399
    outer loop
      vertex 53.5 31 14.531
      vertex 52.8472 31 14.8636
      vertex 53.2539 18 15.7772
    endloop
  endfacet
  facet normal -0.835208 0.0904114 -0.542452
    outer loop
      vertex 44.3369 31 4.35431
      vertex 43.9378 31 4.9688
      vertex 45.1459 42 4.94209
    endloop
  endfacet
  facet normal -0.773968 0.0904112 -0.626737
    outer loop
      vertex 44.798 31 3.78489
      vertex 44.3369 31 4.35431
      vertex 45.1459 42 4.94209
    endloop
  endfacet
  facet normal -0.1558 0.0904128 -0.983642
    outer loop
      vertex 49.3728 42 2.50167
      vertex 48.5446 31 1.62177
      vertex 48.7525 42 2.59992
    endloop
  endfacet
  facet normal -0.155971 0.0765918 -0.984788
    outer loop
      vertex 49.1638 18 0.512627
      vertex 48.5446 31 1.62177
      vertex 49.2683 31 1.50715
    endloop
  endfacet
  facet normal -0.983654 0.09042 -0.155723
    outer loop
      vertex 44.1311 42 7.22133
      vertex 43.0383 31 7.7371
      vertex 44.0329 42 7.84163
    endloop
  endfacet
  facet normal -0.452118 0.0904157 -0.887364
    outer loop
      vertex 47.1528 31 2.07398
      vertex 47 42 3.27265
      vertex 47.5596 42 2.98753
    endloop
  endfacet
  facet normal 0.983654 0.09042 -0.155723
    outer loop
      vertex 56.9617 31 7.7371
      vertex 55.8689 42 7.22133
      vertex 55.9671 42 7.84163
    endloop
  endfacet
  facet normal 0.356899 0.0904109 0.929758
    outer loop
      vertex 52.4404 42 13.9501
      vertex 52.1631 31 15.1262
      vertex 52.8472 31 14.8636
    endloop
  endfacet
  facet normal 0.835199 0.0904105 -0.542465
    outer loop
      vertex 56.0622 31 4.9688
      vertex 54.8541 42 4.94209
      vertex 55.1962 42 5.4688
    endloop
  endfacet
  facet normal 0.929747 0.0904091 -0.356926
    outer loop
      vertex 56.3948 31 5.62164
      vertex 55.4813 42 6.02838
      vertex 56.6574 31 6.30568
    endloop
  endfacet
  facet normal 0.887379 0.0904094 -0.45209
    outer loop
      vertex 56.0622 31 4.9688
      vertex 55.4813 42 6.02838
      vertex 56.3948 31 5.62164
    endloop
  endfacet
  facet normal 0.627487 0.0765922 -0.77485
    outer loop
      vertex 54.7023 18 1.99667
      vertex 54.1145 31 2.80568
      vertex 54.6839 31 3.26679
    endloop
  endfacet
  facet normal 0.626758 0.0904136 -0.77395
    outer loop
      vertex 54.1145 31 2.80568
      vertex 53.5267 42 3.6147
      vertex 54.6839 31 3.26679
    endloop
  endfacet
  facet normal 0.0521688 0.0904198 0.994536
    outer loop
      vertex 50.6272 42 14.4359
      vertex 50 42 14.4688
      vertex 50.7317 31 15.4305
    endloop
  endfacet
  facet normal 0.452698 0.0765905 0.888369
    outer loop
      vertex 53.5 31 14.531
      vertex 53.2539 18 15.7772
      vertex 54 18 15.397
    endloop
  endfacet
  facet normal 0.627453 0.0765937 0.774878
    outer loop
      vertex 55.353 18 14.414
      vertex 54.6839 31 13.6708
      vertex 54.7023 18 14.9409
    endloop
  endfacet
  facet normal 0.452112 0.0904105 0.887367
    outer loop
      vertex 53 42 13.665
      vertex 52.8472 31 14.8636
      vertex 53.5 31 14.531
    endloop
  endfacet
  facet normal 0.454031 3.07434e-18 0.890986
    outer loop
      vertex 53.2539 18 15.7772
      vertex 54 8 15.397
      vertex 54 18 15.397
    endloop
  endfacet
  facet normal 0.454031 3.07434e-18 0.890986
    outer loop
      vertex 54 8 15.397
      vertex 53.2539 18 15.7772
      vertex 53.2539 8 15.7772
    endloop
  endfacet
  facet normal 0.258024 0.0765947 0.963098
    outer loop
      vertex 52.1631 31 15.1262
      vertex 51.4554 31 15.3158
      vertex 52.4721 18 16.0773
    endloop
  endfacet
  facet normal 0.257724 0.0904085 0.96198
    outer loop
      vertex 52.1631 31 15.1262
      vertex 51.2475 42 14.3377
      vertex 51.4554 31 15.3158
    endloop
  endfacet
  facet normal -0.156077 0.0765896 0.984771
    outer loop
      vertex 49.2683 31 15.4305
      vertex 48.5446 31 15.3158
      vertex 49.1638 18 16.425
    endloop
  endfacet
  facet normal -0.155975 0.0765958 0.984787
    outer loop
      vertex 48.5446 31 15.3158
      vertex 48.3367 18 16.294
      vertex 49.1638 18 16.425
    endloop
  endfacet
  facet normal 0.155975 0.0765958 0.984787
    outer loop
      vertex 51.4554 31 15.3158
      vertex 50.8362 18 16.425
      vertex 51.6633 18 16.294
    endloop
  endfacet
  facet normal 0.156077 0.0765896 0.984771
    outer loop
      vertex 51.4554 31 15.3158
      vertex 50.7317 31 15.4305
      vertex 50.8362 18 16.425
    endloop
  endfacet
  facet normal -0.452155 0.0904132 -0.887345
    outer loop
      vertex 47.1528 31 2.07398
      vertex 46.5 31 2.40662
      vertex 47 42 3.27265
    endloop
  endfacet
  facet normal -0.961949 0.0904081 -0.257839
    outer loop
      vertex 44.2937 42 6.6147
      vertex 43.153 31 7.01342
      vertex 44.1311 42 7.22133
    endloop
  endfacet
  facet normal 0.983654 0.09042 0.155723
    outer loop
      vertex 55.9671 42 9.09597
      vertex 55.8689 42 9.71627
      vertex 56.9617 31 9.2005
    endloop
  endfacet
  facet normal -0.627479 0.0765917 0.774857
    outer loop
      vertex 45.3161 31 13.6708
      vertex 45.2977 18 14.9409
      vertex 45.8855 31 14.1319
    endloop
  endfacet
  facet normal -0.543057 0.0765916 0.836196
    outer loop
      vertex 45.8855 31 14.1319
      vertex 45.2977 18 14.9409
      vertex 46 18 15.397
    endloop
  endfacet
  facet normal -0.930828 0.0765958 -0.357341
    outer loop
      vertex 43.6052 31 5.62164
      vertex 42.6916 18 5.21491
      vertex 43.3426 31 6.30568
    endloop
  endfacet
  facet normal -0.929747 0.0904091 -0.356926
    outer loop
      vertex 43.6052 31 5.62164
      vertex 43.3426 31 6.30568
      vertex 44.5187 42 6.02838
    endloop
  endfacet
  facet normal 0.994536 0.0904199 -0.0521713
    outer loop
      vertex 56.9617 31 7.7371
      vertex 55.9671 42 7.84163
      vertex 56 42 8.4688
    endloop
  endfacet
  facet normal -0.15579 0.0904121 -0.983644
    outer loop
      vertex 49.2683 31 1.50715
      vertex 48.5446 31 1.62177
      vertex 49.3728 42 2.50167
    endloop
  endfacet
  facet normal -0.052126 0.0904124 -0.994539
    outer loop
      vertex 50 31 1.4688
      vertex 49.2683 31 1.50715
      vertex 49.3728 42 2.50167
    endloop
  endfacet
  facet normal 0.704211 0.0904079 0.704211
    outer loop
      vertex 54.4589 42 12.4836
      vertex 54.0148 42 12.9277
      vertex 54.6839 31 13.6708
    endloop
  endfacet
  facet normal 0.543077 0.0765902 0.836183
    outer loop
      vertex 54.1145 31 14.1319
      vertex 53.5 31 14.531
      vertex 54 18 15.397
    endloop
  endfacet
  facet normal 0.542446 0.0904106 0.835212
    outer loop
      vertex 54.1145 31 14.1319
      vertex 53 42 13.665
      vertex 53.5 31 14.531
    endloop
  endfacet
  facet normal 0.358425 0 0.933558
    outer loop
      vertex 53.2539 18 15.7772
      vertex 53.107 10 15.8336
      vertex 53.2539 8 15.7772
    endloop
  endfacet
  facet normal 0.357295 2.38055e-05 0.933991
    outer loop
      vertex 53.2539 18 15.7772
      vertex 53.0385 10.1743 15.8598
      vertex 53.107 10 15.8336
    endloop
  endfacet
  facet normal 0.358363 -9.89716e-06 0.933582
    outer loop
      vertex 52.4721 18 16.0773
      vertex 53.0385 10.1743 15.8598
      vertex 53.2539 18 15.7772
    endloop
  endfacet
  facet normal 0.359074 4.91841e-05 0.933309
    outer loop
      vertex 53.0385 10.1743 15.8598
      vertex 52.4721 18 16.0773
      vertex 52.9855 10 15.8802
    endloop
  endfacet
  facet normal 0.357429 -8.39741e-05 0.93394
    outer loop
      vertex 53.0385 9.82573 15.8598
      vertex 53.2539 8 15.7772
      vertex 53.107 10 15.8336
    endloop
  endfacet
  facet normal 0.358845 -0.000129215 0.933397
    outer loop
      vertex 52.4721 8 16.0773
      vertex 53.0385 9.82573 15.8598
      vertex 52.9855 10 15.8802
    endloop
  endfacet
  facet normal 0.358363 4.24226e-05 0.933582
    outer loop
      vertex 53.0385 9.82573 15.8598
      vertex 52.4721 8 16.0773
      vertex 53.2539 8 15.7772
    endloop
  endfacet
  facet normal 0.358406 -0 0.933566
    outer loop
      vertex 52.4721 8 16.0773
      vertex 52.9855 10 15.8802
      vertex 52.4721 18 16.0773
    endloop
  endfacet
  facet normal 0.627479 0.0765917 0.774857
    outer loop
      vertex 54.6839 31 13.6708
      vertex 54.1145 31 14.1319
      vertex 54.7023 18 14.9409
    endloop
  endfacet
  facet normal 0.62675 0.0904123 0.773957
    outer loop
      vertex 54.6839 31 13.6708
      vertex 53.5267 42 13.3229
      vertex 54.1145 31 14.1319
    endloop
  endfacet
  facet normal -0.563307 -0.432131 0.704236
    outer loop
      vertex 44.7692 6.69959 13.4735
      vertex 44.5035 6.82659 13.3389
      vertex 44.7256 6.53707 13.3389
    endloop
  endfacet
  facet normal -0.563338 -0.432392 0.704051
    outer loop
      vertex 44.5035 6.82659 13.3389
      vertex 44.7692 6.69959 13.4735
      vertex 44.9075 7.05983 13.8054
    endloop
  endfacet
  facet normal -0.563374 -0.432295 0.704082
    outer loop
      vertex 45.7824 7.56495 14.8156
      vertex 45.049 7.14154 13.9688
      vertex 45.6274 6.38776 13.9688
    endloop
  endfacet
  facet normal -0.65603 -0.271816 0.704088
    outer loop
      vertex 45.7824 7.56495 14.8156
      vertex 44.9942 7.2738 13.9688
      vertex 45.049 7.14154 13.9688
    endloop
  endfacet
  facet normal -0.656077 -0.271695 0.704091
    outer loop
      vertex 44.7321 8 14.0048
      vertex 44.9942 7.2738 13.9688
      vertex 45.7824 7.56495 14.8156
    endloop
  endfacet
  facet normal -0.656011 -0.271675 0.70416
    outer loop
      vertex 44.7321 8 14.0048
      vertex 44.9755 7.23705 13.9372
      vertex 44.9942 7.2738 13.9688
    endloop
  endfacet
  facet normal -0.656047 -0.271683 0.704124
    outer loop
      vertex 44.0174 8 13.3389
      vertex 44.9755 7.23705 13.9372
      vertex 44.7321 8 14.0048
    endloop
  endfacet
  facet normal -0.656012 -0.271909 0.70407
    outer loop
      vertex 44.9755 7.23705 13.9372
      vertex 44.5035 6.82659 13.3389
      vertex 44.9075 7.05983 13.8054
    endloop
  endfacet
  facet normal -0.656085 -0.271791 0.704047
    outer loop
      vertex 44.9755 7.23705 13.9372
      vertex 44.0174 8 13.3389
      vertex 44.5035 6.82659 13.3389
    endloop
  endfacet
  facet normal -0.860256 -0.113158 0.497147
    outer loop
      vertex 42.6286 9.97445 11.5584
      vertex 42.609 10 11.5303
      vertex 42.6178 9.9331 11.5303
    endloop
  endfacet
  facet normal 0.656416 -0.271556 -0.703829
    outer loop
      vertex 55.2087 7.97545 2.88703
      vertex 55.1962 8 2.8659
      vertex 55.2679 8 2.93277
    endloop
  endfacet
  facet normal 0.958103 -0.126028 -0.257209
    outer loop
      vertex 57.4114 10 5.48332
      vertex 57.3822 9.9331 5.40733
      vertex 57.391 10 5.40733
    endloop
  endfacet
  facet normal 0.957971 -0.127024 -0.257207
    outer loop
      vertex 57.9176 9.96632 7.38908
      vertex 57.9112 10 7.34861
      vertex 57.9316 10 7.42459
    endloop
  endfacet
  facet normal 0.704232 0.0929984 -0.703852
    outer loop
      vertex 54.8701 10 2.12197
      vertex 54.857 10.0992 2.12197
      vertex 54.9257 10 2.1776
    endloop
  endfacet
  facet normal 0.704158 0.0931609 -0.703905
    outer loop
      vertex 56.3468 10 3.59871
      vertex 56.2912 10 3.54309
      vertex 56.3079 10.0298 3.56374
    endloop
  endfacet
  facet normal 0.860828 -0.115204 0.495685
    outer loop
      vertex 57.391 10 11.5303
      vertex 57.3648 10 11.5758
      vertex 57.3714 9.97445 11.5584
    endloop
  endfacet
  facet normal 0.860184 -0.11345 0.497205
    outer loop
      vertex 56.3468 10 13.3389
      vertex 56.3362 9.91963 13.3389
      vertex 56.3731 10 13.2934
    endloop
  endfacet
  facet normal -0.588401 -0.766714 0.256775
    outer loop
      vertex 44.3915 4.39154 9.51301
      vertex 44.5301 4.42509 9.93079
      vertex 44.5249 4.5249 10.2169
    endloop
  endfacet
  facet normal -0.588169 -0.766913 0.256714
    outer loop
      vertex 44.5301 4.42509 9.93079
      vertex 44.3915 4.39154 9.51301
      vertex 44.5554 4.26584 9.51301
    endloop
  endfacet
  facet normal 0.860483 -0.113188 -0.496748
    outer loop
      vertex 57.3822 9.9331 5.40733
      vertex 57.3714 9.97445 5.3792
      vertex 57.391 10 5.40733
    endloop
  endfacet
  facet normal -0.242904 0.0983651 0.96505
    outer loop
      vertex 48.9756 10.2823 16.3952
      vertex 48.9688 10.2763 16.3941
      vertex 48.9914 10.2703 16.4004
    endloop
  endfacet
  facet normal -0.958103 -0.126028 -0.257209
    outer loop
      vertex 42.6178 9.9331 5.40733
      vertex 42.5886 10 5.48332
      vertex 42.609 10 5.40733
    endloop
  endfacet
  facet normal -0.957971 -0.127024 -0.257207
    outer loop
      vertex 42.0824 9.96632 7.38908
      vertex 42.0684 10 7.42459
      vertex 42.0888 10 7.34861
    endloop
  endfacet
  facet normal -0.399159 -0.306188 0.864246
    outer loop
      vertex 47.1543 8 15.6037
      vertex 47.8352 7.83522 15.8598
      vertex 47.7088 8 15.8598
    endloop
  endfacet
  facet normal -0.399178 -0.306397 0.864163
    outer loop
      vertex 47.8352 7.83522 15.8598
      vertex 47.1543 8 15.6037
      vertex 46.5563 6.55632 14.8156
    endloop
  endfacet
  facet normal -0.656081 -0.271752 0.704065
    outer loop
      vertex 45.6022 8 14.8156
      vertex 44.7321 8 14.0048
      vertex 45.7824 7.56495 14.8156
    endloop
  endfacet
  facet normal 0.255657 0.0365224 -0.966077
    outer loop
      vertex 53.039 10.1708 1.07777
      vertex 53.0377 10.1717 1.07746
      vertex 53.0385 10.1743 1.07777
    endloop
  endfacet
  facet normal -0.860954 -0.114879 -0.495541
    outer loop
      vertex 42.6286 9.97445 5.3792
      vertex 42.609 10 5.40733
      vertex 42.6352 10 5.36181
    endloop
  endfacet
  facet normal -0.957998 -0.127268 -0.256986
    outer loop
      vertex 42.0768 9.93677 7.42459
      vertex 42.0684 10 7.42459
      vertex 42.0824 9.96632 7.38908
    endloop
  endfacet
  facet normal -0.958099 -0.126925 -0.256781
    outer loop
      vertex 42.3387 7.94716 7.42459
      vertex 42.3317 8 7.42459
      vertex 42.5359 8 6.66268
    endloop
  endfacet
  facet normal 0.892897 -0.36987 0.256771
    outer loop
      vertex 56.8689 6.03422 9.51301
      vertex 57.4641 8 10.2749
      vertex 57.1277 8 11.4447
    endloop
  endfacet
  facet normal 0.892901 -0.369868 0.256761
    outer loop
      vertex 57.4641 8 10.2749
      vertex 56.8689 6.03422 9.51301
      vertex 57.6613 7.94716 9.51301
    endloop
  endfacet
  facet normal 0.801817 -0.33212 0.496775
    outer loop
      vertex 57.1031 8 11.5303
      vertex 56.1776 8 13.0241
      vertex 56.4008 6.30448 11.5303
    endloop
  endfacet
  facet normal 0.499327 0.0665419 0.863855
    outer loop
      vertex 54.83 10.0166 14.8375
      vertex 54.8246 10 14.8419
      vertex 54.8701 10 14.8156
    endloop
  endfacet
  facet normal 0.497929 0.065705 0.864725
    outer loop
      vertex 53.107 10 15.8336
      vertex 53.0385 10.1743 15.8598
      vertex 53.0615 10 15.8598
    endloop
  endfacet
  facet normal 0.923874 -0.382698 2.04917e-17
    outer loop
      vertex 56.8689 6.03422 9.51301
      vertex 57.6613 7.94716 7.42459
      vertex 57.6613 7.94716 9.51301
    endloop
  endfacet
  facet normal 0.923874 -0.382698 2.04917e-17
    outer loop
      vertex 57.6613 7.94716 7.42459
      vertex 56.8689 6.03422 9.51301
      vertex 56.8689 6.03422 7.42459
    endloop
  endfacet
  facet normal -0.499144 -0.0658953 0.86401
    outer loop
      vertex 45.17 9.9834 14.8375
      vertex 45.1299 10 14.8156
      vertex 45.143 9.90077 14.8156
    endloop
  endfacet
  facet normal -0.892943 -0.369865 0.256617
    outer loop
      vertex 42.8723 8 11.4447
      vertex 43.5992 6.30448 11.5303
      vertex 42.8969 8 11.5303
    endloop
  endfacet
  facet normal -0.892914 -0.369846 0.256744
    outer loop
      vertex 43.5992 6.30448 11.5303
      vertex 42.8723 8 11.4447
      vertex 43.1311 6.03422 9.51301
    endloop
  endfacet
  facet normal -0.271743 -0.656058 0.70409
    outer loop
      vertex 47.565 5.78238 14.8156
      vertex 47.1415 5.049 13.9688
      vertex 48.0193 4.68541 13.9688
    endloop
  endfacet
  facet normal 0.158922 -0.207055 0.965335
    outer loop
      vertex 51.261 8 16.0439
      vertex 51.1547 8 16.0614
      vertex 51.5307 7.34869 15.8598
    endloop
  endfacet
  facet normal 0.608564 -0.793505 0
    outer loop
      vertex 55.4446 4.26584 7.42459
      vertex 55.6085 4.39154 9.51301
      vertex 55.4446 4.26584 9.51301
    endloop
  endfacet
  facet normal 0.608564 -0.793505 0
    outer loop
      vertex 55.6085 4.39154 9.51301
      vertex 55.4446 4.26584 7.42459
      vertex 55.6085 4.39154 7.42459
    endloop
  endfacet
  facet normal -0.766765 -0.588344 -0.256755
    outer loop
      vertex 44.5249 4.5249 6.72074
      vertex 43.1311 6.03422 7.42459
      vertex 44.5009 4.98312 5.74242
    endloop
  endfacet
  facet normal -0.766765 -0.588326 -0.256796
    outer loop
      vertex 43.1311 6.03422 7.42459
      vertex 44.5249 4.5249 6.72074
      vertex 44.3915 4.39154 7.42459
    endloop
  endfacet
  facet normal -0.688375 -0.528495 -0.496822
    outer loop
      vertex 44.6202 6.14351 4.16341
      vertex 44.5634 6.37111 4
      vertex 44.6507 6.2574 4
    endloop
  endfacet
  facet normal -0.688468 -0.528456 -0.496736
    outer loop
      vertex 44.5634 6.37111 4
      vertex 44.6202 6.14351 4.16341
      vertex 44.6056 6.0512 4.28185
    endloop
  endfacet
  facet normal 0.588169 -0.766913 -0.256714
    outer loop
      vertex 55.4699 4.42509 7.00681
      vertex 55.6085 4.39154 7.42459
      vertex 55.4446 4.26584 7.42459
    endloop
  endfacet
  facet normal 0.588463 -0.766661 -0.256792
    outer loop
      vertex 55.6085 4.39154 7.42459
      vertex 55.4699 4.42509 7.00681
      vertex 55.4751 4.5249 6.72074
    endloop
  endfacet
  facet normal 0.958041 0.127335 0.256796
    outer loop
      vertex 57.9232 10.0632 9.51301
      vertex 57.9176 10.0337 9.54853
      vertex 57.9316 10 9.51301
    endloop
  endfacet
  facet normal 0.704121 -0.0928665 -0.703981
    outer loop
      vertex 56.3362 9.91963 3.59871
      vertex 56.3079 9.97015 3.56374
      vertex 56.3468 10 3.59871
    endloop
  endfacet
  facet normal 0.259893 0.0343484 0.965026
    outer loop
      vertex 51.0086 10.2703 16.4004
      vertex 51.1112 10.0278 16.3814
      vertex 51.0312 10.2763 16.3941
    endloop
  endfacet
  facet normal 0.259513 0.0341793 0.965135
    outer loop
      vertex 51.1112 10.0278 16.3814
      vertex 51.0086 10.2703 16.4004
      vertex 51.0442 10 16.4004
    endloop
  endfacet
  facet normal 0.656081 -0.271752 0.704065
    outer loop
      vertex 54.3978 8 14.8156
      vertex 54.2176 7.56495 14.8156
      vertex 55.2679 8 14.0048
    endloop
  endfacet
  facet normal -0.0998894 -0.241135 0.965337
    outer loop
      vertex 48.8453 8 16.0614
      vertex 48.4693 7.34869 15.8598
      vertex 48.969 8 16.0742
    endloop
  endfacet
  facet normal -0.860184 -0.11345 0.497205
    outer loop
      vertex 43.6532 10 13.3389
      vertex 43.6269 10 13.2934
      vertex 43.6638 9.91963 13.3389
    endloop
  endfacet
  facet normal -0.860828 -0.115204 0.495685
    outer loop
      vertex 42.6352 10 11.5758
      vertex 42.609 10 11.5303
      vertex 42.6286 9.97445 11.5584
    endloop
  endfacet
  facet normal -0.70442 -0.0929059 0.703677
    outer loop
      vertex 43.6921 9.97015 13.3739
      vertex 43.6532 10 13.3389
      vertex 43.6638 9.91963 13.3389
    endloop
  endfacet
  facet normal -0.860342 0.113169 0.496996
    outer loop
      vertex 42.6178 10.0669 11.5303
      vertex 42.609 10 11.5303
      vertex 42.6286 10.0256 11.5584
    endloop
  endfacet
  facet normal 0.656047 -0.271683 0.704124
    outer loop
      vertex 55.0245 7.23705 13.9372
      vertex 55.9826 8 13.3389
      vertex 55.2679 8 14.0048
    endloop
  endfacet
  facet normal 0.656085 -0.271791 0.704047
    outer loop
      vertex 55.9826 8 13.3389
      vertex 55.0245 7.23705 13.9372
      vertex 55.4965 6.82659 13.3389
    endloop
  endfacet
  facet normal 0.656012 -0.271909 0.70407
    outer loop
      vertex 55.4965 6.82659 13.3389
      vertex 55.0245 7.23705 13.9372
      vertex 55.0925 7.05983 13.8054
    endloop
  endfacet
  facet normal 0.656011 -0.271675 0.70416
    outer loop
      vertex 55.2679 8 14.0048
      vertex 55.0058 7.2738 13.9688
      vertex 55.0245 7.23705 13.9372
    endloop
  endfacet
  facet normal 0.656077 -0.271695 0.704091
    outer loop
      vertex 54.2176 7.56495 14.8156
      vertex 55.0058 7.2738 13.9688
      vertex 55.2679 8 14.0048
    endloop
  endfacet
  facet normal 0.65603 -0.271816 0.704088
    outer loop
      vertex 55.0058 7.2738 13.9688
      vertex 54.2176 7.56495 14.8156
      vertex 54.951 7.14154 13.9688
    endloop
  endfacet
  facet normal 0.688632 -0.528272 0.496704
    outer loop
      vertex 55.3798 6.14351 12.7742
      vertex 55.4965 6.82659 13.3389
      vertex 55.2744 6.53707 13.3389
    endloop
  endfacet
  facet normal 0.688493 -0.528344 0.496819
    outer loop
      vertex 55.4965 6.82659 13.3389
      vertex 55.3798 6.14351 12.7742
      vertex 55.3944 6.0512 12.6558
    endloop
  endfacet
  facet normal 0.034137 -0.258736 0.965345
    outer loop
      vertex 50 6.93853 15.8598
      vertex 50.3959 8 16.1303
      vertex 50 8 16.1443
    endloop
  endfacet
  facet normal 0.0340593 -0.25871 0.965355
    outer loop
      vertex 50.3959 8 16.1303
      vertex 50 6.93853 15.8598
      vertex 50.7924 7.04285 15.8598
    endloop
  endfacet
  facet normal -0.801817 -0.33212 0.496775
    outer loop
      vertex 43.8224 8 13.0241
      vertex 42.8969 8 11.5303
      vertex 43.5992 6.30448 11.5303
    endloop
  endfacet
  facet normal 0.70442 -0.0929059 0.703677
    outer loop
      vertex 56.3468 10 13.3389
      vertex 56.3079 9.97015 13.3739
      vertex 56.3362 9.91963 13.3389
    endloop
  endfacet
  facet normal 0.766762 -0.588351 -0.256749
    outer loop
      vertex 55.4991 4.98312 5.74242
      vertex 56.4008 6.30448 5.40733
      vertex 56.8689 6.03422 7.42459
    endloop
  endfacet
  facet normal 0.766769 -0.588346 -0.256737
    outer loop
      vertex 56.4008 6.30448 5.40733
      vertex 55.5 5 5.70639
      vertex 55.4936 5.12216 5.40733
    endloop
  endfacet
  facet normal 0.766854 -0.588346 -0.256484
    outer loop
      vertex 56.4008 6.30448 5.40733
      vertex 55.4991 4.98312 5.74242
      vertex 55.5 5 5.70639
    endloop
  endfacet
  facet normal 0.49891 -0.066227 -0.864119
    outer loop
      vertex 54.83 9.9834 2.10009
      vertex 54.8246 10 2.0957
      vertex 54.8701 10 2.12197
    endloop
  endfacet
  facet normal -0.860569 0.113199 -0.496596
    outer loop
      vertex 42.6286 10.0256 5.3792
      vertex 42.609 10 5.40733
      vertex 42.6178 10.0669 5.40733
    endloop
  endfacet
  facet normal -0.991291 -0.131691 -0
    outer loop
      vertex 42.0684 10 7.47715
      vertex 42.0684 10 7.42459
      vertex 42.0768 9.93677 7.42459
    endloop
  endfacet
  facet normal -0.991339 -0.131328 8.44863e-20
    outer loop
      vertex 42.3387 7.94716 7.42459
      vertex 42.3317 8 9.51301
      vertex 42.3317 8 7.42459
    endloop
  endfacet
  facet normal -0.991339 -0.131328 8.44863e-20
    outer loop
      vertex 42.3317 8 9.51301
      vertex 42.3387 7.94716 7.42459
      vertex 42.3387 7.94716 9.51301
    endloop
  endfacet
  facet normal -0.991291 -0.131691 -0
    outer loop
      vertex 42.0684 10 9.51301
      vertex 42.0684 10 9.46045
      vertex 42.0768 9.93677 9.51301
    endloop
  endfacet
  facet normal -0.79337 -0.608739 1.78618e-17
    outer loop
      vertex 44.3915 4.39154 7.42459
      vertex 43.1311 6.03422 9.51301
      vertex 43.1311 6.03422 7.42459
    endloop
  endfacet
  facet normal -0.79337 -0.608739 1.78618e-17
    outer loop
      vertex 43.1311 6.03422 9.51301
      vertex 44.3915 4.39154 7.42459
      vertex 44.3915 4.39154 9.51301
    endloop
  endfacet
  facet normal -0.892896 -0.369872 -0.256771
    outer loop
      vertex 43.1311 6.03422 7.42459
      vertex 42.5359 8 6.66268
      vertex 42.8723 8 5.49288
    endloop
  endfacet
  facet normal -0.892902 -0.369868 -0.256755
    outer loop
      vertex 42.5359 8 6.66268
      vertex 43.1311 6.03422 7.42459
      vertex 42.3387 7.94716 7.42459
    endloop
  endfacet
  facet normal -0.801734 -0.332422 -0.496708
    outer loop
      vertex 43.8095 7.90184 4
      vertex 42.8969 8 5.40733
      vertex 43.7688 8 4
    endloop
  endfacet
  facet normal -0.801814 -0.332119 -0.496781
    outer loop
      vertex 42.8969 8 5.40733
      vertex 43.8095 7.90184 4
      vertex 43.5992 6.30448 5.40733
    endloop
  endfacet
  facet normal -0.688632 -0.528272 0.496704
    outer loop
      vertex 44.5035 6.82659 13.3389
      vertex 44.6202 6.14351 12.7742
      vertex 44.7256 6.53707 13.3389
    endloop
  endfacet
  facet normal -0.688493 -0.528344 0.496819
    outer loop
      vertex 44.6202 6.14351 12.7742
      vertex 44.5035 6.82659 13.3389
      vertex 44.6056 6.0512 12.6558
    endloop
  endfacet
  facet normal -0.766768 -0.588339 0.256758
    outer loop
      vertex 43.1311 6.03422 9.51301
      vertex 44.5249 4.5249 10.2169
      vertex 44.5009 4.98312 11.1952
    endloop
  endfacet
  facet normal -0.766768 -0.588328 0.256782
    outer loop
      vertex 44.5249 4.5249 10.2169
      vertex 43.1311 6.03422 9.51301
      vertex 44.3915 4.39154 9.51301
    endloop
  endfacet
  facet normal 0.860342 0.113169 0.496996
    outer loop
      vertex 57.3822 10.0669 11.5303
      vertex 57.3714 10.0256 11.5584
      vertex 57.391 10 11.5303
    endloop
  endfacet
  facet normal 0.958111 0.12603 0.257177
    outer loop
      vertex 57.4114 10 11.4543
      vertex 57.3822 10.0669 11.5303
      vertex 57.391 10 11.5303
    endloop
  endfacet
  facet normal 0.95799 0.126875 0.257212
    outer loop
      vertex 57.9176 10.0337 9.54853
      vertex 57.9112 10 9.58899
      vertex 57.9316 10 9.51301
    endloop
  endfacet
  facet normal 0.860256 -0.113158 0.497147
    outer loop
      vertex 57.391 10 11.5303
      vertex 57.3714 9.97445 11.5584
      vertex 57.3822 9.9331 11.5303
    endloop
  endfacet
  facet normal 0.86085 0.114982 0.495698
    outer loop
      vertex 57.3714 10.0256 11.5584
      vertex 57.3648 10 11.5758
      vertex 57.391 10 11.5303
    endloop
  endfacet
  facet normal 0.860188 0.113408 0.497208
    outer loop
      vertex 56.3731 10 13.2934
      vertex 56.3362 10.0804 13.3389
      vertex 56.3468 10 13.3389
    endloop
  endfacet
  facet normal 0.465002 -0.192606 0.864104
    outer loop
      vertex 54.3978 8 14.8156
      vertex 53.8838 8 15.0922
      vertex 54.2176 7.56495 14.8156
    endloop
  endfacet
  facet normal 0.588401 -0.766714 0.256775
    outer loop
      vertex 55.4699 4.42509 9.93079
      vertex 55.6085 4.39154 9.51301
      vertex 55.4751 4.5249 10.2169
    endloop
  endfacet
  facet normal 0.588169 -0.766913 0.256714
    outer loop
      vertex 55.6085 4.39154 9.51301
      vertex 55.4699 4.42509 9.93079
      vertex 55.4446 4.26584 9.51301
    endloop
  endfacet
  facet normal 0.958103 0.126028 -0.257209
    outer loop
      vertex 57.391 10 5.40733
      vertex 57.3822 10.0669 5.40733
      vertex 57.4114 10 5.48332
    endloop
  endfacet
  facet normal 0.957981 0.12695 -0.25721
    outer loop
      vertex 57.9316 10 7.42459
      vertex 57.9112 10 7.34861
      vertex 57.9176 10.0337 7.38908
    endloop
  endfacet
  facet normal 0.766765 -0.588344 -0.256755
    outer loop
      vertex 56.8689 6.03422 7.42459
      vertex 55.4751 4.5249 6.72074
      vertex 55.4991 4.98312 5.74242
    endloop
  endfacet
  facet normal 0.766765 -0.588326 -0.256796
    outer loop
      vertex 55.4751 4.5249 6.72074
      vertex 56.8689 6.03422 7.42459
      vertex 55.6085 4.39154 7.42459
    endloop
  endfacet
  facet normal 0.242904 0.0983651 0.96505
    outer loop
      vertex 51.0244 10.2823 16.3952
      vertex 51.0086 10.2703 16.4004
      vertex 51.0312 10.2763 16.3941
    endloop
  endfacet
  facet normal 0.259083 0.035268 0.965211
    outer loop
      vertex 51.1112 10.0278 16.3814
      vertex 51.0442 10 16.4004
      vertex 51.1202 10 16.38
    endloop
  endfacet
  facet normal 0.259093 0.0341889 0.965247
    outer loop
      vertex 53.0385 10.1743 15.8598
      vertex 52.9855 10 15.8802
      vertex 53.0615 10 15.8598
    endloop
  endfacet
  facet normal 0.704108 -0.0919941 0.704108
    outer loop
      vertex 56.3468 10 13.3389
      vertex 56.2912 10 13.3945
      vertex 56.3079 9.97015 13.3739
    endloop
  endfacet
  facet normal 0.704046 -0.0929457 0.704046
    outer loop
      vertex 54.8701 10 14.8156
      vertex 54.857 9.90077 14.8156
      vertex 54.9257 10 14.76
    endloop
  endfacet
  facet normal 0.704342 0.092861 0.703761
    outer loop
      vertex 56.3362 10.0804 13.3389
      vertex 56.3079 10.0298 13.3739
      vertex 56.3468 10 13.3389
    endloop
  endfacet
  facet normal -0.704342 0.092861 0.703761
    outer loop
      vertex 43.6638 10.0804 13.3389
      vertex 43.6532 10 13.3389
      vertex 43.6921 10.0298 13.3739
    endloop
  endfacet
  facet normal 0.0656829 -0.498918 0.864157
    outer loop
      vertex 50 6.93853 15.8598
      vertex 50 5.12991 14.8156
      vertex 50.7924 7.04285 15.8598
    endloop
  endfacet
  facet normal -0.958103 0.126028 -0.257209
    outer loop
      vertex 42.609 10 5.40733
      vertex 42.5886 10 5.48332
      vertex 42.6178 10.0669 5.40733
    endloop
  endfacet
  facet normal -0.957981 0.12695 -0.25721
    outer loop
      vertex 42.0888 10 7.34861
      vertex 42.0684 10 7.42459
      vertex 42.0824 10.0337 7.38908
    endloop
  endfacet
  facet normal -0.0337867 -0.258817 0.965335
    outer loop
      vertex 49.4641 8 16.1254
      vertex 49.2076 7.04285 15.8598
      vertex 49.6041 8 16.1303
    endloop
  endfacet
  facet normal -0.0998298 -0.241122 0.965347
    outer loop
      vertex 48.969 8 16.0742
      vertex 49.2076 7.04285 15.8598
      vertex 49.4641 8 16.1254
    endloop
  endfacet
  facet normal -0.0998898 -0.241135 0.965337
    outer loop
      vertex 49.2076 7.04285 15.8598
      vertex 48.969 8 16.0742
      vertex 48.4693 7.34869 15.8598
    endloop
  endfacet
  facet normal 0.0337867 -0.258817 0.965335
    outer loop
      vertex 50.5359 8 16.1254
      vertex 50.3959 8 16.1303
      vertex 50.7924 7.04285 15.8598
    endloop
  endfacet
  facet normal -0.465002 -0.192606 0.864104
    outer loop
      vertex 46.1162 8 15.0922
      vertex 45.6022 8 14.8156
      vertex 45.7824 7.56495 14.8156
    endloop
  endfacet
  facet normal -0.271721 -0.656096 0.704064
    outer loop
      vertex 48.7395 5.29585 14.8156
      vertex 48.0193 4.68541 13.9688
      vertex 48.5204 4.47788 13.9688
    endloop
  endfacet
  facet normal -0.271769 -0.65606 0.704078
    outer loop
      vertex 48.0193 4.68541 13.9688
      vertex 48.7395 5.29585 14.8156
      vertex 47.565 5.78238 14.8156
    endloop
  endfacet
  facet normal 0.432259 -0.563418 0.704069
    outer loop
      vertex 53.4437 6.55632 14.8156
      vertex 53.6122 5.6274 13.9688
      vertex 54.0425 5.95753 13.9688
    endloop
  endfacet
  facet normal 0.432283 -0.563407 0.704062
    outer loop
      vertex 53.6122 5.6274 13.9688
      vertex 53.4437 6.55632 14.8156
      vertex 52.435 5.78238 14.8156
    endloop
  endfacet
  facet normal 0.271769 -0.65606 0.704078
    outer loop
      vertex 51.2605 5.29585 14.8156
      vertex 51.9807 4.68541 13.9688
      vertex 52.435 5.78238 14.8156
    endloop
  endfacet
  facet normal 0.271721 -0.656096 0.704064
    outer loop
      vertex 51.9807 4.68541 13.9688
      vertex 51.2605 5.29585 14.8156
      vertex 51.4796 4.47788 13.9688
    endloop
  endfacet
  facet normal 0.766768 -0.588339 0.256758
    outer loop
      vertex 55.4751 4.5249 10.2169
      vertex 56.8689 6.03422 9.51301
      vertex 55.4991 4.98312 11.1952
    endloop
  endfacet
  facet normal 0.766768 -0.588328 0.256782
    outer loop
      vertex 56.8689 6.03422 9.51301
      vertex 55.4751 4.5249 10.2169
      vertex 55.6085 4.39154 9.51301
    endloop
  endfacet
  facet normal 0.766776 -0.588351 0.256705
    outer loop
      vertex 55.5 5 11.2312
      vertex 56.4008 6.30448 11.5303
      vertex 55.4936 5.12216 11.5303
    endloop
  endfacet
  facet normal 0.766777 -0.588351 0.256702
    outer loop
      vertex 55.4991 4.98312 11.1952
      vertex 56.4008 6.30448 11.5303
      vertex 55.5 5 11.2312
    endloop
  endfacet
  facet normal 0.766762 -0.588352 0.256745
    outer loop
      vertex 56.4008 6.30448 11.5303
      vertex 55.4991 4.98312 11.1952
      vertex 56.8689 6.03422 9.51301
    endloop
  endfacet
  facet normal 0.79337 -0.608739 -1.78618e-17
    outer loop
      vertex 55.6085 4.39154 9.51301
      vertex 56.8689 6.03422 7.42459
      vertex 56.8689 6.03422 9.51301
    endloop
  endfacet
  facet normal 0.79337 -0.608739 -1.78618e-17
    outer loop
      vertex 56.8689 6.03422 7.42459
      vertex 55.6085 4.39154 9.51301
      vertex 55.6085 4.39154 7.42459
    endloop
  endfacet
  facet normal 0.68874 -0.528169 -0.496663
    outer loop
      vertex 55.4365 6.37111 4
      vertex 55.3798 6.14351 4.16341
      vertex 55.3493 6.2574 4
    endloop
  endfacet
  facet normal 0.688901 -0.528101 -0.496513
    outer loop
      vertex 55.3798 6.14351 4.16341
      vertex 55.4365 6.37111 4
      vertex 55.3944 6.0512 4.28185
    endloop
  endfacet
  facet normal 0.892909 -0.369851 -0.256757
    outer loop
      vertex 57.1277 8 5.49288
      vertex 56.4008 6.30448 5.40733
      vertex 57.1031 8 5.40733
    endloop
  endfacet
  facet normal 0.892911 -0.369852 -0.256748
    outer loop
      vertex 56.4008 6.30448 5.40733
      vertex 57.1277 8 5.49288
      vertex 56.8689 6.03422 7.42459
    endloop
  endfacet
  facet normal 0.704235 -0.0929612 -0.703855
    outer loop
      vertex 54.9257 10 2.1776
      vertex 54.857 9.90076 2.12197
      vertex 54.8701 10 2.12197
    endloop
  endfacet
  facet normal 0.704168 -0.0930063 -0.703915
    outer loop
      vertex 56.3079 9.97015 3.56374
      vertex 56.2912 10 3.54309
      vertex 56.3468 10 3.59871
    endloop
  endfacet
  facet normal 0.860569 0.113199 -0.496596
    outer loop
      vertex 57.391 10 5.40733
      vertex 57.3714 10.0256 5.3792
      vertex 57.3822 10.0669 5.40733
    endloop
  endfacet
  facet normal 0.704043 0.0928215 -0.704066
    outer loop
      vertex 56.3468 10 3.59871
      vertex 56.3079 10.0298 3.56374
      vertex 56.3362 10.0804 3.59871
    endloop
  endfacet
  facet normal -0.860977 0.114657 -0.495553
    outer loop
      vertex 42.6352 10 5.36181
      vertex 42.609 10 5.40733
      vertex 42.6286 10.0256 5.3792
    endloop
  endfacet
  facet normal -0.923874 -0.382698 -2.04917e-17
    outer loop
      vertex 43.1311 6.03422 7.42459
      vertex 42.3387 7.94716 9.51301
      vertex 42.3387 7.94716 7.42459
    endloop
  endfacet
  facet normal -0.923874 -0.382698 -2.04917e-17
    outer loop
      vertex 42.3387 7.94716 9.51301
      vertex 43.1311 6.03422 7.42459
      vertex 43.1311 6.03422 9.51301
    endloop
  endfacet
  facet normal -0.957981 -0.126949 0.25721
    outer loop
      vertex 42.0888 10 9.58899
      vertex 42.0684 10 9.51301
      vertex 42.0824 9.96632 9.54853
    endloop
  endfacet
  facet normal -0.958111 -0.12603 0.257177
    outer loop
      vertex 42.609 10 11.5303
      vertex 42.5886 10 11.4543
      vertex 42.6178 9.9331 11.5303
    endloop
  endfacet
  facet normal -0.958097 -0.126924 0.256787
    outer loop
      vertex 42.5359 8 10.2749
      vertex 42.3317 8 9.51301
      vertex 42.3387 7.94716 9.51301
    endloop
  endfacet
  facet normal -0.958016 -0.127271 0.256918
    outer loop
      vertex 42.0824 9.96632 9.54853
      vertex 42.0684 10 9.51301
      vertex 42.0768 9.93677 9.51301
    endloop
  endfacet
  facet normal 0.801844 -0.332174 0.496695
    outer loop
      vertex 55.4965 6.82659 13.3389
      vertex 56.1776 8 13.0241
      vertex 55.9826 8 13.3389
    endloop
  endfacet
  facet normal 0.801808 -0.332129 0.496784
    outer loop
      vertex 56.1776 8 13.0241
      vertex 55.4965 6.82659 13.3389
      vertex 56.4008 6.30448 11.5303
    endloop
  endfacet
  facet normal 0.892943 -0.369865 0.256617
    outer loop
      vertex 56.4008 6.30448 11.5303
      vertex 57.1277 8 11.4447
      vertex 57.1031 8 11.5303
    endloop
  endfacet
  facet normal 0.892914 -0.369846 0.256744
    outer loop
      vertex 57.1277 8 11.4447
      vertex 56.4008 6.30448 11.5303
      vertex 56.8689 6.03422 9.51301
    endloop
  endfacet
  facet normal 0.958016 -0.127271 0.256918
    outer loop
      vertex 57.9316 10 9.51301
      vertex 57.9176 9.96632 9.54853
      vertex 57.9232 9.93677 9.51301
    endloop
  endfacet
  facet normal 0.958097 -0.126924 0.256787
    outer loop
      vertex 57.6683 8 9.51301
      vertex 57.4641 8 10.2749
      vertex 57.6613 7.94716 9.51301
    endloop
  endfacet
  facet normal 0.958111 -0.12603 0.257177
    outer loop
      vertex 57.391 10 11.5303
      vertex 57.3822 9.9331 11.5303
      vertex 57.4114 10 11.4543
    endloop
  endfacet
  facet normal 0.957981 -0.126949 0.25721
    outer loop
      vertex 57.9316 10 9.51301
      vertex 57.9112 10 9.58899
      vertex 57.9176 9.96632 9.54853
    endloop
  endfacet
  facet normal 0.241777 0.099903 0.965175
    outer loop
      vertex 51.0244 10.2823 16.3952
      vertex 50.9917 10.3112 16.4004
      vertex 51.0086 10.2703 16.4004
    endloop
  endfacet
  facet normal 0.704098 0.0921471 0.704098
    outer loop
      vertex 56.3079 10.0298 13.3739
      vertex 56.2912 10 13.3945
      vertex 56.3468 10 13.3389
    endloop
  endfacet
  facet normal 0.704044 0.0929736 0.704044
    outer loop
      vertex 54.9257 10 14.76
      vertex 54.857 10.0992 14.8156
      vertex 54.8701 10 14.8156
    endloop
  endfacet
  facet normal 0.49915 0.065916 0.864005
    outer loop
      vertex 54.857 10.0992 14.8156
      vertex 54.83 10.0166 14.8375
      vertex 54.8701 10 14.8156
    endloop
  endfacet
  facet normal -0.241777 0.099903 0.965175
    outer loop
      vertex 49.0083 10.3112 16.4004
      vertex 48.9756 10.2823 16.3952
      vertex 48.9914 10.2703 16.4004
    endloop
  endfacet
  facet normal -0.259525 -0.0341859 0.965131
    outer loop
      vertex 48.8888 9.97223 16.3814
      vertex 48.9914 9.72974 16.4004
      vertex 48.9558 10 16.4004
    endloop
  endfacet
  facet normal -0.259829 -0.0343215 0.965045
    outer loop
      vertex 48.9914 9.72974 16.4004
      vertex 48.8888 9.97223 16.3814
      vertex 48.9688 9.72369 16.3941
    endloop
  endfacet
  facet normal -0.95799 0.126875 0.257212
    outer loop
      vertex 42.0824 10.0337 9.54853
      vertex 42.0684 10 9.51301
      vertex 42.0888 10 9.58899
    endloop
  endfacet
  facet normal -0.958111 0.12603 0.257177
    outer loop
      vertex 42.6178 10.0669 11.5303
      vertex 42.5886 10 11.4543
      vertex 42.609 10 11.5303
    endloop
  endfacet
  facet normal -0.49915 0.065916 0.864005
    outer loop
      vertex 45.143 10.0992 14.8156
      vertex 45.1299 10 14.8156
      vertex 45.17 10.0166 14.8375
    endloop
  endfacet
  facet normal -0.259083 -0.0353061 0.96521
    outer loop
      vertex 48.9558 10 16.4004
      vertex 48.8798 10 16.38
      vertex 48.8888 9.97223 16.3814
    endloop
  endfacet
  facet normal -0.259093 -0.0341948 0.965247
    outer loop
      vertex 47.0145 10 15.8802
      vertex 46.9385 10 15.8598
      vertex 46.9615 9.82573 15.8598
    endloop
  endfacet
  facet normal -0.306327 -0.399245 0.864157
    outer loop
      vertex 48.4693 7.34869 15.8598
      vertex 46.5563 6.55632 14.8156
      vertex 47.565 5.78238 14.8156
    endloop
  endfacet
  facet normal 0.499144 -0.0658953 0.86401
    outer loop
      vertex 54.8701 10 14.8156
      vertex 54.83 9.9834 14.8375
      vertex 54.857 9.90077 14.8156
    endloop
  endfacet
  facet normal 0.499327 -0.0665419 0.863855
    outer loop
      vertex 54.8701 10 14.8156
      vertex 54.8246 10 14.8419
      vertex 54.83 9.9834 14.8375
    endloop
  endfacet
  facet normal 0.497929 -0.0657162 0.864724
    outer loop
      vertex 53.0615 10 15.8598
      vertex 53.0385 9.82573 15.8598
      vertex 53.107 10 15.8336
    endloop
  endfacet
  facet normal 0.259083 -0.0353061 0.96521
    outer loop
      vertex 51.1202 10 16.38
      vertex 51.0442 10 16.4004
      vertex 51.1112 9.97223 16.3814
    endloop
  endfacet
  facet normal 0.259093 -0.0341948 0.965247
    outer loop
      vertex 53.0615 10 15.8598
      vertex 52.9855 10 15.8802
      vertex 53.0385 9.82573 15.8598
    endloop
  endfacet
  facet normal -0.192587 -0.464912 0.864157
    outer loop
      vertex 49.2076 7.04285 15.8598
      vertex 47.565 5.78238 14.8156
      vertex 48.7395 5.29585 14.8156
    endloop
  endfacet
  facet normal 0.688537 -0.528319 0.496785
    outer loop
      vertex 55.3944 6.0512 12.6558
      vertex 56.4008 6.30448 11.5303
      vertex 55.4965 6.82659 13.3389
    endloop
  endfacet
  facet normal 0.688553 -0.528278 0.496808
    outer loop
      vertex 55.4699 5.57491 12.0447
      vertex 56.4008 6.30448 11.5303
      vertex 55.3944 6.0512 12.6558
    endloop
  endfacet
  facet normal 0.688559 -0.528335 0.496739
    outer loop
      vertex 56.4008 6.30448 11.5303
      vertex 55.4699 5.57491 12.0447
      vertex 55.4936 5.12216 11.5303
    endloop
  endfacet
  facet normal 0.563398 -0.432283 0.70407
    outer loop
      vertex 53.4437 6.55632 14.8156
      vertex 54.3726 6.38776 13.9688
      vertex 54.2176 7.56495 14.8156
    endloop
  endfacet
  facet normal 0.563401 -0.432277 0.704071
    outer loop
      vertex 54.3726 6.38776 13.9688
      vertex 53.4437 6.55632 14.8156
      vertex 54.0425 5.95753 13.9688
    endloop
  endfacet
  facet normal 0.563307 -0.432131 0.704236
    outer loop
      vertex 55.4965 6.82659 13.3389
      vertex 55.2308 6.69959 13.4735
      vertex 55.2744 6.53707 13.3389
    endloop
  endfacet
  facet normal 0.563338 -0.432392 0.704051
    outer loop
      vertex 55.2308 6.69959 13.4735
      vertex 55.4965 6.82659 13.3389
      vertex 55.0925 7.05983 13.8054
    endloop
  endfacet
  facet normal 0.563374 -0.432295 0.704082
    outer loop
      vertex 54.951 7.14154 13.9688
      vertex 54.2176 7.56495 14.8156
      vertex 54.3726 6.38776 13.9688
    endloop
  endfacet
  facet normal 0.801819 -0.332121 -0.496772
    outer loop
      vertex 56.4008 6.30448 5.40733
      vertex 56.1776 8 3.91352
      vertex 57.1031 8 5.40733
    endloop
  endfacet
  facet normal 0.432315 -0.563341 0.704096
    outer loop
      vertex 53.6122 5.6274 13.9688
      vertex 52.435 5.78238 14.8156
      vertex 52.8585 5.049 13.9688
    endloop
  endfacet
  facet normal 0.958023 0.127332 -0.256864
    outer loop
      vertex 57.9316 10 7.42459
      vertex 57.9176 10.0337 7.38908
      vertex 57.9232 10.0632 7.42459
    endloop
  endfacet
  facet normal 0.991283 0.131753 -0
    outer loop
      vertex 57.9316 10 7.42459
      vertex 57.9232 10.0632 7.42459
      vertex 57.9316 10 7.47715
    endloop
  endfacet
  facet normal 0.991283 0.131753 -0
    outer loop
      vertex 57.9316 10 9.46045
      vertex 57.9232 10.0632 9.51301
      vertex 57.9316 10 9.51301
    endloop
  endfacet
  facet normal 0.892902 -0.369868 -0.256755
    outer loop
      vertex 56.8689 6.03422 7.42459
      vertex 57.4641 8 6.66268
      vertex 57.6613 7.94716 7.42459
    endloop
  endfacet
  facet normal 0.892896 -0.369872 -0.256771
    outer loop
      vertex 57.4641 8 6.66268
      vertex 56.8689 6.03422 7.42459
      vertex 57.1277 8 5.49288
    endloop
  endfacet
  facet normal 0.957998 -0.127268 -0.256986
    outer loop
      vertex 57.9232 9.93677 7.42459
      vertex 57.9176 9.96632 7.38908
      vertex 57.9316 10 7.42459
    endloop
  endfacet
  facet normal 0.958099 -0.126925 -0.256781
    outer loop
      vertex 57.6613 7.94716 7.42459
      vertex 57.4641 8 6.66268
      vertex 57.6683 8 7.42459
    endloop
  endfacet
  facet normal 0.656086 -0.271791 -0.704046
    outer loop
      vertex 55.4813 7.44042 3.34758
      vertex 55.9826 8 3.59871
      vertex 55.6109 7.10274 3.59871
    endloop
  endfacet
  facet normal 0.656056 -0.271743 -0.704092
    outer loop
      vertex 55.4813 7.44042 3.34758
      vertex 55.2679 8 2.93277
      vertex 55.9826 8 3.59871
    endloop
  endfacet
  facet normal 0.656409 -0.271449 -0.703877
    outer loop
      vertex 55.2679 8 2.93277
      vertex 55.4813 7.44042 3.34758
      vertex 55.2087 7.97545 2.88703
    endloop
  endfacet
  facet normal 0.860977 0.114657 -0.495553
    outer loop
      vertex 57.391 10 5.40733
      vertex 57.3648 10 5.36181
      vertex 57.3714 10.0256 5.3792
    endloop
  endfacet
  facet normal 0.860281 0.11342 -0.497043
    outer loop
      vertex 56.3468 10 3.59871
      vertex 56.3362 10.0804 3.59871
      vertex 56.3731 10 3.64423
    endloop
  endfacet
  facet normal 0.860954 -0.114879 -0.495541
    outer loop
      vertex 57.3714 9.97445 5.3792
      vertex 57.3648 10 5.36181
      vertex 57.391 10 5.40733
    endloop
  endfacet
  facet normal 0.860277 -0.113462 -0.497041
    outer loop
      vertex 56.3731 10 3.64423
      vertex 56.3362 9.91963 3.59871
      vertex 56.3468 10 3.59871
    endloop
  endfacet
  facet normal 0.498802 -0.0658434 -0.864211
    outer loop
      vertex 54.857 9.90076 2.12197
      vertex 54.83 9.9834 2.10009
      vertex 54.8701 10 2.12197
    endloop
  endfacet
  facet normal -0.766768 -0.588345 -0.256745
    outer loop
      vertex 44.5 5 5.70638
      vertex 43.5992 6.30448 5.40733
      vertex 44.5064 5.12216 5.40733
    endloop
  endfacet
  facet normal -0.766879 -0.588345 -0.256412
    outer loop
      vertex 44.5009 4.98312 5.74242
      vertex 43.5992 6.30448 5.40733
      vertex 44.5 5 5.70638
    endloop
  endfacet
  facet normal -0.766762 -0.588351 -0.256749
    outer loop
      vertex 43.5992 6.30448 5.40733
      vertex 44.5009 4.98312 5.74242
      vertex 43.1311 6.03422 7.42459
    endloop
  endfacet
  facet normal -0.860483 -0.113188 -0.496748
    outer loop
      vertex 42.6178 9.9331 5.40733
      vertex 42.609 10 5.40733
      vertex 42.6286 9.97445 5.3792
    endloop
  endfacet
  facet normal -0.801845 -0.332088 -0.496751
    outer loop
      vertex 44.3028 6.71074 4
      vertex 43.5992 6.30448 5.40733
      vertex 43.8095 7.90184 4
    endloop
  endfacet
  facet normal -0.688611 -0.528375 -0.496623
    outer loop
      vertex 44.6056 6.0512 4.28185
      vertex 44.3028 6.71074 4
      vertex 44.5634 6.37111 4
    endloop
  endfacet
  facet normal -0.688509 -0.528385 -0.496754
    outer loop
      vertex 44.3028 6.71074 4
      vertex 44.6056 6.0512 4.28185
      vertex 43.5992 6.30448 5.40733
    endloop
  endfacet
  facet normal -0.688547 -0.528282 -0.496811
    outer loop
      vertex 44.5301 5.57491 4.89295
      vertex 43.5992 6.30448 5.40733
      vertex 44.6056 6.0512 4.28185
    endloop
  endfacet
  facet normal -0.688552 -0.52833 -0.496753
    outer loop
      vertex 43.5992 6.30448 5.40733
      vertex 44.5301 5.57491 4.89295
      vertex 44.5064 5.12216 5.40733
    endloop
  endfacet
  facet normal -0.892909 -0.369851 -0.256757
    outer loop
      vertex 43.5992 6.30448 5.40733
      vertex 42.8723 8 5.49288
      vertex 42.8969 8 5.40733
    endloop
  endfacet
  facet normal -0.892911 -0.369852 -0.256748
    outer loop
      vertex 42.8723 8 5.49288
      vertex 43.5992 6.30448 5.40733
      vertex 43.1311 6.03422 7.42459
    endloop
  endfacet
  facet normal -0.801844 -0.332174 0.496695
    outer loop
      vertex 43.8224 8 13.0241
      vertex 44.5035 6.82659 13.3389
      vertex 44.0174 8 13.3389
    endloop
  endfacet
  facet normal -0.801808 -0.332129 0.496784
    outer loop
      vertex 44.5035 6.82659 13.3389
      vertex 43.8224 8 13.0241
      vertex 43.5992 6.30448 11.5303
    endloop
  endfacet
  facet normal -0.892901 -0.369868 0.256761
    outer loop
      vertex 43.1311 6.03422 9.51301
      vertex 42.5359 8 10.2749
      vertex 42.3387 7.94716 9.51301
    endloop
  endfacet
  facet normal -0.892897 -0.36987 0.256771
    outer loop
      vertex 42.5359 8 10.2749
      vertex 43.1311 6.03422 9.51301
      vertex 42.8723 8 11.4447
    endloop
  endfacet
  facet normal -0.464907 -0.192699 0.864135
    outer loop
      vertex 46.1162 8 15.0922
      vertex 45.7824 7.56495 14.8156
      vertex 46.5359 8 15.318
    endloop
  endfacet
  facet normal -0.704098 0.0921471 0.704098
    outer loop
      vertex 43.6921 10.0298 13.3739
      vertex 43.6532 10 13.3389
      vertex 43.7088 10 13.3945
    endloop
  endfacet
  facet normal -0.704044 0.0929736 0.704044
    outer loop
      vertex 45.143 10.0992 14.8156
      vertex 45.0743 10 14.76
      vertex 45.1299 10 14.8156
    endloop
  endfacet
  facet normal -0.704108 -0.0919941 0.704108
    outer loop
      vertex 43.7088 10 13.3945
      vertex 43.6532 10 13.3389
      vertex 43.6921 9.97015 13.3739
    endloop
  endfacet
  facet normal -0.704046 -0.0929457 0.704046
    outer loop
      vertex 45.1299 10 14.8156
      vertex 45.0743 10 14.76
      vertex 45.143 9.90077 14.8156
    endloop
  endfacet
  facet normal -0.259083 0.035268 0.965211
    outer loop
      vertex 48.8888 10.0278 16.3814
      vertex 48.8798 10 16.38
      vertex 48.9558 10 16.4004
    endloop
  endfacet
  facet normal -0.259093 0.0341889 0.965247
    outer loop
      vertex 46.9615 10.1743 15.8598
      vertex 46.9385 10 15.8598
      vertex 47.0145 10 15.8802
    endloop
  endfacet
  facet normal -0.259893 0.0343484 0.965026
    outer loop
      vertex 48.8888 10.0278 16.3814
      vertex 48.9914 10.2703 16.4004
      vertex 48.9688 10.2763 16.3941
    endloop
  endfacet
  facet normal -0.259513 0.0341793 0.965135
    outer loop
      vertex 48.9914 10.2703 16.4004
      vertex 48.8888 10.0278 16.3814
      vertex 48.9558 10 16.4004
    endloop
  endfacet
  facet normal -0.399235 -0.306365 0.864148
    outer loop
      vertex 46.5359 8 15.318
      vertex 46.5563 6.55632 14.8156
      vertex 47.1543 8 15.6037
    endloop
  endfacet
  facet normal -0.39928 -0.306359 0.86413
    outer loop
      vertex 46.5563 6.55632 14.8156
      vertex 46.5359 8 15.318
      vertex 45.7824 7.56495 14.8156
    endloop
  endfacet
  facet normal -0.860188 0.113408 0.497208
    outer loop
      vertex 43.6638 10.0804 13.3389
      vertex 43.6269 10 13.2934
      vertex 43.6532 10 13.3389
    endloop
  endfacet
  facet normal -0.86085 0.114982 0.495698
    outer loop
      vertex 42.6286 10.0256 11.5584
      vertex 42.609 10 11.5303
      vertex 42.6352 10 11.5758
    endloop
  endfacet
  facet normal -0.432283 -0.563407 0.704062
    outer loop
      vertex 46.5563 6.55632 14.8156
      vertex 46.3878 5.6274 13.9688
      vertex 47.565 5.78238 14.8156
    endloop
  endfacet
  facet normal -0.432259 -0.563418 0.704069
    outer loop
      vertex 46.3878 5.6274 13.9688
      vertex 46.5563 6.55632 14.8156
      vertex 45.9575 5.95753 13.9688
    endloop
  endfacet
  facet normal -0.158922 -0.207055 0.965335
    outer loop
      vertex 48.739 8 16.0439
      vertex 48.4693 7.34869 15.8598
      vertex 48.8453 8 16.0614
    endloop
  endfacet
  facet normal 0.39928 -0.306359 0.86413
    outer loop
      vertex 53.4641 8 15.318
      vertex 53.4437 6.55632 14.8156
      vertex 54.2176 7.56495 14.8156
    endloop
  endfacet
  facet normal 0.399235 -0.306365 0.864148
    outer loop
      vertex 53.4437 6.55632 14.8156
      vertex 53.4641 8 15.318
      vertex 52.8457 8 15.6037
    endloop
  endfacet
  facet normal -0.432315 -0.563341 0.704096
    outer loop
      vertex 47.565 5.78238 14.8156
      vertex 46.3878 5.6274 13.9688
      vertex 47.1415 5.049 13.9688
    endloop
  endfacet
  facet normal 0.0926858 -0.704052 0.704074
    outer loop
      vertex 50 5.12991 14.8156
      vertex 50.5377 4.35387 13.9688
      vertex 51.2605 5.29585 14.8156
    endloop
  endfacet
  facet normal 0.0926906 -0.70405 0.704075
    outer loop
      vertex 50.5377 4.35387 13.9688
      vertex 50 5.12991 14.8156
      vertex 50 4.28308 13.9688
    endloop
  endfacet
  facet normal 0.688509 -0.528385 -0.496754
    outer loop
      vertex 55.3944 6.0512 4.28185
      vertex 55.6972 6.71074 4
      vertex 56.4008 6.30448 5.40733
    endloop
  endfacet
  facet normal 0.688375 -0.528397 -0.496927
    outer loop
      vertex 55.6972 6.71074 4
      vertex 55.3944 6.0512 4.28185
      vertex 55.4365 6.37111 4
    endloop
  endfacet
  facet normal 0.688547 -0.528282 -0.496811
    outer loop
      vertex 56.4008 6.30448 5.40733
      vertex 55.4699 5.57491 4.89295
      vertex 55.3944 6.0512 4.28185
    endloop
  endfacet
  facet normal 0.688552 -0.52833 -0.496753
    outer loop
      vertex 55.4699 5.57491 4.89295
      vertex 56.4008 6.30448 5.40733
      vertex 55.4936 5.12216 5.40733
    endloop
  endfacet
  facet normal 0.801851 -0.332176 -0.496683
    outer loop
      vertex 56.1776 8 3.91352
      vertex 55.6109 7.10274 3.59871
      vertex 55.9826 8 3.59871
    endloop
  endfacet
  facet normal 0.801839 -0.332157 -0.496715
    outer loop
      vertex 56.1776 8 3.91352
      vertex 55.7063 6.8541 3.91898
      vertex 55.6109 7.10274 3.59871
    endloop
  endfacet
  facet normal 0.801463 -0.332006 -0.497423
    outer loop
      vertex 56.1776 8 3.91352
      vertex 55.7261 6.78051 4
      vertex 55.7063 6.8541 3.91898
    endloop
  endfacet
  facet normal 0.801826 -0.332131 -0.496754
    outer loop
      vertex 55.7261 6.78051 4
      vertex 56.4008 6.30448 5.40733
      vertex 55.6972 6.71074 4
    endloop
  endfacet
  facet normal 0.801842 -0.332098 -0.49675
    outer loop
      vertex 56.4008 6.30448 5.40733
      vertex 55.7261 6.78051 4
      vertex 56.1776 8 3.91352
    endloop
  endfacet
  facet normal 0.991291 -0.131691 0
    outer loop
      vertex 57.9316 10 7.47715
      vertex 57.9232 9.93677 7.42459
      vertex 57.9316 10 7.42459
    endloop
  endfacet
  facet normal 0.991339 -0.131328 -8.44863e-20
    outer loop
      vertex 57.6613 7.94716 9.51301
      vertex 57.6683 8 7.42459
      vertex 57.6683 8 9.51301
    endloop
  endfacet
  facet normal 0.991339 -0.131328 -8.44863e-20
    outer loop
      vertex 57.6683 8 7.42459
      vertex 57.6613 7.94716 9.51301
      vertex 57.6613 7.94716 7.42459
    endloop
  endfacet
  facet normal 0.991291 -0.131691 0
    outer loop
      vertex 57.9316 10 9.51301
      vertex 57.9232 9.93677 9.51301
      vertex 57.9316 10 9.46045
    endloop
  endfacet
  facet normal 0.49891 0.066227 -0.864119
    outer loop
      vertex 54.8701 10 2.12197
      vertex 54.8246 10 2.0957
      vertex 54.83 10.0166 2.10009
    endloop
  endfacet
  facet normal 0.49574 0.0708201 -0.865578
    outer loop
      vertex 53.039 10.1708 1.07777
      vertex 53.0385 10.1743 1.07777
      vertex 53.0402 10.1701 1.0784
    endloop
  endfacet
  facet normal 0.49881 0.065871 -0.864205
    outer loop
      vertex 54.8701 10 2.12197
      vertex 54.83 10.0166 2.10009
      vertex 54.857 10.0992 2.12197
    endloop
  endfacet
  facet normal -0.588169 -0.766913 -0.256714
    outer loop
      vertex 44.3915 4.39154 7.42459
      vertex 44.5301 4.42509 7.00681
      vertex 44.5554 4.26584 7.42459
    endloop
  endfacet
  facet normal -0.588463 -0.766661 -0.256792
    outer loop
      vertex 44.5301 4.42509 7.00681
      vertex 44.3915 4.39154 7.42459
      vertex 44.5249 4.5249 6.72074
    endloop
  endfacet
  facet normal -0.608564 -0.793505 0
    outer loop
      vertex 44.3915 4.39154 7.42459
      vertex 44.5554 4.26584 9.51301
      vertex 44.3915 4.39154 9.51301
    endloop
  endfacet
  facet normal -0.608564 -0.793505 -0
    outer loop
      vertex 44.5554 4.26584 9.51301
      vertex 44.3915 4.39154 7.42459
      vertex 44.5554 4.26584 7.42459
    endloop
  endfacet
  facet normal -0.766762 -0.588352 0.256745
    outer loop
      vertex 44.5009 4.98312 11.1952
      vertex 43.5992 6.30448 11.5303
      vertex 43.1311 6.03422 9.51301
    endloop
  endfacet
  facet normal -0.766776 -0.588351 0.256705
    outer loop
      vertex 43.5992 6.30448 11.5303
      vertex 44.5 5 11.2312
      vertex 44.5064 5.12216 11.5303
    endloop
  endfacet
  facet normal -0.766777 -0.588351 0.256702
    outer loop
      vertex 43.5992 6.30448 11.5303
      vertex 44.5009 4.98312 11.1952
      vertex 44.5 5 11.2312
    endloop
  endfacet
  facet normal -0.688537 -0.528319 0.496785
    outer loop
      vertex 43.5992 6.30448 11.5303
      vertex 44.6056 6.0512 12.6558
      vertex 44.5035 6.82659 13.3389
    endloop
  endfacet
  facet normal -0.688553 -0.528278 0.496808
    outer loop
      vertex 43.5992 6.30448 11.5303
      vertex 44.5301 5.57491 12.0447
      vertex 44.6056 6.0512 12.6558
    endloop
  endfacet
  facet normal -0.688559 -0.528335 0.496739
    outer loop
      vertex 44.5301 5.57491 12.0447
      vertex 43.5992 6.30448 11.5303
      vertex 44.5064 5.12216 11.5303
    endloop
  endfacet
  facet normal -0.497929 0.065705 0.864725
    outer loop
      vertex 46.9615 10.1743 15.8598
      vertex 46.893 10 15.8336
      vertex 46.9385 10 15.8598
    endloop
  endfacet
  facet normal -0.499327 0.0665419 0.863855
    outer loop
      vertex 45.17 10.0166 14.8375
      vertex 45.1299 10 14.8156
      vertex 45.1754 10 14.8419
    endloop
  endfacet
  facet normal -0.497929 -0.0657162 0.864724
    outer loop
      vertex 46.9385 10 15.8598
      vertex 46.893 10 15.8336
      vertex 46.9615 9.82573 15.8598
    endloop
  endfacet
  facet normal -0.499327 -0.0665419 0.863855
    outer loop
      vertex 45.1754 10 14.8419
      vertex 45.1299 10 14.8156
      vertex 45.17 9.9834 14.8375
    endloop
  endfacet
  facet normal -0.958041 0.127335 0.256796
    outer loop
      vertex 42.0768 10.0632 9.51301
      vertex 42.0684 10 9.51301
      vertex 42.0824 10.0337 9.54853
    endloop
  endfacet
  facet normal -0.192589 -0.464911 0.864157
    outer loop
      vertex 48.4693 7.34869 15.8598
      vertex 47.565 5.78238 14.8156
      vertex 49.2076 7.04285 15.8598
    endloop
  endfacet
  facet normal -0.0656805 -0.498917 0.864157
    outer loop
      vertex 49.2076 7.04285 15.8598
      vertex 48.7395 5.29585 14.8156
      vertex 50 5.12991 14.8156
    endloop
  endfacet
  facet normal 0.306329 -0.399242 0.864158
    outer loop
      vertex 52.1648 7.83522 15.8598
      vertex 51.5307 7.34869 15.8598
      vertex 53.4437 6.55632 14.8156
    endloop
  endfacet
  facet normal -0.306329 -0.399242 0.864158
    outer loop
      vertex 47.8352 7.83522 15.8598
      vertex 46.5563 6.55632 14.8156
      vertex 48.4693 7.34869 15.8598
    endloop
  endfacet
  facet normal -0.563398 -0.432283 0.70407
    outer loop
      vertex 45.6274 6.38776 13.9688
      vertex 46.5563 6.55632 14.8156
      vertex 45.7824 7.56495 14.8156
    endloop
  endfacet
  facet normal -0.563401 -0.432277 0.704071
    outer loop
      vertex 46.5563 6.55632 14.8156
      vertex 45.6274 6.38776 13.9688
      vertex 45.9575 5.95753 13.9688
    endloop
  endfacet
  facet normal 0.464907 -0.192699 0.864135
    outer loop
      vertex 53.8838 8 15.0922
      vertex 53.4641 8 15.318
      vertex 54.2176 7.56495 14.8156
    endloop
  endfacet
  facet normal 0 0 1
    outer loop
      vertex 50.9917 10.3112 16.4004
      vertex 51.0442 10 16.4004
      vertex 51.0086 10.2703 16.4004
    endloop
  endfacet
  facet normal 0 0 1
    outer loop
      vertex 50.9917 9.68876 16.4004
      vertex 51.0442 10 16.4004
      vertex 50.9917 10.3112 16.4004
    endloop
  endfacet
  facet normal 0 0 1
    outer loop
      vertex 51.0442 10 16.4004
      vertex 50.9917 9.68876 16.4004
      vertex 51.0086 9.72974 16.4004
    endloop
  endfacet
  facet normal 0 0 1
    outer loop
      vertex 48.9558 10 16.4004
      vertex 49.0083 10.3112 16.4004
      vertex 48.9914 10.2703 16.4004
    endloop
  endfacet
  facet normal 0 0 1
    outer loop
      vertex 49.0083 10.3112 16.4004
      vertex 48.9558 10 16.4004
      vertex 49.0083 9.68876 16.4004
    endloop
  endfacet
  facet normal 0 0 1
    outer loop
      vertex 49.0083 9.68876 16.4004
      vertex 48.9558 10 16.4004
      vertex 48.9914 9.72974 16.4004
    endloop
  endfacet
  facet normal 0.0998898 -0.241135 0.965337
    outer loop
      vertex 51.031 8 16.0742
      vertex 50.7924 7.04285 15.8598
      vertex 51.5307 7.34869 15.8598
    endloop
  endfacet
  facet normal 0.0998298 -0.241122 0.965347
    outer loop
      vertex 50.7924 7.04285 15.8598
      vertex 51.031 8 16.0742
      vertex 50.5359 8 16.1254
    endloop
  endfacet
  facet normal 0.207183 -0.158927 0.965307
    outer loop
      vertex 52.2912 8 15.8598
      vertex 52 8 15.9223
      vertex 52.1648 7.83522 15.8598
    endloop
  endfacet
  facet normal 0.399159 -0.306188 0.864246
    outer loop
      vertex 52.1648 7.83522 15.8598
      vertex 52.8457 8 15.6037
      vertex 52.2912 8 15.8598
    endloop
  endfacet
  facet normal 0.399178 -0.306397 0.864163
    outer loop
      vertex 52.8457 8 15.6037
      vertex 52.1648 7.83522 15.8598
      vertex 53.4437 6.55632 14.8156
    endloop
  endfacet
  facet normal 0.0926955 -0.704055 0.704069
    outer loop
      vertex 51.2605 5.29585 14.8156
      vertex 50.5377 4.35387 13.9688
      vertex 51.4796 4.47788 13.9688
    endloop
  endfacet
  facet normal 0.271743 -0.656058 0.70409
    outer loop
      vertex 52.435 5.78238 14.8156
      vertex 51.9807 4.68541 13.9688
      vertex 52.8585 5.049 13.9688
    endloop
  endfacet
  facet normal 0.192587 -0.464912 0.864157
    outer loop
      vertex 52.435 5.78238 14.8156
      vertex 50.7924 7.04285 15.8598
      vertex 51.2605 5.29585 14.8156
    endloop
  endfacet
  facet normal 0.0656805 -0.498917 0.864157
    outer loop
      vertex 50.7924 7.04285 15.8598
      vertex 50 5.12991 14.8156
      vertex 51.2605 5.29585 14.8156
    endloop
  endfacet
  facet normal -0.958023 0.127332 -0.256864
    outer loop
      vertex 42.0824 10.0337 7.38908
      vertex 42.0684 10 7.42459
      vertex 42.0768 10.0632 7.42459
    endloop
  endfacet
  facet normal -0.991283 0.131753 -1.48103e-17
    outer loop
      vertex 42.0768 10.0632 7.42459
      vertex 42.0684 10 7.42459
      vertex 42.0684 10 7.47715
    endloop
  endfacet
  facet normal -0.991283 0.131753 -1.48103e-17
    outer loop
      vertex 42.0768 10.0632 9.51301
      vertex 42.0684 10 9.46045
      vertex 42.0684 10 9.51301
    endloop
  endfacet
  facet normal -0.034137 -0.258736 0.965345
    outer loop
      vertex 49.6041 8 16.1303
      vertex 50 6.93853 15.8598
      vertex 50 8 16.1443
    endloop
  endfacet
  facet normal -0.0340593 -0.25871 0.965355
    outer loop
      vertex 50 6.93853 15.8598
      vertex 49.6041 8 16.1303
      vertex 49.2076 7.04285 15.8598
    endloop
  endfacet
  facet normal -0.0656829 -0.498918 0.864157
    outer loop
      vertex 50 6.93853 15.8598
      vertex 49.2076 7.04285 15.8598
      vertex 50 5.12991 14.8156
    endloop
  endfacet
  facet normal -0.0926955 -0.704055 0.704069
    outer loop
      vertex 48.7395 5.29585 14.8156
      vertex 48.5204 4.47788 13.9688
      vertex 49.4623 4.35387 13.9688
    endloop
  endfacet
  facet normal -0.0926906 -0.70405 0.704075
    outer loop
      vertex 50 5.12991 14.8156
      vertex 49.4623 4.35387 13.9688
      vertex 50 4.28308 13.9688
    endloop
  endfacet
  facet normal -0.0926858 -0.704052 0.704074
    outer loop
      vertex 49.4623 4.35387 13.9688
      vertex 50 5.12991 14.8156
      vertex 48.7395 5.29585 14.8156
    endloop
  endfacet
  facet normal -0.242889 -0.0976837 0.965123
    outer loop
      vertex 48.9914 9.72974 16.4004
      vertex 48.9688 9.72369 16.3941
      vertex 48.9756 9.71765 16.3952
    endloop
  endfacet
  facet normal -0.241484 -0.0995872 0.965281
    outer loop
      vertex 48.9914 9.72974 16.4004
      vertex 48.9756 9.71765 16.3952
      vertex 49.0083 9.68876 16.4004
    endloop
  endfacet
  facet normal 0.158952 -0.207164 0.965307
    outer loop
      vertex 52 8 15.9223
      vertex 51.5307 7.34869 15.8598
      vertex 52.1648 7.83522 15.8598
    endloop
  endfacet
  facet normal 0.158844 -0.207089 0.965341
    outer loop
      vertex 51.5307 7.34869 15.8598
      vertex 52 8 15.9223
      vertex 51.261 8 16.0439
    endloop
  endfacet
  facet normal 0.242889 -0.0976837 0.965123
    outer loop
      vertex 51.0312 9.72369 16.3941
      vertex 51.0086 9.72974 16.4004
      vertex 51.0244 9.71765 16.3952
    endloop
  endfacet
  facet normal 0.259525 -0.0341859 0.965131
    outer loop
      vertex 51.0086 9.72974 16.4004
      vertex 51.1112 9.97223 16.3814
      vertex 51.0442 10 16.4004
    endloop
  endfacet
  facet normal 0.259829 -0.0343215 0.965045
    outer loop
      vertex 51.1112 9.97223 16.3814
      vertex 51.0086 9.72974 16.4004
      vertex 51.0312 9.72369 16.3941
    endloop
  endfacet
  facet normal -0.158844 -0.207089 0.965341
    outer loop
      vertex 48 8 15.9223
      vertex 48.4693 7.34869 15.8598
      vertex 48.739 8 16.0439
    endloop
  endfacet
  facet normal -0.158952 -0.207164 0.965307
    outer loop
      vertex 48.4693 7.34869 15.8598
      vertex 48 8 15.9223
      vertex 47.8352 7.83522 15.8598
    endloop
  endfacet
  facet normal -0.207183 -0.158927 0.965307
    outer loop
      vertex 48 8 15.9223
      vertex 47.7088 8 15.8598
      vertex 47.8352 7.83522 15.8598
    endloop
  endfacet
  facet normal 0.0998894 -0.241135 0.965337
    outer loop
      vertex 51.1547 8 16.0614
      vertex 51.031 8 16.0742
      vertex 51.5307 7.34869 15.8598
    endloop
  endfacet
  facet normal 0.192589 -0.464911 0.864157
    outer loop
      vertex 51.5307 7.34869 15.8598
      vertex 50.7924 7.04285 15.8598
      vertex 52.435 5.78238 14.8156
    endloop
  endfacet
  facet normal 0.306327 -0.399245 0.864157
    outer loop
      vertex 53.4437 6.55632 14.8156
      vertex 51.5307 7.34869 15.8598
      vertex 52.435 5.78238 14.8156
    endloop
  endfacet
  facet normal 0.241484 -0.0995872 0.965281
    outer loop
      vertex 51.0086 9.72974 16.4004
      vertex 50.9917 9.68876 16.4004
      vertex 51.0244 9.71765 16.3952
    endloop
  endfacet
  facet normal -0.432313 0.56335 0.70409
    outer loop
      vertex 47.6199 44.1224 12.1214
      vertex 46.6341 43.3659 12.1214
      vertex 48.1737 43.1632 13.2289
    endloop
  endfacet
  facet normal 0.432273 0.56343 0.70405
    outer loop
      vertex 53.3659 43.3659 12.1214
      vertex 51.8263 43.1632 13.2289
      vertex 52.5828 42.5828 13.2289
    endloop
  endfacet
  facet normal 0.0340575 0.258601 -0.965384
    outer loop
      vertex 50.039 42 2.84756
      vertex 50.5943 42.2179 2.92552
      vertex 50.5359 42 2.86509
    endloop
  endfacet
  facet normal 0.0340346 0.258655 -0.96537
    outer loop
      vertex 50.5943 42.2179 2.92552
      vertex 50.039 42 2.84756
      vertex 50 42.2961 2.92552
    endloop
  endfacet
  facet normal -0.793337 0.608783 -5.13658e-18
    outer loop
      vertex 44.8483 42.9743 7.68564
      vertex 45.7937 44.2063 9.25196
      vertex 45.7937 44.2063 7.68564
    endloop
  endfacet
  facet normal -0.793337 0.608783 -5.13658e-18
    outer loop
      vertex 45.7937 44.2063 9.25196
      vertex 44.8483 42.9743 7.68564
      vertex 44.8483 42.9743 9.25196
    endloop
  endfacet
  facet normal 0.126155 0.958207 -0.256757
    outer loop
      vertex 51.5396 45.746 7.68564
      vertex 50 45.5433 6.1727
      vertex 50 45.9487 7.68564
    endloop
  endfacet
  facet normal 0.399238 0.306279 0.864177
    outer loop
      vertex 52.5828 42.5828 13.2289
      vertex 52 42 13.7047
      vertex 53.0299 42 13.2289
    endloop
  endfacet
  facet normal 0.271725 0.656084 -0.704074
    outer loop
      vertex 51.8263 43.1632 3.70868
      vertex 51.232 44.5979 4.81623
      vertex 52.3801 44.1224 4.81623
    endloop
  endfacet
  facet normal 0.892886 0.369875 -0.256802
    outer loop
      vertex 55.3927 42 7.12029
      vertex 55.1517 42.9743 7.68564
      vertex 55.5553 42 7.68564
    endloop
  endfacet
  facet normal 0.892904 0.369857 -0.256764
    outer loop
      vertex 55.1517 42.9743 7.68564
      vertex 55.3927 42 7.12029
      vertex 54.8006 42.7716 6.1727
    endloop
  endfacet
  facet normal 0.11329 0.860442 -0.496795
    outer loop
      vertex 51.232 44.5979 4.81623
      vertex 50 45.5433 6.1727
      vertex 51.4347 45.3544 6.1727
    endloop
  endfacet
  facet normal 0.892906 0.369845 0.256774
    outer loop
      vertex 55.3927 42 9.81731
      vertex 54.8006 42.7716 10.7649
      vertex 55.1202 42 10.7649
    endloop
  endfacet
  facet normal -0.0346546 0.258543 0.965378
    outer loop
      vertex 50 42.2961 14.0121
      vertex 49.961 42 14.09
      vertex 50 42 14.0914
    endloop
  endfacet
  facet normal -0.382699 0.923873 0
    outer loop
      vertex 48.4604 45.746 7.68564
      vertex 47.0257 45.1517 9.25196
      vertex 48.4604 45.746 9.25196
    endloop
  endfacet
  facet normal -0.382699 0.923873 0
    outer loop
      vertex 47.0257 45.1517 9.25196
      vertex 48.4604 45.746 7.68564
      vertex 47.0257 45.1517 7.68564
    endloop
  endfacet
  facet normal 0.68853 0.528376 0.496734
    outer loop
      vertex 54.8006 42.7716 10.7649
      vertex 53.3659 43.3659 12.1214
      vertex 54.1224 42.3801 12.1214
    endloop
  endfacet
  facet normal 0.801808 0.332112 0.496795
    outer loop
      vertex 54.8006 42.7716 10.7649
      vertex 54.699 42 11.4447
      vertex 55.1202 42 10.7649
    endloop
  endfacet
  facet normal 0.332138 0.801798 -0.496793
    outer loop
      vertex 52.7716 44.8006 6.1727
      vertex 51.232 44.5979 4.81623
      vertex 51.4347 45.3544 6.1727
    endloop
  endfacet
  facet normal 0.563366 0.432191 -0.704151
    outer loop
      vertex 52.5828 42.5828 3.70868
      vertex 53.1861 42 3.83365
      vertex 53.0299 42 3.70868
    endloop
  endfacet
  facet normal 0.563437 0.43229 -0.704034
    outer loop
      vertex 53.1861 42 3.83365
      vertex 52.5828 42.5828 3.70868
      vertex 53.3659 43.3659 4.81623
    endloop
  endfacet
  facet normal 0.0346546 0.258543 0.965378
    outer loop
      vertex 50 42.2961 14.0121
      vertex 50 42 14.0914
      vertex 50.039 42 14.09
    endloop
  endfacet
  facet normal 0.0657067 0.498949 0.864137
    outer loop
      vertex 50.9454 43.5281 13.2289
      vertex 50 43.6526 13.2289
      vertex 50.5943 42.2179 14.0121
    endloop
  endfacet
  facet normal -0.892906 0.369845 0.256774
    outer loop
      vertex 45.1994 42.7716 10.7649
      vertex 44.6073 42 9.81731
      vertex 44.8798 42 10.7649
    endloop
  endfacet
  facet normal 0.588324 0.766777 0.256764
    outer loop
      vertex 52.9743 45.1517 9.25196
      vertex 52.7716 44.8006 10.7649
      vertex 53.9197 43.9197 10.7649
    endloop
  endfacet
  facet normal 0.399251 0.306289 -0.864168
    outer loop
      vertex 53.0299 42 3.70868
      vertex 52 42 3.23286
      vertex 52.5828 42.5828 3.70868
    endloop
  endfacet
  facet normal -0.271774 0.656087 -0.704052
    outer loop
      vertex 49.0546 43.5281 3.70868
      vertex 48.1737 43.1632 3.70868
      vertex 48.768 44.5979 4.81623
    endloop
  endfacet
  facet normal 0.766752 0.588382 -0.256706
    outer loop
      vertex 55.1517 42.9743 7.68564
      vertex 53.9197 43.9197 6.1727
      vertex 54.2063 44.2063 7.68564
    endloop
  endfacet
  facet normal 0.588324 0.766777 -0.256764
    outer loop
      vertex 53.9197 43.9197 6.1727
      vertex 52.7716 44.8006 6.1727
      vertex 52.9743 45.1517 7.68564
    endloop
  endfacet
  facet normal 0.65609 0.271688 0.704082
    outer loop
      vertex 54.1224 42.3801 12.1214
      vertex 53.4641 42 12.8815
      vertex 54.2798 42 12.1214
    endloop
  endfacet
  facet normal 0.0997965 0.240858 0.965416
    outer loop
      vertex 50.5943 42.2179 14.0121
      vertex 50.5359 42 14.0725
      vertex 51.1202 42 14.0121
    endloop
  endfacet
  facet normal -0.563396 0.43231 -0.704055
    outer loop
      vertex 46.5359 42 4.05611
      vertex 46.6341 43.3659 4.81623
      vertex 46.8139 42 3.83365
    endloop
  endfacet
  facet normal -0.563359 0.43232 -0.704078
    outer loop
      vertex 46.6341 43.3659 4.81623
      vertex 46.5359 42 4.05611
      vertex 45.8776 42.3801 4.81623
    endloop
  endfacet
  facet normal -0.766777 0.588324 0.256764
    outer loop
      vertex 46.0803 43.9197 10.7649
      vertex 44.8483 42.9743 9.25196
      vertex 45.1994 42.7716 10.7649
    endloop
  endfacet
  facet normal 0.766777 0.588324 -0.256764
    outer loop
      vertex 54.8006 42.7716 6.1727
      vertex 53.9197 43.9197 6.1727
      vertex 55.1517 42.9743 7.68564
    endloop
  endfacet
  facet normal 0.688545 0.528299 -0.496796
    outer loop
      vertex 54.8006 42.7716 6.1727
      vertex 53.3659 43.3659 4.81623
      vertex 53.9197 43.9197 6.1727
    endloop
  endfacet
  facet normal -0.192433 0.464436 -0.864447
    outer loop
      vertex 48.8453 42 2.9332
      vertex 49.4057 42.2179 2.92552
      vertex 48.8798 42 2.92552
    endloop
  endfacet
  facet normal -0.192611 0.464905 -0.864155
    outer loop
      vertex 49.4057 42.2179 2.92552
      vertex 48.8453 42 2.9332
      vertex 48.1737 43.1632 3.70868
    endloop
  endfacet
  facet normal -0.563366 0.432191 -0.704151
    outer loop
      vertex 46.8139 42 3.83365
      vertex 47.4172 42.5828 3.70868
      vertex 46.9701 42 3.70868
    endloop
  endfacet
  facet normal -0.563437 0.43229 -0.704034
    outer loop
      vertex 47.4172 42.5828 3.70868
      vertex 46.8139 42 3.83365
      vertex 46.6341 43.3659 4.81623
    endloop
  endfacet
  facet normal 0.766752 0.588382 0.256706
    outer loop
      vertex 54.2063 44.2063 9.25196
      vertex 53.9197 43.9197 10.7649
      vertex 55.1517 42.9743 9.25196
    endloop
  endfacet
  facet normal -0.092696 0.704078 -0.704046
    outer loop
      vertex 50 43.6526 3.70868
      vertex 48.768 44.5979 4.81623
      vertex 50 44.7601 4.81623
    endloop
  endfacet
  facet normal -0.0927183 0.704063 -0.704058
    outer loop
      vertex 49.0546 43.5281 3.70868
      vertex 48.768 44.5979 4.81623
      vertex 50 43.6526 3.70868
    endloop
  endfacet
  facet normal 0.793337 0.608783 5.13658e-18
    outer loop
      vertex 55.1517 42.9743 9.25196
      vertex 54.2063 44.2063 7.68564
      vertex 54.2063 44.2063 9.25196
    endloop
  endfacet
  facet normal 0.793337 0.608783 5.13658e-18
    outer loop
      vertex 54.2063 44.2063 7.68564
      vertex 55.1517 42.9743 9.25196
      vertex 55.1517 42.9743 7.68564
    endloop
  endfacet
  facet normal 0.0927183 0.704063 -0.704058
    outer loop
      vertex 50.9454 43.5281 3.70868
      vertex 50 43.6526 3.70868
      vertex 51.232 44.5979 4.81623
    endloop
  endfacet
  facet normal 0.369876 0.892898 -0.256758
    outer loop
      vertex 52.7716 44.8006 6.1727
      vertex 51.4347 45.3544 6.1727
      vertex 51.5396 45.746 7.68564
    endloop
  endfacet
  facet normal 0.688549 0.528302 0.496787
    outer loop
      vertex 53.9197 43.9197 10.7649
      vertex 53.3659 43.3659 12.1214
      vertex 54.8006 42.7716 10.7649
    endloop
  endfacet
  facet normal 0.801867 0.332054 0.496738
    outer loop
      vertex 54.699 42 11.4447
      vertex 54.1224 42.3801 12.1214
      vertex 54.2798 42 12.1214
    endloop
  endfacet
  facet normal 0.801867 0.332054 0.496738
    outer loop
      vertex 54.1224 42.3801 12.1214
      vertex 54.699 42 11.4447
      vertex 54.8006 42.7716 10.7649
    endloop
  endfacet
  facet normal 0.0927162 0.704047 0.704074
    outer loop
      vertex 51.232 44.5979 12.1214
      vertex 50 43.6526 13.2289
      vertex 50.9454 43.5281 13.2289
    endloop
  endfacet
  facet normal 0.369876 0.892898 0.256758
    outer loop
      vertex 51.5396 45.746 9.25196
      vertex 51.4347 45.3544 10.7649
      vertex 52.7716 44.8006 10.7649
    endloop
  endfacet
  facet normal -0.588382 0.766752 0.256706
    outer loop
      vertex 47.0257 45.1517 9.25196
      vertex 45.7937 44.2063 9.25196
      vertex 46.0803 43.9197 10.7649
    endloop
  endfacet
  facet normal -0.528373 0.688526 -0.496743
    outer loop
      vertex 47.6199 44.1224 4.81623
      vertex 46.6341 43.3659 4.81623
      vertex 47.2284 44.8006 6.1727
    endloop
  endfacet
  facet normal -0.892906 0.369845 -0.256774
    outer loop
      vertex 44.8798 42 6.1727
      vertex 44.6073 42 7.12029
      vertex 45.1994 42.7716 6.1727
    endloop
  endfacet
  facet normal -0.923869 0.382709 8.65287e-18
    outer loop
      vertex 44.4447 42 7.68564
      vertex 44.8483 42.9743 9.25196
      vertex 44.8483 42.9743 7.68564
    endloop
  endfacet
  facet normal -0.923869 0.382709 8.65287e-18
    outer loop
      vertex 44.8483 42.9743 9.25196
      vertex 44.4447 42 7.68564
      vertex 44.4447 42 9.25196
    endloop
  endfacet
  facet normal -0.113291 0.860446 0.496787
    outer loop
      vertex 50 45.5433 10.7649
      vertex 48.5653 45.3544 10.7649
      vertex 48.768 44.5979 12.1214
    endloop
  endfacet
  facet normal 0.0926939 0.704062 0.704062
    outer loop
      vertex 50 44.7601 12.1214
      vertex 50 43.6526 13.2289
      vertex 51.232 44.5979 12.1214
    endloop
  endfacet
  facet normal -0.432322 0.563362 -0.704074
    outer loop
      vertex 48.1737 43.1632 3.70868
      vertex 46.6341 43.3659 4.81623
      vertex 47.6199 44.1224 4.81623
    endloop
  endfacet
  facet normal 0.034159 0.258669 -0.965362
    outer loop
      vertex 50.039 42 2.84756
      vertex 50 42 2.84618
      vertex 50 42.2961 2.92552
    endloop
  endfacet
  facet normal 0.126162 0.958204 -0.256763
    outer loop
      vertex 51.4347 45.3544 6.1727
      vertex 50 45.5433 6.1727
      vertex 51.5396 45.746 7.68564
    endloop
  endfacet
  facet normal -0.113282 0.860439 -0.496801
    outer loop
      vertex 50 44.7601 4.81623
      vertex 48.768 44.5979 4.81623
      vertex 50 45.5433 6.1727
    endloop
  endfacet
  facet normal 0.271774 0.656087 -0.704052
    outer loop
      vertex 51.8263 43.1632 3.70868
      vertex 50.9454 43.5281 3.70868
      vertex 51.232 44.5979 4.81623
    endloop
  endfacet
  facet normal 0.432322 0.563362 -0.704074
    outer loop
      vertex 53.3659 43.3659 4.81623
      vertex 51.8263 43.1632 3.70868
      vertex 52.3801 44.1224 4.81623
    endloop
  endfacet
  facet normal -0.0998427 0.24097 -0.965383
    outer loop
      vertex 49.4641 42 2.86509
      vertex 48.8798 42 2.92552
      vertex 49.4057 42.2179 2.92552
    endloop
  endfacet
  facet normal 0.801845 0.332092 -0.496749
    outer loop
      vertex 54.699 42 5.49286
      vertex 54.1224 42.3801 4.81623
      vertex 54.8006 42.7716 6.1727
    endloop
  endfacet
  facet normal 0.801847 0.332046 -0.496777
    outer loop
      vertex 54.1224 42.3801 4.81623
      vertex 54.699 42 5.49286
      vertex 54.2798 42 4.81623
    endloop
  endfacet
  facet normal 0.923869 0.382709 -8.65287e-18
    outer loop
      vertex 55.5553 42 9.25196
      vertex 55.1517 42.9743 7.68564
      vertex 55.1517 42.9743 9.25196
    endloop
  endfacet
  facet normal 0.923869 0.382709 -8.65287e-18
    outer loop
      vertex 55.1517 42.9743 7.68564
      vertex 55.5553 42 9.25196
      vertex 55.5553 42 7.68564
    endloop
  endfacet
  facet normal 0.528299 0.688545 -0.496796
    outer loop
      vertex 53.3659 43.3659 4.81623
      vertex 52.7716 44.8006 6.1727
      vertex 53.9197 43.9197 6.1727
    endloop
  endfacet
  facet normal 0.588382 0.766752 0.256706
    outer loop
      vertex 54.2063 44.2063 9.25196
      vertex 52.9743 45.1517 9.25196
      vertex 53.9197 43.9197 10.7649
    endloop
  endfacet
  facet normal 0.892904 0.369857 0.256764
    outer loop
      vertex 55.3927 42 9.81731
      vertex 55.1517 42.9743 9.25196
      vertex 54.8006 42.7716 10.7649
    endloop
  endfacet
  facet normal 0.892886 0.369875 0.256802
    outer loop
      vertex 55.1517 42.9743 9.25196
      vertex 55.3927 42 9.81731
      vertex 55.5553 42 9.25196
    endloop
  endfacet
  facet normal 0.766777 0.588324 0.256764
    outer loop
      vertex 55.1517 42.9743 9.25196
      vertex 53.9197 43.9197 10.7649
      vertex 54.8006 42.7716 10.7649
    endloop
  endfacet
  facet normal 0.130531 0.991444 -0
    outer loop
      vertex 51.5396 45.746 7.68564
      vertex 50 45.9487 9.25196
      vertex 51.5396 45.746 9.25196
    endloop
  endfacet
  facet normal 0.130531 0.991444 0
    outer loop
      vertex 50 45.9487 9.25196
      vertex 51.5396 45.746 7.68564
      vertex 50 45.9487 7.68564
    endloop
  endfacet
  facet normal -0.0927162 0.704047 0.704074
    outer loop
      vertex 50 43.6526 13.2289
      vertex 48.768 44.5979 12.1214
      vertex 49.0546 43.5281 13.2289
    endloop
  endfacet
  facet normal -0.892886 0.369875 0.256802
    outer loop
      vertex 44.6073 42 9.81731
      vertex 44.8483 42.9743 9.25196
      vertex 44.4447 42 9.25196
    endloop
  endfacet
  facet normal -0.892904 0.369857 0.256764
    outer loop
      vertex 44.8483 42.9743 9.25196
      vertex 44.6073 42 9.81731
      vertex 45.1994 42.7716 10.7649
    endloop
  endfacet
  facet normal -0.369868 0.892899 -0.256765
    outer loop
      vertex 47.2284 44.8006 6.1727
      vertex 47.0257 45.1517 7.68564
      vertex 48.4604 45.746 7.68564
    endloop
  endfacet
  facet normal 0.113291 0.860446 0.496787
    outer loop
      vertex 51.4347 45.3544 10.7649
      vertex 50 45.5433 10.7649
      vertex 51.232 44.5979 12.1214
    endloop
  endfacet
  facet normal 0.33214 0.801803 0.496785
    outer loop
      vertex 51.4347 45.3544 10.7649
      vertex 51.232 44.5979 12.1214
      vertex 52.7716 44.8006 10.7649
    endloop
  endfacet
  facet normal -0.271768 0.656072 0.704068
    outer loop
      vertex 48.768 44.5979 12.1214
      vertex 48.1737 43.1632 13.2289
      vertex 49.0546 43.5281 13.2289
    endloop
  endfacet
  facet normal -0.271719 0.656069 0.70409
    outer loop
      vertex 48.768 44.5979 12.1214
      vertex 47.6199 44.1224 12.1214
      vertex 48.1737 43.1632 13.2289
    endloop
  endfacet
  facet normal -0.656099 0.271691 -0.704073
    outer loop
      vertex 46.5359 42 4.05611
      vertex 45.7202 42 4.81623
      vertex 45.8776 42.3801 4.81623
    endloop
  endfacet
  facet normal 0.192597 0.464945 0.864137
    outer loop
      vertex 50.9454 43.5281 13.2289
      vertex 50.5943 42.2179 14.0121
      vertex 51.8263 43.1632 13.2289
    endloop
  endfacet
  facet normal 0.563352 0.432314 0.704088
    outer loop
      vertex 53.3659 43.3659 12.1214
      vertex 53.4641 42 12.8815
      vertex 54.1224 42.3801 12.1214
    endloop
  endfacet
  facet normal 0.563466 0.432283 0.704016
    outer loop
      vertex 53.4641 42 12.8815
      vertex 53.3659 43.3659 12.1214
      vertex 53.1861 42 13.104
    endloop
  endfacet
  facet normal 0.563389 0.43232 0.704054
    outer loop
      vertex 52.5828 42.5828 13.2289
      vertex 53.1861 42 13.104
      vertex 53.3659 43.3659 12.1214
    endloop
  endfacet
  facet normal 0.56321 0.432071 0.70435
    outer loop
      vertex 53.1861 42 13.104
      vertex 52.5828 42.5828 13.2289
      vertex 53.0299 42 13.2289
    endloop
  endfacet
  facet normal 0.0656513 0.498933 0.86415
    outer loop
      vertex 50 43.6526 13.2289
      vertex 50 42.2961 14.0121
      vertex 50.5943 42.2179 14.0121
    endloop
  endfacet
  facet normal 0.306293 0.399225 0.864178
    outer loop
      vertex 51.8263 43.1632 13.2289
      vertex 52 42 13.7047
      vertex 52.5828 42.5828 13.2289
    endloop
  endfacet
  facet normal 0.306377 0.399226 0.864148
    outer loop
      vertex 52 42 13.7047
      vertex 51.8263 43.1632 13.2289
      vertex 51.6731 42 13.8206
    endloop
  endfacet
  facet normal 0.0656488 0.498914 -0.864162
    outer loop
      vertex 50.5943 42.2179 2.92552
      vertex 50 42.2961 2.92552
      vertex 50 43.6526 3.70868
    endloop
  endfacet
  facet normal -0.688526 0.528373 -0.496743
    outer loop
      vertex 45.8776 42.3801 4.81623
      vertex 45.1994 42.7716 6.1727
      vertex 46.6341 43.3659 4.81623
    endloop
  endfacet
  facet normal -0.271725 0.656084 -0.704074
    outer loop
      vertex 48.1737 43.1632 3.70868
      vertex 47.6199 44.1224 4.81623
      vertex 48.768 44.5979 4.81623
    endloop
  endfacet
  facet normal -0.608783 0.793337 0
    outer loop
      vertex 47.0257 45.1517 7.68564
      vertex 45.7937 44.2063 9.25196
      vertex 47.0257 45.1517 9.25196
    endloop
  endfacet
  facet normal -0.608783 0.793337 0
    outer loop
      vertex 45.7937 44.2063 9.25196
      vertex 47.0257 45.1517 7.68564
      vertex 45.7937 44.2063 7.68564
    endloop
  endfacet
  facet normal 0.306302 0.399238 -0.864169
    outer loop
      vertex 52 42 3.23286
      vertex 51.8263 43.1632 3.70868
      vertex 52.5828 42.5828 3.70868
    endloop
  endfacet
  facet normal 0.306305 0.399238 -0.864168
    outer loop
      vertex 51.8263 43.1632 3.70868
      vertex 52 42 3.23286
      vertex 51.6731 42 3.11699
    endloop
  endfacet
  facet normal 0.432283 0.563443 -0.704034
    outer loop
      vertex 52.5828 42.5828 3.70868
      vertex 51.8263 43.1632 3.70868
      vertex 53.3659 43.3659 4.81623
    endloop
  endfacet
  facet normal 0.332094 0.801844 -0.496749
    outer loop
      vertex 52.3801 44.1224 4.81623
      vertex 51.232 44.5979 4.81623
      vertex 52.7716 44.8006 6.1727
    endloop
  endfacet
  facet normal 0.528373 0.688526 -0.496743
    outer loop
      vertex 53.3659 43.3659 4.81623
      vertex 52.3801 44.1224 4.81623
      vertex 52.7716 44.8006 6.1727
    endloop
  endfacet
  facet normal 0.0998427 0.24097 -0.965383
    outer loop
      vertex 51.1202 42 2.92552
      vertex 50.5359 42 2.86509
      vertex 50.5943 42.2179 2.92552
    endloop
  endfacet
  facet normal 0.192589 0.464927 -0.864148
    outer loop
      vertex 51.8263 43.1632 3.70868
      vertex 50.5943 42.2179 2.92552
      vertex 50.9454 43.5281 3.70868
    endloop
  endfacet
  facet normal 0.0657042 0.49893 -0.864148
    outer loop
      vertex 50.5943 42.2179 2.92552
      vertex 50 43.6526 3.70868
      vertex 50.9454 43.5281 3.70868
    endloop
  endfacet
  facet normal 0.192365 0.465037 -0.864139
    outer loop
      vertex 51.1202 42 2.92552
      vertex 51.8263 43.1632 3.70868
      vertex 51.1547 42 2.9332
    endloop
  endfacet
  facet normal 0.192623 0.464893 -0.864159
    outer loop
      vertex 51.8263 43.1632 3.70868
      vertex 51.1202 42 2.92552
      vertex 50.5943 42.2179 2.92552
    endloop
  endfacet
  facet normal 0.306371 0.399221 -0.864152
    outer loop
      vertex 51.6731 42 3.11699
      vertex 51.1547 42 2.9332
      vertex 51.8263 43.1632 3.70868
    endloop
  endfacet
  facet normal 0.80182 0.332117 -0.496773
    outer loop
      vertex 55.1202 42 6.1727
      vertex 54.699 42 5.49286
      vertex 54.8006 42.7716 6.1727
    endloop
  endfacet
  facet normal 0.688526 0.528373 -0.496743
    outer loop
      vertex 54.1224 42.3801 4.81623
      vertex 53.3659 43.3659 4.81623
      vertex 54.8006 42.7716 6.1727
    endloop
  endfacet
  facet normal 0.369868 0.892899 -0.256765
    outer loop
      vertex 52.7716 44.8006 6.1727
      vertex 51.5396 45.746 7.68564
      vertex 52.9743 45.1517 7.68564
    endloop
  endfacet
  facet normal 0.126155 0.958207 0.256757
    outer loop
      vertex 50 45.9487 9.25196
      vertex 50 45.5433 10.7649
      vertex 51.5396 45.746 9.25196
    endloop
  endfacet
  facet normal 0.271768 0.656072 0.704068
    outer loop
      vertex 51.232 44.5979 12.1214
      vertex 50.9454 43.5281 13.2289
      vertex 51.8263 43.1632 13.2289
    endloop
  endfacet
  facet normal 0.126162 0.958204 0.256763
    outer loop
      vertex 51.5396 45.746 9.25196
      vertex 50 45.5433 10.7649
      vertex 51.4347 45.3544 10.7649
    endloop
  endfacet
  facet normal -0.126155 0.958207 0.256757
    outer loop
      vertex 50 45.9487 9.25196
      vertex 48.4604 45.746 9.25196
      vertex 50 45.5433 10.7649
    endloop
  endfacet
  facet normal -0.130531 0.991444 0
    outer loop
      vertex 50 45.9487 7.68564
      vertex 48.4604 45.746 9.25196
      vertex 50 45.9487 9.25196
    endloop
  endfacet
  facet normal -0.130531 0.991444 0
    outer loop
      vertex 48.4604 45.746 9.25196
      vertex 50 45.9487 7.68564
      vertex 48.4604 45.746 7.68564
    endloop
  endfacet
  facet normal -0.369868 0.892899 0.256765
    outer loop
      vertex 48.4604 45.746 9.25196
      vertex 47.0257 45.1517 9.25196
      vertex 47.2284 44.8006 10.7649
    endloop
  endfacet
  facet normal -0.588324 0.766777 0.256764
    outer loop
      vertex 47.0257 45.1517 9.25196
      vertex 46.0803 43.9197 10.7649
      vertex 47.2284 44.8006 10.7649
    endloop
  endfacet
  facet normal -0.801808 0.332112 0.496795
    outer loop
      vertex 45.1994 42.7716 10.7649
      vertex 44.8798 42 10.7649
      vertex 45.301 42 11.4447
    endloop
  endfacet
  facet normal -0.688549 0.528302 0.496787
    outer loop
      vertex 46.0803 43.9197 10.7649
      vertex 45.1994 42.7716 10.7649
      vertex 46.6341 43.3659 12.1214
    endloop
  endfacet
  facet normal -0.68853 0.528376 0.496734
    outer loop
      vertex 46.6341 43.3659 12.1214
      vertex 45.1994 42.7716 10.7649
      vertex 45.8776 42.3801 12.1214
    endloop
  endfacet
  facet normal -0.80182 0.332117 -0.496773
    outer loop
      vertex 45.301 42 5.49286
      vertex 44.8798 42 6.1727
      vertex 45.1994 42.7716 6.1727
    endloop
  endfacet
  facet normal -0.801847 0.332046 -0.496777
    outer loop
      vertex 45.301 42 5.49286
      vertex 45.8776 42.3801 4.81623
      vertex 45.7202 42 4.81623
    endloop
  endfacet
  facet normal -0.801845 0.332092 -0.496749
    outer loop
      vertex 45.8776 42.3801 4.81623
      vertex 45.301 42 5.49286
      vertex 45.1994 42.7716 6.1727
    endloop
  endfacet
  facet normal 0.432313 0.56335 0.70409
    outer loop
      vertex 52.3801 44.1224 12.1214
      vertex 51.8263 43.1632 13.2289
      vertex 53.3659 43.3659 12.1214
    endloop
  endfacet
  facet normal 0.369868 0.892899 0.256765
    outer loop
      vertex 52.9743 45.1517 9.25196
      vertex 51.5396 45.746 9.25196
      vertex 52.7716 44.8006 10.7649
    endloop
  endfacet
  facet normal -0.126162 0.958204 -0.256763
    outer loop
      vertex 48.5653 45.3544 6.1727
      vertex 48.4604 45.746 7.68564
      vertex 50 45.5433 6.1727
    endloop
  endfacet
  facet normal -0.892904 0.369857 -0.256764
    outer loop
      vertex 44.6073 42 7.12029
      vertex 44.8483 42.9743 7.68564
      vertex 45.1994 42.7716 6.1727
    endloop
  endfacet
  facet normal -0.892886 0.369875 -0.256802
    outer loop
      vertex 44.8483 42.9743 7.68564
      vertex 44.6073 42 7.12029
      vertex 44.4447 42 7.68564
    endloop
  endfacet
  facet normal -0.528299 0.688545 -0.496796
    outer loop
      vertex 46.6341 43.3659 4.81623
      vertex 46.0803 43.9197 6.1727
      vertex 47.2284 44.8006 6.1727
    endloop
  endfacet
  facet normal -0.126155 0.958207 -0.256757
    outer loop
      vertex 50 45.5433 6.1727
      vertex 48.4604 45.746 7.68564
      vertex 50 45.9487 7.68564
    endloop
  endfacet
  facet normal -0.192589 0.464927 -0.864148
    outer loop
      vertex 49.4057 42.2179 2.92552
      vertex 48.1737 43.1632 3.70868
      vertex 49.0546 43.5281 3.70868
    endloop
  endfacet
  facet normal -0.0657042 0.49893 -0.864148
    outer loop
      vertex 49.4057 42.2179 2.92552
      vertex 49.0546 43.5281 3.70868
      vertex 50 43.6526 3.70868
    endloop
  endfacet
  facet normal 0.892906 0.369845 -0.256774
    outer loop
      vertex 55.1202 42 6.1727
      vertex 54.8006 42.7716 6.1727
      vertex 55.3927 42 7.12029
    endloop
  endfacet
  facet normal 0.656099 0.271691 -0.704073
    outer loop
      vertex 54.2798 42 4.81623
      vertex 53.4641 42 4.05611
      vertex 54.1224 42.3801 4.81623
    endloop
  endfacet
  facet normal 0.563359 0.43232 -0.704078
    outer loop
      vertex 53.4641 42 4.05611
      vertex 53.3659 43.3659 4.81623
      vertex 54.1224 42.3801 4.81623
    endloop
  endfacet
  facet normal 0.563396 0.43231 -0.704055
    outer loop
      vertex 53.3659 43.3659 4.81623
      vertex 53.4641 42 4.05611
      vertex 53.1861 42 3.83365
    endloop
  endfacet
  facet normal 0.588382 0.766752 -0.256706
    outer loop
      vertex 53.9197 43.9197 6.1727
      vertex 52.9743 45.1517 7.68564
      vertex 54.2063 44.2063 7.68564
    endloop
  endfacet
  facet normal 0.608783 0.793337 -0
    outer loop
      vertex 54.2063 44.2063 7.68564
      vertex 52.9743 45.1517 9.25196
      vertex 54.2063 44.2063 9.25196
    endloop
  endfacet
  facet normal 0.608783 0.793337 0
    outer loop
      vertex 52.9743 45.1517 9.25196
      vertex 54.2063 44.2063 7.68564
      vertex 52.9743 45.1517 7.68564
    endloop
  endfacet
  facet normal -0.126162 0.958204 0.256763
    outer loop
      vertex 50 45.5433 10.7649
      vertex 48.4604 45.746 9.25196
      vertex 48.5653 45.3544 10.7649
    endloop
  endfacet
  facet normal -0.0926939 0.704062 0.704062
    outer loop
      vertex 50 44.7601 12.1214
      vertex 48.768 44.5979 12.1214
      vertex 50 43.6526 13.2289
    endloop
  endfacet
  facet normal 0.382699 0.923873 -0
    outer loop
      vertex 52.9743 45.1517 7.68564
      vertex 51.5396 45.746 9.25196
      vertex 52.9743 45.1517 9.25196
    endloop
  endfacet
  facet normal 0.382699 0.923873 0
    outer loop
      vertex 51.5396 45.746 9.25196
      vertex 52.9743 45.1517 7.68564
      vertex 51.5396 45.746 7.68564
    endloop
  endfacet
  facet normal -0.11329 0.860442 -0.496795
    outer loop
      vertex 48.768 44.5979 4.81623
      vertex 48.5653 45.3544 6.1727
      vertex 50 45.5433 6.1727
    endloop
  endfacet
  facet normal -0.332094 0.801844 -0.496749
    outer loop
      vertex 47.6199 44.1224 4.81623
      vertex 47.2284 44.8006 6.1727
      vertex 48.768 44.5979 4.81623
    endloop
  endfacet
  facet normal 0.0340003 0.258492 0.965415
    outer loop
      vertex 50.5943 42.2179 14.0121
      vertex 50.039 42 14.09
      vertex 50.5359 42 14.0725
    endloop
  endfacet
  facet normal 0.0340102 0.258469 0.965421
    outer loop
      vertex 50.039 42 14.09
      vertex 50.5943 42.2179 14.0121
      vertex 50 42.2961 14.0121
    endloop
  endfacet
  facet normal -0.0340005 0.258468 0.965421
    outer loop
      vertex 50 42.2961 14.0121
      vertex 49.4641 42 14.0725
      vertex 49.961 42 14.09
    endloop
  endfacet
  facet normal -0.0340128 0.258489 0.965415
    outer loop
      vertex 49.4641 42 14.0725
      vertex 50 42.2961 14.0121
      vertex 49.4057 42.2179 14.0121
    endloop
  endfacet
  facet normal -0.306377 0.399226 0.864148
    outer loop
      vertex 48.1737 43.1632 13.2289
      vertex 48 42 13.7047
      vertex 48.3269 42 13.8206
    endloop
  endfacet
  facet normal -0.306293 0.399225 0.864178
    outer loop
      vertex 48 42 13.7047
      vertex 48.1737 43.1632 13.2289
      vertex 47.4172 42.5828 13.2289
    endloop
  endfacet
  facet normal -0.306385 0.399224 0.864146
    outer loop
      vertex 48.8453 42 14.0044
      vertex 48.1737 43.1632 13.2289
      vertex 48.3269 42 13.8206
    endloop
  endfacet
  facet normal -0.801867 0.332054 0.496738
    outer loop
      vertex 45.301 42 11.4447
      vertex 45.8776 42.3801 12.1214
      vertex 45.1994 42.7716 10.7649
    endloop
  endfacet
  facet normal -0.801867 0.332054 0.496738
    outer loop
      vertex 45.8776 42.3801 12.1214
      vertex 45.301 42 11.4447
      vertex 45.7202 42 12.1214
    endloop
  endfacet
  facet normal -0.56321 0.432071 0.70435
    outer loop
      vertex 47.4172 42.5828 13.2289
      vertex 46.8139 42 13.104
      vertex 46.9701 42 13.2289
    endloop
  endfacet
  facet normal -0.563389 0.43232 0.704054
    outer loop
      vertex 46.8139 42 13.104
      vertex 47.4172 42.5828 13.2289
      vertex 46.6341 43.3659 12.1214
    endloop
  endfacet
  facet normal -0.563466 0.432283 0.704016
    outer loop
      vertex 46.6341 43.3659 12.1214
      vertex 46.5359 42 12.8815
      vertex 46.8139 42 13.104
    endloop
  endfacet
  facet normal -0.563352 0.432314 0.704088
    outer loop
      vertex 46.5359 42 12.8815
      vertex 46.6341 43.3659 12.1214
      vertex 45.8776 42.3801 12.1214
    endloop
  endfacet
  facet normal -0.65609 0.271688 0.704082
    outer loop
      vertex 45.8776 42.3801 12.1214
      vertex 45.7202 42 12.1214
      vertex 46.5359 42 12.8815
    endloop
  endfacet
  facet normal -0.528376 0.68853 0.496734
    outer loop
      vertex 47.2284 44.8006 10.7649
      vertex 46.6341 43.3659 12.1214
      vertex 47.6199 44.1224 12.1214
    endloop
  endfacet
  facet normal -0.528302 0.688549 0.496787
    outer loop
      vertex 47.2284 44.8006 10.7649
      vertex 46.0803 43.9197 10.7649
      vertex 46.6341 43.3659 12.1214
    endloop
  endfacet
  facet normal -0.432283 0.563443 -0.704034
    outer loop
      vertex 47.4172 42.5828 3.70868
      vertex 46.6341 43.3659 4.81623
      vertex 48.1737 43.1632 3.70868
    endloop
  endfacet
  facet normal -0.399251 0.306289 -0.864168
    outer loop
      vertex 48 42 3.23286
      vertex 46.9701 42 3.70868
      vertex 47.4172 42.5828 3.70868
    endloop
  endfacet
  facet normal 0.528376 0.68853 0.496734
    outer loop
      vertex 52.7716 44.8006 10.7649
      vertex 52.3801 44.1224 12.1214
      vertex 53.3659 43.3659 12.1214
    endloop
  endfacet
  facet normal 0.528302 0.688549 0.496787
    outer loop
      vertex 53.9197 43.9197 10.7649
      vertex 52.7716 44.8006 10.7649
      vertex 53.3659 43.3659 12.1214
    endloop
  endfacet
  facet normal -0.688545 0.528299 -0.496796
    outer loop
      vertex 46.6341 43.3659 4.81623
      vertex 45.1994 42.7716 6.1727
      vertex 46.0803 43.9197 6.1727
    endloop
  endfacet
  facet normal 0.113282 0.860439 -0.496801
    outer loop
      vertex 51.232 44.5979 4.81623
      vertex 50 44.7601 4.81623
      vertex 50 45.5433 6.1727
    endloop
  endfacet
  facet normal 0.092696 0.704078 -0.704046
    outer loop
      vertex 51.232 44.5979 4.81623
      vertex 50 43.6526 3.70868
      vertex 50 44.7601 4.81623
    endloop
  endfacet
  facet normal -0.034057 0.258657 -0.965369
    outer loop
      vertex 49.4641 42 2.86509
      vertex 50 42.2961 2.92552
      vertex 49.961 42 2.84756
    endloop
  endfacet
  facet normal -0.0340286 0.258609 -0.965383
    outer loop
      vertex 50 42.2961 2.92552
      vertex 49.4641 42 2.86509
      vertex 49.4057 42.2179 2.92552
    endloop
  endfacet
  facet normal -0.0656488 0.498914 -0.864162
    outer loop
      vertex 50 42.2961 2.92552
      vertex 49.4057 42.2179 2.92552
      vertex 50 43.6526 3.70868
    endloop
  endfacet
  facet normal -0.332096 0.801848 0.496741
    outer loop
      vertex 48.768 44.5979 12.1214
      vertex 47.2284 44.8006 10.7649
      vertex 47.6199 44.1224 12.1214
    endloop
  endfacet
  facet normal -0.432273 0.56343 0.70405
    outer loop
      vertex 48.1737 43.1632 13.2289
      vertex 46.6341 43.3659 12.1214
      vertex 47.4172 42.5828 13.2289
    endloop
  endfacet
  facet normal 0.271719 0.656069 0.70409
    outer loop
      vertex 52.3801 44.1224 12.1214
      vertex 51.232 44.5979 12.1214
      vertex 51.8263 43.1632 13.2289
    endloop
  endfacet
  facet normal 0.332096 0.801848 0.496741
    outer loop
      vertex 52.7716 44.8006 10.7649
      vertex 51.232 44.5979 12.1214
      vertex 52.3801 44.1224 12.1214
    endloop
  endfacet
  facet normal -0.369876 0.892898 0.256758
    outer loop
      vertex 48.4604 45.746 9.25196
      vertex 47.2284 44.8006 10.7649
      vertex 48.5653 45.3544 10.7649
    endloop
  endfacet
  facet normal -0.33214 0.801803 0.496785
    outer loop
      vertex 48.5653 45.3544 10.7649
      vertex 47.2284 44.8006 10.7649
      vertex 48.768 44.5979 12.1214
    endloop
  endfacet
  facet normal -0.766777 0.588324 -0.256764
    outer loop
      vertex 45.1994 42.7716 6.1727
      vertex 44.8483 42.9743 7.68564
      vertex 46.0803 43.9197 6.1727
    endloop
  endfacet
  facet normal -0.766752 0.588382 -0.256706
    outer loop
      vertex 46.0803 43.9197 6.1727
      vertex 44.8483 42.9743 7.68564
      vertex 45.7937 44.2063 7.68564
    endloop
  endfacet
  facet normal -0.332138 0.801798 -0.496793
    outer loop
      vertex 48.768 44.5979 4.81623
      vertex 47.2284 44.8006 6.1727
      vertex 48.5653 45.3544 6.1727
    endloop
  endfacet
  facet normal -0.369876 0.892898 -0.256758
    outer loop
      vertex 48.5653 45.3544 6.1727
      vertex 47.2284 44.8006 6.1727
      vertex 48.4604 45.746 7.68564
    endloop
  endfacet
  facet normal -0.192597 0.464945 0.864137
    outer loop
      vertex 49.0546 43.5281 13.2289
      vertex 48.1737 43.1632 13.2289
      vertex 49.4057 42.2179 14.0121
    endloop
  endfacet
  facet normal -0.192807 0.465339 0.863878
    outer loop
      vertex 49.4057 42.2179 14.0121
      vertex 48.8453 42 14.0044
      vertex 48.8798 42 14.0121
    endloop
  endfacet
  facet normal -0.19264 0.4649 0.864151
    outer loop
      vertex 48.8453 42 14.0044
      vertex 49.4057 42.2179 14.0121
      vertex 48.1737 43.1632 13.2289
    endloop
  endfacet
  facet normal -0.306305 0.399238 -0.864168
    outer loop
      vertex 48 42 3.23286
      vertex 48.1737 43.1632 3.70868
      vertex 48.3269 42 3.11699
    endloop
  endfacet
  facet normal -0.306302 0.399238 -0.864169
    outer loop
      vertex 48.1737 43.1632 3.70868
      vertex 48 42 3.23286
      vertex 47.4172 42.5828 3.70868
    endloop
  endfacet
  facet normal -0.306371 0.399221 -0.864152
    outer loop
      vertex 48.3269 42 3.11699
      vertex 48.1737 43.1632 3.70868
      vertex 48.8453 42 2.9332
    endloop
  endfacet
  facet normal -0.034159 0.258669 -0.965362
    outer loop
      vertex 50 42 2.84618
      vertex 49.961 42 2.84756
      vertex 50 42.2961 2.92552
    endloop
  endfacet
  facet normal -0.766752 0.588382 0.256706
    outer loop
      vertex 45.7937 44.2063 9.25196
      vertex 44.8483 42.9743 9.25196
      vertex 46.0803 43.9197 10.7649
    endloop
  endfacet
  facet normal -0.588324 0.766777 -0.256764
    outer loop
      vertex 47.2284 44.8006 6.1727
      vertex 46.0803 43.9197 6.1727
      vertex 47.0257 45.1517 7.68564
    endloop
  endfacet
  facet normal -0.588382 0.766752 -0.256706
    outer loop
      vertex 46.0803 43.9197 6.1727
      vertex 45.7937 44.2063 7.68564
      vertex 47.0257 45.1517 7.68564
    endloop
  endfacet
  facet normal 0.113282 0.860444 0.496793
    outer loop
      vertex 50 45.5433 10.7649
      vertex 50 44.7601 12.1214
      vertex 51.232 44.5979 12.1214
    endloop
  endfacet
  facet normal -0.113282 0.860444 0.496793
    outer loop
      vertex 50 45.5433 10.7649
      vertex 48.768 44.5979 12.1214
      vertex 50 44.7601 12.1214
    endloop
  endfacet
  facet normal 0.306385 0.399224 0.864146
    outer loop
      vertex 51.8263 43.1632 13.2289
      vertex 51.1547 42 14.0044
      vertex 51.6731 42 13.8206
    endloop
  endfacet
  facet normal 0.192872 0.464777 0.864166
    outer loop
      vertex 51.8263 43.1632 13.2289
      vertex 51.1202 42 14.0121
      vertex 51.1547 42 14.0044
    endloop
  endfacet
  facet normal 0.19263 0.464911 0.864148
    outer loop
      vertex 51.1202 42 14.0121
      vertex 51.8263 43.1632 13.2289
      vertex 50.5943 42.2179 14.0121
    endloop
  endfacet
  facet normal -0.399238 0.306279 0.864177
    outer loop
      vertex 47.4172 42.5828 13.2289
      vertex 46.9701 42 13.2289
      vertex 48 42 13.7047
    endloop
  endfacet
  facet normal -0.0997965 0.240858 0.965416
    outer loop
      vertex 49.4057 42.2179 14.0121
      vertex 48.8798 42 14.0121
      vertex 49.4641 42 14.0725
    endloop
  endfacet
  facet normal -0.0656513 0.498933 0.86415
    outer loop
      vertex 50 43.6526 13.2289
      vertex 49.4057 42.2179 14.0121
      vertex 50 42.2961 14.0121
    endloop
  endfacet
  facet normal -0.0657067 0.498949 0.864137
    outer loop
      vertex 50 43.6526 13.2289
      vertex 49.0546 43.5281 13.2289
      vertex 49.4057 42.2179 14.0121
    endloop
  endfacet
  facet normal 0.629383 -0.777095 0
    outer loop
      vertex 25.4926 7.22943 0
      vertex 25.7366 7.42705 4
      vertex 25.4926 7.22943 4
    endloop
  endfacet
  facet normal 0.629383 -0.777095 0
    outer loop
      vertex 25.7366 7.42705 4
      vertex 25.4926 7.22943 0
      vertex 25.7366 7.42705 0
    endloop
  endfacet
  facet normal -0.998635 -0.0522262 -2.39931e-19
    outer loop
      vertex 30.5 5 0
      vertex 30.4836 5.31359 4
      vertex 30.4836 5.31359 0
    endloop
  endfacet
  facet normal -0.998635 -0.0522262 -2.39931e-19
    outer loop
      vertex 30.4836 5.31359 4
      vertex 30.5 5 0
      vertex 30.5 5 4
    endloop
  endfacet
  facet normal 0.777008 -0.62949 2.74025e-18
    outer loop
      vertex 25.0729 6.76336 4
      vertex 25.2706 7.00739 0
      vertex 25.2706 7.00739 4
    endloop
  endfacet
  facet normal 0.777008 -0.62949 2.74025e-18
    outer loop
      vertex 25.2706 7.00739 0
      vertex 25.0729 6.76336 4
      vertex 25.0729 6.76336 0
    endloop
  endfacet
  facet normal -0.629383 -0.777095 0
    outer loop
      vertex 29.2634 7.42705 0
      vertex 29.5074 7.22943 4
      vertex 29.2634 7.42705 4
    endloop
  endfacet
  facet normal -0.629383 -0.777095 -0
    outer loop
      vertex 29.5074 7.22943 4
      vertex 29.2634 7.42705 0
      vertex 29.5074 7.22943 0
    endloop
  endfacet
  facet normal 0.453977 -0.891013 0
    outer loop
      vertex 26 7.59808 0
      vertex 26.2798 7.74064 4
      vertex 26 7.59808 4
    endloop
  endfacet
  facet normal 0.453977 -0.891013 0
    outer loop
      vertex 26.2798 7.74064 4
      vertex 26 7.59808 0
      vertex 26.2798 7.74064 0
    endloop
  endfacet
  facet normal -0.998635 0.0522262 2.39931e-19
    outer loop
      vertex 30.4836 4.68641 0
      vertex 30.5 5 4
      vertex 30.5 5 0
    endloop
  endfacet
  facet normal -0.998635 0.0522262 2.39931e-19
    outer loop
      vertex 30.5 5 4
      vertex 30.4836 4.68641 0
      vertex 30.4836 4.68641 4
    endloop
  endfacet
  facet normal -0.838711 0.544576 1.99455e-19
    outer loop
      vertex 29.9271 3.23664 0
      vertex 30.0981 3.5 4
      vertex 30.0981 3.5 0
    endloop
  endfacet
  facet normal -0.838711 0.544576 1.99455e-19
    outer loop
      vertex 30.0981 3.5 4
      vertex 29.9271 3.23664 0
      vertex 29.9271 3.23664 4
    endloop
  endfacet
  facet normal -0.965983 0.258606 -5.05787e-19
    outer loop
      vertex 30.3532 4.07295 0
      vertex 30.4344 4.37626 4
      vertex 30.4344 4.37626 0
    endloop
  endfacet
  facet normal -0.965983 0.258606 -5.05787e-19
    outer loop
      vertex 30.4344 4.37626 4
      vertex 30.3532 4.07295 0
      vertex 30.3532 4.07295 4
    endloop
  endfacet
  facet normal -0.544585 -0.838705 0
    outer loop
      vertex 29 7.59808 0
      vertex 29.2634 7.42705 4
      vertex 29 7.59808 4
    endloop
  endfacet
  facet normal -0.544585 -0.838705 -0
    outer loop
      vertex 29.2634 7.42705 4
      vertex 29 7.59808 0
      vertex 29.2634 7.42705 0
    endloop
  endfacet
  facet normal -0.965985 -0.258598 -3.97122e-19
    outer loop
      vertex 30.4344 5.62373 0
      vertex 30.3532 5.92705 4
      vertex 30.3532 5.92705 0
    endloop
  endfacet
  facet normal -0.965985 -0.258598 -3.97122e-19
    outer loop
      vertex 30.3532 5.92705 4
      vertex 30.4344 5.62373 0
      vertex 30.4344 5.62373 4
    endloop
  endfacet
  facet normal 0.777008 0.62949 8.65476e-19
    outer loop
      vertex 25.2706 2.99261 4
      vertex 25.0729 3.23664 0
      vertex 25.0729 3.23664 4
    endloop
  endfacet
  facet normal 0.777008 0.62949 8.65476e-19
    outer loop
      vertex 25.0729 3.23664 0
      vertex 25.2706 2.99261 4
      vertex 25.2706 2.99261 0
    endloop
  endfacet
  facet normal -0.93351 0.358552 8.59297e-19
    outer loop
      vertex 30.2406 3.77979 0
      vertex 30.3532 4.07295 4
      vertex 30.3532 4.07295 0
    endloop
  endfacet
  facet normal -0.93351 0.358552 8.59297e-19
    outer loop
      vertex 30.3532 4.07295 4
      vertex 30.2406 3.77979 0
      vertex 30.2406 3.77979 4
    endloop
  endfacet
  facet normal 0.998635 -0.0522262 2.39931e-19
    outer loop
      vertex 24.5 5 4
      vertex 24.5164 5.31359 0
      vertex 24.5164 5.31359 4
    endloop
  endfacet
  facet normal 0.998635 -0.0522262 2.39931e-19
    outer loop
      vertex 24.5164 5.31359 0
      vertex 24.5 5 4
      vertex 24.5 5 0
    endloop
  endfacet
  facet normal 0.156481 -0.987681 0
    outer loop
      vertex 26.8763 7.93444 0
      vertex 27.1864 7.98357 4
      vertex 26.8763 7.93444 4
    endloop
  endfacet
  facet normal 0.156481 -0.987681 0
    outer loop
      vertex 27.1864 7.98357 4
      vertex 26.8763 7.93444 0
      vertex 27.1864 7.98357 0
    endloop
  endfacet
  facet normal 0.891084 0.453838 -6.23728e-20
    outer loop
      vertex 24.9019 3.5 4
      vertex 24.7594 3.77979 0
      vertex 24.7594 3.77979 4
    endloop
  endfacet
  facet normal 0.891084 0.453838 -6.23728e-20
    outer loop
      vertex 24.7594 3.77979 0
      vertex 24.9019 3.5 4
      vertex 24.9019 3.5 0
    endloop
  endfacet
  facet normal 0.629383 0.777095 -0
    outer loop
      vertex 25.7366 2.57295 0
      vertex 25.4926 2.77057 4
      vertex 25.7366 2.57295 4
    endloop
  endfacet
  facet normal 0.629383 0.777095 0
    outer loop
      vertex 25.4926 2.77057 4
      vertex 25.7366 2.57295 0
      vertex 25.4926 2.77057 0
    endloop
  endfacet
  facet normal -0.544585 0.838705 0
    outer loop
      vertex 29.2634 2.57295 0
      vertex 29 2.40192 4
      vertex 29.2634 2.57295 4
    endloop
  endfacet
  facet normal -0.544585 0.838705 0
    outer loop
      vertex 29 2.40192 4
      vertex 29.2634 2.57295 0
      vertex 29 2.40192 0
    endloop
  endfacet
  facet normal -0.838711 -0.544576 -5.08827e-19
    outer loop
      vertex 30.0981 6.5 0
      vertex 29.9271 6.76336 4
      vertex 29.9271 6.76336 0
    endloop
  endfacet
  facet normal -0.838711 -0.544576 -5.08827e-19
    outer loop
      vertex 29.9271 6.76336 4
      vertex 30.0981 6.5 0
      vertex 30.0981 6.5 4
    endloop
  endfacet
  facet normal -0.891084 -0.453838 -6.23728e-20
    outer loop
      vertex 30.2406 6.22021 0
      vertex 30.0981 6.5 4
      vertex 30.0981 6.5 0
    endloop
  endfacet
  facet normal -0.891084 -0.453838 -6.23728e-20
    outer loop
      vertex 30.0981 6.5 4
      vertex 30.2406 6.22021 0
      vertex 30.2406 6.22021 4
    endloop
  endfacet
  facet normal -0.98765 -0.156679 -2.08429e-19
    outer loop
      vertex 30.4836 5.31359 0
      vertex 30.4344 5.62373 4
      vertex 30.4344 5.62373 0
    endloop
  endfacet
  facet normal -0.98765 -0.156679 -2.08429e-19
    outer loop
      vertex 30.4344 5.62373 4
      vertex 30.4836 5.31359 0
      vertex 30.4836 5.31359 4
    endloop
  endfacet
  facet normal 0.258742 -0.965946 0
    outer loop
      vertex 26.5729 7.85317 0
      vertex 26.8763 7.93444 4
      vertex 26.5729 7.85317 4
    endloop
  endfacet
  facet normal 0.258742 -0.965946 0
    outer loop
      vertex 26.8763 7.93444 4
      vertex 26.5729 7.85317 0
      vertex 26.8763 7.93444 0
    endloop
  endfacet
  facet normal -0.93351 -0.358552 -8.59297e-19
    outer loop
      vertex 30.3532 5.92705 0
      vertex 30.2406 6.22021 4
      vertex 30.2406 6.22021 0
    endloop
  endfacet
  facet normal -0.93351 -0.358552 -8.59297e-19
    outer loop
      vertex 30.2406 6.22021 4
      vertex 30.3532 5.92705 0
      vertex 30.3532 5.92705 4
    endloop
  endfacet
  facet normal 0.358422 0.93356 -0
    outer loop
      vertex 26.5729 2.14683 0
      vertex 26.2798 2.25936 4
      vertex 26.5729 2.14683 4
    endloop
  endfacet
  facet normal 0.358422 0.93356 0
    outer loop
      vertex 26.2798 2.25936 4
      vertex 26.5729 2.14683 0
      vertex 26.2798 2.25936 0
    endloop
  endfacet
  facet normal -0.258742 0.965946 0
    outer loop
      vertex 28.4271 2.14683 0
      vertex 28.1237 2.06556 4
      vertex 28.4271 2.14683 4
    endloop
  endfacet
  facet normal -0.258742 0.965946 0
    outer loop
      vertex 28.1237 2.06556 4
      vertex 28.4271 2.14683 0
      vertex 28.1237 2.06556 0
    endloop
  endfacet
  facet normal 0.156481 0.987681 -0
    outer loop
      vertex 27.1864 2.01643 0
      vertex 26.8763 2.06556 4
      vertex 27.1864 2.01643 4
    endloop
  endfacet
  facet normal 0.156481 0.987681 0
    outer loop
      vertex 26.8763 2.06556 4
      vertex 27.1864 2.01643 0
      vertex 26.8763 2.06556 0
    endloop
  endfacet
  facet normal 0.93351 0.358552 -8.59297e-19
    outer loop
      vertex 24.7594 3.77979 4
      vertex 24.6468 4.07295 0
      vertex 24.6468 4.07295 4
    endloop
  endfacet
  facet normal 0.93351 0.358552 -8.59297e-19
    outer loop
      vertex 24.6468 4.07295 0
      vertex 24.7594 3.77979 4
      vertex 24.7594 3.77979 0
    endloop
  endfacet
  facet normal -0.70717 -0.707043 0
    outer loop
      vertex 29.5074 7.22943 0
      vertex 29.7294 7.00739 4
      vertex 29.5074 7.22943 4
    endloop
  endfacet
  facet normal -0.70717 -0.707043 -0
    outer loop
      vertex 29.7294 7.00739 4
      vertex 29.5074 7.22943 0
      vertex 29.7294 7.00739 0
    endloop
  endfacet
  facet normal 0.93351 -0.358552 8.59297e-19
    outer loop
      vertex 24.6468 5.92705 4
      vertex 24.7594 6.22021 0
      vertex 24.7594 6.22021 4
    endloop
  endfacet
  facet normal 0.93351 -0.358552 8.59297e-19
    outer loop
      vertex 24.7594 6.22021 0
      vertex 24.6468 5.92705 4
      vertex 24.6468 5.92705 0
    endloop
  endfacet
  facet normal 0.965985 -0.258598 3.97122e-19
    outer loop
      vertex 24.5656 5.62373 4
      vertex 24.6468 5.92705 0
      vertex 24.6468 5.92705 4
    endloop
  endfacet
  facet normal 0.965985 -0.258598 3.97122e-19
    outer loop
      vertex 24.6468 5.92705 0
      vertex 24.5656 5.62373 4
      vertex 24.5656 5.62373 0
    endloop
  endfacet
  facet normal 0.70717 0.707043 4.01059e-19
    outer loop
      vertex 25.4926 2.77057 4
      vertex 25.2706 2.99261 0
      vertex 25.2706 2.99261 4
    endloop
  endfacet
  facet normal 0.70717 0.707043 4.01059e-19
    outer loop
      vertex 25.2706 2.99261 0
      vertex 25.4926 2.77057 4
      vertex 25.4926 2.77057 0
    endloop
  endfacet
  facet normal 0.838711 0.544576 -1.99455e-19
    outer loop
      vertex 25.0729 3.23664 4
      vertex 24.9019 3.5 0
      vertex 24.9019 3.5 4
    endloop
  endfacet
  facet normal 0.838711 0.544576 -1.99455e-19
    outer loop
      vertex 24.9019 3.5 0
      vertex 25.0729 3.23664 4
      vertex 25.0729 3.23664 0
    endloop
  endfacet
  facet normal 0.258742 0.965946 -0
    outer loop
      vertex 26.8763 2.06556 0
      vertex 26.5729 2.14683 4
      vertex 26.8763 2.06556 4
    endloop
  endfacet
  facet normal 0.258742 0.965946 0
    outer loop
      vertex 26.5729 2.14683 4
      vertex 26.8763 2.06556 0
      vertex 26.5729 2.14683 0
    endloop
  endfacet
  facet normal -0.358422 -0.93356 0
    outer loop
      vertex 28.4271 7.85317 0
      vertex 28.7202 7.74064 4
      vertex 28.4271 7.85317 4
    endloop
  endfacet
  facet normal -0.358422 -0.93356 -0
    outer loop
      vertex 28.7202 7.74064 4
      vertex 28.4271 7.85317 0
      vertex 28.7202 7.74064 0
    endloop
  endfacet
  facet normal -0.453977 0.891013 0
    outer loop
      vertex 29 2.40192 0
      vertex 28.7202 2.25936 4
      vertex 29 2.40192 4
    endloop
  endfacet
  facet normal -0.453977 0.891013 0
    outer loop
      vertex 28.7202 2.25936 4
      vertex 29 2.40192 0
      vertex 28.7202 2.25936 0
    endloop
  endfacet
  facet normal -0.98765 0.156674 -4.24689e-19
    outer loop
      vertex 30.4344 4.37626 0
      vertex 30.4836 4.68641 4
      vertex 30.4836 4.68641 0
    endloop
  endfacet
  facet normal -0.98765 0.156674 -4.24689e-19
    outer loop
      vertex 30.4836 4.68641 4
      vertex 30.4344 4.37626 0
      vertex 30.4344 4.37626 4
    endloop
  endfacet
  facet normal -0.70717 0.707043 0
    outer loop
      vertex 29.7294 2.99261 0
      vertex 29.5074 2.77057 4
      vertex 29.7294 2.99261 4
    endloop
  endfacet
  facet normal -0.70717 0.707043 0
    outer loop
      vertex 29.5074 2.77057 4
      vertex 29.7294 2.99261 0
      vertex 29.5074 2.77057 0
    endloop
  endfacet
  facet normal -0.777008 -0.62949 -2.74025e-18
    outer loop
      vertex 29.9271 6.76336 0
      vertex 29.7294 7.00739 4
      vertex 29.7294 7.00739 0
    endloop
  endfacet
  facet normal -0.777008 -0.62949 -2.74025e-18
    outer loop
      vertex 29.7294 7.00739 4
      vertex 29.9271 6.76336 0
      vertex 29.9271 6.76336 4
    endloop
  endfacet
  facet normal 0.358422 -0.93356 0
    outer loop
      vertex 26.2798 7.74064 0
      vertex 26.5729 7.85317 4
      vertex 26.2798 7.74064 4
    endloop
  endfacet
  facet normal 0.358422 -0.93356 0
    outer loop
      vertex 26.5729 7.85317 4
      vertex 26.2798 7.74064 0
      vertex 26.5729 7.85317 0
    endloop
  endfacet
  facet normal -0.156481 0.987681 0
    outer loop
      vertex 28.1237 2.06556 0
      vertex 27.8136 2.01643 4
      vertex 28.1237 2.06556 4
    endloop
  endfacet
  facet normal -0.156481 0.987681 0
    outer loop
      vertex 27.8136 2.01643 4
      vertex 28.1237 2.06556 0
      vertex 27.8136 2.01643 0
    endloop
  endfacet
  facet normal 0.544585 -0.838705 0
    outer loop
      vertex 25.7366 7.42705 0
      vertex 26 7.59808 4
      vertex 25.7366 7.42705 4
    endloop
  endfacet
  facet normal 0.544585 -0.838705 0
    outer loop
      vertex 26 7.59808 4
      vertex 25.7366 7.42705 0
      vertex 26 7.59808 0
    endloop
  endfacet
  facet normal 0.0523198 0.99863 -0
    outer loop
      vertex 27.5 2 0
      vertex 27.1864 2.01643 4
      vertex 27.5 2 4
    endloop
  endfacet
  facet normal 0.0523198 0.99863 0
    outer loop
      vertex 27.1864 2.01643 4
      vertex 27.5 2 0
      vertex 27.1864 2.01643 0
    endloop
  endfacet
  facet normal 0.70717 -0.707043 -4.01059e-19
    outer loop
      vertex 25.2706 7.00739 4
      vertex 25.4926 7.22943 0
      vertex 25.4926 7.22943 4
    endloop
  endfacet
  facet normal 0.70717 -0.707043 -4.01059e-19
    outer loop
      vertex 25.4926 7.22943 0
      vertex 25.2706 7.00739 4
      vertex 25.2706 7.00739 0
    endloop
  endfacet
  facet normal -0.629383 0.777095 0
    outer loop
      vertex 29.5074 2.77057 0
      vertex 29.2634 2.57295 4
      vertex 29.5074 2.77057 4
    endloop
  endfacet
  facet normal -0.629383 0.777095 0
    outer loop
      vertex 29.2634 2.57295 4
      vertex 29.5074 2.77057 0
      vertex 29.2634 2.57295 0
    endloop
  endfacet
  facet normal -0.453977 -0.891013 0
    outer loop
      vertex 28.7202 7.74064 0
      vertex 29 7.59808 4
      vertex 28.7202 7.74064 4
    endloop
  endfacet
  facet normal -0.453977 -0.891013 -0
    outer loop
      vertex 29 7.59808 4
      vertex 28.7202 7.74064 0
      vertex 29 7.59808 0
    endloop
  endfacet
  facet normal -0.777008 0.62949 -8.65476e-19
    outer loop
      vertex 29.7294 2.99261 0
      vertex 29.9271 3.23664 4
      vertex 29.9271 3.23664 0
    endloop
  endfacet
  facet normal -0.777008 0.62949 -8.65476e-19
    outer loop
      vertex 29.9271 3.23664 4
      vertex 29.7294 2.99261 0
      vertex 29.7294 2.99261 4
    endloop
  endfacet
  facet normal -0.891084 0.453838 6.23728e-20
    outer loop
      vertex 30.0981 3.5 0
      vertex 30.2406 3.77979 4
      vertex 30.2406 3.77979 0
    endloop
  endfacet
  facet normal -0.891084 0.453838 6.23728e-20
    outer loop
      vertex 30.2406 3.77979 4
      vertex 30.0981 3.5 0
      vertex 30.0981 3.5 4
    endloop
  endfacet
  facet normal 0.98765 -0.156679 2.08429e-19
    outer loop
      vertex 24.5164 5.31359 4
      vertex 24.5656 5.62373 0
      vertex 24.5656 5.62373 4
    endloop
  endfacet
  facet normal 0.98765 -0.156679 2.08429e-19
    outer loop
      vertex 24.5656 5.62373 0
      vertex 24.5164 5.31359 4
      vertex 24.5164 5.31359 0
    endloop
  endfacet
  facet normal 0.965983 0.258606 5.05787e-19
    outer loop
      vertex 24.6468 4.07295 4
      vertex 24.5656 4.37626 0
      vertex 24.5656 4.37626 4
    endloop
  endfacet
  facet normal 0.965983 0.258606 5.05787e-19
    outer loop
      vertex 24.5656 4.37626 0
      vertex 24.6468 4.07295 4
      vertex 24.6468 4.07295 0
    endloop
  endfacet
  facet normal 0.98765 0.156674 4.24689e-19
    outer loop
      vertex 24.5656 4.37626 4
      vertex 24.5164 4.68641 0
      vertex 24.5164 4.68641 4
    endloop
  endfacet
  facet normal 0.98765 0.156674 4.24689e-19
    outer loop
      vertex 24.5164 4.68641 0
      vertex 24.5656 4.37626 4
      vertex 24.5656 4.37626 0
    endloop
  endfacet
  facet normal 0.998635 0.0522262 -2.39931e-19
    outer loop
      vertex 24.5164 4.68641 4
      vertex 24.5 5 0
      vertex 24.5 5 4
    endloop
  endfacet
  facet normal 0.998635 0.0522262 -2.39931e-19
    outer loop
      vertex 24.5 5 0
      vertex 24.5164 4.68641 4
      vertex 24.5164 4.68641 0
    endloop
  endfacet
  facet normal 0.838711 -0.544576 5.08827e-19
    outer loop
      vertex 24.9019 6.5 4
      vertex 25.0729 6.76336 0
      vertex 25.0729 6.76336 4
    endloop
  endfacet
  facet normal 0.838711 -0.544576 5.08827e-19
    outer loop
      vertex 25.0729 6.76336 0
      vertex 24.9019 6.5 4
      vertex 24.9019 6.5 0
    endloop
  endfacet
  facet normal -0.156481 -0.987681 0
    outer loop
      vertex 27.8136 7.98357 0
      vertex 28.1237 7.93444 4
      vertex 27.8136 7.98357 4
    endloop
  endfacet
  facet normal -0.156481 -0.987681 -0
    outer loop
      vertex 28.1237 7.93444 4
      vertex 27.8136 7.98357 0
      vertex 28.1237 7.93444 0
    endloop
  endfacet
  facet normal -0.358422 0.93356 0
    outer loop
      vertex 28.7202 2.25936 0
      vertex 28.4271 2.14683 4
      vertex 28.7202 2.25936 4
    endloop
  endfacet
  facet normal -0.358422 0.93356 0
    outer loop
      vertex 28.4271 2.14683 4
      vertex 28.7202 2.25936 0
      vertex 28.4271 2.14683 0
    endloop
  endfacet
  facet normal 0.544585 0.838705 -0
    outer loop
      vertex 26 2.40192 0
      vertex 25.7366 2.57295 4
      vertex 26 2.40192 4
    endloop
  endfacet
  facet normal 0.544585 0.838705 0
    outer loop
      vertex 25.7366 2.57295 4
      vertex 26 2.40192 0
      vertex 25.7366 2.57295 0
    endloop
  endfacet
  facet normal -0.258742 -0.965946 0
    outer loop
      vertex 28.1237 7.93444 0
      vertex 28.4271 7.85317 4
      vertex 28.1237 7.93444 4
    endloop
  endfacet
  facet normal -0.258742 -0.965946 -0
    outer loop
      vertex 28.4271 7.85317 4
      vertex 28.1237 7.93444 0
      vertex 28.4271 7.85317 0
    endloop
  endfacet
  facet normal -0.0523198 -0.99863 0
    outer loop
      vertex 27.5 8 0
      vertex 27.8136 7.98357 4
      vertex 27.5 8 4
    endloop
  endfacet
  facet normal -0.0523198 -0.99863 -0
    outer loop
      vertex 27.8136 7.98357 4
      vertex 27.5 8 0
      vertex 27.8136 7.98357 0
    endloop
  endfacet
  facet normal 0.0523198 -0.99863 0
    outer loop
      vertex 27.1864 7.98357 0
      vertex 27.5 8 4
      vertex 27.1864 7.98357 4
    endloop
  endfacet
  facet normal 0.0523198 -0.99863 0
    outer loop
      vertex 27.5 8 4
      vertex 27.1864 7.98357 0
      vertex 27.5 8 0
    endloop
  endfacet
  facet normal 0.891084 -0.453838 6.23728e-20
    outer loop
      vertex 24.7594 6.22021 4
      vertex 24.9019 6.5 0
      vertex 24.9019 6.5 4
    endloop
  endfacet
  facet normal 0.891084 -0.453838 6.23728e-20
    outer loop
      vertex 24.9019 6.5 0
      vertex 24.7594 6.22021 4
      vertex 24.7594 6.22021 0
    endloop
  endfacet
  facet normal -0.0523198 0.99863 0
    outer loop
      vertex 27.8136 2.01643 0
      vertex 27.5 2 4
      vertex 27.8136 2.01643 4
    endloop
  endfacet
  facet normal -0.0523198 0.99863 0
    outer loop
      vertex 27.5 2 4
      vertex 27.8136 2.01643 0
      vertex 27.5 2 0
    endloop
  endfacet
  facet normal 0.453977 0.891013 -0
    outer loop
      vertex 26.2798 2.25936 0
      vertex 26 2.40192 4
      vertex 26.2798 2.25936 4
    endloop
  endfacet
  facet normal 0.453977 0.891013 0
    outer loop
      vertex 26 2.40192 4
      vertex 26.2798 2.25936 0
      vertex 26 2.40192 0
    endloop
  endfacet
endsolid OpenSCAD_Model
