solid OpenSCAD_Model
  facet normal 0.987689 -0 0.15643
    outer loop
      vertex 30.616 -7.8 62.5076
      vertex 31.1285 7.8 59.2717
      vertex 30.616 7.8 62.5076
    endloop
  endfacet
  facet normal 0.987689 0 0.15643
    outer loop
      vertex 31.1285 7.8 59.2717
      vertex 30.616 -7.8 62.5076
      vertex 31.1285 -7.8 59.2717
    endloop
  endfacet
  facet normal 0.998629 -0 0.0523474
    outer loop
      vertex 31.1285 -7.8 59.2717
      vertex 31.3 7.8 56
      vertex 31.1285 7.8 59.2717
    endloop
  endfacet
  facet normal 0.998629 0 0.0523474
    outer loop
      vertex 31.3 7.8 56
      vertex 31.1285 -7.8 59.2717
      vertex 31.3 -7.8 56
    endloop
  endfacet
  facet normal 0.629322 -8.27412e-18 -0.777145
    outer loop
      vertex 18.3977 -7.8 30.6778
      vertex 20.9438 7.8 32.7396
      vertex 20.9438 -7.8 32.7396
    endloop
  endfacet
  facet normal 0.629322 -8.27412e-18 -0.777145
    outer loop
      vertex 20.9438 7.8 32.7396
      vertex 18.3977 -7.8 30.6778
      vertex 18.3977 7.8 30.6778
    endloop
  endfacet
  facet normal 0.707107 0 -0.707107
    outer loop
      vertex 23.2604 -7.8 35.0562
      vertex 20.9438 7.8 32.7396
      vertex 23.2604 7.8 35.0562
    endloop
  endfacet
  facet normal 0.707107 0 -0.707107
    outer loop
      vertex 20.9438 7.8 32.7396
      vertex 23.2604 -7.8 35.0562
      vertex 20.9438 -7.8 32.7396
    endloop
  endfacet
  facet normal 0.544644 1.8909e-18 -0.838667
    outer loop
      vertex 15.65 -7.8 28.8934
      vertex 18.3977 7.8 30.6778
      vertex 18.3977 -7.8 30.6778
    endloop
  endfacet
  facet normal 0.544644 1.8909e-18 -0.838667
    outer loop
      vertex 18.3977 7.8 30.6778
      vertex 15.65 -7.8 28.8934
      vertex 15.65 7.8 28.8934
    endloop
  endfacet
  facet normal 0.777145 -0 0.629322
    outer loop
      vertex 23.2604 -7.8 76.9438
      vertex 25.3222 7.8 74.3977
      vertex 23.2604 7.8 76.9438
    endloop
  endfacet
  facet normal 0.777145 0 0.629322
    outer loop
      vertex 25.3222 7.8 74.3977
      vertex 23.2604 -7.8 76.9438
      vertex 25.3222 -7.8 74.3977
    endloop
  endfacet
  facet normal 0.838667 0 -0.544644
    outer loop
      vertex 27.1066 -7.8 40.35
      vertex 25.3222 7.8 37.6023
      vertex 27.1066 7.8 40.35
    endloop
  endfacet
  facet normal 0.838667 0 -0.544644
    outer loop
      vertex 25.3222 7.8 37.6023
      vertex 27.1066 -7.8 40.35
      vertex 25.3222 -7.8 37.6023
    endloop
  endfacet
  facet normal 0.96593 -0 0.258804
    outer loop
      vertex 29.7681 -7.8 65.6722
      vertex 30.616 7.8 62.5076
      vertex 29.7681 7.8 65.6722
    endloop
  endfacet
  facet normal 0.96593 0 0.258804
    outer loop
      vertex 30.616 7.8 62.5076
      vertex 29.7681 -7.8 65.6722
      vertex 30.616 -7.8 62.5076
    endloop
  endfacet
  facet normal 0.15643 8.9271e-19 0.987689
    outer loop
      vertex 3.27174 7.8 87.1285
      vertex 6.50764 -7.8 86.616
      vertex 6.50764 7.8 86.616
    endloop
  endfacet
  facet normal 0.15643 8.9271e-19 0.987689
    outer loop
      vertex 6.50764 -7.8 86.616
      vertex 3.27174 7.8 87.1285
      vertex 3.27174 -7.8 87.1285
    endloop
  endfacet
  facet normal 0.358364 4.17782e-18 -0.933582
    outer loop
      vertex 9.67223 -7.8 26.2319
      vertex 12.7309 7.8 27.406
      vertex 12.7309 -7.8 27.406
    endloop
  endfacet
  facet normal 0.358364 4.17782e-18 -0.933582
    outer loop
      vertex 12.7309 7.8 27.406
      vertex 9.67223 -7.8 26.2319
      vertex 9.67223 7.8 26.2319
    endloop
  endfacet
  facet normal 0.838667 -0 0.544644
    outer loop
      vertex 25.3222 -7.8 74.3977
      vertex 27.1066 7.8 71.65
      vertex 25.3222 7.8 74.3977
    endloop
  endfacet
  facet normal 0.838667 0 0.544644
    outer loop
      vertex 27.1066 7.8 71.65
      vertex 25.3222 -7.8 74.3977
      vertex 27.1066 -7.8 71.65
    endloop
  endfacet
  facet normal 0.15643 8.74115e-20 -0.987689
    outer loop
      vertex 3.27174 -7.8 24.8715
      vertex 6.50764 7.8 25.384
      vertex 6.50764 -7.8 25.384
    endloop
  endfacet
  facet normal 0.15643 8.74115e-20 -0.987689
    outer loop
      vertex 6.50764 7.8 25.384
      vertex 3.27174 -7.8 24.8715
      vertex 3.27174 7.8 24.8715
    endloop
  endfacet
  facet normal 0.891001 -0 0.454001
    outer loop
      vertex 27.1066 -7.8 71.65
      vertex 28.594 7.8 68.7309
      vertex 27.1066 7.8 71.65
    endloop
  endfacet
  facet normal 0.891001 0 0.454001
    outer loop
      vertex 28.594 7.8 68.7309
      vertex 27.1066 -7.8 71.65
      vertex 28.594 -7.8 68.7309
    endloop
  endfacet
  facet normal 0.544644 -1.73102e-18 0.838667
    outer loop
      vertex 15.65 7.8 83.1066
      vertex 18.3977 -7.8 81.3222
      vertex 18.3977 7.8 81.3222
    endloop
  endfacet
  facet normal 0.544644 -1.73102e-18 0.838667
    outer loop
      vertex 18.3977 -7.8 81.3222
      vertex 15.65 7.8 83.1066
      vertex 15.65 -7.8 83.1066
    endloop
  endfacet
  facet normal 0.998629 0 -0.0523474
    outer loop
      vertex 31.3 -7.8 56
      vertex 31.1285 7.8 52.7283
      vertex 31.3 7.8 56
    endloop
  endfacet
  facet normal 0.998629 0 -0.0523474
    outer loop
      vertex 31.1285 7.8 52.7283
      vertex 31.3 -7.8 56
      vertex 31.1285 -7.8 52.7283
    endloop
  endfacet
  facet normal 0.96593 0 -0.258804
    outer loop
      vertex 30.616 -7.8 49.4924
      vertex 29.7681 7.8 46.3278
      vertex 30.616 7.8 49.4924
    endloop
  endfacet
  facet normal 0.96593 0 -0.258804
    outer loop
      vertex 29.7681 7.8 46.3278
      vertex 30.616 -7.8 49.4924
      vertex 29.7681 -7.8 46.3278
    endloop
  endfacet
  facet normal 0.629322 5.09587e-19 0.777145
    outer loop
      vertex 18.3977 7.8 81.3222
      vertex 20.9438 -7.8 79.2604
      vertex 20.9438 7.8 79.2604
    endloop
  endfacet
  facet normal 0.629322 5.09587e-19 0.777145
    outer loop
      vertex 20.9438 -7.8 79.2604
      vertex 18.3977 7.8 81.3222
      vertex 18.3977 -7.8 81.3222
    endloop
  endfacet
  facet normal 0.454001 -2.24436e-18 -0.891001
    outer loop
      vertex 12.7309 -7.8 27.406
      vertex 15.65 7.8 28.8934
      vertex 15.65 -7.8 28.8934
    endloop
  endfacet
  facet normal 0.454001 -2.24436e-18 -0.891001
    outer loop
      vertex 15.65 7.8 28.8934
      vertex 12.7309 -7.8 27.406
      vertex 12.7309 7.8 27.406
    endloop
  endfacet
  facet normal -0.0519307 8.32562e-21 0.998651
    outer loop
      vertex -0.0499992 6.3 87.2974
      vertex 0 -6.3 87.3
      vertex 0 6.3 87.3
    endloop
  endfacet
  facet normal -0.0519307 8.32562e-21 0.998651
    outer loop
      vertex 0 -6.3 87.3
      vertex -0.0499992 6.3 87.2974
      vertex -0.0499992 -6.3 87.2974
    endloop
  endfacet
  facet normal 0.933583 -0 0.358361
    outer loop
      vertex 28.594 -7.8 68.7309
      vertex 29.7681 7.8 65.6722
      vertex 28.594 7.8 68.7309
    endloop
  endfacet
  facet normal 0.933583 0 0.358361
    outer loop
      vertex 29.7681 7.8 65.6722
      vertex 28.594 -7.8 68.7309
      vertex 29.7681 -7.8 65.6722
    endloop
  endfacet
  facet normal 0.987689 0 -0.15643
    outer loop
      vertex 31.1285 -7.8 52.7283
      vertex 30.616 7.8 49.4924
      vertex 31.1285 7.8 52.7283
    endloop
  endfacet
  facet normal 0.987689 0 -0.15643
    outer loop
      vertex 30.616 7.8 49.4924
      vertex 31.1285 -7.8 52.7283
      vertex 30.616 -7.8 49.4924
    endloop
  endfacet
  facet normal 0.358364 9.65319e-19 0.933582
    outer loop
      vertex 9.67223 7.8 85.7681
      vertex 12.7309 -7.8 84.594
      vertex 12.7309 7.8 84.594
    endloop
  endfacet
  facet normal 0.358364 9.65319e-19 0.933582
    outer loop
      vertex 12.7309 -7.8 84.594
      vertex 9.67223 7.8 85.7681
      vertex 9.67223 -7.8 85.7681
    endloop
  endfacet
  facet normal 0.258805 -4.38264e-19 -0.96593
    outer loop
      vertex 6.50764 -7.8 25.384
      vertex 9.67223 7.8 26.2319
      vertex 9.67223 -7.8 26.2319
    endloop
  endfacet
  facet normal 0.258805 -4.38264e-19 -0.96593
    outer loop
      vertex 9.67223 7.8 26.2319
      vertex 6.50764 -7.8 25.384
      vertex 6.50764 7.8 25.384
    endloop
  endfacet
  facet normal 0.0523467 1.53302e-20 -0.998629
    outer loop
      vertex 0 -7.8 24.7
      vertex 3.27174 7.8 24.8715
      vertex 3.27174 -7.8 24.8715
    endloop
  endfacet
  facet normal 0.0523467 1.53302e-20 -0.998629
    outer loop
      vertex 3.27174 7.8 24.8715
      vertex 0 -7.8 24.7
      vertex 0 7.8 24.7
    endloop
  endfacet
  facet normal 0.454001 8.37539e-18 0.891001
    outer loop
      vertex 12.7309 7.8 84.594
      vertex 15.65 -7.8 83.1066
      vertex 15.65 7.8 83.1066
    endloop
  endfacet
  facet normal 0.454001 8.37539e-18 0.891001
    outer loop
      vertex 15.65 -7.8 83.1066
      vertex 12.7309 7.8 84.594
      vertex 12.7309 -7.8 84.594
    endloop
  endfacet
  facet normal 0.258805 3.19027e-18 0.96593
    outer loop
      vertex 6.50764 7.8 86.616
      vertex 9.67223 -7.8 85.7681
      vertex 9.67223 7.8 85.7681
    endloop
  endfacet
  facet normal 0.258805 3.19027e-18 0.96593
    outer loop
      vertex 9.67223 -7.8 85.7681
      vertex 6.50764 7.8 86.616
      vertex 6.50764 -7.8 86.616
    endloop
  endfacet
  facet normal 0.052336 6.59921e-19 0.99863
    outer loop
      vertex 0 6.3 87.3
      vertex 2.86217 -6.3 87.15
      vertex 2.86217 6.3 87.15
    endloop
  endfacet
  facet normal 0.052336 6.59921e-19 0.99863
    outer loop
      vertex 2.86217 -6.3 87.15
      vertex 0 6.3 87.3
      vertex 0 -6.3 87.3
    endloop
  endfacet
  facet normal 0.0524219 -0 0.998625
    outer loop
      vertex 2.86217 6.3 87.15
      vertex 3.27174 7.8 87.1285
      vertex 2.86217 7.8 87.15
    endloop
  endfacet
  facet normal 0.0524219 0 0.998625
    outer loop
      vertex 3.27174 7.8 87.1285
      vertex 2.86217 6.3 87.15
      vertex 3.27174 -7.8 87.1285
    endloop
  endfacet
  facet normal 0.0524219 -0 0.998625
    outer loop
      vertex 2.86217 -6.3 87.15
      vertex 3.27174 -7.8 87.1285
      vertex 2.86217 6.3 87.15
    endloop
  endfacet
  facet normal 0.0524219 -9.36802e-19 0.998625
    outer loop
      vertex 3.27174 -7.8 87.1285
      vertex 2.86217 -6.3 87.15
      vertex 2.86217 -7.8 87.15
    endloop
  endfacet
  facet normal 0.707107 7.51632e-18 0.707107
    outer loop
      vertex 20.9438 7.8 79.2604
      vertex 23.2604 -7.8 76.9438
      vertex 23.2604 7.8 76.9438
    endloop
  endfacet
  facet normal 0.707107 7.51632e-18 0.707107
    outer loop
      vertex 23.2604 -7.8 76.9438
      vertex 20.9438 7.8 79.2604
      vertex 20.9438 -7.8 79.2604
    endloop
  endfacet
  facet normal 0.933583 0 -0.358361
    outer loop
      vertex 29.7681 -7.8 46.3278
      vertex 28.594 7.8 43.2691
      vertex 29.7681 7.8 46.3278
    endloop
  endfacet
  facet normal 0.933583 0 -0.358361
    outer loop
      vertex 28.594 7.8 43.2691
      vertex 29.7681 -7.8 46.3278
      vertex 28.594 -7.8 43.2691
    endloop
  endfacet
  facet normal 0.891001 0 -0.454001
    outer loop
      vertex 28.594 -7.8 43.2691
      vertex 27.1066 7.8 40.35
      vertex 28.594 7.8 43.2691
    endloop
  endfacet
  facet normal 0.891001 0 -0.454001
    outer loop
      vertex 27.1066 7.8 40.35
      vertex 28.594 -7.8 43.2691
      vertex 27.1066 -7.8 40.35
    endloop
  endfacet
  facet normal -0.0519307 -6.72454e-21 -0.998651
    outer loop
      vertex -0.0499992 -7.8 24.7026
      vertex 0 7.8 24.7
      vertex 0 -7.8 24.7
    endloop
  endfacet
  facet normal -0.0519307 -6.72454e-21 -0.998651
    outer loop
      vertex 0 7.8 24.7
      vertex -0.0499992 -7.8 24.7026
      vertex -0.0499992 7.8 24.7026
    endloop
  endfacet
  facet normal 0.777145 0 -0.629322
    outer loop
      vertex 25.3222 -7.8 37.6023
      vertex 23.2604 7.8 35.0562
      vertex 25.3222 7.8 37.6023
    endloop
  endfacet
  facet normal 0.777145 0 -0.629322
    outer loop
      vertex 23.2604 7.8 35.0562
      vertex 25.3222 -7.8 37.6023
      vertex 23.2604 -7.8 35.0562
    endloop
  endfacet
  facet normal -1 0 0
    outer loop
      vertex -0.0499992 -7.8 24.7026
      vertex -0.0499992 7.8 30.7026
      vertex -0.0499992 7.8 24.7026
    endloop
  endfacet
  facet normal -1 -0 0
    outer loop
      vertex -0.0499992 7.8 30.7026
      vertex -0.0499992 -7.8 24.7026
      vertex -0.0499992 -7.8 30.7026
    endloop
  endfacet
  facet normal -1 0 0
    outer loop
      vertex -0.0499992 7.8 81.2974
      vertex -0.0499992 6.3 87.15
      vertex -0.0499992 7.8 87.15
    endloop
  endfacet
  facet normal -1 0 0
    outer loop
      vertex -0.0499992 6.3 87.15
      vertex -0.0499992 -6.3 87.15
      vertex -0.0499992 6.3 87.2974
    endloop
  endfacet
  facet normal -1 0 0
    outer loop
      vertex -0.0499992 7.8 81.2974
      vertex -0.0499992 -6.3 87.15
      vertex -0.0499992 6.3 87.15
    endloop
  endfacet
  facet normal -1 0 0
    outer loop
      vertex -0.0499992 -7.8 81.2974
      vertex -0.0499992 -6.3 87.15
      vertex -0.0499992 7.8 81.2974
    endloop
  endfacet
  facet normal -1 -0 0
    outer loop
      vertex -0.0499992 -6.3 87.15
      vertex -0.0499992 -7.8 81.2974
      vertex -0.0499992 -7.8 87.15
    endloop
  endfacet
  facet normal -1 -0 0
    outer loop
      vertex -0.0499992 6.3 87.2974
      vertex -0.0499992 -6.3 87.15
      vertex -0.0499992 -6.3 87.2974
    endloop
  endfacet
  facet normal 1 -0 0
    outer loop
      vertex 33.3 -10.3 87.15
      vertex 33.3 -7.8 0
      vertex 33.3 -7.8 87.15
    endloop
  endfacet
  facet normal 1 0 0
    outer loop
      vertex 33.3 -7.8 0
      vertex 33.3 -10.3 87.15
      vertex 33.3 -10.3 0
    endloop
  endfacet
  facet normal 0 0 -1
    outer loop
      vertex -5 -10.3 0
      vertex 33.3 -7.8 0
      vertex 33.3 -10.3 0
    endloop
  endfacet
  facet normal -0 0 -1
    outer loop
      vertex 33.3 -7.8 0
      vertex -5 -10.3 0
      vertex -5 -7.8 0
    endloop
  endfacet
  facet normal -1 0 0
    outer loop
      vertex -5 -10.3 0
      vertex -5 -7.8 31.2117
      vertex -5 -7.8 0
    endloop
  endfacet
  facet normal -1 -0 0
    outer loop
      vertex -5 -7.8 31.2117
      vertex -5 -10.3 0
      vertex -5 -10.3 31.2117
    endloop
  endfacet
  facet normal -1 0 0
    outer loop
      vertex -5 -10.3 80.7883
      vertex -5 -7.8 87.15
      vertex -5 -7.8 80.7883
    endloop
  endfacet
  facet normal -1 -0 0
    outer loop
      vertex -5 -7.8 87.15
      vertex -5 -10.3 80.7883
      vertex -5 -10.3 87.15
    endloop
  endfacet
  facet normal 0 1 0
    outer loop
      vertex 33.3 -7.8 87.15
      vertex 3.27174 -7.8 87.1285
      vertex 2.86217 -7.8 87.15
    endloop
  endfacet
  facet normal 0 1 0
    outer loop
      vertex 33.3 -7.8 87.15
      vertex 6.50764 -7.8 86.616
      vertex 3.27174 -7.8 87.1285
    endloop
  endfacet
  facet normal 0 1 0
    outer loop
      vertex 33.3 -7.8 87.15
      vertex 9.67223 -7.8 85.7681
      vertex 6.50764 -7.8 86.616
    endloop
  endfacet
  facet normal 0 1 0
    outer loop
      vertex 33.3 -7.8 87.15
      vertex 12.7309 -7.8 84.594
      vertex 9.67223 -7.8 85.7681
    endloop
  endfacet
  facet normal 0 1 0
    outer loop
      vertex 33.3 -7.8 87.15
      vertex 15.65 -7.8 83.1066
      vertex 12.7309 -7.8 84.594
    endloop
  endfacet
  facet normal 0 1 0
    outer loop
      vertex 33.3 -7.8 87.15
      vertex 18.3977 -7.8 81.3222
      vertex 15.65 -7.8 83.1066
    endloop
  endfacet
  facet normal 0 1 0
    outer loop
      vertex 33.3 -7.8 87.15
      vertex 20.9438 -7.8 79.2604
      vertex 18.3977 -7.8 81.3222
    endloop
  endfacet
  facet normal 0 1 0
    outer loop
      vertex 33.3 -7.8 87.15
      vertex 23.2604 -7.8 76.9438
      vertex 20.9438 -7.8 79.2604
    endloop
  endfacet
  facet normal 0 1 0
    outer loop
      vertex 33.3 -7.8 87.15
      vertex 25.3222 -7.8 74.3977
      vertex 23.2604 -7.8 76.9438
    endloop
  endfacet
  facet normal 0 1 0
    outer loop
      vertex 33.3 -7.8 87.15
      vertex 27.1066 -7.8 71.65
      vertex 25.3222 -7.8 74.3977
    endloop
  endfacet
  facet normal 0 1 0
    outer loop
      vertex 33.3 -7.8 87.15
      vertex 28.594 -7.8 68.7309
      vertex 27.1066 -7.8 71.65
    endloop
  endfacet
  facet normal 0 1 0
    outer loop
      vertex 33.3 -7.8 87.15
      vertex 29.7681 -7.8 65.6722
      vertex 28.594 -7.8 68.7309
    endloop
  endfacet
  facet normal 0 1 0
    outer loop
      vertex 33.3 -7.8 87.15
      vertex 30.616 -7.8 62.5076
      vertex 29.7681 -7.8 65.6722
    endloop
  endfacet
  facet normal 0 1 0
    outer loop
      vertex 33.3 -7.8 87.15
      vertex 31.1285 -7.8 59.2717
      vertex 30.616 -7.8 62.5076
    endloop
  endfacet
  facet normal 0 1 0
    outer loop
      vertex 33.3 -7.8 87.15
      vertex 31.3 -7.8 56
      vertex 31.1285 -7.8 59.2717
    endloop
  endfacet
  facet normal 0 1 -0
    outer loop
      vertex 33.3 -7.8 0
      vertex 31.3 -7.8 56
      vertex 33.3 -7.8 87.15
    endloop
  endfacet
  facet normal 0 1 0
    outer loop
      vertex 6.50764 -7.8 25.384
      vertex -5 -7.8 0
      vertex 3.27174 -7.8 24.8715
    endloop
  endfacet
  facet normal 0 1 0
    outer loop
      vertex 9.67223 -7.8 26.2319
      vertex -5 -7.8 0
      vertex 6.50764 -7.8 25.384
    endloop
  endfacet
  facet normal 0 1 0
    outer loop
      vertex -5 -7.8 0
      vertex 9.67223 -7.8 26.2319
      vertex 33.3 -7.8 0
    endloop
  endfacet
  facet normal 0 1 0
    outer loop
      vertex 12.7309 -7.8 27.406
      vertex 33.3 -7.8 0
      vertex 9.67223 -7.8 26.2319
    endloop
  endfacet
  facet normal 0 1 0
    outer loop
      vertex 15.65 -7.8 28.8934
      vertex 33.3 -7.8 0
      vertex 12.7309 -7.8 27.406
    endloop
  endfacet
  facet normal 0 1 0
    outer loop
      vertex 18.3977 -7.8 30.6778
      vertex 33.3 -7.8 0
      vertex 15.65 -7.8 28.8934
    endloop
  endfacet
  facet normal 0 1 0
    outer loop
      vertex 20.9438 -7.8 32.7396
      vertex 33.3 -7.8 0
      vertex 18.3977 -7.8 30.6778
    endloop
  endfacet
  facet normal 0 1 0
    outer loop
      vertex 23.2604 -7.8 35.0562
      vertex 33.3 -7.8 0
      vertex 20.9438 -7.8 32.7396
    endloop
  endfacet
  facet normal 0 1 0
    outer loop
      vertex 25.3222 -7.8 37.6023
      vertex 33.3 -7.8 0
      vertex 23.2604 -7.8 35.0562
    endloop
  endfacet
  facet normal 0 1 0
    outer loop
      vertex 27.1066 -7.8 40.35
      vertex 33.3 -7.8 0
      vertex 25.3222 -7.8 37.6023
    endloop
  endfacet
  facet normal 0 1 0
    outer loop
      vertex 28.594 -7.8 43.2691
      vertex 33.3 -7.8 0
      vertex 27.1066 -7.8 40.35
    endloop
  endfacet
  facet normal 0 1 0
    outer loop
      vertex 29.7681 -7.8 46.3278
      vertex 33.3 -7.8 0
      vertex 28.594 -7.8 43.2691
    endloop
  endfacet
  facet normal 0 1 0
    outer loop
      vertex 30.616 -7.8 49.4924
      vertex 33.3 -7.8 0
      vertex 29.7681 -7.8 46.3278
    endloop
  endfacet
  facet normal 0 1 0
    outer loop
      vertex 31.1285 -7.8 52.7283
      vertex 33.3 -7.8 0
      vertex 30.616 -7.8 49.4924
    endloop
  endfacet
  facet normal 0 1 0
    outer loop
      vertex 31.3 -7.8 56
      vertex 33.3 -7.8 0
      vertex 31.1285 -7.8 52.7283
    endloop
  endfacet
  facet normal 0 1 -0
    outer loop
      vertex -0.0499992 -7.8 24.7026
      vertex -2.64457 -7.8 30.8386
      vertex -0.0499992 -7.8 30.7026
    endloop
  endfacet
  facet normal 0 1 0
    outer loop
      vertex -0.0499992 -7.8 24.7026
      vertex -5 -7.8 31.2117
      vertex -2.64457 -7.8 30.8386
    endloop
  endfacet
  facet normal 0 1 0
    outer loop
      vertex 3.27174 -7.8 24.8715
      vertex -5 -7.8 0
      vertex 0 -7.8 24.7
    endloop
  endfacet
  facet normal 0 1 0
    outer loop
      vertex -0.0499992 -7.8 24.7026
      vertex -5 -7.8 0
      vertex -5 -7.8 31.2117
    endloop
  endfacet
  facet normal 0 1 0
    outer loop
      vertex 0 -7.8 24.7
      vertex -5 -7.8 0
      vertex -0.0499992 -7.8 24.7026
    endloop
  endfacet
  facet normal 0 1 0
    outer loop
      vertex -2.64457 -7.8 81.1614
      vertex -0.0499992 -7.8 87.15
      vertex -0.0499992 -7.8 81.2974
    endloop
  endfacet
  facet normal 0 1 0
    outer loop
      vertex -0.0499992 -7.8 87.15
      vertex -2.64457 -7.8 81.1614
      vertex -5 -7.8 87.15
    endloop
  endfacet
  facet normal 0 1 0
    outer loop
      vertex -5 -7.8 87.15
      vertex -2.64457 -7.8 81.1614
      vertex -5 -7.8 80.7883
    endloop
  endfacet
  facet normal 0 -1 -0
    outer loop
      vertex -2.64457 -10.3 30.8386
      vertex -5 -10.3 0
      vertex 0 -10.3 30.7
    endloop
  endfacet
  facet normal 0 -1 0
    outer loop
      vertex -5 -10.3 0
      vertex -2.64457 -10.3 30.8386
      vertex -5 -10.3 31.2117
    endloop
  endfacet
  facet normal 0 -1 0
    outer loop
      vertex 2.64457 -10.3 81.1614
      vertex -5 -10.3 87.15
      vertex 0 -10.3 81.3
    endloop
  endfacet
  facet normal 0 -1 0
    outer loop
      vertex -5 -10.3 87.15
      vertex -2.64457 -10.3 81.1614
      vertex 0 -10.3 81.3
    endloop
  endfacet
  facet normal -0 -1 0
    outer loop
      vertex -2.64457 -10.3 81.1614
      vertex -5 -10.3 87.15
      vertex -5 -10.3 80.7883
    endloop
  endfacet
  facet normal 0 -1 0
    outer loop
      vertex 5.26017 -10.3 80.7471
      vertex -5 -10.3 87.15
      vertex 2.64457 -10.3 81.1614
    endloop
  endfacet
  facet normal 0 -1 0
    outer loop
      vertex 7.81813 -10.3 80.0617
      vertex -5 -10.3 87.15
      vertex 5.26017 -10.3 80.7471
    endloop
  endfacet
  facet normal 0 -1 0
    outer loop
      vertex -5 -10.3 87.15
      vertex 7.81813 -10.3 80.0617
      vertex 33.3 -10.3 87.15
    endloop
  endfacet
  facet normal 0 -1 0
    outer loop
      vertex 10.2904 -10.3 79.1127
      vertex 33.3 -10.3 87.15
      vertex 7.81813 -10.3 80.0617
    endloop
  endfacet
  facet normal 0 -1 0
    outer loop
      vertex 12.65 -10.3 77.9104
      vertex 33.3 -10.3 87.15
      vertex 10.2904 -10.3 79.1127
    endloop
  endfacet
  facet normal 0 -1 0
    outer loop
      vertex 14.871 -10.3 76.4681
      vertex 33.3 -10.3 87.15
      vertex 12.65 -10.3 77.9104
    endloop
  endfacet
  facet normal 0 -1 0
    outer loop
      vertex 16.929 -10.3 74.8016
      vertex 33.3 -10.3 87.15
      vertex 14.871 -10.3 76.4681
    endloop
  endfacet
  facet normal 0 -1 0
    outer loop
      vertex 18.8016 -10.3 72.929
      vertex 33.3 -10.3 87.15
      vertex 16.929 -10.3 74.8016
    endloop
  endfacet
  facet normal 0 -1 0
    outer loop
      vertex 20.4681 -10.3 70.871
      vertex 33.3 -10.3 87.15
      vertex 18.8016 -10.3 72.929
    endloop
  endfacet
  facet normal 0 -1 0
    outer loop
      vertex 21.9104 -10.3 68.65
      vertex 33.3 -10.3 87.15
      vertex 20.4681 -10.3 70.871
    endloop
  endfacet
  facet normal 0 -1 0
    outer loop
      vertex 23.1127 -10.3 66.2904
      vertex 33.3 -10.3 87.15
      vertex 21.9104 -10.3 68.65
    endloop
  endfacet
  facet normal 0 -1 0
    outer loop
      vertex 24.0617 -10.3 63.8181
      vertex 33.3 -10.3 87.15
      vertex 23.1127 -10.3 66.2904
    endloop
  endfacet
  facet normal 0 -1 0
    outer loop
      vertex 24.7471 -10.3 61.2602
      vertex 33.3 -10.3 87.15
      vertex 24.0617 -10.3 63.8181
    endloop
  endfacet
  facet normal 0 -1 0
    outer loop
      vertex 25.1614 -10.3 58.6446
      vertex 33.3 -10.3 87.15
      vertex 24.7471 -10.3 61.2602
    endloop
  endfacet
  facet normal 0 -1 0
    outer loop
      vertex 25.3 -10.3 56
      vertex 33.3 -10.3 87.15
      vertex 25.1614 -10.3 58.6446
    endloop
  endfacet
  facet normal 0 -1 0
    outer loop
      vertex 25.1614 -10.3 53.3554
      vertex 33.3 -10.3 87.15
      vertex 25.3 -10.3 56
    endloop
  endfacet
  facet normal 0 -1 0
    outer loop
      vertex 33.3 -10.3 0
      vertex 25.1614 -10.3 53.3554
      vertex 24.7471 -10.3 50.7398
    endloop
  endfacet
  facet normal 0 -1 0
    outer loop
      vertex -5 -10.3 0
      vertex 2.64457 -10.3 30.8386
      vertex 0 -10.3 30.7
    endloop
  endfacet
  facet normal 0 -1 0
    outer loop
      vertex -5 -10.3 0
      vertex 5.26017 -10.3 31.2529
      vertex 2.64457 -10.3 30.8386
    endloop
  endfacet
  facet normal 0 -1 0
    outer loop
      vertex -5 -10.3 0
      vertex 7.81813 -10.3 31.9383
      vertex 5.26017 -10.3 31.2529
    endloop
  endfacet
  facet normal 0 -1 0
    outer loop
      vertex 33.3 -10.3 0
      vertex 7.81813 -10.3 31.9383
      vertex -5 -10.3 0
    endloop
  endfacet
  facet normal 0 -1 0
    outer loop
      vertex 7.81813 -10.3 31.9383
      vertex 33.3 -10.3 0
      vertex 10.2904 -10.3 32.8873
    endloop
  endfacet
  facet normal 0 -1 0
    outer loop
      vertex 10.2904 -10.3 32.8873
      vertex 33.3 -10.3 0
      vertex 12.65 -10.3 34.0896
    endloop
  endfacet
  facet normal 0 -1 0
    outer loop
      vertex 12.65 -10.3 34.0896
      vertex 33.3 -10.3 0
      vertex 14.871 -10.3 35.5319
    endloop
  endfacet
  facet normal 0 -1 0
    outer loop
      vertex 14.871 -10.3 35.5319
      vertex 33.3 -10.3 0
      vertex 16.929 -10.3 37.1984
    endloop
  endfacet
  facet normal 0 -1 0
    outer loop
      vertex 16.929 -10.3 37.1984
      vertex 33.3 -10.3 0
      vertex 18.8016 -10.3 39.071
    endloop
  endfacet
  facet normal 0 -1 0
    outer loop
      vertex 18.8016 -10.3 39.071
      vertex 33.3 -10.3 0
      vertex 20.4681 -10.3 41.129
    endloop
  endfacet
  facet normal 0 -1 0
    outer loop
      vertex 25.1614 -10.3 53.3554
      vertex 33.3 -10.3 0
      vertex 33.3 -10.3 87.15
    endloop
  endfacet
  facet normal 0 -1 0
    outer loop
      vertex 24.0617 -10.3 48.1819
      vertex 33.3 -10.3 0
      vertex 24.7471 -10.3 50.7398
    endloop
  endfacet
  facet normal 0 -1 0
    outer loop
      vertex 23.1127 -10.3 45.7096
      vertex 33.3 -10.3 0
      vertex 24.0617 -10.3 48.1819
    endloop
  endfacet
  facet normal 0 -1 0
    outer loop
      vertex 21.9104 -10.3 43.35
      vertex 33.3 -10.3 0
      vertex 23.1127 -10.3 45.7096
    endloop
  endfacet
  facet normal 0 -1 0
    outer loop
      vertex 20.4681 -10.3 41.129
      vertex 33.3 -10.3 0
      vertex 21.9104 -10.3 43.35
    endloop
  endfacet
  facet normal 1 -0 0
    outer loop
      vertex 33.3 7.8 87.15
      vertex 33.3 10.3 0
      vertex 33.3 10.3 87.15
    endloop
  endfacet
  facet normal 1 0 0
    outer loop
      vertex 33.3 10.3 0
      vertex 33.3 7.8 87.15
      vertex 33.3 7.8 0
    endloop
  endfacet
  facet normal 0 0 -1
    outer loop
      vertex -5 7.8 0
      vertex 33.3 10.3 0
      vertex 33.3 7.8 0
    endloop
  endfacet
  facet normal -0 0 -1
    outer loop
      vertex 33.3 10.3 0
      vertex -5 7.8 0
      vertex -5 10.3 0
    endloop
  endfacet
  facet normal -1 0 0
    outer loop
      vertex -5 7.8 0
      vertex -5 10.3 31.2117
      vertex -5 10.3 0
    endloop
  endfacet
  facet normal -1 -0 0
    outer loop
      vertex -5 10.3 31.2117
      vertex -5 7.8 0
      vertex -5 7.8 31.2117
    endloop
  endfacet
  facet normal -1 0 0
    outer loop
      vertex -5 7.8 80.7883
      vertex -5 10.3 87.15
      vertex -5 10.3 80.7883
    endloop
  endfacet
  facet normal -1 -0 0
    outer loop
      vertex -5 10.3 87.15
      vertex -5 7.8 80.7883
      vertex -5 7.8 87.15
    endloop
  endfacet
  facet normal 0 1 -0
    outer loop
      vertex 7.81813 10.3 80.0617
      vertex -5 10.3 87.15
      vertex 33.3 10.3 87.15
    endloop
  endfacet
  facet normal 0 1 0
    outer loop
      vertex -5 10.3 87.15
      vertex 2.64457 10.3 81.1614
      vertex 0 10.3 81.3
    endloop
  endfacet
  facet normal 0 1 0
    outer loop
      vertex -5 10.3 87.15
      vertex 5.26017 10.3 80.7471
      vertex 2.64457 10.3 81.1614
    endloop
  endfacet
  facet normal 0 1 0
    outer loop
      vertex -5 10.3 87.15
      vertex 7.81813 10.3 80.0617
      vertex 5.26017 10.3 80.7471
    endloop
  endfacet
  facet normal 0 1 0
    outer loop
      vertex 33.3 10.3 87.15
      vertex 10.2904 10.3 79.1127
      vertex 7.81813 10.3 80.0617
    endloop
  endfacet
  facet normal 0 1 0
    outer loop
      vertex 33.3 10.3 87.15
      vertex 12.65 10.3 77.9104
      vertex 10.2904 10.3 79.1127
    endloop
  endfacet
  facet normal 0 1 0
    outer loop
      vertex 33.3 10.3 87.15
      vertex 14.871 10.3 76.4681
      vertex 12.65 10.3 77.9104
    endloop
  endfacet
  facet normal 0 1 0
    outer loop
      vertex 33.3 10.3 87.15
      vertex 16.929 10.3 74.8016
      vertex 14.871 10.3 76.4681
    endloop
  endfacet
  facet normal 0 1 0
    outer loop
      vertex 33.3 10.3 87.15
      vertex 18.8016 10.3 72.929
      vertex 16.929 10.3 74.8016
    endloop
  endfacet
  facet normal 0 1 0
    outer loop
      vertex 33.3 10.3 87.15
      vertex 20.4681 10.3 70.871
      vertex 18.8016 10.3 72.929
    endloop
  endfacet
  facet normal 0 1 0
    outer loop
      vertex 33.3 10.3 87.15
      vertex 21.9104 10.3 68.65
      vertex 20.4681 10.3 70.871
    endloop
  endfacet
  facet normal 0 1 0
    outer loop
      vertex 33.3 10.3 87.15
      vertex 23.1127 10.3 66.2904
      vertex 21.9104 10.3 68.65
    endloop
  endfacet
  facet normal 0 1 0
    outer loop
      vertex 33.3 10.3 87.15
      vertex 24.0617 10.3 63.8181
      vertex 23.1127 10.3 66.2904
    endloop
  endfacet
  facet normal 0 1 0
    outer loop
      vertex 33.3 10.3 87.15
      vertex 24.7471 10.3 61.2602
      vertex 24.0617 10.3 63.8181
    endloop
  endfacet
  facet normal 0 1 0
    outer loop
      vertex 33.3 10.3 87.15
      vertex 25.1614 10.3 58.6446
      vertex 24.7471 10.3 61.2602
    endloop
  endfacet
  facet normal 0 1 0
    outer loop
      vertex 33.3 10.3 87.15
      vertex 25.3 10.3 56
      vertex 25.1614 10.3 58.6446
    endloop
  endfacet
  facet normal 0 1 0
    outer loop
      vertex 33.3 10.3 87.15
      vertex 25.1614 10.3 53.3554
      vertex 25.3 10.3 56
    endloop
  endfacet
  facet normal 0 1 -0
    outer loop
      vertex 33.3 10.3 0
      vertex 25.1614 10.3 53.3554
      vertex 33.3 10.3 87.15
    endloop
  endfacet
  facet normal 0 1 0
    outer loop
      vertex 5.26017 10.3 31.2529
      vertex -5 10.3 0
      vertex 2.64457 10.3 30.8386
    endloop
  endfacet
  facet normal 0 1 0
    outer loop
      vertex 7.81813 10.3 31.9383
      vertex -5 10.3 0
      vertex 5.26017 10.3 31.2529
    endloop
  endfacet
  facet normal 0 1 0
    outer loop
      vertex -5 10.3 0
      vertex 7.81813 10.3 31.9383
      vertex 33.3 10.3 0
    endloop
  endfacet
  facet normal 0 1 0
    outer loop
      vertex 10.2904 10.3 32.8873
      vertex 33.3 10.3 0
      vertex 7.81813 10.3 31.9383
    endloop
  endfacet
  facet normal 0 1 0
    outer loop
      vertex 12.65 10.3 34.0896
      vertex 33.3 10.3 0
      vertex 10.2904 10.3 32.8873
    endloop
  endfacet
  facet normal 0 1 0
    outer loop
      vertex 14.871 10.3 35.5319
      vertex 33.3 10.3 0
      vertex 12.65 10.3 34.0896
    endloop
  endfacet
  facet normal 0 1 0
    outer loop
      vertex 16.929 10.3 37.1984
      vertex 33.3 10.3 0
      vertex 14.871 10.3 35.5319
    endloop
  endfacet
  facet normal 0 1 0
    outer loop
      vertex 18.8016 10.3 39.071
      vertex 33.3 10.3 0
      vertex 16.929 10.3 37.1984
    endloop
  endfacet
  facet normal 0 1 0
    outer loop
      vertex 20.4681 10.3 41.129
      vertex 33.3 10.3 0
      vertex 18.8016 10.3 39.071
    endloop
  endfacet
  facet normal 0 1 0
    outer loop
      vertex 21.9104 10.3 43.35
      vertex 33.3 10.3 0
      vertex 20.4681 10.3 41.129
    endloop
  endfacet
  facet normal 0 1 0
    outer loop
      vertex 23.1127 10.3 45.7096
      vertex 33.3 10.3 0
      vertex 21.9104 10.3 43.35
    endloop
  endfacet
  facet normal 0 1 0
    outer loop
      vertex 24.0617 10.3 48.1819
      vertex 33.3 10.3 0
      vertex 23.1127 10.3 45.7096
    endloop
  endfacet
  facet normal 0 1 0
    outer loop
      vertex 24.7471 10.3 50.7398
      vertex 33.3 10.3 0
      vertex 24.0617 10.3 48.1819
    endloop
  endfacet
  facet normal 0 1 0
    outer loop
      vertex 25.1614 10.3 53.3554
      vertex 33.3 10.3 0
      vertex 24.7471 10.3 50.7398
    endloop
  endfacet
  facet normal 0 1 -0
    outer loop
      vertex -2.64457 10.3 81.1614
      vertex -5 10.3 87.15
      vertex 0 10.3 81.3
    endloop
  endfacet
  facet normal 0 1 0
    outer loop
      vertex -5 10.3 87.15
      vertex -2.64457 10.3 81.1614
      vertex -5 10.3 80.7883
    endloop
  endfacet
  facet normal 0 1 0
    outer loop
      vertex 2.64457 10.3 30.8386
      vertex -5 10.3 0
      vertex 0 10.3 30.7
    endloop
  endfacet
  facet normal 0 1 0
    outer loop
      vertex 0 10.3 30.7
      vertex -5 10.3 0
      vertex -2.64457 10.3 30.8386
    endloop
  endfacet
  facet normal 0 1 0
    outer loop
      vertex -2.64457 10.3 30.8386
      vertex -5 10.3 0
      vertex -5 10.3 31.2117
    endloop
  endfacet
  facet normal 0 -1 0
    outer loop
      vertex -2.64457 7.8 30.8386
      vertex -0.0499992 7.8 24.7026
      vertex -0.0499992 7.8 30.7026
    endloop
  endfacet
  facet normal 0 -1 0
    outer loop
      vertex -5 7.8 31.2117
      vertex -0.0499992 7.8 24.7026
      vertex -2.64457 7.8 30.8386
    endloop
  endfacet
  facet normal 0 -1 -0
    outer loop
      vertex -0.0499992 7.8 24.7026
      vertex -5 7.8 0
      vertex 0 7.8 24.7
    endloop
  endfacet
  facet normal 0 -1 0
    outer loop
      vertex -5 7.8 0
      vertex -0.0499992 7.8 24.7026
      vertex -5 7.8 31.2117
    endloop
  endfacet
  facet normal 0 -1 0
    outer loop
      vertex 3.27174 7.8 87.1285
      vertex 33.3 7.8 87.15
      vertex 2.86217 7.8 87.15
    endloop
  endfacet
  facet normal 0 -1 0
    outer loop
      vertex 6.50764 7.8 86.616
      vertex 33.3 7.8 87.15
      vertex 3.27174 7.8 87.1285
    endloop
  endfacet
  facet normal 0 -1 0
    outer loop
      vertex 9.67223 7.8 85.7681
      vertex 33.3 7.8 87.15
      vertex 6.50764 7.8 86.616
    endloop
  endfacet
  facet normal 0 -1 0
    outer loop
      vertex 12.7309 7.8 84.594
      vertex 33.3 7.8 87.15
      vertex 9.67223 7.8 85.7681
    endloop
  endfacet
  facet normal 0 -1 0
    outer loop
      vertex 15.65 7.8 83.1066
      vertex 33.3 7.8 87.15
      vertex 12.7309 7.8 84.594
    endloop
  endfacet
  facet normal 0 -1 0
    outer loop
      vertex 18.3977 7.8 81.3222
      vertex 33.3 7.8 87.15
      vertex 15.65 7.8 83.1066
    endloop
  endfacet
  facet normal 0 -1 0
    outer loop
      vertex 20.9438 7.8 79.2604
      vertex 33.3 7.8 87.15
      vertex 18.3977 7.8 81.3222
    endloop
  endfacet
  facet normal 0 -1 0
    outer loop
      vertex 23.2604 7.8 76.9438
      vertex 33.3 7.8 87.15
      vertex 20.9438 7.8 79.2604
    endloop
  endfacet
  facet normal 0 -1 0
    outer loop
      vertex 25.3222 7.8 74.3977
      vertex 33.3 7.8 87.15
      vertex 23.2604 7.8 76.9438
    endloop
  endfacet
  facet normal 0 -1 0
    outer loop
      vertex 27.1066 7.8 71.65
      vertex 33.3 7.8 87.15
      vertex 25.3222 7.8 74.3977
    endloop
  endfacet
  facet normal 0 -1 0
    outer loop
      vertex 28.594 7.8 68.7309
      vertex 33.3 7.8 87.15
      vertex 27.1066 7.8 71.65
    endloop
  endfacet
  facet normal 0 -1 0
    outer loop
      vertex 29.7681 7.8 65.6722
      vertex 33.3 7.8 87.15
      vertex 28.594 7.8 68.7309
    endloop
  endfacet
  facet normal 0 -1 0
    outer loop
      vertex 30.616 7.8 62.5076
      vertex 33.3 7.8 87.15
      vertex 29.7681 7.8 65.6722
    endloop
  endfacet
  facet normal 0 -1 0
    outer loop
      vertex 31.1285 7.8 59.2717
      vertex 33.3 7.8 87.15
      vertex 30.616 7.8 62.5076
    endloop
  endfacet
  facet normal 0 -1 0
    outer loop
      vertex 31.3 7.8 56
      vertex 33.3 7.8 87.15
      vertex 31.1285 7.8 59.2717
    endloop
  endfacet
  facet normal 0 -1 0
    outer loop
      vertex 33.3 7.8 0
      vertex 31.3 7.8 56
      vertex 31.1285 7.8 52.7283
    endloop
  endfacet
  facet normal 0 -1 0
    outer loop
      vertex -5 7.8 0
      vertex 3.27174 7.8 24.8715
      vertex 0 7.8 24.7
    endloop
  endfacet
  facet normal 0 -1 0
    outer loop
      vertex -5 7.8 0
      vertex 6.50764 7.8 25.384
      vertex 3.27174 7.8 24.8715
    endloop
  endfacet
  facet normal 0 -1 0
    outer loop
      vertex -5 7.8 0
      vertex 9.67223 7.8 26.2319
      vertex 6.50764 7.8 25.384
    endloop
  endfacet
  facet normal 0 -1 0
    outer loop
      vertex 33.3 7.8 0
      vertex 9.67223 7.8 26.2319
      vertex -5 7.8 0
    endloop
  endfacet
  facet normal 0 -1 0
    outer loop
      vertex 9.67223 7.8 26.2319
      vertex 33.3 7.8 0
      vertex 12.7309 7.8 27.406
    endloop
  endfacet
  facet normal 0 -1 0
    outer loop
      vertex 12.7309 7.8 27.406
      vertex 33.3 7.8 0
      vertex 15.65 7.8 28.8934
    endloop
  endfacet
  facet normal 0 -1 0
    outer loop
      vertex 15.65 7.8 28.8934
      vertex 33.3 7.8 0
      vertex 18.3977 7.8 30.6778
    endloop
  endfacet
  facet normal 0 -1 0
    outer loop
      vertex 18.3977 7.8 30.6778
      vertex 33.3 7.8 0
      vertex 20.9438 7.8 32.7396
    endloop
  endfacet
  facet normal 0 -1 0
    outer loop
      vertex 20.9438 7.8 32.7396
      vertex 33.3 7.8 0
      vertex 23.2604 7.8 35.0562
    endloop
  endfacet
  facet normal 0 -1 0
    outer loop
      vertex 31.3 7.8 56
      vertex 33.3 7.8 0
      vertex 33.3 7.8 87.15
    endloop
  endfacet
  facet normal 0 -1 0
    outer loop
      vertex 30.616 7.8 49.4924
      vertex 33.3 7.8 0
      vertex 31.1285 7.8 52.7283
    endloop
  endfacet
  facet normal 0 -1 0
    outer loop
      vertex 29.7681 7.8 46.3278
      vertex 33.3 7.8 0
      vertex 30.616 7.8 49.4924
    endloop
  endfacet
  facet normal 0 -1 0
    outer loop
      vertex 28.594 7.8 43.2691
      vertex 33.3 7.8 0
      vertex 29.7681 7.8 46.3278
    endloop
  endfacet
  facet normal 0 -1 0
    outer loop
      vertex 27.1066 7.8 40.35
      vertex 33.3 7.8 0
      vertex 28.594 7.8 43.2691
    endloop
  endfacet
  facet normal 0 -1 0
    outer loop
      vertex 25.3222 7.8 37.6023
      vertex 33.3 7.8 0
      vertex 27.1066 7.8 40.35
    endloop
  endfacet
  facet normal 0 -1 0
    outer loop
      vertex 23.2604 7.8 35.0562
      vertex 33.3 7.8 0
      vertex 25.3222 7.8 37.6023
    endloop
  endfacet
  facet normal 0 -1 0
    outer loop
      vertex -2.64457 7.8 81.1614
      vertex -0.0499992 7.8 87.15
      vertex -5 7.8 87.15
    endloop
  endfacet
  facet normal 0 -1 -0
    outer loop
      vertex -0.0499992 7.8 87.15
      vertex -2.64457 7.8 81.1614
      vertex -0.0499992 7.8 81.2974
    endloop
  endfacet
  facet normal -0 -1 0
    outer loop
      vertex -2.64457 7.8 81.1614
      vertex -5 7.8 87.15
      vertex -5 7.8 80.7883
    endloop
  endfacet
  facet normal 0 0 -1
    outer loop
      vertex 20 -23 0
      vertex 13.8 -20 0
      vertex 20 -17 0
    endloop
  endfacet
  facet normal 0 0 -1
    outer loop
      vertex 20 -23 0
      vertex 13.7901 -20.1882 0
      vertex 13.8 -20 0
    endloop
  endfacet
  facet normal 0 0 -1
    outer loop
      vertex 20 -23 0
      vertex 13.7607 -20.3742 0
      vertex 13.7901 -20.1882 0
    endloop
  endfacet
  facet normal 0 0 -1
    outer loop
      vertex 20 -23 0
      vertex 13.7119 -20.5562 0
      vertex 13.7607 -20.3742 0
    endloop
  endfacet
  facet normal 0 0 -1
    outer loop
      vertex 20 -23 0
      vertex 13.6444 -20.7321 0
      vertex 13.7119 -20.5562 0
    endloop
  endfacet
  facet normal 0 0 -1
    outer loop
      vertex 20 -23 0
      vertex 13.5588 -20.9 0
      vertex 13.6444 -20.7321 0
    endloop
  endfacet
  facet normal 0 0 -1
    outer loop
      vertex 20 -23 0
      vertex 13.4562 -21.058 0
      vertex 13.5588 -20.9 0
    endloop
  endfacet
  facet normal 0 0 -1
    outer loop
      vertex 20 -23 0
      vertex 13.3377 -21.2044 0
      vertex 13.4562 -21.058 0
    endloop
  endfacet
  facet normal 0 0 -1
    outer loop
      vertex 20 -23 0
      vertex 13.2044 -21.3377 0
      vertex 13.3377 -21.2044 0
    endloop
  endfacet
  facet normal 0 0 -1
    outer loop
      vertex 20 -23 0
      vertex 13.058 -21.4562 0
      vertex 13.2044 -21.3377 0
    endloop
  endfacet
  facet normal 0 0 -1
    outer loop
      vertex 20 -23 0
      vertex 12.9 -21.5588 0
      vertex 13.058 -21.4562 0
    endloop
  endfacet
  facet normal 0 0 -1
    outer loop
      vertex 20 -23 0
      vertex 12.7321 -21.6444 0
      vertex 12.9 -21.5588 0
    endloop
  endfacet
  facet normal 0 0 -1
    outer loop
      vertex 20 -23 0
      vertex 12.5562 -21.7119 0
      vertex 12.7321 -21.6444 0
    endloop
  endfacet
  facet normal 0 0 -1
    outer loop
      vertex 20 -23 0
      vertex 12.3742 -21.7607 0
      vertex 12.5562 -21.7119 0
    endloop
  endfacet
  facet normal 0 0 -1
    outer loop
      vertex 20 -23 0
      vertex 12.1882 -21.7901 0
      vertex 12.3742 -21.7607 0
    endloop
  endfacet
  facet normal 0 0 -1
    outer loop
      vertex 20 -23 0
      vertex 12 -21.8 0
      vertex 12.1882 -21.7901 0
    endloop
  endfacet
  facet normal 0 0 -1
    outer loop
      vertex 20 -23 0
      vertex 11.8118 -21.7901 0
      vertex 12 -21.8 0
    endloop
  endfacet
  facet normal 0 0 -1
    outer loop
      vertex 10.2099 -20.1882 0
      vertex -10.2 -20 0
      vertex 10.2 -20 0
    endloop
  endfacet
  facet normal 0 0 -1
    outer loop
      vertex -10.2099 -20.1882 0
      vertex 10.2099 -20.1882 0
      vertex 10.2393 -20.3742 0
    endloop
  endfacet
  facet normal 0 0 -1
    outer loop
      vertex -10.2393 -20.3742 0
      vertex 10.2393 -20.3742 0
      vertex 10.2881 -20.5562 0
    endloop
  endfacet
  facet normal 0 0 -1
    outer loop
      vertex -10.2881 -20.5562 0
      vertex 10.2881 -20.5562 0
      vertex 10.3556 -20.7321 0
    endloop
  endfacet
  facet normal 0 0 -1
    outer loop
      vertex -10.3556 -20.7321 0
      vertex 10.3556 -20.7321 0
      vertex 10.4412 -20.9 0
    endloop
  endfacet
  facet normal 0 0 -1
    outer loop
      vertex -10.4412 -20.9 0
      vertex 10.4412 -20.9 0
      vertex 10.5438 -21.058 0
    endloop
  endfacet
  facet normal 0 0 -1
    outer loop
      vertex -10.5438 -21.058 0
      vertex 10.5438 -21.058 0
      vertex 10.6623 -21.2044 0
    endloop
  endfacet
  facet normal 0 0 -1
    outer loop
      vertex -10.6623 -21.2044 0
      vertex 10.6623 -21.2044 0
      vertex 10.7956 -21.3377 0
    endloop
  endfacet
  facet normal 0 0 -1
    outer loop
      vertex -10.7956 -21.3377 0
      vertex 10.7956 -21.3377 0
      vertex 10.942 -21.4562 0
    endloop
  endfacet
  facet normal 0 0 -1
    outer loop
      vertex -10.942 -21.4562 0
      vertex 10.942 -21.4562 0
      vertex 11.1 -21.5588 0
    endloop
  endfacet
  facet normal 0 0 -1
    outer loop
      vertex -11.1 -21.5588 0
      vertex 11.1 -21.5588 0
      vertex 11.2679 -21.6444 0
    endloop
  endfacet
  facet normal 0 0 -1
    outer loop
      vertex -11.2679 -21.6444 0
      vertex 11.2679 -21.6444 0
      vertex 11.4438 -21.7119 0
    endloop
  endfacet
  facet normal 0 0 -1
    outer loop
      vertex -11.4438 -21.7119 0
      vertex 11.4438 -21.7119 0
      vertex 11.6258 -21.7607 0
    endloop
  endfacet
  facet normal 0 0 -1
    outer loop
      vertex -11.6258 -21.7607 0
      vertex 11.6258 -21.7607 0
      vertex 11.8118 -21.7901 0
    endloop
  endfacet
  facet normal 0 0 -1
    outer loop
      vertex -11.8118 -21.7901 0
      vertex 11.8118 -21.7901 0
      vertex 20 -23 0
    endloop
  endfacet
  facet normal 0 0 -1
    outer loop
      vertex 10.2099 -20.1882 0
      vertex -10.2099 -20.1882 0
      vertex -10.2 -20 0
    endloop
  endfacet
  facet normal 0 0 -1
    outer loop
      vertex 10.2393 -20.3742 0
      vertex -10.2393 -20.3742 0
      vertex -10.2099 -20.1882 0
    endloop
  endfacet
  facet normal 0 0 -1
    outer loop
      vertex 10.2881 -20.5562 0
      vertex -10.2881 -20.5562 0
      vertex -10.2393 -20.3742 0
    endloop
  endfacet
  facet normal 0 0 -1
    outer loop
      vertex 10.3556 -20.7321 0
      vertex -10.3556 -20.7321 0
      vertex -10.2881 -20.5562 0
    endloop
  endfacet
  facet normal 0 0 -1
    outer loop
      vertex 10.4412 -20.9 0
      vertex -10.4412 -20.9 0
      vertex -10.3556 -20.7321 0
    endloop
  endfacet
  facet normal 0 0 -1
    outer loop
      vertex 10.5438 -21.058 0
      vertex -10.5438 -21.058 0
      vertex -10.4412 -20.9 0
    endloop
  endfacet
  facet normal 0 0 -1
    outer loop
      vertex 10.6623 -21.2044 0
      vertex -10.6623 -21.2044 0
      vertex -10.5438 -21.058 0
    endloop
  endfacet
  facet normal 0 0 -1
    outer loop
      vertex 10.7956 -21.3377 0
      vertex -10.7956 -21.3377 0
      vertex -10.6623 -21.2044 0
    endloop
  endfacet
  facet normal 0 0 -1
    outer loop
      vertex 10.942 -21.4562 0
      vertex -10.942 -21.4562 0
      vertex -10.7956 -21.3377 0
    endloop
  endfacet
  facet normal 0 0 -1
    outer loop
      vertex 11.1 -21.5588 0
      vertex -11.1 -21.5588 0
      vertex -10.942 -21.4562 0
    endloop
  endfacet
  facet normal 0 0 -1
    outer loop
      vertex 11.2679 -21.6444 0
      vertex -11.2679 -21.6444 0
      vertex -11.1 -21.5588 0
    endloop
  endfacet
  facet normal 0 0 -1
    outer loop
      vertex 11.4438 -21.7119 0
      vertex -11.4438 -21.7119 0
      vertex -11.2679 -21.6444 0
    endloop
  endfacet
  facet normal 0 0 -1
    outer loop
      vertex 11.6258 -21.7607 0
      vertex -11.6258 -21.7607 0
      vertex -11.4438 -21.7119 0
    endloop
  endfacet
  facet normal 0 0 -1
    outer loop
      vertex 11.8118 -21.7901 0
      vertex -11.8118 -21.7901 0
      vertex -11.6258 -21.7607 0
    endloop
  endfacet
  facet normal 0 0 -1
    outer loop
      vertex -20 -23 0
      vertex -11.8118 -21.7901 0
      vertex 20 -23 0
    endloop
  endfacet
  facet normal -0 0 -1
    outer loop
      vertex -13.7901 -20.1882 0
      vertex -20 -23 0
      vertex -13.8 -20 0
    endloop
  endfacet
  facet normal -0 0 -1
    outer loop
      vertex -13.7607 -20.3742 0
      vertex -20 -23 0
      vertex -13.7901 -20.1882 0
    endloop
  endfacet
  facet normal -0 0 -1
    outer loop
      vertex -13.7119 -20.5562 0
      vertex -20 -23 0
      vertex -13.7607 -20.3742 0
    endloop
  endfacet
  facet normal -0 0 -1
    outer loop
      vertex -13.6444 -20.7321 0
      vertex -20 -23 0
      vertex -13.7119 -20.5562 0
    endloop
  endfacet
  facet normal -0 0 -1
    outer loop
      vertex -13.5588 -20.9 0
      vertex -20 -23 0
      vertex -13.6444 -20.7321 0
    endloop
  endfacet
  facet normal -0 0 -1
    outer loop
      vertex -13.4562 -21.058 0
      vertex -20 -23 0
      vertex -13.5588 -20.9 0
    endloop
  endfacet
  facet normal -0 0 -1
    outer loop
      vertex -13.3377 -21.2044 0
      vertex -20 -23 0
      vertex -13.4562 -21.058 0
    endloop
  endfacet
  facet normal -0 0 -1
    outer loop
      vertex -13.2044 -21.3377 0
      vertex -20 -23 0
      vertex -13.3377 -21.2044 0
    endloop
  endfacet
  facet normal -0 0 -1
    outer loop
      vertex -13.058 -21.4562 0
      vertex -20 -23 0
      vertex -13.2044 -21.3377 0
    endloop
  endfacet
  facet normal -0 0 -1
    outer loop
      vertex -12.9 -21.5588 0
      vertex -20 -23 0
      vertex -13.058 -21.4562 0
    endloop
  endfacet
  facet normal -0 0 -1
    outer loop
      vertex -12.7321 -21.6444 0
      vertex -20 -23 0
      vertex -12.9 -21.5588 0
    endloop
  endfacet
  facet normal -0 0 -1
    outer loop
      vertex -12.5562 -21.7119 0
      vertex -20 -23 0
      vertex -12.7321 -21.6444 0
    endloop
  endfacet
  facet normal -0 0 -1
    outer loop
      vertex -12.3742 -21.7607 0
      vertex -20 -23 0
      vertex -12.5562 -21.7119 0
    endloop
  endfacet
  facet normal -0 0 -1
    outer loop
      vertex -12.1882 -21.7901 0
      vertex -20 -23 0
      vertex -12.3742 -21.7607 0
    endloop
  endfacet
  facet normal -0 0 -1
    outer loop
      vertex -12 -21.8 0
      vertex -20 -23 0
      vertex -12.1882 -21.7901 0
    endloop
  endfacet
  facet normal 0 0 -1
    outer loop
      vertex -11.8118 -21.7901 0
      vertex -20 -23 0
      vertex -12 -21.8 0
    endloop
  endfacet
  facet normal 0 0 -1
    outer loop
      vertex 13.7901 -19.8118 0
      vertex 20 -17 0
      vertex 13.8 -20 0
    endloop
  endfacet
  facet normal 0 0 -1
    outer loop
      vertex 13.7607 -19.6258 0
      vertex 20 -17 0
      vertex 13.7901 -19.8118 0
    endloop
  endfacet
  facet normal 0 0 -1
    outer loop
      vertex 13.7119 -19.4438 0
      vertex 20 -17 0
      vertex 13.7607 -19.6258 0
    endloop
  endfacet
  facet normal 0 0 -1
    outer loop
      vertex 13.6444 -19.2679 0
      vertex 20 -17 0
      vertex 13.7119 -19.4438 0
    endloop
  endfacet
  facet normal 0 0 -1
    outer loop
      vertex 13.5588 -19.1 0
      vertex 20 -17 0
      vertex 13.6444 -19.2679 0
    endloop
  endfacet
  facet normal 0 0 -1
    outer loop
      vertex 13.4562 -18.942 0
      vertex 20 -17 0
      vertex 13.5588 -19.1 0
    endloop
  endfacet
  facet normal 0 0 -1
    outer loop
      vertex 13.3377 -18.7956 0
      vertex 20 -17 0
      vertex 13.4562 -18.942 0
    endloop
  endfacet
  facet normal 0 0 -1
    outer loop
      vertex 13.2044 -18.6623 0
      vertex 20 -17 0
      vertex 13.3377 -18.7956 0
    endloop
  endfacet
  facet normal 0 0 -1
    outer loop
      vertex 13.058 -18.5438 0
      vertex 20 -17 0
      vertex 13.2044 -18.6623 0
    endloop
  endfacet
  facet normal 0 0 -1
    outer loop
      vertex 12.9 -18.4412 0
      vertex 20 -17 0
      vertex 13.058 -18.5438 0
    endloop
  endfacet
  facet normal 0 0 -1
    outer loop
      vertex 12.7321 -18.3556 0
      vertex 20 -17 0
      vertex 12.9 -18.4412 0
    endloop
  endfacet
  facet normal 0 0 -1
    outer loop
      vertex 12.5562 -18.2881 0
      vertex 20 -17 0
      vertex 12.7321 -18.3556 0
    endloop
  endfacet
  facet normal 0 0 -1
    outer loop
      vertex 12.3742 -18.2393 0
      vertex 20 -17 0
      vertex 12.5562 -18.2881 0
    endloop
  endfacet
  facet normal 0 0 -1
    outer loop
      vertex 12.1882 -18.2099 0
      vertex 20 -17 0
      vertex 12.3742 -18.2393 0
    endloop
  endfacet
  facet normal 0 0 -1
    outer loop
      vertex 12 -18.2 0
      vertex 20 -17 0
      vertex 12.1882 -18.2099 0
    endloop
  endfacet
  facet normal 0 0 -1
    outer loop
      vertex 11.8118 -18.2099 0
      vertex 20 -17 0
      vertex 12 -18.2 0
    endloop
  endfacet
  facet normal 0 0 -1
    outer loop
      vertex -10.2 -20 0
      vertex 10.2099 -19.8118 0
      vertex 10.2 -20 0
    endloop
  endfacet
  facet normal 0 0 -1
    outer loop
      vertex -10.2099 -19.8118 0
      vertex 10.2099 -19.8118 0
      vertex -10.2 -20 0
    endloop
  endfacet
  facet normal 0 0 -1
    outer loop
      vertex 10.2099 -19.8118 0
      vertex -10.2099 -19.8118 0
      vertex 10.2393 -19.6258 0
    endloop
  endfacet
  facet normal 0 0 -1
    outer loop
      vertex -10.2393 -19.6258 0
      vertex 10.2393 -19.6258 0
      vertex -10.2099 -19.8118 0
    endloop
  endfacet
  facet normal 0 0 -1
    outer loop
      vertex 10.2393 -19.6258 0
      vertex -10.2393 -19.6258 0
      vertex 10.2881 -19.4438 0
    endloop
  endfacet
  facet normal 0 0 -1
    outer loop
      vertex -10.2881 -19.4438 0
      vertex 10.2881 -19.4438 0
      vertex -10.2393 -19.6258 0
    endloop
  endfacet
  facet normal 0 0 -1
    outer loop
      vertex 10.2881 -19.4438 0
      vertex -10.2881 -19.4438 0
      vertex 10.3556 -19.2679 0
    endloop
  endfacet
  facet normal 0 0 -1
    outer loop
      vertex -10.3556 -19.2679 0
      vertex 10.3556 -19.2679 0
      vertex -10.2881 -19.4438 0
    endloop
  endfacet
  facet normal 0 0 -1
    outer loop
      vertex 10.3556 -19.2679 0
      vertex -10.3556 -19.2679 0
      vertex 10.4412 -19.1 0
    endloop
  endfacet
  facet normal 0 0 -1
    outer loop
      vertex -10.4412 -19.1 0
      vertex 10.4412 -19.1 0
      vertex -10.3556 -19.2679 0
    endloop
  endfacet
  facet normal 0 0 -1
    outer loop
      vertex 10.4412 -19.1 0
      vertex -10.4412 -19.1 0
      vertex 10.5438 -18.942 0
    endloop
  endfacet
  facet normal 0 0 -1
    outer loop
      vertex -10.5438 -18.942 0
      vertex 10.5438 -18.942 0
      vertex -10.4412 -19.1 0
    endloop
  endfacet
  facet normal 0 0 -1
    outer loop
      vertex 10.5438 -18.942 0
      vertex -10.5438 -18.942 0
      vertex 10.6623 -18.7956 0
    endloop
  endfacet
  facet normal 0 0 -1
    outer loop
      vertex -10.6623 -18.7956 0
      vertex 10.6623 -18.7956 0
      vertex -10.5438 -18.942 0
    endloop
  endfacet
  facet normal 0 0 -1
    outer loop
      vertex 10.6623 -18.7956 0
      vertex -10.6623 -18.7956 0
      vertex 10.7956 -18.6623 0
    endloop
  endfacet
  facet normal 0 0 -1
    outer loop
      vertex -10.7956 -18.6623 0
      vertex 10.7956 -18.6623 0
      vertex -10.6623 -18.7956 0
    endloop
  endfacet
  facet normal 0 0 -1
    outer loop
      vertex 10.7956 -18.6623 0
      vertex -10.7956 -18.6623 0
      vertex 10.942 -18.5438 0
    endloop
  endfacet
  facet normal 0 0 -1
    outer loop
      vertex -10.942 -18.5438 0
      vertex 10.942 -18.5438 0
      vertex -10.7956 -18.6623 0
    endloop
  endfacet
  facet normal 0 0 -1
    outer loop
      vertex 10.942 -18.5438 0
      vertex -10.942 -18.5438 0
      vertex 11.1 -18.4412 0
    endloop
  endfacet
  facet normal 0 0 -1
    outer loop
      vertex -11.1 -18.4412 0
      vertex 11.1 -18.4412 0
      vertex -10.942 -18.5438 0
    endloop
  endfacet
  facet normal 0 0 -1
    outer loop
      vertex 11.1 -18.4412 0
      vertex -11.1 -18.4412 0
      vertex 11.2679 -18.3556 0
    endloop
  endfacet
  facet normal 0 0 -1
    outer loop
      vertex -11.2679 -18.3556 0
      vertex 11.2679 -18.3556 0
      vertex -11.1 -18.4412 0
    endloop
  endfacet
  facet normal 0 0 -1
    outer loop
      vertex 11.2679 -18.3556 0
      vertex -11.2679 -18.3556 0
      vertex 11.4438 -18.2881 0
    endloop
  endfacet
  facet normal 0 0 -1
    outer loop
      vertex -11.4438 -18.2881 0
      vertex 11.4438 -18.2881 0
      vertex -11.2679 -18.3556 0
    endloop
  endfacet
  facet normal 0 0 -1
    outer loop
      vertex 11.4438 -18.2881 0
      vertex -11.4438 -18.2881 0
      vertex 11.6258 -18.2393 0
    endloop
  endfacet
  facet normal 0 0 -1
    outer loop
      vertex -11.6258 -18.2393 0
      vertex 11.6258 -18.2393 0
      vertex -11.4438 -18.2881 0
    endloop
  endfacet
  facet normal 0 0 -1
    outer loop
      vertex 11.6258 -18.2393 0
      vertex -11.6258 -18.2393 0
      vertex 11.8118 -18.2099 0
    endloop
  endfacet
  facet normal 0 0 -1
    outer loop
      vertex -11.8118 -18.2099 0
      vertex 11.8118 -18.2099 0
      vertex -11.6258 -18.2393 0
    endloop
  endfacet
  facet normal 0 0 -1
    outer loop
      vertex 11.8118 -18.2099 0
      vertex -11.8118 -18.2099 0
      vertex 20 -17 0
    endloop
  endfacet
  facet normal 0 0 -1
    outer loop
      vertex -20 -17 0
      vertex -11.8118 -18.2099 0
      vertex -12 -18.2 0
    endloop
  endfacet
  facet normal 0 0 -1
    outer loop
      vertex -20 -17 0
      vertex -13.8 -20 0
      vertex -20 -23 0
    endloop
  endfacet
  facet normal 0 0 -1
    outer loop
      vertex -13.8 -20 0
      vertex -20 -17 0
      vertex -13.7901 -19.8118 0
    endloop
  endfacet
  facet normal 0 0 -1
    outer loop
      vertex -13.7901 -19.8118 0
      vertex -20 -17 0
      vertex -13.7607 -19.6258 0
    endloop
  endfacet
  facet normal 0 0 -1
    outer loop
      vertex -13.7607 -19.6258 0
      vertex -20 -17 0
      vertex -13.7119 -19.4438 0
    endloop
  endfacet
  facet normal 0 0 -1
    outer loop
      vertex -13.7119 -19.4438 0
      vertex -20 -17 0
      vertex -13.6444 -19.2679 0
    endloop
  endfacet
  facet normal 0 0 -1
    outer loop
      vertex -13.6444 -19.2679 0
      vertex -20 -17 0
      vertex -13.5588 -19.1 0
    endloop
  endfacet
  facet normal 0 0 -1
    outer loop
      vertex -13.5588 -19.1 0
      vertex -20 -17 0
      vertex -13.4562 -18.942 0
    endloop
  endfacet
  facet normal 0 0 -1
    outer loop
      vertex -13.4562 -18.942 0
      vertex -20 -17 0
      vertex -13.3377 -18.7956 0
    endloop
  endfacet
  facet normal 0 0 -1
    outer loop
      vertex -13.3377 -18.7956 0
      vertex -20 -17 0
      vertex -13.2044 -18.6623 0
    endloop
  endfacet
  facet normal 0 0 -1
    outer loop
      vertex -13.2044 -18.6623 0
      vertex -20 -17 0
      vertex -13.058 -18.5438 0
    endloop
  endfacet
  facet normal 0 0 -1
    outer loop
      vertex -11.8118 -18.2099 0
      vertex -20 -17 0
      vertex 20 -17 0
    endloop
  endfacet
  facet normal 0 0 -1
    outer loop
      vertex -12.1882 -18.2099 0
      vertex -20 -17 0
      vertex -12 -18.2 0
    endloop
  endfacet
  facet normal 0 0 -1
    outer loop
      vertex -12.3742 -18.2393 0
      vertex -20 -17 0
      vertex -12.1882 -18.2099 0
    endloop
  endfacet
  facet normal 0 0 -1
    outer loop
      vertex -12.5562 -18.2881 0
      vertex -20 -17 0
      vertex -12.3742 -18.2393 0
    endloop
  endfacet
  facet normal 0 0 -1
    outer loop
      vertex -12.7321 -18.3556 0
      vertex -20 -17 0
      vertex -12.5562 -18.2881 0
    endloop
  endfacet
  facet normal 0 0 -1
    outer loop
      vertex -12.9 -18.4412 0
      vertex -20 -17 0
      vertex -12.7321 -18.3556 0
    endloop
  endfacet
  facet normal 0 0 -1
    outer loop
      vertex -13.058 -18.5438 0
      vertex -20 -17 0
      vertex -12.9 -18.4412 0
    endloop
  endfacet
  facet normal 0 0 1
    outer loop
      vertex -13.7898 -17 3
      vertex -20 -17 3
      vertex -15.5218 -20 3
    endloop
  endfacet
  facet normal 0 0 1
    outer loop
      vertex -20 -23 3
      vertex -15.5218 -20 3
      vertex -20 -17 3
    endloop
  endfacet
  facet normal 0 0 1
    outer loop
      vertex -15.5218 -20 3
      vertex -20 -23 3
      vertex -13.7898 -23 3
    endloop
  endfacet
  facet normal 0 0 1
    outer loop
      vertex 20 -17 3
      vertex 15.5218 -20 3
      vertex 20 -23 3
    endloop
  endfacet
  facet normal 0 -0 1
    outer loop
      vertex 15.5218 -20 3
      vertex 20 -17 3
      vertex 13.7898 -17 3
    endloop
  endfacet
  facet normal 0 0 1
    outer loop
      vertex 20 -23 3
      vertex 15.5218 -20 3
      vertex 13.7898 -23 3
    endloop
  endfacet
  facet normal 0 0 1
    outer loop
      vertex 10.2102 -17 3
      vertex -8.47816 -20 3
      vertex 8.47816 -20 3
    endloop
  endfacet
  facet normal 0 -0 1
    outer loop
      vertex -8.47816 -20 3
      vertex 10.2102 -17 3
      vertex -10.2102 -17 3
    endloop
  endfacet
  facet normal -0 0 1
    outer loop
      vertex -8.47816 -20 3
      vertex 10.2102 -23 3
      vertex 8.47816 -20 3
    endloop
  endfacet
  facet normal 0 0 1
    outer loop
      vertex 10.2102 -23 3
      vertex -8.47816 -20 3
      vertex -10.2102 -23 3
    endloop
  endfacet
  facet normal 0 0 -1
    outer loop
      vertex 20 17 0
      vertex 13.8 20 0
      vertex 20 23 0
    endloop
  endfacet
  facet normal 0 0 -1
    outer loop
      vertex 20 17 0
      vertex 13.7901 19.8118 0
      vertex 13.8 20 0
    endloop
  endfacet
  facet normal 0 0 -1
    outer loop
      vertex 20 17 0
      vertex 13.7607 19.6258 0
      vertex 13.7901 19.8118 0
    endloop
  endfacet
  facet normal 0 0 -1
    outer loop
      vertex 20 17 0
      vertex 13.7119 19.4438 0
      vertex 13.7607 19.6258 0
    endloop
  endfacet
  facet normal 0 0 -1
    outer loop
      vertex 20 17 0
      vertex 13.6444 19.2679 0
      vertex 13.7119 19.4438 0
    endloop
  endfacet
  facet normal 0 0 -1
    outer loop
      vertex 20 17 0
      vertex 13.5588 19.1 0
      vertex 13.6444 19.2679 0
    endloop
  endfacet
  facet normal 0 0 -1
    outer loop
      vertex 20 17 0
      vertex 13.4562 18.942 0
      vertex 13.5588 19.1 0
    endloop
  endfacet
  facet normal 0 0 -1
    outer loop
      vertex 20 17 0
      vertex 13.3377 18.7956 0
      vertex 13.4562 18.942 0
    endloop
  endfacet
  facet normal 0 0 -1
    outer loop
      vertex 20 17 0
      vertex 13.2044 18.6623 0
      vertex 13.3377 18.7956 0
    endloop
  endfacet
  facet normal 0 0 -1
    outer loop
      vertex 20 17 0
      vertex 13.058 18.5438 0
      vertex 13.2044 18.6623 0
    endloop
  endfacet
  facet normal 0 0 -1
    outer loop
      vertex 20 17 0
      vertex 12.9 18.4412 0
      vertex 13.058 18.5438 0
    endloop
  endfacet
  facet normal 0 0 -1
    outer loop
      vertex 20 17 0
      vertex 12.7321 18.3556 0
      vertex 12.9 18.4412 0
    endloop
  endfacet
  facet normal 0 0 -1
    outer loop
      vertex 20 17 0
      vertex 12.5562 18.2881 0
      vertex 12.7321 18.3556 0
    endloop
  endfacet
  facet normal 0 0 -1
    outer loop
      vertex 20 17 0
      vertex 12.3742 18.2393 0
      vertex 12.5562 18.2881 0
    endloop
  endfacet
  facet normal 0 0 -1
    outer loop
      vertex 20 17 0
      vertex 12.1882 18.2099 0
      vertex 12.3742 18.2393 0
    endloop
  endfacet
  facet normal 0 0 -1
    outer loop
      vertex 20 17 0
      vertex 12 18.2 0
      vertex 12.1882 18.2099 0
    endloop
  endfacet
  facet normal 0 0 -1
    outer loop
      vertex 20 17 0
      vertex 11.8118 18.2099 0
      vertex 12 18.2 0
    endloop
  endfacet
  facet normal 0 0 -1
    outer loop
      vertex 10.2099 19.8118 0
      vertex -10.2 20 0
      vertex 10.2 20 0
    endloop
  endfacet
  facet normal 0 0 -1
    outer loop
      vertex -10.2099 19.8118 0
      vertex 10.2099 19.8118 0
      vertex 10.2393 19.6258 0
    endloop
  endfacet
  facet normal 0 0 -1
    outer loop
      vertex -10.2393 19.6258 0
      vertex 10.2393 19.6258 0
      vertex 10.2881 19.4438 0
    endloop
  endfacet
  facet normal 0 0 -1
    outer loop
      vertex -10.2881 19.4438 0
      vertex 10.2881 19.4438 0
      vertex 10.3556 19.2679 0
    endloop
  endfacet
  facet normal 0 0 -1
    outer loop
      vertex -10.3556 19.2679 0
      vertex 10.3556 19.2679 0
      vertex 10.4412 19.1 0
    endloop
  endfacet
  facet normal 0 0 -1
    outer loop
      vertex -10.4412 19.1 0
      vertex 10.4412 19.1 0
      vertex 10.5438 18.942 0
    endloop
  endfacet
  facet normal 0 0 -1
    outer loop
      vertex -10.5438 18.942 0
      vertex 10.5438 18.942 0
      vertex 10.6623 18.7956 0
    endloop
  endfacet
  facet normal 0 0 -1
    outer loop
      vertex -10.6623 18.7956 0
      vertex 10.6623 18.7956 0
      vertex 10.7956 18.6623 0
    endloop
  endfacet
  facet normal 0 0 -1
    outer loop
      vertex -10.7956 18.6623 0
      vertex 10.7956 18.6623 0
      vertex 10.942 18.5438 0
    endloop
  endfacet
  facet normal 0 0 -1
    outer loop
      vertex -10.942 18.5438 0
      vertex 10.942 18.5438 0
      vertex 11.1 18.4412 0
    endloop
  endfacet
  facet normal 0 0 -1
    outer loop
      vertex -11.1 18.4412 0
      vertex 11.1 18.4412 0
      vertex 11.2679 18.3556 0
    endloop
  endfacet
  facet normal 0 0 -1
    outer loop
      vertex -11.2679 18.3556 0
      vertex 11.2679 18.3556 0
      vertex 11.4438 18.2881 0
    endloop
  endfacet
  facet normal 0 0 -1
    outer loop
      vertex -11.4438 18.2881 0
      vertex 11.4438 18.2881 0
      vertex 11.6258 18.2393 0
    endloop
  endfacet
  facet normal 0 0 -1
    outer loop
      vertex -11.6258 18.2393 0
      vertex 11.6258 18.2393 0
      vertex 11.8118 18.2099 0
    endloop
  endfacet
  facet normal 0 0 -1
    outer loop
      vertex -11.8118 18.2099 0
      vertex 11.8118 18.2099 0
      vertex 20 17 0
    endloop
  endfacet
  facet normal 0 0 -1
    outer loop
      vertex 10.2099 19.8118 0
      vertex -10.2099 19.8118 0
      vertex -10.2 20 0
    endloop
  endfacet
  facet normal 0 0 -1
    outer loop
      vertex 10.2393 19.6258 0
      vertex -10.2393 19.6258 0
      vertex -10.2099 19.8118 0
    endloop
  endfacet
  facet normal 0 0 -1
    outer loop
      vertex 10.2881 19.4438 0
      vertex -10.2881 19.4438 0
      vertex -10.2393 19.6258 0
    endloop
  endfacet
  facet normal 0 0 -1
    outer loop
      vertex 10.3556 19.2679 0
      vertex -10.3556 19.2679 0
      vertex -10.2881 19.4438 0
    endloop
  endfacet
  facet normal 0 0 -1
    outer loop
      vertex 10.4412 19.1 0
      vertex -10.4412 19.1 0
      vertex -10.3556 19.2679 0
    endloop
  endfacet
  facet normal 0 0 -1
    outer loop
      vertex 10.5438 18.942 0
      vertex -10.5438 18.942 0
      vertex -10.4412 19.1 0
    endloop
  endfacet
  facet normal 0 0 -1
    outer loop
      vertex 10.6623 18.7956 0
      vertex -10.6623 18.7956 0
      vertex -10.5438 18.942 0
    endloop
  endfacet
  facet normal 0 0 -1
    outer loop
      vertex 10.7956 18.6623 0
      vertex -10.7956 18.6623 0
      vertex -10.6623 18.7956 0
    endloop
  endfacet
  facet normal 0 0 -1
    outer loop
      vertex 10.942 18.5438 0
      vertex -10.942 18.5438 0
      vertex -10.7956 18.6623 0
    endloop
  endfacet
  facet normal 0 0 -1
    outer loop
      vertex 11.1 18.4412 0
      vertex -11.1 18.4412 0
      vertex -10.942 18.5438 0
    endloop
  endfacet
  facet normal 0 0 -1
    outer loop
      vertex 11.2679 18.3556 0
      vertex -11.2679 18.3556 0
      vertex -11.1 18.4412 0
    endloop
  endfacet
  facet normal 0 0 -1
    outer loop
      vertex 11.4438 18.2881 0
      vertex -11.4438 18.2881 0
      vertex -11.2679 18.3556 0
    endloop
  endfacet
  facet normal 0 0 -1
    outer loop
      vertex 11.6258 18.2393 0
      vertex -11.6258 18.2393 0
      vertex -11.4438 18.2881 0
    endloop
  endfacet
  facet normal 0 0 -1
    outer loop
      vertex 11.8118 18.2099 0
      vertex -11.8118 18.2099 0
      vertex -11.6258 18.2393 0
    endloop
  endfacet
  facet normal 0 0 -1
    outer loop
      vertex -20 17 0
      vertex -11.8118 18.2099 0
      vertex 20 17 0
    endloop
  endfacet
  facet normal -0 0 -1
    outer loop
      vertex -13.7901 19.8118 0
      vertex -20 17 0
      vertex -13.8 20 0
    endloop
  endfacet
  facet normal -0 0 -1
    outer loop
      vertex -13.7607 19.6258 0
      vertex -20 17 0
      vertex -13.7901 19.8118 0
    endloop
  endfacet
  facet normal -0 0 -1
    outer loop
      vertex -13.7119 19.4438 0
      vertex -20 17 0
      vertex -13.7607 19.6258 0
    endloop
  endfacet
  facet normal -0 0 -1
    outer loop
      vertex -13.6444 19.2679 0
      vertex -20 17 0
      vertex -13.7119 19.4438 0
    endloop
  endfacet
  facet normal -0 0 -1
    outer loop
      vertex -13.5588 19.1 0
      vertex -20 17 0
      vertex -13.6444 19.2679 0
    endloop
  endfacet
  facet normal -0 0 -1
    outer loop
      vertex -13.4562 18.942 0
      vertex -20 17 0
      vertex -13.5588 19.1 0
    endloop
  endfacet
  facet normal -0 0 -1
    outer loop
      vertex -13.3377 18.7956 0
      vertex -20 17 0
      vertex -13.4562 18.942 0
    endloop
  endfacet
  facet normal -0 0 -1
    outer loop
      vertex -13.2044 18.6623 0
      vertex -20 17 0
      vertex -13.3377 18.7956 0
    endloop
  endfacet
  facet normal -0 0 -1
    outer loop
      vertex -13.058 18.5438 0
      vertex -20 17 0
      vertex -13.2044 18.6623 0
    endloop
  endfacet
  facet normal -0 0 -1
    outer loop
      vertex -12.9 18.4412 0
      vertex -20 17 0
      vertex -13.058 18.5438 0
    endloop
  endfacet
  facet normal -0 0 -1
    outer loop
      vertex -12.7321 18.3556 0
      vertex -20 17 0
      vertex -12.9 18.4412 0
    endloop
  endfacet
  facet normal -0 0 -1
    outer loop
      vertex -12.5562 18.2881 0
      vertex -20 17 0
      vertex -12.7321 18.3556 0
    endloop
  endfacet
  facet normal -0 0 -1
    outer loop
      vertex -12.3742 18.2393 0
      vertex -20 17 0
      vertex -12.5562 18.2881 0
    endloop
  endfacet
  facet normal -0 0 -1
    outer loop
      vertex -12.1882 18.2099 0
      vertex -20 17 0
      vertex -12.3742 18.2393 0
    endloop
  endfacet
  facet normal -0 0 -1
    outer loop
      vertex -12 18.2 0
      vertex -20 17 0
      vertex -12.1882 18.2099 0
    endloop
  endfacet
  facet normal 0 0 -1
    outer loop
      vertex -11.8118 18.2099 0
      vertex -20 17 0
      vertex -12 18.2 0
    endloop
  endfacet
  facet normal 0 0 -1
    outer loop
      vertex 13.7901 20.1882 0
      vertex 20 23 0
      vertex 13.8 20 0
    endloop
  endfacet
  facet normal 0 0 -1
    outer loop
      vertex 13.7607 20.3742 0
      vertex 20 23 0
      vertex 13.7901 20.1882 0
    endloop
  endfacet
  facet normal 0 0 -1
    outer loop
      vertex 13.7119 20.5562 0
      vertex 20 23 0
      vertex 13.7607 20.3742 0
    endloop
  endfacet
  facet normal 0 0 -1
    outer loop
      vertex 13.6444 20.7321 0
      vertex 20 23 0
      vertex 13.7119 20.5562 0
    endloop
  endfacet
  facet normal 0 0 -1
    outer loop
      vertex 13.5588 20.9 0
      vertex 20 23 0
      vertex 13.6444 20.7321 0
    endloop
  endfacet
  facet normal 0 0 -1
    outer loop
      vertex 13.4562 21.058 0
      vertex 20 23 0
      vertex 13.5588 20.9 0
    endloop
  endfacet
  facet normal 0 0 -1
    outer loop
      vertex 13.3377 21.2044 0
      vertex 20 23 0
      vertex 13.4562 21.058 0
    endloop
  endfacet
  facet normal 0 0 -1
    outer loop
      vertex 13.2044 21.3377 0
      vertex 20 23 0
      vertex 13.3377 21.2044 0
    endloop
  endfacet
  facet normal 0 0 -1
    outer loop
      vertex 13.058 21.4562 0
      vertex 20 23 0
      vertex 13.2044 21.3377 0
    endloop
  endfacet
  facet normal 0 0 -1
    outer loop
      vertex 12.9 21.5588 0
      vertex 20 23 0
      vertex 13.058 21.4562 0
    endloop
  endfacet
  facet normal 0 0 -1
    outer loop
      vertex 12.7321 21.6444 0
      vertex 20 23 0
      vertex 12.9 21.5588 0
    endloop
  endfacet
  facet normal 0 0 -1
    outer loop
      vertex 12.5562 21.7119 0
      vertex 20 23 0
      vertex 12.7321 21.6444 0
    endloop
  endfacet
  facet normal 0 0 -1
    outer loop
      vertex 12.3742 21.7607 0
      vertex 20 23 0
      vertex 12.5562 21.7119 0
    endloop
  endfacet
  facet normal 0 0 -1
    outer loop
      vertex 12.1882 21.7901 0
      vertex 20 23 0
      vertex 12.3742 21.7607 0
    endloop
  endfacet
  facet normal 0 0 -1
    outer loop
      vertex 12 21.8 0
      vertex 20 23 0
      vertex 12.1882 21.7901 0
    endloop
  endfacet
  facet normal 0 0 -1
    outer loop
      vertex 11.8118 21.7901 0
      vertex 20 23 0
      vertex 12 21.8 0
    endloop
  endfacet
  facet normal 0 0 -1
    outer loop
      vertex -10.2 20 0
      vertex 10.2099 20.1882 0
      vertex 10.2 20 0
    endloop
  endfacet
  facet normal 0 0 -1
    outer loop
      vertex -10.2099 20.1882 0
      vertex 10.2099 20.1882 0
      vertex -10.2 20 0
    endloop
  endfacet
  facet normal 0 0 -1
    outer loop
      vertex 10.2099 20.1882 0
      vertex -10.2099 20.1882 0
      vertex 10.2393 20.3742 0
    endloop
  endfacet
  facet normal 0 0 -1
    outer loop
      vertex -10.2393 20.3742 0
      vertex 10.2393 20.3742 0
      vertex -10.2099 20.1882 0
    endloop
  endfacet
  facet normal 0 0 -1
    outer loop
      vertex 10.2393 20.3742 0
      vertex -10.2393 20.3742 0
      vertex 10.2881 20.5562 0
    endloop
  endfacet
  facet normal 0 0 -1
    outer loop
      vertex -10.2881 20.5562 0
      vertex 10.2881 20.5562 0
      vertex -10.2393 20.3742 0
    endloop
  endfacet
  facet normal 0 0 -1
    outer loop
      vertex 10.2881 20.5562 0
      vertex -10.2881 20.5562 0
      vertex 10.3556 20.7321 0
    endloop
  endfacet
  facet normal 0 0 -1
    outer loop
      vertex -10.3556 20.7321 0
      vertex 10.3556 20.7321 0
      vertex -10.2881 20.5562 0
    endloop
  endfacet
  facet normal 0 0 -1
    outer loop
      vertex 10.3556 20.7321 0
      vertex -10.3556 20.7321 0
      vertex 10.4412 20.9 0
    endloop
  endfacet
  facet normal 0 0 -1
    outer loop
      vertex -10.4412 20.9 0
      vertex 10.4412 20.9 0
      vertex -10.3556 20.7321 0
    endloop
  endfacet
  facet normal 0 0 -1
    outer loop
      vertex 10.4412 20.9 0
      vertex -10.4412 20.9 0
      vertex 10.5438 21.058 0
    endloop
  endfacet
  facet normal 0 0 -1
    outer loop
      vertex -10.5438 21.058 0
      vertex 10.5438 21.058 0
      vertex -10.4412 20.9 0
    endloop
  endfacet
  facet normal 0 0 -1
    outer loop
      vertex 10.5438 21.058 0
      vertex -10.5438 21.058 0
      vertex 10.6623 21.2044 0
    endloop
  endfacet
  facet normal 0 0 -1
    outer loop
      vertex -10.6623 21.2044 0
      vertex 10.6623 21.2044 0
      vertex -10.5438 21.058 0
    endloop
  endfacet
  facet normal 0 0 -1
    outer loop
      vertex 10.6623 21.2044 0
      vertex -10.6623 21.2044 0
      vertex 10.7956 21.3377 0
    endloop
  endfacet
  facet normal 0 0 -1
    outer loop
      vertex -10.7956 21.3377 0
      vertex 10.7956 21.3377 0
      vertex -10.6623 21.2044 0
    endloop
  endfacet
  facet normal 0 0 -1
    outer loop
      vertex 10.7956 21.3377 0
      vertex -10.7956 21.3377 0
      vertex 10.942 21.4562 0
    endloop
  endfacet
  facet normal 0 0 -1
    outer loop
      vertex -10.942 21.4562 0
      vertex 10.942 21.4562 0
      vertex -10.7956 21.3377 0
    endloop
  endfacet
  facet normal 0 0 -1
    outer loop
      vertex 10.942 21.4562 0
      vertex -10.942 21.4562 0
      vertex 11.1 21.5588 0
    endloop
  endfacet
  facet normal 0 0 -1
    outer loop
      vertex -11.1 21.5588 0
      vertex 11.1 21.5588 0
      vertex -10.942 21.4562 0
    endloop
  endfacet
  facet normal 0 0 -1
    outer loop
      vertex 11.1 21.5588 0
      vertex -11.1 21.5588 0
      vertex 11.2679 21.6444 0
    endloop
  endfacet
  facet normal 0 0 -1
    outer loop
      vertex -11.2679 21.6444 0
      vertex 11.2679 21.6444 0
      vertex -11.1 21.5588 0
    endloop
  endfacet
  facet normal 0 0 -1
    outer loop
      vertex 11.2679 21.6444 0
      vertex -11.2679 21.6444 0
      vertex 11.4438 21.7119 0
    endloop
  endfacet
  facet normal 0 0 -1
    outer loop
      vertex -11.4438 21.7119 0
      vertex 11.4438 21.7119 0
      vertex -11.2679 21.6444 0
    endloop
  endfacet
  facet normal 0 0 -1
    outer loop
      vertex 11.4438 21.7119 0
      vertex -11.4438 21.7119 0
      vertex 11.6258 21.7607 0
    endloop
  endfacet
  facet normal 0 0 -1
    outer loop
      vertex -11.6258 21.7607 0
      vertex 11.6258 21.7607 0
      vertex -11.4438 21.7119 0
    endloop
  endfacet
  facet normal 0 0 -1
    outer loop
      vertex 11.6258 21.7607 0
      vertex -11.6258 21.7607 0
      vertex 11.8118 21.7901 0
    endloop
  endfacet
  facet normal 0 0 -1
    outer loop
      vertex -11.8118 21.7901 0
      vertex 11.8118 21.7901 0
      vertex -11.6258 21.7607 0
    endloop
  endfacet
  facet normal 0 0 -1
    outer loop
      vertex 11.8118 21.7901 0
      vertex -11.8118 21.7901 0
      vertex 20 23 0
    endloop
  endfacet
  facet normal 0 0 -1
    outer loop
      vertex -20 23 0
      vertex -11.8118 21.7901 0
      vertex -12 21.8 0
    endloop
  endfacet
  facet normal 0 0 -1
    outer loop
      vertex -20 23 0
      vertex -13.8 20 0
      vertex -20 17 0
    endloop
  endfacet
  facet normal 0 0 -1
    outer loop
      vertex -13.8 20 0
      vertex -20 23 0
      vertex -13.7901 20.1882 0
    endloop
  endfacet
  facet normal 0 0 -1
    outer loop
      vertex -13.7901 20.1882 0
      vertex -20 23 0
      vertex -13.7607 20.3742 0
    endloop
  endfacet
  facet normal 0 0 -1
    outer loop
      vertex -13.7607 20.3742 0
      vertex -20 23 0
      vertex -13.7119 20.5562 0
    endloop
  endfacet
  facet normal 0 0 -1
    outer loop
      vertex -13.7119 20.5562 0
      vertex -20 23 0
      vertex -13.6444 20.7321 0
    endloop
  endfacet
  facet normal 0 0 -1
    outer loop
      vertex -13.6444 20.7321 0
      vertex -20 23 0
      vertex -13.5588 20.9 0
    endloop
  endfacet
  facet normal 0 0 -1
    outer loop
      vertex -13.5588 20.9 0
      vertex -20 23 0
      vertex -13.4562 21.058 0
    endloop
  endfacet
  facet normal 0 0 -1
    outer loop
      vertex -13.4562 21.058 0
      vertex -20 23 0
      vertex -13.3377 21.2044 0
    endloop
  endfacet
  facet normal 0 0 -1
    outer loop
      vertex -13.3377 21.2044 0
      vertex -20 23 0
      vertex -13.2044 21.3377 0
    endloop
  endfacet
  facet normal 0 0 -1
    outer loop
      vertex -13.2044 21.3377 0
      vertex -20 23 0
      vertex -13.058 21.4562 0
    endloop
  endfacet
  facet normal 0 0 -1
    outer loop
      vertex -11.8118 21.7901 0
      vertex -20 23 0
      vertex 20 23 0
    endloop
  endfacet
  facet normal 0 0 -1
    outer loop
      vertex -12.1882 21.7901 0
      vertex -20 23 0
      vertex -12 21.8 0
    endloop
  endfacet
  facet normal 0 0 -1
    outer loop
      vertex -12.3742 21.7607 0
      vertex -20 23 0
      vertex -12.1882 21.7901 0
    endloop
  endfacet
  facet normal 0 0 -1
    outer loop
      vertex -12.5562 21.7119 0
      vertex -20 23 0
      vertex -12.3742 21.7607 0
    endloop
  endfacet
  facet normal 0 0 -1
    outer loop
      vertex -12.7321 21.6444 0
      vertex -20 23 0
      vertex -12.5562 21.7119 0
    endloop
  endfacet
  facet normal 0 0 -1
    outer loop
      vertex -12.9 21.5588 0
      vertex -20 23 0
      vertex -12.7321 21.6444 0
    endloop
  endfacet
  facet normal 0 0 -1
    outer loop
      vertex -13.058 21.4562 0
      vertex -20 23 0
      vertex -12.9 21.5588 0
    endloop
  endfacet
  facet normal 0 0 1
    outer loop
      vertex -13.7898 23 3
      vertex -20 23 3
      vertex -15.5218 20 3
    endloop
  endfacet
  facet normal 0 0 1
    outer loop
      vertex -20 17 3
      vertex -15.5218 20 3
      vertex -20 23 3
    endloop
  endfacet
  facet normal 0 0 1
    outer loop
      vertex -15.5218 20 3
      vertex -20 17 3
      vertex -13.7898 17 3
    endloop
  endfacet
  facet normal 0 0 1
    outer loop
      vertex 20 23 3
      vertex 15.5218 20 3
      vertex 20 17 3
    endloop
  endfacet
  facet normal 0 -0 1
    outer loop
      vertex 15.5218 20 3
      vertex 20 23 3
      vertex 13.7898 23 3
    endloop
  endfacet
  facet normal 0 0 1
    outer loop
      vertex 20 17 3
      vertex 15.5218 20 3
      vertex 13.7898 17 3
    endloop
  endfacet
  facet normal 0 0 1
    outer loop
      vertex 10.2102 23 3
      vertex -8.47816 20 3
      vertex 8.47816 20 3
    endloop
  endfacet
  facet normal 0 -0 1
    outer loop
      vertex -8.47816 20 3
      vertex 10.2102 23 3
      vertex -10.2102 23 3
    endloop
  endfacet
  facet normal -0 0 1
    outer loop
      vertex -8.47816 20 3
      vertex 10.2102 17 3
      vertex 8.47816 20 3
    endloop
  endfacet
  facet normal 0 0 1
    outer loop
      vertex 10.2102 17 3
      vertex -8.47816 20 3
      vertex -10.2102 17 3
    endloop
  endfacet
  facet normal 1 0 0
    outer loop
      vertex 39.3 12.8 90.35
      vertex 39.3 11.8 88.35
      vertex 39.3 12.8 88.35
    endloop
  endfacet
  facet normal 1 0 0
    outer loop
      vertex 39.3 11.8 88.35
      vertex 39.3 6.3 88.35
      vertex 39.3 11.8 87.15
    endloop
  endfacet
  facet normal 1 0 0
    outer loop
      vertex 39.3 12.8 90.35
      vertex 39.3 6.3 88.35
      vertex 39.3 11.8 88.35
    endloop
  endfacet
  facet normal 1 0 0
    outer loop
      vertex 39.3 12.8 90.35
      vertex 39.3 -6.3 88.35
      vertex 39.3 6.3 88.35
    endloop
  endfacet
  facet normal 1 0 0
    outer loop
      vertex 39.3 -6.3 88.35
      vertex 39.3 -11.8 88.35
      vertex 39.3 -6.3 87.15
    endloop
  endfacet
  facet normal 1 -0 0
    outer loop
      vertex 39.3 -12.8 90.35
      vertex 39.3 -6.3 88.35
      vertex 39.3 12.8 90.35
    endloop
  endfacet
  facet normal 1 0 0
    outer loop
      vertex 39.3 -6.3 88.35
      vertex 39.3 -12.8 90.35
      vertex 39.3 -11.8 88.35
    endloop
  endfacet
  facet normal 1 0 0
    outer loop
      vertex 39.3 -11.8 88.35
      vertex 39.3 -12.8 90.35
      vertex 39.3 -12.8 88.35
    endloop
  endfacet
  facet normal 1 0 0
    outer loop
      vertex 39.3 11.8 87.15
      vertex 39.3 6.3 88.35
      vertex 39.3 6.3 87.15
    endloop
  endfacet
  facet normal 1 0 0
    outer loop
      vertex 39.3 -6.3 87.15
      vertex 39.3 -11.8 88.35
      vertex 39.3 -11.8 87.15
    endloop
  endfacet
  facet normal 0 0 -1
    outer loop
      vertex 39.3 -11.8 87.15
      vertex 33.3 -10.3 87.15
      vertex 39.3 -6.3 87.15
    endloop
  endfacet
  facet normal 0 0 -1
    outer loop
      vertex -6 -11.8 87.15
      vertex 33.3 -10.3 87.15
      vertex 39.3 -11.8 87.15
    endloop
  endfacet
  facet normal -0 0 -1
    outer loop
      vertex -5 -10.3 87.15
      vertex -6 -11.8 87.15
      vertex -5 -7.8 87.15
    endloop
  endfacet
  facet normal -0 0 -1
    outer loop
      vertex 33.3 -10.3 87.15
      vertex -6 -11.8 87.15
      vertex -5 -10.3 87.15
    endloop
  endfacet
  facet normal 0 0 -1
    outer loop
      vertex 33.3 -7.8 87.15
      vertex 39.3 -6.3 87.15
      vertex 33.3 -10.3 87.15
    endloop
  endfacet
  facet normal 0 0 -1
    outer loop
      vertex 2.86217 -6.3 87.15
      vertex 33.3 -7.8 87.15
      vertex 2.86217 -7.8 87.15
    endloop
  endfacet
  facet normal 0 0 -1
    outer loop
      vertex 33.3 -7.8 87.15
      vertex 2.86217 -6.3 87.15
      vertex 39.3 -6.3 87.15
    endloop
  endfacet
  facet normal 0 0 -1
    outer loop
      vertex -5 -7.8 87.15
      vertex -0.0499992 -6.3 87.15
      vertex -0.0499992 -7.8 87.15
    endloop
  endfacet
  facet normal 0 0 -1
    outer loop
      vertex -5 -7.8 87.15
      vertex -6 -6.3 87.15
      vertex -0.0499992 -6.3 87.15
    endloop
  endfacet
  facet normal 0 0 -1
    outer loop
      vertex -6 -6.3 87.15
      vertex -5 -7.8 87.15
      vertex -6 -11.8 87.15
    endloop
  endfacet
  facet normal -1 0 0
    outer loop
      vertex -6 -6.3 87.15
      vertex -6 -11.8 87.15
      vertex -6 -6.3 88.35
    endloop
  endfacet
  facet normal -1 0 0
    outer loop
      vertex -6 11.8 87.15
      vertex -6 6.3 87.15
      vertex -6 11.8 88.35
    endloop
  endfacet
  facet normal -1 0 0
    outer loop
      vertex -6 11.8 88.35
      vertex -6 12.8 90.35
      vertex -6 12.8 88.35
    endloop
  endfacet
  facet normal -1 0 0
    outer loop
      vertex -6 6.3 88.35
      vertex -6 11.8 88.35
      vertex -6 6.3 87.15
    endloop
  endfacet
  facet normal -1 0 0
    outer loop
      vertex -6 11.8 88.35
      vertex -6 6.3 88.35
      vertex -6 12.8 90.35
    endloop
  endfacet
  facet normal -1 0 0
    outer loop
      vertex -6 -6.3 88.35
      vertex -6 12.8 90.35
      vertex -6 6.3 88.35
    endloop
  endfacet
  facet normal -1 0 0
    outer loop
      vertex -6 -11.8 88.35
      vertex -6 -6.3 88.35
      vertex -6 -11.8 87.15
    endloop
  endfacet
  facet normal -1 0 0
    outer loop
      vertex -6 -12.8 90.35
      vertex -6 -6.3 88.35
      vertex -6 -11.8 88.35
    endloop
  endfacet
  facet normal -1 0 0
    outer loop
      vertex -6 -12.8 90.35
      vertex -6 -11.8 88.35
      vertex -6 -12.8 88.35
    endloop
  endfacet
  facet normal -1 0 0
    outer loop
      vertex -6 -6.3 88.35
      vertex -6 -12.8 90.35
      vertex -6 12.8 90.35
    endloop
  endfacet
  facet normal 0 1 -0
    outer loop
      vertex 2.86217 -6.3 87.15
      vertex -6 -6.3 88.35
      vertex 39.3 -6.3 88.35
    endloop
  endfacet
  facet normal 0 1 0
    outer loop
      vertex 2.86217 -6.3 87.15
      vertex 39.3 -6.3 88.35
      vertex 39.3 -6.3 87.15
    endloop
  endfacet
  facet normal 0 1 0
    outer loop
      vertex -6 -6.3 88.35
      vertex 2.86217 -6.3 87.15
      vertex 0 -6.3 87.3
    endloop
  endfacet
  facet normal 0 1 -0
    outer loop
      vertex -0.0499992 -6.3 87.2974
      vertex -6 -6.3 88.35
      vertex 0 -6.3 87.3
    endloop
  endfacet
  facet normal 0 1 0
    outer loop
      vertex -6 -6.3 87.15
      vertex -0.0499992 -6.3 87.2974
      vertex -0.0499992 -6.3 87.15
    endloop
  endfacet
  facet normal 0 1 0
    outer loop
      vertex -0.0499992 -6.3 87.2974
      vertex -6 -6.3 87.15
      vertex -6 -6.3 88.35
    endloop
  endfacet
  facet normal 0 -1 0
    outer loop
      vertex -6 -11.8 87.15
      vertex 39.3 -11.8 88.35
      vertex -6 -11.8 88.35
    endloop
  endfacet
  facet normal 0 -1 -0
    outer loop
      vertex 39.3 -11.8 88.35
      vertex -6 -11.8 87.15
      vertex 39.3 -11.8 87.15
    endloop
  endfacet
  facet normal 0 0 -1
    outer loop
      vertex -0.0499992 6.3 87.15
      vertex -5 7.8 87.15
      vertex -0.0499992 7.8 87.15
    endloop
  endfacet
  facet normal -0 0 -1
    outer loop
      vertex -5 7.8 87.15
      vertex -6 6.3 87.15
      vertex -5 10.3 87.15
    endloop
  endfacet
  facet normal 0 0 -1
    outer loop
      vertex -6 6.3 87.15
      vertex -5 7.8 87.15
      vertex -0.0499992 6.3 87.15
    endloop
  endfacet
  facet normal 0 0 -1
    outer loop
      vertex 39.3 6.3 87.15
      vertex 33.3 7.8 87.15
      vertex 39.3 11.8 87.15
    endloop
  endfacet
  facet normal 0 0 -1
    outer loop
      vertex 2.86217 6.3 87.15
      vertex 33.3 7.8 87.15
      vertex 39.3 6.3 87.15
    endloop
  endfacet
  facet normal -0 0 -1
    outer loop
      vertex 33.3 7.8 87.15
      vertex 2.86217 6.3 87.15
      vertex 2.86217 7.8 87.15
    endloop
  endfacet
  facet normal 0 0 -1
    outer loop
      vertex 33.3 10.3 87.15
      vertex 39.3 11.8 87.15
      vertex 33.3 7.8 87.15
    endloop
  endfacet
  facet normal 0 0 -1
    outer loop
      vertex -6 11.8 87.15
      vertex 33.3 10.3 87.15
      vertex -5 10.3 87.15
    endloop
  endfacet
  facet normal 0 0 -1
    outer loop
      vertex 33.3 10.3 87.15
      vertex -6 11.8 87.15
      vertex 39.3 11.8 87.15
    endloop
  endfacet
  facet normal 0 0 -1
    outer loop
      vertex -6 11.8 87.15
      vertex -5 10.3 87.15
      vertex -6 6.3 87.15
    endloop
  endfacet
  facet normal 0 1 -0
    outer loop
      vertex 39.3 11.8 87.15
      vertex -6 11.8 88.35
      vertex 39.3 11.8 88.35
    endloop
  endfacet
  facet normal 0 1 0
    outer loop
      vertex -6 11.8 88.35
      vertex 39.3 11.8 87.15
      vertex -6 11.8 87.15
    endloop
  endfacet
  facet normal 0 -1 0
    outer loop
      vertex 2.86217 6.3 87.15
      vertex -6 6.3 88.35
      vertex 0 6.3 87.3
    endloop
  endfacet
  facet normal 0 -1 0
    outer loop
      vertex -6 6.3 88.35
      vertex -0.0499992 6.3 87.2974
      vertex 0 6.3 87.3
    endloop
  endfacet
  facet normal 0 -1 0
    outer loop
      vertex -6 6.3 87.15
      vertex -0.0499992 6.3 87.2974
      vertex -6 6.3 88.35
    endloop
  endfacet
  facet normal 0 -1 -0
    outer loop
      vertex -0.0499992 6.3 87.2974
      vertex -6 6.3 87.15
      vertex -0.0499992 6.3 87.15
    endloop
  endfacet
  facet normal 0 -1 0
    outer loop
      vertex -6 6.3 88.35
      vertex 2.86217 6.3 87.15
      vertex 39.3 6.3 88.35
    endloop
  endfacet
  facet normal 0 -1 -0
    outer loop
      vertex 39.3 6.3 88.35
      vertex 2.86217 6.3 87.15
      vertex 39.3 6.3 87.15
    endloop
  endfacet
  facet normal -0.707107 0 0.707107
    outer loop
      vertex -23.1224 -7.8 77.3546
      vertex -21.3546 7.8 79.1224
      vertex -23.1224 7.8 77.3546
    endloop
  endfacet
  facet normal -0.707107 0 0.707107
    outer loop
      vertex -21.3546 7.8 79.1224
      vertex -23.1224 -7.8 77.3546
      vertex -21.3546 -7.8 79.1224
    endloop
  endfacet
  facet normal -0.707107 -1.51518e-17 -0.707107
    outer loop
      vertex -23.1224 -7.8 77.3546
      vertex -18.7492 7.8 72.9814
      vertex -18.7492 -7.8 72.9814
    endloop
  endfacet
  facet normal -0.707107 -1.51518e-17 -0.707107
    outer loop
      vertex -18.7492 7.8 72.9814
      vertex -23.1224 -7.8 77.3546
      vertex -23.1224 7.8 77.3546
    endloop
  endfacet
  facet normal 0.707107 2.99466e-18 0.707107
    outer loop
      vertex -21.3546 7.8 79.1224
      vertex -16.9814 -7.8 74.7492
      vertex -16.9814 7.8 74.7492
    endloop
  endfacet
  facet normal 0.707107 2.99466e-18 0.707107
    outer loop
      vertex -16.9814 -7.8 74.7492
      vertex -21.3546 7.8 79.1224
      vertex -21.3546 -7.8 79.1224
    endloop
  endfacet
  facet normal 0 -1 0
    outer loop
      vertex -21.3546 -7.8 79.1224
      vertex -22.5567 -7.8 77.7082
      vertex -21.7082 -7.8 78.5567
    endloop
  endfacet
  facet normal 0 -1 0
    outer loop
      vertex -23.1224 -7.8 77.3546
      vertex -22.5567 -7.8 77.7082
      vertex -21.3546 -7.8 79.1224
    endloop
  endfacet
  facet normal 0 -1 0
    outer loop
      vertex -18.7492 -7.8 72.9814
      vertex -22.5567 -7.8 77.7082
      vertex -23.1224 -7.8 77.3546
    endloop
  endfacet
  facet normal 0 -1 0
    outer loop
      vertex -22.5567 -7.8 77.7082
      vertex -18.7492 -7.8 72.9814
      vertex -18.2895 -7.8 73.441
    endloop
  endfacet
  facet normal 0 -1 0
    outer loop
      vertex -21.7082 -7.8 78.5567
      vertex -16.9814 -7.8 74.7492
      vertex -21.3546 -7.8 79.1224
    endloop
  endfacet
  facet normal -0 -1 0
    outer loop
      vertex -16.9814 -7.8 74.7492
      vertex -21.7082 -7.8 78.5567
      vertex -17.441 -7.8 74.2896
    endloop
  endfacet
  facet normal 0 1 0
    outer loop
      vertex -16.9814 7.8 74.7492
      vertex -21.7082 7.8 78.5567
      vertex -21.3546 7.8 79.1224
    endloop
  endfacet
  facet normal 0 1 0
    outer loop
      vertex -21.7082 7.8 78.5567
      vertex -16.9814 7.8 74.7492
      vertex -17.441 7.8 74.2896
    endloop
  endfacet
  facet normal 0 1 0
    outer loop
      vertex -22.5567 7.8 77.7082
      vertex -21.3546 7.8 79.1224
      vertex -21.7082 7.8 78.5567
    endloop
  endfacet
  facet normal 0 1 -0
    outer loop
      vertex -22.5567 7.8 77.7082
      vertex -23.1224 7.8 77.3546
      vertex -21.3546 7.8 79.1224
    endloop
  endfacet
  facet normal 0 1 -0
    outer loop
      vertex -18.7492 7.8 72.9814
      vertex -22.5567 7.8 77.7082
      vertex -18.2895 7.8 73.441
    endloop
  endfacet
  facet normal 0 1 0
    outer loop
      vertex -22.5567 7.8 77.7082
      vertex -18.7492 7.8 72.9814
      vertex -23.1224 7.8 77.3546
    endloop
  endfacet
  facet normal -0.707107 0 -0.707107
    outer loop
      vertex -21.3546 -7.8 32.8776
      vertex -23.1224 7.8 34.6454
      vertex -21.3546 7.8 32.8776
    endloop
  endfacet
  facet normal -0.707107 -0 -0.707107
    outer loop
      vertex -23.1224 7.8 34.6454
      vertex -21.3546 -7.8 32.8776
      vertex -23.1224 -7.8 34.6454
    endloop
  endfacet
  facet normal 0.707107 -2.99466e-18 -0.707107
    outer loop
      vertex -21.3546 -7.8 32.8776
      vertex -16.9814 7.8 37.2508
      vertex -16.9814 -7.8 37.2508
    endloop
  endfacet
  facet normal 0.707107 -2.99466e-18 -0.707107
    outer loop
      vertex -16.9814 7.8 37.2508
      vertex -21.3546 -7.8 32.8776
      vertex -21.3546 7.8 32.8776
    endloop
  endfacet
  facet normal -0.707107 0 0.707107
    outer loop
      vertex -23.1224 -7.8 34.6454
      vertex -18.7492 7.8 39.0186
      vertex -23.1224 7.8 34.6454
    endloop
  endfacet
  facet normal -0.707107 0 0.707107
    outer loop
      vertex -18.7492 7.8 39.0186
      vertex -23.1224 -7.8 34.6454
      vertex -18.7492 -7.8 39.0186
    endloop
  endfacet
  facet normal 0 -1 0
    outer loop
      vertex -23.1224 -7.8 34.6454
      vertex -16.9814 -7.8 37.2508
      vertex -18.7492 -7.8 39.0186
    endloop
  endfacet
  facet normal 0 -1 0
    outer loop
      vertex -16.9814 -7.8 37.2508
      vertex -23.1224 -7.8 34.6454
      vertex -21.3546 -7.8 32.8776
    endloop
  endfacet
  facet normal 0 1 0
    outer loop
      vertex -16.9814 7.8 37.2508
      vertex -23.1224 7.8 34.6454
      vertex -18.7492 7.8 39.0186
    endloop
  endfacet
  facet normal -0 1 0
    outer loop
      vertex -23.1224 7.8 34.6454
      vertex -16.9814 7.8 37.2508
      vertex -21.3546 7.8 32.8776
    endloop
  endfacet
  facet normal 1 -0 0
    outer loop
      vertex 20 -23 3
      vertex 20 -17 0
      vertex 20 -17 3
    endloop
  endfacet
  facet normal 1 0 0
    outer loop
      vertex 20 -17 0
      vertex 20 -23 3
      vertex 20 -23 0
    endloop
  endfacet
  facet normal -1 0 0
    outer loop
      vertex -20 -23 0
      vertex -20 -17 3
      vertex -20 -17 0
    endloop
  endfacet
  facet normal -1 -0 0
    outer loop
      vertex -20 -17 3
      vertex -20 -23 0
      vertex -20 -23 3
    endloop
  endfacet
  facet normal 0 1 0
    outer loop
      vertex 20 -17 3
      vertex 13.7898 -17 1
      vertex 13.7898 -17 3
    endloop
  endfacet
  facet normal 0 1 0
    outer loop
      vertex 20 -17 0
      vertex 10.2102 -17 1
      vertex 13.7898 -17 1
    endloop
  endfacet
  facet normal 0 1 0
    outer loop
      vertex 10.2102 -17 1
      vertex 20 -17 0
      vertex -10.2102 -17 1
    endloop
  endfacet
  facet normal 0 1 0
    outer loop
      vertex -20 -17 0
      vertex -10.2102 -17 1
      vertex 20 -17 0
    endloop
  endfacet
  facet normal 0 1 -0
    outer loop
      vertex 20 -17 0
      vertex 13.7898 -17 1
      vertex 20 -17 3
    endloop
  endfacet
  facet normal 0 1 -0
    outer loop
      vertex 10.2102 -17 1
      vertex -10.2102 -17 3
      vertex 10.2102 -17 3
    endloop
  endfacet
  facet normal 0 1 0
    outer loop
      vertex -10.2102 -17 3
      vertex 10.2102 -17 1
      vertex -10.2102 -17 1
    endloop
  endfacet
  facet normal 0 1 -0
    outer loop
      vertex -13.7898 -17 1
      vertex -20 -17 3
      vertex -13.7898 -17 3
    endloop
  endfacet
  facet normal 0 1 0
    outer loop
      vertex -13.7898 -17 1
      vertex -20 -17 0
      vertex -20 -17 3
    endloop
  endfacet
  facet normal 0 1 0
    outer loop
      vertex -10.2102 -17 1
      vertex -20 -17 0
      vertex -13.7898 -17 1
    endloop
  endfacet
  facet normal 0 -1 0
    outer loop
      vertex -20 -23 3
      vertex -13.7898 -23 1
      vertex -13.7898 -23 3
    endloop
  endfacet
  facet normal 0 -1 0
    outer loop
      vertex -20 -23 0
      vertex -10.2102 -23 1
      vertex -13.7898 -23 1
    endloop
  endfacet
  facet normal 0 -1 -0
    outer loop
      vertex -10.2102 -23 1
      vertex -20 -23 0
      vertex 10.2102 -23 1
    endloop
  endfacet
  facet normal 0 -1 0
    outer loop
      vertex 20 -23 0
      vertex 10.2102 -23 1
      vertex -20 -23 0
    endloop
  endfacet
  facet normal 0 -1 0
    outer loop
      vertex -20 -23 0
      vertex -13.7898 -23 1
      vertex -20 -23 3
    endloop
  endfacet
  facet normal 0 -1 0
    outer loop
      vertex -10.2102 -23 1
      vertex 10.2102 -23 3
      vertex -10.2102 -23 3
    endloop
  endfacet
  facet normal 0 -1 -0
    outer loop
      vertex 10.2102 -23 3
      vertex -10.2102 -23 1
      vertex 10.2102 -23 1
    endloop
  endfacet
  facet normal 0 -1 0
    outer loop
      vertex 13.7898 -23 1
      vertex 20 -23 3
      vertex 13.7898 -23 3
    endloop
  endfacet
  facet normal 0 -1 0
    outer loop
      vertex 13.7898 -23 1
      vertex 20 -23 0
      vertex 20 -23 3
    endloop
  endfacet
  facet normal 0 -1 0
    outer loop
      vertex 10.2102 -23 1
      vertex 20 -23 0
      vertex 13.7898 -23 1
    endloop
  endfacet
  facet normal 1 -0 0
    outer loop
      vertex 20 17 3
      vertex 20 23 0
      vertex 20 23 3
    endloop
  endfacet
  facet normal 1 0 0
    outer loop
      vertex 20 23 0
      vertex 20 17 3
      vertex 20 17 0
    endloop
  endfacet
  facet normal -1 0 0
    outer loop
      vertex -20 17 0
      vertex -20 23 3
      vertex -20 23 0
    endloop
  endfacet
  facet normal -1 -0 0
    outer loop
      vertex -20 23 3
      vertex -20 17 0
      vertex -20 17 3
    endloop
  endfacet
  facet normal 0 1 0
    outer loop
      vertex 20 23 3
      vertex 13.7898 23 1
      vertex 13.7898 23 3
    endloop
  endfacet
  facet normal 0 1 0
    outer loop
      vertex 20 23 0
      vertex 10.2102 23 1
      vertex 13.7898 23 1
    endloop
  endfacet
  facet normal 0 1 0
    outer loop
      vertex 10.2102 23 1
      vertex 20 23 0
      vertex -10.2102 23 1
    endloop
  endfacet
  facet normal 0 1 0
    outer loop
      vertex -20 23 0
      vertex -10.2102 23 1
      vertex 20 23 0
    endloop
  endfacet
  facet normal 0 1 -0
    outer loop
      vertex 20 23 0
      vertex 13.7898 23 1
      vertex 20 23 3
    endloop
  endfacet
  facet normal 0 1 -0
    outer loop
      vertex 10.2102 23 1
      vertex -10.2102 23 3
      vertex 10.2102 23 3
    endloop
  endfacet
  facet normal 0 1 0
    outer loop
      vertex -10.2102 23 3
      vertex 10.2102 23 1
      vertex -10.2102 23 1
    endloop
  endfacet
  facet normal 0 1 -0
    outer loop
      vertex -13.7898 23 1
      vertex -20 23 3
      vertex -13.7898 23 3
    endloop
  endfacet
  facet normal 0 1 0
    outer loop
      vertex -13.7898 23 1
      vertex -20 23 0
      vertex -20 23 3
    endloop
  endfacet
  facet normal 0 1 0
    outer loop
      vertex -10.2102 23 1
      vertex -20 23 0
      vertex -13.7898 23 1
    endloop
  endfacet
  facet normal 0 -1 0
    outer loop
      vertex -20 17 3
      vertex -13.7898 17 1
      vertex -13.7898 17 3
    endloop
  endfacet
  facet normal 0 -1 0
    outer loop
      vertex -20 17 0
      vertex -10.2102 17 1
      vertex -13.7898 17 1
    endloop
  endfacet
  facet normal 0 -1 -0
    outer loop
      vertex -10.2102 17 1
      vertex -20 17 0
      vertex 10.2102 17 1
    endloop
  endfacet
  facet normal 0 -1 0
    outer loop
      vertex 20 17 0
      vertex 10.2102 17 1
      vertex -20 17 0
    endloop
  endfacet
  facet normal 0 -1 0
    outer loop
      vertex -20 17 0
      vertex -13.7898 17 1
      vertex -20 17 3
    endloop
  endfacet
  facet normal 0 -1 0
    outer loop
      vertex -10.2102 17 1
      vertex 10.2102 17 3
      vertex -10.2102 17 3
    endloop
  endfacet
  facet normal 0 -1 -0
    outer loop
      vertex 10.2102 17 3
      vertex -10.2102 17 1
      vertex 10.2102 17 1
    endloop
  endfacet
  facet normal 0 -1 0
    outer loop
      vertex 13.7898 17 1
      vertex 20 17 3
      vertex 13.7898 17 3
    endloop
  endfacet
  facet normal 0 -1 0
    outer loop
      vertex 13.7898 17 1
      vertex 20 17 0
      vertex 20 17 3
    endloop
  endfacet
  facet normal 0 -1 0
    outer loop
      vertex 10.2102 17 1
      vertex 20 17 0
      vertex 13.7898 17 1
    endloop
  endfacet
  facet normal 0 0 1
    outer loop
      vertex 39.3 12.8 90.35
      vertex 18 0 90.35
      vertex 39.3 -12.8 90.35
    endloop
  endfacet
  facet normal 0 0 1
    outer loop
      vertex 39.3 12.8 90.35
      vertex 17.9781 0.418114 90.35
      vertex 18 0 90.35
    endloop
  endfacet
  facet normal 0 0 1
    outer loop
      vertex 39.3 12.8 90.35
      vertex 17.9126 0.831646 90.35
      vertex 17.9781 0.418114 90.35
    endloop
  endfacet
  facet normal 0 0 1
    outer loop
      vertex 39.3 12.8 90.35
      vertex 17.8042 1.23607 90.35
      vertex 17.9126 0.831646 90.35
    endloop
  endfacet
  facet normal 0 0 1
    outer loop
      vertex 39.3 12.8 90.35
      vertex 17.6542 1.62695 90.35
      vertex 17.8042 1.23607 90.35
    endloop
  endfacet
  facet normal 0 0 1
    outer loop
      vertex 39.3 12.8 90.35
      vertex 17.4641 2 90.35
      vertex 17.6542 1.62695 90.35
    endloop
  endfacet
  facet normal 0 0 1
    outer loop
      vertex 39.3 12.8 90.35
      vertex 17.2361 2.35114 90.35
      vertex 17.4641 2 90.35
    endloop
  endfacet
  facet normal 0 0 1
    outer loop
      vertex 39.3 12.8 90.35
      vertex 16.9726 2.67652 90.35
      vertex 17.2361 2.35114 90.35
    endloop
  endfacet
  facet normal 0 0 1
    outer loop
      vertex 39.3 12.8 90.35
      vertex 16.6765 2.97258 90.35
      vertex 16.9726 2.67652 90.35
    endloop
  endfacet
  facet normal 0 0 1
    outer loop
      vertex 39.3 12.8 90.35
      vertex 16.3511 3.23607 90.35
      vertex 16.6765 2.97258 90.35
    endloop
  endfacet
  facet normal 0 0 1
    outer loop
      vertex 39.3 12.8 90.35
      vertex 16 3.4641 90.35
      vertex 16.3511 3.23607 90.35
    endloop
  endfacet
  facet normal 0 0 1
    outer loop
      vertex 39.3 12.8 90.35
      vertex 15.6269 3.65418 90.35
      vertex 16 3.4641 90.35
    endloop
  endfacet
  facet normal 0 0 1
    outer loop
      vertex 39.3 12.8 90.35
      vertex 15.2361 3.80423 90.35
      vertex 15.6269 3.65418 90.35
    endloop
  endfacet
  facet normal 0 0 1
    outer loop
      vertex 39.3 12.8 90.35
      vertex 14.8316 3.91259 90.35
      vertex 15.2361 3.80423 90.35
    endloop
  endfacet
  facet normal 0 0 1
    outer loop
      vertex 39.3 12.8 90.35
      vertex 14.4181 3.97809 90.35
      vertex 14.8316 3.91259 90.35
    endloop
  endfacet
  facet normal -0 0 1
    outer loop
      vertex -6 12.8 90.35
      vertex 14.4181 3.97809 90.35
      vertex 39.3 12.8 90.35
    endloop
  endfacet
  facet normal 0 0 1
    outer loop
      vertex 14.4181 3.97809 90.35
      vertex -6 12.8 90.35
      vertex 14 4 90.35
    endloop
  endfacet
  facet normal 0 0 1
    outer loop
      vertex 14 4 90.35
      vertex -6 12.8 90.35
      vertex 13.5819 3.97809 90.35
    endloop
  endfacet
  facet normal 0 0 1
    outer loop
      vertex 13.5819 3.97809 90.35
      vertex -6 12.8 90.35
      vertex 13.1684 3.91259 90.35
    endloop
  endfacet
  facet normal 0 0 1
    outer loop
      vertex 10.0219 0.418114 90.35
      vertex -6 12.8 90.35
      vertex 10 0 90.35
    endloop
  endfacet
  facet normal 0 0 1
    outer loop
      vertex 10.0874 0.831646 90.35
      vertex -6 12.8 90.35
      vertex 10.0219 0.418114 90.35
    endloop
  endfacet
  facet normal 0 0 1
    outer loop
      vertex 10.1958 1.23607 90.35
      vertex -6 12.8 90.35
      vertex 10.0874 0.831646 90.35
    endloop
  endfacet
  facet normal 0 0 1
    outer loop
      vertex 10.3458 1.62695 90.35
      vertex -6 12.8 90.35
      vertex 10.1958 1.23607 90.35
    endloop
  endfacet
  facet normal 0 0 1
    outer loop
      vertex 10.5359 2 90.35
      vertex -6 12.8 90.35
      vertex 10.3458 1.62695 90.35
    endloop
  endfacet
  facet normal 0 0 1
    outer loop
      vertex 10.7639 2.35114 90.35
      vertex -6 12.8 90.35
      vertex 10.5359 2 90.35
    endloop
  endfacet
  facet normal 0 0 1
    outer loop
      vertex 11.0274 2.67652 90.35
      vertex -6 12.8 90.35
      vertex 10.7639 2.35114 90.35
    endloop
  endfacet
  facet normal 0 0 1
    outer loop
      vertex 11.3235 2.97258 90.35
      vertex -6 12.8 90.35
      vertex 11.0274 2.67652 90.35
    endloop
  endfacet
  facet normal 0 0 1
    outer loop
      vertex 11.6489 3.23607 90.35
      vertex -6 12.8 90.35
      vertex 11.3235 2.97258 90.35
    endloop
  endfacet
  facet normal 0 0 1
    outer loop
      vertex 12 3.4641 90.35
      vertex -6 12.8 90.35
      vertex 11.6489 3.23607 90.35
    endloop
  endfacet
  facet normal 0 0 1
    outer loop
      vertex 12.3731 3.65418 90.35
      vertex -6 12.8 90.35
      vertex 12 3.4641 90.35
    endloop
  endfacet
  facet normal 0 0 1
    outer loop
      vertex 12.7639 3.80423 90.35
      vertex -6 12.8 90.35
      vertex 12.3731 3.65418 90.35
    endloop
  endfacet
  facet normal 0 0 1
    outer loop
      vertex 13.1684 3.91259 90.35
      vertex -6 12.8 90.35
      vertex 12.7639 3.80423 90.35
    endloop
  endfacet
  facet normal -0 0 1
    outer loop
      vertex 17.9781 -0.418114 90.35
      vertex 39.3 -12.8 90.35
      vertex 18 0 90.35
    endloop
  endfacet
  facet normal -0 0 1
    outer loop
      vertex 17.9126 -0.831646 90.35
      vertex 39.3 -12.8 90.35
      vertex 17.9781 -0.418114 90.35
    endloop
  endfacet
  facet normal -0 0 1
    outer loop
      vertex 17.8042 -1.23607 90.35
      vertex 39.3 -12.8 90.35
      vertex 17.9126 -0.831646 90.35
    endloop
  endfacet
  facet normal -0 0 1
    outer loop
      vertex 17.6542 -1.62695 90.35
      vertex 39.3 -12.8 90.35
      vertex 17.8042 -1.23607 90.35
    endloop
  endfacet
  facet normal -0 0 1
    outer loop
      vertex 17.4641 -2 90.35
      vertex 39.3 -12.8 90.35
      vertex 17.6542 -1.62695 90.35
    endloop
  endfacet
  facet normal -0 0 1
    outer loop
      vertex 17.2361 -2.35114 90.35
      vertex 39.3 -12.8 90.35
      vertex 17.4641 -2 90.35
    endloop
  endfacet
  facet normal -0 0 1
    outer loop
      vertex 16.9726 -2.67652 90.35
      vertex 39.3 -12.8 90.35
      vertex 17.2361 -2.35114 90.35
    endloop
  endfacet
  facet normal -0 0 1
    outer loop
      vertex 16.6765 -2.97258 90.35
      vertex 39.3 -12.8 90.35
      vertex 16.9726 -2.67652 90.35
    endloop
  endfacet
  facet normal -0 0 1
    outer loop
      vertex 16.3511 -3.23607 90.35
      vertex 39.3 -12.8 90.35
      vertex 16.6765 -2.97258 90.35
    endloop
  endfacet
  facet normal -0 0 1
    outer loop
      vertex 16 -3.4641 90.35
      vertex 39.3 -12.8 90.35
      vertex 16.3511 -3.23607 90.35
    endloop
  endfacet
  facet normal -0 0 1
    outer loop
      vertex 15.6269 -3.65418 90.35
      vertex 39.3 -12.8 90.35
      vertex 16 -3.4641 90.35
    endloop
  endfacet
  facet normal -0 0 1
    outer loop
      vertex 15.2361 -3.80423 90.35
      vertex 39.3 -12.8 90.35
      vertex 15.6269 -3.65418 90.35
    endloop
  endfacet
  facet normal -0 0 1
    outer loop
      vertex 14.8316 -3.91259 90.35
      vertex 39.3 -12.8 90.35
      vertex 15.2361 -3.80423 90.35
    endloop
  endfacet
  facet normal -0 0 1
    outer loop
      vertex 14.4181 -3.97809 90.35
      vertex 39.3 -12.8 90.35
      vertex 14.8316 -3.91259 90.35
    endloop
  endfacet
  facet normal 0 0 1
    outer loop
      vertex -6 -12.8 90.35
      vertex 14.4181 -3.97809 90.35
      vertex 14 -4 90.35
    endloop
  endfacet
  facet normal 0 0 1
    outer loop
      vertex -6 -12.8 90.35
      vertex 14 -4 90.35
      vertex 13.5819 -3.97809 90.35
    endloop
  endfacet
  facet normal 0 0 1
    outer loop
      vertex -6 -12.8 90.35
      vertex 13.5819 -3.97809 90.35
      vertex 13.1684 -3.91259 90.35
    endloop
  endfacet
  facet normal 0 0 1
    outer loop
      vertex -6 -12.8 90.35
      vertex 13.1684 -3.91259 90.35
      vertex 12.7639 -3.80423 90.35
    endloop
  endfacet
  facet normal 0 0 1
    outer loop
      vertex -6 -12.8 90.35
      vertex 10 0 90.35
      vertex -6 12.8 90.35
    endloop
  endfacet
  facet normal 0 0 1
    outer loop
      vertex 10 0 90.35
      vertex -6 -12.8 90.35
      vertex 10.0219 -0.418114 90.35
    endloop
  endfacet
  facet normal 0 0 1
    outer loop
      vertex 10.0219 -0.418114 90.35
      vertex -6 -12.8 90.35
      vertex 10.0874 -0.831646 90.35
    endloop
  endfacet
  facet normal 0 0 1
    outer loop
      vertex 10.0874 -0.831646 90.35
      vertex -6 -12.8 90.35
      vertex 10.1958 -1.23607 90.35
    endloop
  endfacet
  facet normal 0 0 1
    outer loop
      vertex 10.1958 -1.23607 90.35
      vertex -6 -12.8 90.35
      vertex 10.3458 -1.62695 90.35
    endloop
  endfacet
  facet normal 0 0 1
    outer loop
      vertex 10.3458 -1.62695 90.35
      vertex -6 -12.8 90.35
      vertex 10.5359 -2 90.35
    endloop
  endfacet
  facet normal 0 0 1
    outer loop
      vertex 10.5359 -2 90.35
      vertex -6 -12.8 90.35
      vertex 10.7639 -2.35114 90.35
    endloop
  endfacet
  facet normal 0 0 1
    outer loop
      vertex 10.7639 -2.35114 90.35
      vertex -6 -12.8 90.35
      vertex 11.0274 -2.67652 90.35
    endloop
  endfacet
  facet normal 0 0 1
    outer loop
      vertex 14.4181 -3.97809 90.35
      vertex -6 -12.8 90.35
      vertex 39.3 -12.8 90.35
    endloop
  endfacet
  facet normal 0 0 1
    outer loop
      vertex 12.3731 -3.65418 90.35
      vertex -6 -12.8 90.35
      vertex 12.7639 -3.80423 90.35
    endloop
  endfacet
  facet normal 0 0 1
    outer loop
      vertex 12 -3.4641 90.35
      vertex -6 -12.8 90.35
      vertex 12.3731 -3.65418 90.35
    endloop
  endfacet
  facet normal 0 0 1
    outer loop
      vertex 11.6489 -3.23607 90.35
      vertex -6 -12.8 90.35
      vertex 12 -3.4641 90.35
    endloop
  endfacet
  facet normal 0 0 1
    outer loop
      vertex 11.3235 -2.97258 90.35
      vertex -6 -12.8 90.35
      vertex 11.6489 -3.23607 90.35
    endloop
  endfacet
  facet normal 0 0 1
    outer loop
      vertex 11.0274 -2.67652 90.35
      vertex -6 -12.8 90.35
      vertex 11.3235 -2.97258 90.35
    endloop
  endfacet
  facet normal 0 0 -1
    outer loop
      vertex -6 11.8 88.35
      vertex 39.3 12.8 88.35
      vertex 39.3 11.8 88.35
    endloop
  endfacet
  facet normal -0 0 -1
    outer loop
      vertex 39.3 12.8 88.35
      vertex -6 11.8 88.35
      vertex -6 12.8 88.35
    endloop
  endfacet
  facet normal 0 0 -1
    outer loop
      vertex -6 -12.8 88.35
      vertex 39.3 -11.8 88.35
      vertex 39.3 -12.8 88.35
    endloop
  endfacet
  facet normal -0 0 -1
    outer loop
      vertex 39.3 -11.8 88.35
      vertex -6 -12.8 88.35
      vertex -6 -11.8 88.35
    endloop
  endfacet
  facet normal 0 0 -1
    outer loop
      vertex -6 -6.3 88.35
      vertex 39.3 6.3 88.35
      vertex 39.3 -6.3 88.35
    endloop
  endfacet
  facet normal -0 0 -1
    outer loop
      vertex 39.3 6.3 88.35
      vertex -6 -6.3 88.35
      vertex -6 6.3 88.35
    endloop
  endfacet
  facet normal 0 1 -0
    outer loop
      vertex 39.3 12.8 88.35
      vertex -6 12.8 90.35
      vertex 39.3 12.8 90.35
    endloop
  endfacet
  facet normal 0 1 0
    outer loop
      vertex -6 12.8 90.35
      vertex 39.3 12.8 88.35
      vertex -6 12.8 88.35
    endloop
  endfacet
  facet normal 0 -1 0
    outer loop
      vertex -6 -12.8 88.35
      vertex 39.3 -12.8 90.35
      vertex -6 -12.8 90.35
    endloop
  endfacet
  facet normal 0 -1 -0
    outer loop
      vertex 39.3 -12.8 90.35
      vertex -6 -12.8 88.35
      vertex 39.3 -12.8 88.35
    endloop
  endfacet
  facet normal -0.933575 0.358382 0
    outer loop
      vertex 10.3458 1.62695 90.35
      vertex 10.197 1.23933 93.3936
      vertex 10.3458 1.62695 93.4126
    endloop
  endfacet
  facet normal -0.933616 0.358275 -1.56513e-05
    outer loop
      vertex 10.1958 1.23607 90.35
      vertex 10.197 1.23933 93.3936
      vertex 10.3458 1.62695 90.35
    endloop
  endfacet
  facet normal -0.938441 0.345439 -3.29281e-20
    outer loop
      vertex 10.197 1.23933 93.3936
      vertex 10.1958 1.23607 90.35
      vertex 10.1958 1.23607 93.3934
    endloop
  endfacet
  facet normal 0.989696 0.143185 -6.47207e-21
    outer loop
      vertex 17.9131 0.82819 93.3936
      vertex 17.9126 0.831646 90.35
      vertex 17.9126 0.831646 93.3934
    endloop
  endfacet
  facet normal 0.98767 0.156553 -0
    outer loop
      vertex 17.9781 0.418114 90.35
      vertex 17.9131 0.82819 93.3936
      vertex 17.9781 0.418114 93.4126
    endloop
  endfacet
  facet normal 0.987687 0.156441 1.53824e-05
    outer loop
      vertex 17.9131 0.82819 93.3936
      vertex 17.9781 0.418114 90.35
      vertex 17.9126 0.831646 90.35
    endloop
  endfacet
  facet normal 0.998631 0.0523064 -1.25283e-19
    outer loop
      vertex 18 0 93.3552
      vertex 17.9781 0.418114 90.35
      vertex 17.9781 0.418114 93.4126
    endloop
  endfacet
  facet normal 0.998631 0.0523064 -1.27676e-19
    outer loop
      vertex 17.9781 0.418114 90.35
      vertex 18 0 93.3552
      vertex 18 0 90.35
    endloop
  endfacet
  facet normal 0.965904 0.258899 -1.05097e-18
    outer loop
      vertex 17.8584 1.03386 93.3457
      vertex 17.8042 1.23607 90.35
      vertex 17.8042 1.23607 93.3934
    endloop
  endfacet
  facet normal 0.965906 0.258894 -0
    outer loop
      vertex 17.9126 0.831646 90.35
      vertex 17.8584 1.03386 93.3457
      vertex 17.9126 0.831646 93.3934
    endloop
  endfacet
  facet normal 0.965905 0.258897 -1.72846e-07
    outer loop
      vertex 17.8584 1.03386 93.3457
      vertex 17.9126 0.831646 90.35
      vertex 17.8042 1.23607 90.35
    endloop
  endfacet
  facet normal 0.358377 0.933577 -0
    outer loop
      vertex 15.6269 3.65418 90.35
      vertex 15.2393 3.80297 93.3936
      vertex 15.6269 3.65418 93.4126
    endloop
  endfacet
  facet normal 0.358443 0.933552 9.61305e-06
    outer loop
      vertex 15.2361 3.80423 90.35
      vertex 15.2393 3.80297 93.3936
      vertex 15.6269 3.65418 90.35
    endloop
  endfacet
  facet normal 0.366372 0.930468 -7.63581e-21
    outer loop
      vertex 15.2393 3.80297 93.3936
      vertex 15.2361 3.80423 90.35
      vertex 15.2361 3.80423 93.3934
    endloop
  endfacet
  facet normal 0.777511 0.628869 2.57645e-20
    outer loop
      vertex 16.9748 2.6738 93.3936
      vertex 16.9726 2.67652 90.35
      vertex 16.9726 2.67652 93.3934
    endloop
  endfacet
  facet normal 0.777128 0.629342 -0
    outer loop
      vertex 17.2361 2.35114 90.35
      vertex 16.9748 2.6738 93.3936
      vertex 17.2361 2.35114 93.4126
    endloop
  endfacet
  facet normal 0.777131 0.629338 6.93695e-07
    outer loop
      vertex 16.9748 2.6738 93.3936
      vertex 17.2361 2.35114 90.35
      vertex 16.9726 2.67652 90.35
    endloop
  endfacet
  facet normal 0.998631 -0.0523064 0
    outer loop
      vertex 17.9781 -0.418114 90.35
      vertex 18 0 93.3552
      vertex 17.9781 -0.418114 93.4126
    endloop
  endfacet
  facet normal 0.998631 -0.0523064 0
    outer loop
      vertex 18 0 93.3552
      vertex 17.9781 -0.418114 90.35
      vertex 18 0 90.35
    endloop
  endfacet
  facet normal 0.453945 0.89103 -2.60648e-18
    outer loop
      vertex 15.6269 3.65418 90.35
      vertex 16 3.4641 93.3552
      vertex 16 3.4641 90.35
    endloop
  endfacet
  facet normal 0.453945 0.89103 -2.55763e-18
    outer loop
      vertex 16 3.4641 93.3552
      vertex 15.6269 3.65418 90.35
      vertex 15.6269 3.65418 93.4126
    endloop
  endfacet
  facet normal -0.0523319 -0.99863 0
    outer loop
      vertex 13.5819 -3.97809 90.35
      vertex 14 -4 93.3552
      vertex 13.5819 -3.97809 93.4126
    endloop
  endfacet
  facet normal -0.0523319 -0.99863 -0
    outer loop
      vertex 14 -4 93.3552
      vertex 13.5819 -3.97809 90.35
      vertex 14 -4 90.35
    endloop
  endfacet
  facet normal 0.544678 -0.838645 4.80908e-18
    outer loop
      vertex 16.3511 -3.23607 90.35
      vertex 16 -3.4641 93.3552
      vertex 16 -3.4641 90.35
    endloop
  endfacet
  facet normal 0.544678 -0.838645 4.71895e-18
    outer loop
      vertex 16 -3.4641 93.3552
      vertex 16.3511 -3.23607 90.35
      vertex 16.3511 -3.23607 93.4126
    endloop
  endfacet
  facet normal -0.890986 -0.454031 0
    outer loop
      vertex 10.3458 -1.62695 90.35
      vertex 10.5359 -2 93.3552
      vertex 10.3458 -1.62695 93.4126
    endloop
  endfacet
  facet normal -0.890986 -0.454031 0
    outer loop
      vertex 10.5359 -2 90.35
      vertex 10.5359 -2 93.3552
      vertex 10.3458 -1.62695 90.35
    endloop
  endfacet
  facet normal 0.453945 -0.89103 0
    outer loop
      vertex 15.6269 -3.65418 90.35
      vertex 16 -3.4641 93.3552
      vertex 15.6269 -3.65418 93.4126
    endloop
  endfacet
  facet normal 0.453945 -0.89103 0
    outer loop
      vertex 16 -3.4641 93.3552
      vertex 15.6269 -3.65418 90.35
      vertex 16 -3.4641 90.35
    endloop
  endfacet
  facet normal 0.366372 -0.930468 0
    outer loop
      vertex 15.2361 -3.80423 90.35
      vertex 15.2393 -3.80297 93.3936
      vertex 15.2361 -3.80423 93.3934
    endloop
  endfacet
  facet normal 0.358443 -0.933552 9.61305e-06
    outer loop
      vertex 15.2393 -3.80297 93.3936
      vertex 15.2361 -3.80423 90.35
      vertex 15.6269 -3.65418 90.35
    endloop
  endfacet
  facet normal 0.358377 -0.933577 -9.51376e-19
    outer loop
      vertex 15.2393 -3.80297 93.3936
      vertex 15.6269 -3.65418 90.35
      vertex 15.6269 -3.65418 93.4126
    endloop
  endfacet
  facet normal -0.938441 -0.345439 0
    outer loop
      vertex 10.1958 -1.23607 90.35
      vertex 10.197 -1.23933 93.3936
      vertex 10.1958 -1.23607 93.3934
    endloop
  endfacet
  facet normal -0.933616 -0.358275 -1.56513e-05
    outer loop
      vertex 10.3458 -1.62695 90.35
      vertex 10.197 -1.23933 93.3936
      vertex 10.1958 -1.23607 90.35
    endloop
  endfacet
  facet normal -0.933575 -0.358382 1.27762e-18
    outer loop
      vertex 10.197 -1.23933 93.3936
      vertex 10.3458 -1.62695 90.35
      vertex 10.3458 -1.62695 93.4126
    endloop
  endfacet
  facet normal 0.0523319 0.99863 -0
    outer loop
      vertex 14.4181 3.97809 90.35
      vertex 14 4 93.3552
      vertex 14.4181 3.97809 93.4126
    endloop
  endfacet
  facet normal 0.0523319 0.99863 0
    outer loop
      vertex 14 4 93.3552
      vertex 14.4181 3.97809 90.35
      vertex 14 4 90.35
    endloop
  endfacet
  facet normal -0.366372 0.930468 0
    outer loop
      vertex 12.7639 3.80423 90.35
      vertex 12.7607 3.80297 93.3936
      vertex 12.7639 3.80423 93.3934
    endloop
  endfacet
  facet normal -0.358443 0.933552 9.61305e-06
    outer loop
      vertex 12.7607 3.80297 93.3936
      vertex 12.7639 3.80423 90.35
      vertex 12.3731 3.65418 90.35
    endloop
  endfacet
  facet normal -0.358377 0.933577 -9.51376e-19
    outer loop
      vertex 12.7607 3.80297 93.3936
      vertex 12.3731 3.65418 90.35
      vertex 12.3731 3.65418 93.4126
    endloop
  endfacet
  facet normal -0.98767 -0.156553 0
    outer loop
      vertex 10.0219 -0.418114 90.35
      vertex 10.0869 -0.82819 93.3936
      vertex 10.0219 -0.418114 93.4126
    endloop
  endfacet
  facet normal -0.987687 -0.156441 1.53824e-05
    outer loop
      vertex 10.0874 -0.831646 90.35
      vertex 10.0869 -0.82819 93.3936
      vertex 10.0219 -0.418114 90.35
    endloop
  endfacet
  facet normal -0.989696 -0.143185 -7.05485e-21
    outer loop
      vertex 10.0869 -0.82819 93.3936
      vertex 10.0874 -0.831646 90.35
      vertex 10.0874 -0.831646 93.3934
    endloop
  endfacet
  facet normal 0.777128 -0.629342 -9.33311e-19
    outer loop
      vertex 16.9748 -2.6738 93.3936
      vertex 17.2361 -2.35114 90.35
      vertex 17.2361 -2.35114 93.4126
    endloop
  endfacet
  facet normal 0.777511 -0.628869 0
    outer loop
      vertex 16.9726 -2.67652 90.35
      vertex 16.9748 -2.6738 93.3936
      vertex 16.9726 -2.67652 93.3934
    endloop
  endfacet
  facet normal 0.777131 -0.629338 6.93695e-07
    outer loop
      vertex 16.9748 -2.6738 93.3936
      vertex 16.9726 -2.67652 90.35
      vertex 17.2361 -2.35114 90.35
    endloop
  endfacet
  facet normal -0.544678 -0.838645 0
    outer loop
      vertex 11.6489 -3.23607 90.35
      vertex 12 -3.4641 93.3552
      vertex 11.6489 -3.23607 93.4126
    endloop
  endfacet
  facet normal -0.544678 -0.838645 -0
    outer loop
      vertex 12 -3.4641 93.3552
      vertex 11.6489 -3.23607 90.35
      vertex 12 -3.4641 90.35
    endloop
  endfacet
  facet normal -0.258822 -0.965925 -0
    outer loop
      vertex 12.7639 -3.80423 93.3934
      vertex 12.7639 -3.80423 90.35
      vertex 12.9661 -3.85841 93.3457
    endloop
  endfacet
  facet normal -0.258762 -0.965941 -4.3189e-06
    outer loop
      vertex 13.1684 -3.91259 90.35
      vertex 12.9661 -3.85841 93.3457
      vertex 12.7639 -3.80423 90.35
    endloop
  endfacet
  facet normal -0.258703 -0.965957 -1.12192e-18
    outer loop
      vertex 12.9661 -3.85841 93.3457
      vertex 13.1684 -3.91259 90.35
      vertex 13.1684 -3.91259 93.3934
    endloop
  endfacet
  facet normal -0.453945 0.89103 0
    outer loop
      vertex 12.3731 3.65418 90.35
      vertex 12 3.4641 93.3552
      vertex 12.3731 3.65418 93.4126
    endloop
  endfacet
  facet normal -0.453945 0.89103 0
    outer loop
      vertex 12 3.4641 93.3552
      vertex 12.3731 3.65418 90.35
      vertex 12 3.4641 90.35
    endloop
  endfacet
  facet normal -0.965906 -0.258894 0
    outer loop
      vertex 10.0874 -0.831646 90.35
      vertex 10.1416 -1.03386 93.3457
      vertex 10.0874 -0.831646 93.3934
    endloop
  endfacet
  facet normal -0.965905 -0.258897 -1.72846e-07
    outer loop
      vertex 10.1958 -1.23607 90.35
      vertex 10.1416 -1.03386 93.3457
      vertex 10.0874 -0.831646 90.35
    endloop
  endfacet
  facet normal -0.965904 -0.258899 -1.22261e-18
    outer loop
      vertex 10.1416 -1.03386 93.3457
      vertex 10.1958 -1.23607 90.35
      vertex 10.1958 -1.23607 93.3934
    endloop
  endfacet
  facet normal 0.890986 0.454031 -0
    outer loop
      vertex 17.6542 1.62695 90.35
      vertex 17.4641 2 93.3552
      vertex 17.6542 1.62695 93.4126
    endloop
  endfacet
  facet normal 0.890986 0.454031 0
    outer loop
      vertex 17.4641 2 93.3552
      vertex 17.6542 1.62695 90.35
      vertex 17.4641 2 90.35
    endloop
  endfacet
  facet normal 0.933575 0.358382 1.27762e-18
    outer loop
      vertex 17.803 1.23933 93.3936
      vertex 17.6542 1.62695 90.35
      vertex 17.6542 1.62695 93.4126
    endloop
  endfacet
  facet normal 0.938441 0.345439 -0
    outer loop
      vertex 17.8042 1.23607 90.35
      vertex 17.803 1.23933 93.3936
      vertex 17.8042 1.23607 93.3934
    endloop
  endfacet
  facet normal 0.933616 0.358275 -1.56513e-05
    outer loop
      vertex 17.803 1.23933 93.3936
      vertex 17.8042 1.23607 90.35
      vertex 17.6542 1.62695 90.35
    endloop
  endfacet
  facet normal -0.156426 0.98769 0
    outer loop
      vertex 13.5819 3.97809 90.35
      vertex 13.1718 3.91314 93.3936
      vertex 13.5819 3.97809 93.4126
    endloop
  endfacet
  facet normal -0.156453 0.987685 -3.70815e-06
    outer loop
      vertex 13.1684 3.91259 90.35
      vertex 13.1718 3.91314 93.3936
      vertex 13.5819 3.97809 90.35
    endloop
  endfacet
  facet normal -0.159689 0.987167 -9.19616e-21
    outer loop
      vertex 13.1718 3.91314 93.3936
      vertex 13.1684 3.91259 90.35
      vertex 13.1684 3.91259 93.3934
    endloop
  endfacet
  facet normal 0.631673 0.775235 -0
    outer loop
      vertex 16.6765 2.97258 90.35
      vertex 16.6738 2.97478 93.3936
      vertex 16.6765 2.97258 93.3934
    endloop
  endfacet
  facet normal 0.629301 0.777162 -3.49743e-06
    outer loop
      vertex 16.6738 2.97478 93.3936
      vertex 16.6765 2.97258 90.35
      vertex 16.3511 3.23607 90.35
    endloop
  endfacet
  facet normal 0.629281 0.777178 -4.92082e-18
    outer loop
      vertex 16.6738 2.97478 93.3936
      vertex 16.3511 3.23607 90.35
      vertex 16.3511 3.23607 93.4126
    endloop
  endfacet
  facet normal 0.707178 0.707035 0
    outer loop
      vertex 16.9726 2.67652 93.3934
      vertex 16.9726 2.67652 90.35
      vertex 16.8246 2.82455 93.3457
    endloop
  endfacet
  facet normal 0.707059 0.707155 -1.18012e-05
    outer loop
      vertex 16.6765 2.97258 90.35
      vertex 16.8246 2.82455 93.3457
      vertex 16.9726 2.67652 90.35
    endloop
  endfacet
  facet normal 0.70694 0.707274 -1.03709e-18
    outer loop
      vertex 16.8246 2.82455 93.3457
      vertex 16.6765 2.97258 90.35
      vertex 16.6765 2.97258 93.3934
    endloop
  endfacet
  facet normal 0.838707 -0.544584 0
    outer loop
      vertex 17.2361 -2.35114 90.35
      vertex 17.4641 -2 93.3552
      vertex 17.2361 -2.35114 93.4126
    endloop
  endfacet
  facet normal 0.838707 -0.544584 0
    outer loop
      vertex 17.4641 -2 93.3552
      vertex 17.2361 -2.35114 90.35
      vertex 17.4641 -2 90.35
    endloop
  endfacet
  facet normal -0.629281 0.777178 0
    outer loop
      vertex 11.6489 3.23607 90.35
      vertex 11.3262 2.97478 93.3936
      vertex 11.6489 3.23607 93.4126
    endloop
  endfacet
  facet normal -0.629301 0.777162 -3.49743e-06
    outer loop
      vertex 11.3235 2.97258 90.35
      vertex 11.3262 2.97478 93.3936
      vertex 11.6489 3.23607 90.35
    endloop
  endfacet
  facet normal -0.631673 0.775235 -2.99141e-20
    outer loop
      vertex 11.3262 2.97478 93.3936
      vertex 11.3235 2.97258 90.35
      vertex 11.3235 2.97258 93.3934
    endloop
  endfacet
  facet normal 0.965906 -0.258894 6.24149e-20
    outer loop
      vertex 17.8584 -1.03386 93.3457
      vertex 17.9126 -0.831646 90.35
      vertex 17.9126 -0.831646 93.3934
    endloop
  endfacet
  facet normal 0.965904 -0.258899 0
    outer loop
      vertex 17.8042 -1.23607 90.35
      vertex 17.8584 -1.03386 93.3457
      vertex 17.8042 -1.23607 93.3934
    endloop
  endfacet
  facet normal 0.965905 -0.258897 -1.72846e-07
    outer loop
      vertex 17.8584 -1.03386 93.3457
      vertex 17.8042 -1.23607 90.35
      vertex 17.9126 -0.831646 90.35
    endloop
  endfacet
  facet normal 0.258703 -0.965957 0
    outer loop
      vertex 14.8316 -3.91259 93.3934
      vertex 14.8316 -3.91259 90.35
      vertex 15.0339 -3.85841 93.3457
    endloop
  endfacet
  facet normal 0.258762 -0.965941 -4.3189e-06
    outer loop
      vertex 15.2361 -3.80423 90.35
      vertex 15.0339 -3.85841 93.3457
      vertex 14.8316 -3.91259 90.35
    endloop
  endfacet
  facet normal 0.258822 -0.965925 1.40403e-20
    outer loop
      vertex 15.0339 -3.85841 93.3457
      vertex 15.2361 -3.80423 90.35
      vertex 15.2361 -3.80423 93.3934
    endloop
  endfacet
  facet normal 0.938441 -0.345439 2.4398e-20
    outer loop
      vertex 17.803 -1.23933 93.3936
      vertex 17.8042 -1.23607 90.35
      vertex 17.8042 -1.23607 93.3934
    endloop
  endfacet
  facet normal 0.933575 -0.358382 0
    outer loop
      vertex 17.6542 -1.62695 90.35
      vertex 17.803 -1.23933 93.3936
      vertex 17.6542 -1.62695 93.4126
    endloop
  endfacet
  facet normal 0.933616 -0.358275 -1.56513e-05
    outer loop
      vertex 17.803 -1.23933 93.3936
      vertex 17.6542 -1.62695 90.35
      vertex 17.8042 -1.23607 90.35
    endloop
  endfacet
  facet normal -0.0523319 0.99863 -3.89702e-19
    outer loop
      vertex 13.5819 3.97809 90.35
      vertex 14 4 93.3552
      vertex 14 4 90.35
    endloop
  endfacet
  facet normal -0.0523319 0.99863 -3.82398e-19
    outer loop
      vertex 14 4 93.3552
      vertex 13.5819 3.97809 90.35
      vertex 13.5819 3.97809 93.4126
    endloop
  endfacet
  facet normal 0.544678 0.838645 -0
    outer loop
      vertex 16.3511 3.23607 90.35
      vertex 16 3.4641 93.3552
      vertex 16.3511 3.23607 93.4126
    endloop
  endfacet
  facet normal 0.544678 0.838645 0
    outer loop
      vertex 16 3.4641 93.3552
      vertex 16.3511 3.23607 90.35
      vertex 16 3.4641 90.35
    endloop
  endfacet
  facet normal -0.998631 -0.0523064 -3.32737e-19
    outer loop
      vertex 10.0219 -0.418114 90.35
      vertex 10 0 93.3552
      vertex 10 0 90.35
    endloop
  endfacet
  facet normal -0.998631 -0.0523064 -3.265e-19
    outer loop
      vertex 10 0 93.3552
      vertex 10.0219 -0.418114 90.35
      vertex 10.0219 -0.418114 93.4126
    endloop
  endfacet
  facet normal -0.965904 0.258899 0
    outer loop
      vertex 10.1958 1.23607 90.35
      vertex 10.1416 1.03386 93.3457
      vertex 10.1958 1.23607 93.3934
    endloop
  endfacet
  facet normal -0.965905 0.258897 -1.72846e-07
    outer loop
      vertex 10.0874 0.831646 90.35
      vertex 10.1416 1.03386 93.3457
      vertex 10.1958 1.23607 90.35
    endloop
  endfacet
  facet normal -0.965906 0.258894 -1.20374e-19
    outer loop
      vertex 10.1416 1.03386 93.3457
      vertex 10.0874 0.831646 90.35
      vertex 10.0874 0.831646 93.3934
    endloop
  endfacet
  facet normal -0.707178 -0.707035 0
    outer loop
      vertex 11.0274 -2.67652 90.35
      vertex 11.1754 -2.82455 93.3457
      vertex 11.0274 -2.67652 93.3934
    endloop
  endfacet
  facet normal -0.707059 -0.707155 -1.18012e-05
    outer loop
      vertex 11.3235 -2.97258 90.35
      vertex 11.1754 -2.82455 93.3457
      vertex 11.0274 -2.67652 90.35
    endloop
  endfacet
  facet normal -0.70694 -0.707274 -1.03709e-18
    outer loop
      vertex 11.1754 -2.82455 93.3457
      vertex 11.3235 -2.97258 90.35
      vertex 11.3235 -2.97258 93.3934
    endloop
  endfacet
  facet normal 0.70694 -0.707274 0
    outer loop
      vertex 16.6765 -2.97258 93.3934
      vertex 16.6765 -2.97258 90.35
      vertex 16.8246 -2.82455 93.3457
    endloop
  endfacet
  facet normal 0.707059 -0.707155 -1.18012e-05
    outer loop
      vertex 16.9726 -2.67652 90.35
      vertex 16.8246 -2.82455 93.3457
      vertex 16.6765 -2.97258 90.35
    endloop
  endfacet
  facet normal 0.707178 -0.707035 1.89915e-18
    outer loop
      vertex 16.8246 -2.82455 93.3457
      vertex 16.9726 -2.67652 90.35
      vertex 16.9726 -2.67652 93.3934
    endloop
  endfacet
  facet normal -0.989696 0.143185 0
    outer loop
      vertex 10.0874 0.831646 90.35
      vertex 10.0869 0.82819 93.3936
      vertex 10.0874 0.831646 93.3934
    endloop
  endfacet
  facet normal -0.987687 0.156441 1.53824e-05
    outer loop
      vertex 10.0219 0.418114 90.35
      vertex 10.0869 0.82819 93.3936
      vertex 10.0874 0.831646 90.35
    endloop
  endfacet
  facet normal -0.98767 0.156553 -1.16913e-18
    outer loop
      vertex 10.0869 0.82819 93.3936
      vertex 10.0219 0.418114 90.35
      vertex 10.0219 0.418114 93.4126
    endloop
  endfacet
  facet normal 0.258822 0.965925 0
    outer loop
      vertex 15.2361 3.80423 93.3934
      vertex 15.2361 3.80423 90.35
      vertex 15.0339 3.85841 93.3457
    endloop
  endfacet
  facet normal 0.258762 0.965941 -4.3189e-06
    outer loop
      vertex 14.8316 3.91259 90.35
      vertex 15.0339 3.85841 93.3457
      vertex 15.2361 3.80423 90.35
    endloop
  endfacet
  facet normal 0.258703 0.965957 -1.12192e-18
    outer loop
      vertex 15.0339 3.85841 93.3457
      vertex 14.8316 3.91259 90.35
      vertex 14.8316 3.91259 93.3934
    endloop
  endfacet
  facet normal -0.838707 -0.544584 5.12505e-18
    outer loop
      vertex 10.7639 -2.35114 90.35
      vertex 10.5359 -2 93.3552
      vertex 10.5359 -2 90.35
    endloop
  endfacet
  facet normal -0.838707 -0.544584 5.02899e-18
    outer loop
      vertex 10.5359 -2 93.3552
      vertex 10.7639 -2.35114 90.35
      vertex 10.7639 -2.35114 93.4126
    endloop
  endfacet
  facet normal 0.838707 0.544584 4.44367e-18
    outer loop
      vertex 17.4641 2 93.3552
      vertex 17.2361 2.35114 90.35
      vertex 17.2361 2.35114 93.4126
    endloop
  endfacet
  facet normal 0.838707 0.544584 4.52854e-18
    outer loop
      vertex 17.2361 2.35114 90.35
      vertex 17.4641 2 93.3552
      vertex 17.4641 2 90.35
    endloop
  endfacet
  facet normal -0.453945 -0.89103 -2.60648e-18
    outer loop
      vertex 12.3731 -3.65418 90.35
      vertex 12 -3.4641 93.3552
      vertex 12 -3.4641 90.35
    endloop
  endfacet
  facet normal -0.453945 -0.89103 -2.55763e-18
    outer loop
      vertex 12 -3.4641 93.3552
      vertex 12.3731 -3.65418 90.35
      vertex 12.3731 -3.65418 93.4126
    endloop
  endfacet
  facet normal -0.70694 0.707274 0
    outer loop
      vertex 11.3235 2.97258 90.35
      vertex 11.1754 2.82455 93.3457
      vertex 11.3235 2.97258 93.3934
    endloop
  endfacet
  facet normal -0.707059 0.707155 -1.18012e-05
    outer loop
      vertex 11.0274 2.67652 90.35
      vertex 11.1754 2.82455 93.3457
      vertex 11.3235 2.97258 90.35
    endloop
  endfacet
  facet normal -0.707178 0.707035 1.89915e-18
    outer loop
      vertex 11.1754 2.82455 93.3457
      vertex 11.0274 2.67652 90.35
      vertex 11.0274 2.67652 93.3934
    endloop
  endfacet
  facet normal 0.890986 -0.454031 -4.56894e-18
    outer loop
      vertex 17.4641 -2 93.3552
      vertex 17.6542 -1.62695 90.35
      vertex 17.6542 -1.62695 93.4126
    endloop
  endfacet
  facet normal 0.890986 -0.454031 0
    outer loop
      vertex 17.4641 -2 93.3552
      vertex 17.4641 -2 90.35
      vertex 17.6542 -1.62695 90.35
    endloop
  endfacet
  facet normal -0.258703 0.965957 0
    outer loop
      vertex 13.1684 3.91259 93.3934
      vertex 13.1684 3.91259 90.35
      vertex 12.9661 3.85841 93.3457
    endloop
  endfacet
  facet normal -0.258762 0.965941 -4.3189e-06
    outer loop
      vertex 12.7639 3.80423 90.35
      vertex 12.9661 3.85841 93.3457
      vertex 13.1684 3.91259 90.35
    endloop
  endfacet
  facet normal -0.258822 0.965925 1.40403e-20
    outer loop
      vertex 12.9661 3.85841 93.3457
      vertex 12.7639 3.80423 90.35
      vertex 12.7639 3.80423 93.3934
    endloop
  endfacet
  facet normal -0.631673 -0.775235 0
    outer loop
      vertex 11.3235 -2.97258 90.35
      vertex 11.3262 -2.97478 93.3936
      vertex 11.3235 -2.97258 93.3934
    endloop
  endfacet
  facet normal -0.629301 -0.777162 -3.49743e-06
    outer loop
      vertex 11.3262 -2.97478 93.3936
      vertex 11.3235 -2.97258 90.35
      vertex 11.6489 -3.23607 90.35
    endloop
  endfacet
  facet normal -0.629281 -0.777178 -6.31449e-20
    outer loop
      vertex 11.3262 -2.97478 93.3936
      vertex 11.6489 -3.23607 90.35
      vertex 11.6489 -3.23607 93.4126
    endloop
  endfacet
  facet normal -0.358377 -0.933577 0
    outer loop
      vertex 12.3731 -3.65418 90.35
      vertex 12.7607 -3.80297 93.3936
      vertex 12.3731 -3.65418 93.4126
    endloop
  endfacet
  facet normal -0.358443 -0.933552 9.61305e-06
    outer loop
      vertex 12.7639 -3.80423 90.35
      vertex 12.7607 -3.80297 93.3936
      vertex 12.3731 -3.65418 90.35
    endloop
  endfacet
  facet normal -0.366372 -0.930468 -7.63581e-21
    outer loop
      vertex 12.7607 -3.80297 93.3936
      vertex 12.7639 -3.80423 90.35
      vertex 12.7639 -3.80423 93.3934
    endloop
  endfacet
  facet normal -0.777511 0.628869 0
    outer loop
      vertex 11.0274 2.67652 90.35
      vertex 11.0252 2.6738 93.3936
      vertex 11.0274 2.67652 93.3934
    endloop
  endfacet
  facet normal -0.777131 0.629338 6.93695e-07
    outer loop
      vertex 10.7639 2.35114 90.35
      vertex 11.0252 2.6738 93.3936
      vertex 11.0274 2.67652 90.35
    endloop
  endfacet
  facet normal -0.777128 0.629342 -4.2127e-18
    outer loop
      vertex 11.0252 2.6738 93.3936
      vertex 10.7639 2.35114 90.35
      vertex 10.7639 2.35114 93.4126
    endloop
  endfacet
  facet normal 0.0523319 -0.99863 -3.89702e-19
    outer loop
      vertex 14.4181 -3.97809 90.35
      vertex 14 -4 93.3552
      vertex 14 -4 90.35
    endloop
  endfacet
  facet normal 0.0523319 -0.99863 -3.82398e-19
    outer loop
      vertex 14 -4 93.3552
      vertex 14.4181 -3.97809 90.35
      vertex 14.4181 -3.97809 93.4126
    endloop
  endfacet
  facet normal -0.838707 0.544584 0
    outer loop
      vertex 10.5359 2 93.3552
      vertex 10.7639 2.35114 90.35
      vertex 10.5359 2 90.35
    endloop
  endfacet
  facet normal -0.838707 0.544584 0
    outer loop
      vertex 10.7639 2.35114 90.35
      vertex 10.5359 2 93.3552
      vertex 10.7639 2.35114 93.4126
    endloop
  endfacet
  facet normal -0.159689 -0.987167 0
    outer loop
      vertex 13.1684 -3.91259 90.35
      vertex 13.1718 -3.91314 93.3936
      vertex 13.1684 -3.91259 93.3934
    endloop
  endfacet
  facet normal -0.156453 -0.987685 -3.70815e-06
    outer loop
      vertex 13.1718 -3.91314 93.3936
      vertex 13.1684 -3.91259 90.35
      vertex 13.5819 -3.97809 90.35
    endloop
  endfacet
  facet normal -0.156426 -0.98769 -7.35966e-20
    outer loop
      vertex 13.1718 -3.91314 93.3936
      vertex 13.5819 -3.97809 90.35
      vertex 13.5819 -3.97809 93.4126
    endloop
  endfacet
  facet normal 0.156426 -0.98769 0
    outer loop
      vertex 14.4181 -3.97809 90.35
      vertex 14.8282 -3.91314 93.3936
      vertex 14.4181 -3.97809 93.4126
    endloop
  endfacet
  facet normal 0.156453 -0.987685 -3.70815e-06
    outer loop
      vertex 14.8316 -3.91259 90.35
      vertex 14.8282 -3.91314 93.3936
      vertex 14.4181 -3.97809 90.35
    endloop
  endfacet
  facet normal 0.159689 -0.987167 -9.19616e-21
    outer loop
      vertex 14.8282 -3.91314 93.3936
      vertex 14.8316 -3.91259 90.35
      vertex 14.8316 -3.91259 93.3934
    endloop
  endfacet
  facet normal 0.629281 -0.777178 0
    outer loop
      vertex 16.3511 -3.23607 90.35
      vertex 16.6738 -2.97478 93.3936
      vertex 16.3511 -3.23607 93.4126
    endloop
  endfacet
  facet normal 0.629301 -0.777162 -3.49743e-06
    outer loop
      vertex 16.6765 -2.97258 90.35
      vertex 16.6738 -2.97478 93.3936
      vertex 16.3511 -3.23607 90.35
    endloop
  endfacet
  facet normal 0.631673 -0.775235 -2.99141e-20
    outer loop
      vertex 16.6738 -2.97478 93.3936
      vertex 16.6765 -2.97258 90.35
      vertex 16.6765 -2.97258 93.3934
    endloop
  endfacet
  facet normal -0.544678 0.838645 -4.14943e-18
    outer loop
      vertex 11.6489 3.23607 90.35
      vertex 12 3.4641 93.3552
      vertex 12 3.4641 90.35
    endloop
  endfacet
  facet normal -0.544678 0.838645 -4.07166e-18
    outer loop
      vertex 12 3.4641 93.3552
      vertex 11.6489 3.23607 90.35
      vertex 11.6489 3.23607 93.4126
    endloop
  endfacet
  facet normal 0.98767 -0.156553 -1.28124e-18
    outer loop
      vertex 17.9131 -0.82819 93.3936
      vertex 17.9781 -0.418114 90.35
      vertex 17.9781 -0.418114 93.4126
    endloop
  endfacet
  facet normal 0.989696 -0.143185 0
    outer loop
      vertex 17.9126 -0.831646 90.35
      vertex 17.9131 -0.82819 93.3936
      vertex 17.9126 -0.831646 93.3934
    endloop
  endfacet
  facet normal 0.987687 -0.156441 1.53824e-05
    outer loop
      vertex 17.9131 -0.82819 93.3936
      vertex 17.9126 -0.831646 90.35
      vertex 17.9781 -0.418114 90.35
    endloop
  endfacet
  facet normal -0.998631 0.0523064 0
    outer loop
      vertex 10 0 93.3552
      vertex 10.0219 0.418114 90.35
      vertex 10 0 90.35
    endloop
  endfacet
  facet normal -0.998631 0.0523064 0
    outer loop
      vertex 10.0219 0.418114 90.35
      vertex 10 0 93.3552
      vertex 10.0219 0.418114 93.4126
    endloop
  endfacet
  facet normal -0.890986 0.454031 -1.90328e-18
    outer loop
      vertex 10.3458 1.62695 90.35
      vertex 10.5359 2 93.3552
      vertex 10.5359 2 90.35
    endloop
  endfacet
  facet normal -0.890986 0.454031 -1.86761e-18
    outer loop
      vertex 10.5359 2 93.3552
      vertex 10.3458 1.62695 90.35
      vertex 10.3458 1.62695 93.4126
    endloop
  endfacet
  facet normal -0.777128 -0.629342 0
    outer loop
      vertex 10.7639 -2.35114 90.35
      vertex 11.0252 -2.6738 93.3936
      vertex 10.7639 -2.35114 93.4126
    endloop
  endfacet
  facet normal -0.777131 -0.629338 6.93695e-07
    outer loop
      vertex 11.0274 -2.67652 90.35
      vertex 11.0252 -2.6738 93.3936
      vertex 10.7639 -2.35114 90.35
    endloop
  endfacet
  facet normal -0.777511 -0.628869 5.60155e-21
    outer loop
      vertex 11.0252 -2.6738 93.3936
      vertex 11.0274 -2.67652 90.35
      vertex 11.0274 -2.67652 93.3934
    endloop
  endfacet
  facet normal 0.159689 0.987167 -0
    outer loop
      vertex 14.8316 3.91259 90.35
      vertex 14.8282 3.91314 93.3936
      vertex 14.8316 3.91259 93.3934
    endloop
  endfacet
  facet normal 0.156453 0.987685 -3.70815e-06
    outer loop
      vertex 14.8282 3.91314 93.3936
      vertex 14.8316 3.91259 90.35
      vertex 14.4181 3.97809 90.35
    endloop
  endfacet
  facet normal 0.156426 0.98769 -7.35966e-20
    outer loop
      vertex 14.8282 3.91314 93.3936
      vertex 14.4181 3.97809 90.35
      vertex 14.4181 3.97809 93.4126
    endloop
  endfacet
  facet normal -0.95821 -0.126149 0.25675
    outer loop
      vertex 9.84254 0 97.0721
      vertex 9.5385 0 95.9374
      vertex 9.69052 -1.15472 95.9374
    endloop
  endfacet
  facet normal -0.588348 0.76675 0.256791
    outer loop
      vertex 11.7692 3.86377 95.9374
      vertex 10.8452 3.15476 95.9374
      vertex 11.9213 3.60046 97.0721
    endloop
  endfacet
  facet normal 0.399265 0.306331 0.864146
    outer loop
      vertex 15.9371 1.93707 98.9201
      vertex 15.2177 1.21769 99.5075
      vertex 16.3724 1.36971 98.9201
    endloop
  endfacet
  facet normal -0.95821 0.126149 0.25675
    outer loop
      vertex 9.69052 1.15472 95.9374
      vertex 9.5385 0 95.9374
      vertex 9.84254 0 97.0721
    endloop
  endfacet
  facet normal 0.588323 0.766781 0.256755
    outer loop
      vertex 17.1548 3.15476 95.9374
      vertex 16.0787 3.60046 97.0721
      vertex 16.9398 2.93977 97.0721
    endloop
  endfacet
  facet normal 0.95822 -0.126134 -0.256719
    outer loop
      vertex 18.3095 -1.15472 94.7626
      vertex 18.1575 0 93.6279
      vertex 18.4615 0 94.7626
    endloop
  endfacet
  facet normal -0.656109 0.2718 0.704021
    outer loop
      vertex 11.6276 1.36971 98.9201
      vertex 10.5516 0.924006 98.0894
      vertex 11.3539 0.709015 98.9201
    endloop
  endfacet
  facet normal 0.0340456 -0.258635 0.965375
    outer loop
      vertex 14 -0.587367 99.8115
      vertex 14 -1.72207 99.5075
      vertex 14.4457 -1.6634 99.5075
    endloop
  endfacet
  facet normal 0.158853 0.206939 0.965371
    outer loop
      vertex 14.861 1.49136 99.5075
      vertex 14.2937 0.508675 99.8115
      vertex 14.4153 0.415331 99.8115
    endloop
  endfacet
  facet normal 0.126151 0.958209 -0.25675
    outer loop
      vertex 15.1547 4.30948 94.7626
      vertex 14 4.15746 93.6279
      vertex 14 4.4615 94.7626
    endloop
  endfacet
  facet normal -0.656109 -0.2718 0.704021
    outer loop
      vertex 11.3539 -0.709015 98.9201
      vertex 10.5516 -0.924006 98.0894
      vertex 11.6276 -1.36971 98.9201
    endloop
  endfacet
  facet normal 0.860426 -0.113308 0.496819
    outer loop
      vertex 18.1575 0 97.0721
      vertex 17.5701 0 98.0894
      vertex 18.0158 -1.07603 97.0721
    endloop
  endfacet
  facet normal 0.793361 -0.608752 -2.10241e-17
    outer loop
      vertex 17.1548 -3.15476 95.9374
      vertex 17.8638 -2.23075 94.7626
      vertex 17.8638 -2.23075 95.9374
    endloop
  endfacet
  facet normal 0.793361 -0.608752 -2.10241e-17
    outer loop
      vertex 17.8638 -2.23075 94.7626
      vertex 17.1548 -3.15476 95.9374
      vertex 17.1548 -3.15476 94.7626
    endloop
  endfacet
  facet normal 0.892912 0.369851 -0.256745
    outer loop
      vertex 18.3095 1.15472 94.7626
      vertex 17.6005 2.07873 93.6279
      vertex 17.8638 2.23075 94.7626
    endloop
  endfacet
  facet normal -0.498942 -0.0656563 0.864145
    outer loop
      vertex 12.3366 -0.445705 99.5075
      vertex 11.2606 0 98.9201
      vertex 11.3539 -0.709015 98.9201
    endloop
  endfacet
  facet normal 0.860416 0.113325 0.496833
    outer loop
      vertex 18.0158 1.07603 97.0721
      vertex 17.4484 0.924006 98.0894
      vertex 17.5701 0 98.0894
    endloop
  endfacet
  facet normal -0.860443 0.113278 0.496795
    outer loop
      vertex 9.9842 1.07603 97.0721
      vertex 9.84254 0 97.0721
      vertex 10.4299 0 98.0894
    endloop
  endfacet
  facet normal -0.923887 0.382664 -5.36716e-18
    outer loop
      vertex 9.69052 1.15472 94.7626
      vertex 10.1362 2.23075 95.9374
      vertex 10.1362 2.23075 94.7626
    endloop
  endfacet
  facet normal -0.923887 0.382664 -5.36716e-18
    outer loop
      vertex 10.1362 2.23075 95.9374
      vertex 9.69052 1.15472 94.7626
      vertex 9.69052 1.15472 95.9374
    endloop
  endfacet
  facet normal 0.704111 -0.0926547 0.704019
    outer loop
      vertex 16.7394 0 98.9201
      vertex 16.6461 -0.709015 98.9201
      vertex 17.4484 -0.924006 98.0894
    endloop
  endfacet
  facet normal 0.892916 0.369829 0.256765
    outer loop
      vertex 18.3095 1.15472 95.9374
      vertex 17.6005 2.07873 97.0721
      vertex 18.0158 1.07603 97.0721
    endloop
  endfacet
  facet normal -0.892918 -0.369837 0.256744
    outer loop
      vertex 10.3995 -2.07873 97.0721
      vertex 9.69052 -1.15472 95.9374
      vertex 10.1362 -2.23075 95.9374
    endloop
  endfacet
  facet normal 0.126152 0.958209 0.256751
    outer loop
      vertex 15.1547 4.30948 95.9374
      vertex 14 4.15746 97.0721
      vertex 15.076 4.0158 97.0721
    endloop
  endfacet
  facet normal 0.464928 0.192601 0.864145
    outer loop
      vertex 16.3724 1.36971 98.9201
      vertex 15.6634 0.445705 99.5075
      vertex 16.6461 0.709015 98.9201
    endloop
  endfacet
  facet normal 0.892912 0.369851 0.256745
    outer loop
      vertex 17.8638 2.23075 95.9374
      vertex 17.6005 2.07873 97.0721
      vertex 18.3095 1.15472 95.9374
    endloop
  endfacet
  facet normal 0.860426 0.113308 0.496819
    outer loop
      vertex 18.0158 1.07603 97.0721
      vertex 17.5701 0 98.0894
      vertex 18.1575 0 97.0721
    endloop
  endfacet
  facet normal 0.346161 0.801823 -0.487085
    outer loop
      vertex 15.2361 3.80423 93.3934
      vertex 15.076 4.0158 93.6279
      vertex 15.2393 3.80297 93.3936
    endloop
  endfacet
  facet normal 0.332047 0.80186 -0.496754
    outer loop
      vertex 15.076 4.0158 93.6279
      vertex 15.2361 3.80423 93.3934
      vertex 15.0339 3.85841 93.3457
    endloop
  endfacet
  facet normal 0.0927016 -0.704076 0.704048
    outer loop
      vertex 14.709 -2.64608 98.9201
      vertex 14 -2.73943 98.9201
      vertex 14.924 -3.44844 98.0894
    endloop
  endfacet
  facet normal -0.860416 0.113325 0.496833
    outer loop
      vertex 10.5516 0.924006 98.0894
      vertex 9.9842 1.07603 97.0721
      vertex 10.4299 0 98.0894
    endloop
  endfacet
  facet normal -0.95821 -0.126149 0.25675
    outer loop
      vertex 9.84254 0 97.0721
      vertex 9.69052 -1.15472 95.9374
      vertex 9.9842 -1.07603 97.0721
    endloop
  endfacet
  facet normal 0.0656928 0.498942 0.864142
    outer loop
      vertex 14.709 2.64608 98.9201
      vertex 14 2.73943 98.9201
      vertex 14.4457 1.6634 99.5075
    endloop
  endfacet
  facet normal 0.126151 0.958209 0.25675
    outer loop
      vertex 14 4.4615 95.9374
      vertex 14 4.15746 97.0721
      vertex 15.1547 4.30948 95.9374
    endloop
  endfacet
  facet normal -0.563449 0.432299 0.704019
    outer loop
      vertex 12.0629 1.93707 98.9201
      vertex 11.4756 2.52443 98.0894
      vertex 11.6276 1.36971 98.9201
    endloop
  endfacet
  facet normal 0.369835 -0.89291 -0.256776
    outer loop
      vertex 16.2308 -3.86377 94.7626
      vertex 15.1547 -4.30948 94.7626
      vertex 16.0787 -3.60046 93.6279
    endloop
  endfacet
  facet normal 0.766766 -0.588346 0.256746
    outer loop
      vertex 17.6005 -2.07873 97.0721
      vertex 17.1548 -3.15476 95.9374
      vertex 17.8638 -2.23075 95.9374
    endloop
  endfacet
  facet normal 0.923881 -0.382679 -3.40615e-18
    outer loop
      vertex 17.8638 -2.23075 95.9374
      vertex 18.3095 -1.15472 94.7626
      vertex 18.3095 -1.15472 95.9374
    endloop
  endfacet
  facet normal 0.923881 -0.382679 -3.40615e-18
    outer loop
      vertex 18.3095 -1.15472 94.7626
      vertex 17.8638 -2.23075 95.9374
      vertex 17.8638 -2.23075 94.7626
    endloop
  endfacet
  facet normal -0.346161 -0.801823 -0.487085
    outer loop
      vertex 12.7639 -3.80423 93.3934
      vertex 12.924 -4.0158 93.6279
      vertex 12.7607 -3.80297 93.3936
    endloop
  endfacet
  facet normal -0.332047 -0.80186 -0.496754
    outer loop
      vertex 12.924 -4.0158 93.6279
      vertex 12.7639 -3.80423 93.3934
      vertex 12.9661 -3.85841 93.3457
    endloop
  endfacet
  facet normal 0.688538 -0.528319 -0.496784
    outer loop
      vertex 16.9726 -2.67652 93.3934
      vertex 16.9398 -2.93977 93.6279
      vertex 16.8246 -2.82455 93.3457
    endloop
  endfacet
  facet normal 0.694047 -0.525151 -0.492458
    outer loop
      vertex 16.9398 -2.93977 93.6279
      vertex 16.9726 -2.67652 93.3934
      vertex 16.9748 -2.6738 93.3936
    endloop
  endfacet
  facet normal 0.892916 -0.369829 0.256765
    outer loop
      vertex 18.0158 -1.07603 97.0721
      vertex 17.6005 -2.07873 97.0721
      vertex 18.3095 -1.15472 95.9374
    endloop
  endfacet
  facet normal 0.70406 0.0927311 0.70406
    outer loop
      vertex 17.4484 0.924006 98.0894
      vertex 16.7394 0 98.9201
      vertex 17.5701 0 98.0894
    endloop
  endfacet
  facet normal 0.271763 -0.656095 0.704049
    outer loop
      vertex 15.3697 -2.37241 98.9201
      vertex 14.709 -2.64608 98.9201
      vertex 14.924 -3.44844 98.0894
    endloop
  endfacet
  facet normal 0.464973 0.192558 0.86413
    outer loop
      vertex 16.3724 1.36971 98.9201
      vertex 15.4914 0.861037 99.5075
      vertex 15.6634 0.445705 99.5075
    endloop
  endfacet
  facet normal -0.498942 0.0656563 0.864145
    outer loop
      vertex 11.3539 0.709015 98.9201
      vertex 11.2606 0 98.9201
      vertex 12.3366 0.445705 99.5075
    endloop
  endfacet
  facet normal -0.126151 0.958209 -0.25675
    outer loop
      vertex 14 4.15746 93.6279
      vertex 12.8453 4.30948 94.7626
      vertex 14 4.4615 94.7626
    endloop
  endfacet
  facet normal 0.766757 -0.588354 -0.256758
    outer loop
      vertex 17.1548 -3.15476 94.7626
      vertex 16.9398 -2.93977 93.6279
      vertex 17.6005 -2.07873 93.6279
    endloop
  endfacet
  facet normal 0.588348 0.76675 -0.256791
    outer loop
      vertex 17.1548 3.15476 94.7626
      vertex 16.0787 3.60046 93.6279
      vertex 16.2308 3.86377 94.7626
    endloop
  endfacet
  facet normal 0.656104 0.271727 0.704054
    outer loop
      vertex 17.0918 1.78504 98.0894
      vertex 16.3724 1.36971 98.9201
      vertex 17.4484 0.924006 98.0894
    endloop
  endfacet
  facet normal 0.801804 0.33207 0.496831
    outer loop
      vertex 18.0158 1.07603 97.0721
      vertex 17.0918 1.78504 98.0894
      vertex 17.4484 0.924006 98.0894
    endloop
  endfacet
  facet normal -0.766766 -0.588346 0.256746
    outer loop
      vertex 10.3995 -2.07873 97.0721
      vertex 10.1362 -2.23075 95.9374
      vertex 10.8452 -3.15476 95.9374
    endloop
  endfacet
  facet normal -0.332123 -0.8018 0.496801
    outer loop
      vertex 12.215 -3.09179 98.0894
      vertex 11.9213 -3.60046 97.0721
      vertex 12.924 -4.0158 97.0721
    endloop
  endfacet
  facet normal -0.801804 -0.33207 0.496831
    outer loop
      vertex 10.5516 -0.924006 98.0894
      vertex 9.9842 -1.07603 97.0721
      vertex 10.9082 -1.78504 98.0894
    endloop
  endfacet
  facet normal -0.258649 -0.0340281 0.965372
    outer loop
      vertex 13.4126 0 99.8115
      vertex 12.3366 -0.445705 99.5075
      vertex 13.4326 -0.152021 99.8115
    endloop
  endfacet
  facet normal -0.656104 -0.271727 0.704054
    outer loop
      vertex 11.6276 -1.36971 98.9201
      vertex 10.5516 -0.924006 98.0894
      vertex 10.9082 -1.78504 98.0894
    endloop
  endfacet
  facet normal -0.332108 -0.801765 -0.496868
    outer loop
      vertex 11.9213 -3.60046 93.6279
      vertex 12.3731 -3.65418 93.4126
      vertex 12.924 -4.0158 93.6279
    endloop
  endfacet
  facet normal -0.332075 -0.801832 -0.496781
    outer loop
      vertex 12.3731 -3.65418 93.4126
      vertex 11.9213 -3.60046 93.6279
      vertex 12 -3.4641 93.3552
    endloop
  endfacet
  facet normal -0.332138 -0.801782 -0.496821
    outer loop
      vertex 12.924 -4.0158 93.6279
      vertex 12.3731 -3.65418 93.4126
      vertex 12.7607 -3.80297 93.3936
    endloop
  endfacet
  facet normal -0.688491 0.528303 -0.496866
    outer loop
      vertex 10.7639 2.35114 93.4126
      vertex 11.0602 2.93977 93.6279
      vertex 11.0252 2.6738 93.3936
    endloop
  endfacet
  facet normal -0.688497 0.528303 -0.496857
    outer loop
      vertex 10.7639 2.35114 93.4126
      vertex 10.3995 2.07873 93.6279
      vertex 11.0602 2.93977 93.6279
    endloop
  endfacet
  facet normal -0.688496 0.528275 -0.49689
    outer loop
      vertex 10.5359 2 93.3552
      vertex 10.3995 2.07873 93.6279
      vertex 10.7639 2.35114 93.4126
    endloop
  endfacet
  facet normal -0.258636 -0.0340627 0.965374
    outer loop
      vertex 13.4126 0 99.8115
      vertex 12.2779 0 99.5075
      vertex 12.3366 -0.445705 99.5075
    endloop
  endfacet
  facet normal -0.528311 0.68851 0.496831
    outer loop
      vertex 12.215 3.09179 98.0894
      vertex 11.0602 2.93977 97.0721
      vertex 11.4756 2.52443 98.0894
    endloop
  endfacet
  facet normal -0.0656928 -0.498942 0.864142
    outer loop
      vertex 13.5543 -1.6634 99.5075
      vertex 13.291 -2.64608 98.9201
      vertex 14 -2.73943 98.9201
    endloop
  endfacet
  facet normal -0.526676 -0.691341 -0.494631
    outer loop
      vertex 11.0602 -2.93977 93.6279
      vertex 11.3235 -2.97258 93.3934
      vertex 11.3262 -2.97478 93.3936
    endloop
  endfacet
  facet normal -0.528254 -0.688585 -0.496788
    outer loop
      vertex 11.3235 -2.97258 93.3934
      vertex 11.0602 -2.93977 93.6279
      vertex 11.1754 -2.82455 93.3457
    endloop
  endfacet
  facet normal -0.130527 -0.991445 0
    outer loop
      vertex 12.8453 -4.30948 94.7626
      vertex 14 -4.4615 95.9374
      vertex 12.8453 -4.30948 95.9374
    endloop
  endfacet
  facet normal -0.130527 -0.991445 -0
    outer loop
      vertex 14 -4.4615 95.9374
      vertex 12.8453 -4.30948 94.7626
      vertex 14 -4.4615 94.7626
    endloop
  endfacet
  facet normal -0.369835 -0.89291 -0.256776
    outer loop
      vertex 12.8453 -4.30948 94.7626
      vertex 11.7692 -3.86377 94.7626
      vertex 11.9213 -3.60046 93.6279
    endloop
  endfacet
  facet normal 0.464973 -0.192558 0.86413
    outer loop
      vertex 15.6634 -0.445705 99.5075
      vertex 15.4914 -0.861037 99.5075
      vertex 16.3724 -1.36971 98.9201
    endloop
  endfacet
  facet normal 0.15879 0.206966 0.965376
    outer loop
      vertex 14.861 1.49136 99.5075
      vertex 14.4153 0.415331 99.8115
      vertex 15.2177 1.21769 99.5075
    endloop
  endfacet
  facet normal -0.0926961 -0.704079 0.704045
    outer loop
      vertex 14 -2.73943 98.9201
      vertex 13.076 -3.44844 98.0894
      vertex 14 -3.57009 98.0894
    endloop
  endfacet
  facet normal 0.0926961 -0.704079 0.704045
    outer loop
      vertex 14 -2.73943 98.9201
      vertex 14 -3.57009 98.0894
      vertex 14.924 -3.44844 98.0894
    endloop
  endfacet
  facet normal -0.588323 -0.766781 0.256755
    outer loop
      vertex 11.0602 -2.93977 97.0721
      vertex 10.8452 -3.15476 95.9374
      vertex 11.9213 -3.60046 97.0721
    endloop
  endfacet
  facet normal 0.766766 0.588346 -0.256746
    outer loop
      vertex 17.6005 2.07873 93.6279
      vertex 17.1548 3.15476 94.7626
      vertex 17.8638 2.23075 94.7626
    endloop
  endfacet
  facet normal 0.688538 0.528319 -0.496784
    outer loop
      vertex 16.9398 2.93977 93.6279
      vertex 16.9726 2.67652 93.3934
      vertex 16.8246 2.82455 93.3457
    endloop
  endfacet
  facet normal 0.694047 0.525151 -0.492458
    outer loop
      vertex 16.9726 2.67652 93.3934
      vertex 16.9398 2.93977 93.6279
      vertex 16.9748 2.6738 93.3936
    endloop
  endfacet
  facet normal 0.958201 -0.126183 0.256766
    outer loop
      vertex 18.1575 0 97.0721
      vertex 18.0158 -1.07603 97.0721
      vertex 18.3095 -1.15472 95.9374
    endloop
  endfacet
  facet normal 0.95822 -0.126134 0.256719
    outer loop
      vertex 18.4615 0 95.9374
      vertex 18.1575 0 97.0721
      vertex 18.3095 -1.15472 95.9374
    endloop
  endfacet
  facet normal 0.528311 -0.68851 0.496831
    outer loop
      vertex 16.5244 -2.52443 98.0894
      vertex 15.785 -3.09179 98.0894
      vertex 16.9398 -2.93977 97.0721
    endloop
  endfacet
  facet normal 0.860416 -0.113325 0.496833
    outer loop
      vertex 17.5701 0 98.0894
      vertex 17.4484 -0.924006 98.0894
      vertex 18.0158 -1.07603 97.0721
    endloop
  endfacet
  facet normal -0.240989 -0.0998578 0.965377
    outer loop
      vertex 13.4326 -0.152021 99.8115
      vertex 12.5086 -0.861037 99.5075
      vertex 13.4913 -0.293683 99.8115
    endloop
  endfacet
  facet normal 0.241022 0.0998135 0.965373
    outer loop
      vertex 15.4914 0.861037 99.5075
      vertex 14.5674 0.152021 99.8115
      vertex 15.6634 0.445705 99.5075
    endloop
  endfacet
  facet normal -0.801729 0.325854 -0.501049
    outer loop
      vertex 10.1958 1.23607 93.3934
      vertex 9.9842 1.07603 93.6279
      vertex 10.197 1.23933 93.3936
    endloop
  endfacet
  facet normal -0.801786 0.332109 -0.496833
    outer loop
      vertex 9.9842 1.07603 93.6279
      vertex 10.1958 1.23607 93.3934
      vertex 10.1416 1.03386 93.3457
    endloop
  endfacet
  facet normal 0.801804 0.332092 0.496815
    outer loop
      vertex 17.6005 2.07873 97.0721
      vertex 17.0918 1.78504 98.0894
      vertex 18.0158 1.07603 97.0721
    endloop
  endfacet
  facet normal 0.113277 0.860413 -0.496847
    outer loop
      vertex 15.076 4.0158 93.6279
      vertex 14.4181 3.97809 93.4126
      vertex 14 4.15746 93.6279
    endloop
  endfacet
  facet normal 0.113258 0.860447 -0.496794
    outer loop
      vertex 14.4181 3.97809 93.4126
      vertex 15.076 4.0158 93.6279
      vertex 14.8282 3.91314 93.3936
    endloop
  endfacet
  facet normal 0.113297 0.860427 -0.49682
    outer loop
      vertex 14 4.15746 93.6279
      vertex 14.4181 3.97809 93.4126
      vertex 14 4 93.3552
    endloop
  endfacet
  facet normal 0.110377 0.862146 -0.494491
    outer loop
      vertex 15.076 4.0158 93.6279
      vertex 14.8316 3.91259 93.3934
      vertex 14.8282 3.91314 93.3936
    endloop
  endfacet
  facet normal 0.113305 0.860441 -0.496793
    outer loop
      vertex 14.8316 3.91259 93.3934
      vertex 15.076 4.0158 93.6279
      vertex 15.0339 3.85841 93.3457
    endloop
  endfacet
  facet normal 0.369861 0.892906 -0.256752
    outer loop
      vertex 16.0787 3.60046 93.6279
      vertex 15.076 4.0158 93.6279
      vertex 15.1547 4.30948 94.7626
    endloop
  endfacet
  facet normal 0.526676 -0.691341 -0.494631
    outer loop
      vertex 16.6765 -2.97258 93.3934
      vertex 16.9398 -2.93977 93.6279
      vertex 16.6738 -2.97478 93.3936
    endloop
  endfacet
  facet normal 0.528254 -0.688585 -0.496788
    outer loop
      vertex 16.9398 -2.93977 93.6279
      vertex 16.6765 -2.97258 93.3934
      vertex 16.8246 -2.82455 93.3457
    endloop
  endfacet
  facet normal 0.369835 0.89291 -0.256776
    outer loop
      vertex 16.0787 3.60046 93.6279
      vertex 15.1547 4.30948 94.7626
      vertex 16.2308 3.86377 94.7626
    endloop
  endfacet
  facet normal 0.688516 0.528318 0.496815
    outer loop
      vertex 17.6005 2.07873 97.0721
      vertex 16.9398 2.93977 97.0721
      vertex 17.0918 1.78504 98.0894
    endloop
  endfacet
  facet normal 0.498958 0.0657136 0.864131
    outer loop
      vertex 16.7394 0 98.9201
      vertex 15.6634 0.445705 99.5075
      vertex 15.7221 0 99.5075
    endloop
  endfacet
  facet normal 0.258636 0.0340627 0.965374
    outer loop
      vertex 15.6634 0.445705 99.5075
      vertex 14.5874 0 99.8115
      vertex 15.7221 0 99.5075
    endloop
  endfacet
  facet normal 0.498942 0.0656563 0.864145
    outer loop
      vertex 16.6461 0.709015 98.9201
      vertex 15.6634 0.445705 99.5075
      vertex 16.7394 0 98.9201
    endloop
  endfacet
  facet normal 0.688485 0.528336 0.49684
    outer loop
      vertex 16.9398 2.93977 97.0721
      vertex 16.5244 2.52443 98.0894
      vertex 17.0918 1.78504 98.0894
    endloop
  endfacet
  facet normal -0.694047 -0.525151 -0.492458
    outer loop
      vertex 11.0274 -2.67652 93.3934
      vertex 11.0602 -2.93977 93.6279
      vertex 11.0252 -2.6738 93.3936
    endloop
  endfacet
  facet normal -0.688538 -0.528319 -0.496784
    outer loop
      vertex 11.0602 -2.93977 93.6279
      vertex 11.0274 -2.67652 93.3934
      vertex 11.1754 -2.82455 93.3457
    endloop
  endfacet
  facet normal -0.528293 -0.688542 0.496806
    outer loop
      vertex 12.215 -3.09179 98.0894
      vertex 11.0602 -2.93977 97.0721
      vertex 11.9213 -3.60046 97.0721
    endloop
  endfacet
  facet normal 0.271763 0.656095 0.704049
    outer loop
      vertex 14.924 3.44844 98.0894
      vertex 14.709 2.64608 98.9201
      vertex 15.3697 2.37241 98.9201
    endloop
  endfacet
  facet normal 0.588348 0.76675 0.256791
    outer loop
      vertex 16.2308 3.86377 95.9374
      vertex 16.0787 3.60046 97.0721
      vertex 17.1548 3.15476 95.9374
    endloop
  endfacet
  facet normal 0.206943 0.158811 0.965377
    outer loop
      vertex 15.2177 1.21769 99.5075
      vertex 14.4153 0.415331 99.8115
      vertex 15.4914 0.861037 99.5075
    endloop
  endfacet
  facet normal -0.892919 -0.369831 -0.25675
    outer loop
      vertex 10.3995 -2.07873 93.6279
      vertex 9.69052 -1.15472 94.7626
      vertex 9.9842 -1.07603 93.6279
    endloop
  endfacet
  facet normal -0.95821 0.126149 0.25675
    outer loop
      vertex 9.9842 1.07603 97.0721
      vertex 9.69052 1.15472 95.9374
      vertex 9.84254 0 97.0721
    endloop
  endfacet
  facet normal -0.860321 0.11334 -0.496992
    outer loop
      vertex 10.0219 0.418114 93.4126
      vertex 9.9842 1.07603 93.6279
      vertex 10.0869 0.82819 93.3936
    endloop
  endfacet
  facet normal -0.860429 0.113273 -0.496821
    outer loop
      vertex 9.84254 0 93.6279
      vertex 10.0219 0.418114 93.4126
      vertex 10 0 93.3552
    endloop
  endfacet
  facet normal -0.860431 0.113276 -0.496816
    outer loop
      vertex 10.0219 0.418114 93.4126
      vertex 9.84254 0 93.6279
      vertex 9.9842 1.07603 93.6279
    endloop
  endfacet
  facet normal -0.704111 0.0926547 0.704019
    outer loop
      vertex 11.3539 0.709015 98.9201
      vertex 10.5516 0.924006 98.0894
      vertex 11.2606 0 98.9201
    endloop
  endfacet
  facet normal -0.860443 -0.113278 0.496795
    outer loop
      vertex 10.4299 0 98.0894
      vertex 9.84254 0 97.0721
      vertex 9.9842 -1.07603 97.0721
    endloop
  endfacet
  facet normal -0.860416 -0.113325 0.496833
    outer loop
      vertex 10.4299 0 98.0894
      vertex 9.9842 -1.07603 97.0721
      vertex 10.5516 -0.924006 98.0894
    endloop
  endfacet
  facet normal -0.70406 0.0927311 0.70406
    outer loop
      vertex 10.5516 0.924006 98.0894
      vertex 10.4299 0 98.0894
      vertex 11.2606 0 98.9201
    endloop
  endfacet
  facet normal 0.766766 -0.588346 -0.256746
    outer loop
      vertex 17.8638 -2.23075 94.7626
      vertex 17.1548 -3.15476 94.7626
      vertex 17.6005 -2.07873 93.6279
    endloop
  endfacet
  facet normal 0.588348 -0.76675 -0.256791
    outer loop
      vertex 16.2308 -3.86377 94.7626
      vertex 16.0787 -3.60046 93.6279
      vertex 17.1548 -3.15476 94.7626
    endloop
  endfacet
  facet normal 0.271773 -0.656096 0.704044
    outer loop
      vertex 15.3697 -2.37241 98.9201
      vertex 14.924 -3.44844 98.0894
      vertex 15.785 -3.09179 98.0894
    endloop
  endfacet
  facet normal -0.126151 -0.958209 0.25675
    outer loop
      vertex 14 -4.15746 97.0721
      vertex 12.8453 -4.30948 95.9374
      vertex 14 -4.4615 95.9374
    endloop
  endfacet
  facet normal 0.346161 -0.801823 -0.487085
    outer loop
      vertex 15.076 -4.0158 93.6279
      vertex 15.2361 -3.80423 93.3934
      vertex 15.2393 -3.80297 93.3936
    endloop
  endfacet
  facet normal 0.332047 -0.80186 -0.496754
    outer loop
      vertex 15.2361 -3.80423 93.3934
      vertex 15.076 -4.0158 93.6279
      vertex 15.0339 -3.85841 93.3457
    endloop
  endfacet
  facet normal 0.0998086 0.241025 0.965373
    outer loop
      vertex 14.861 1.49136 99.5075
      vertex 14.152 0.567353 99.8115
      vertex 14.2937 0.508675 99.8115
    endloop
  endfacet
  facet normal -0.563381 -0.432332 0.704053
    outer loop
      vertex 11.6276 -1.36971 98.9201
      vertex 10.9082 -1.78504 98.0894
      vertex 11.4756 -2.52443 98.0894
    endloop
  endfacet
  facet normal 0.369861 -0.892906 0.256752
    outer loop
      vertex 16.0787 -3.60046 97.0721
      vertex 15.076 -4.0158 97.0721
      vertex 15.1547 -4.30948 95.9374
    endloop
  endfacet
  facet normal -0.688485 -0.528336 0.49684
    outer loop
      vertex 11.4756 -2.52443 98.0894
      vertex 10.9082 -1.78504 98.0894
      vertex 11.0602 -2.93977 97.0721
    endloop
  endfacet
  facet normal -0.271763 -0.656095 0.704049
    outer loop
      vertex 13.291 -2.64608 98.9201
      vertex 12.6303 -2.37241 98.9201
      vertex 13.076 -3.44844 98.0894
    endloop
  endfacet
  facet normal 0.382665 -0.923887 0
    outer loop
      vertex 15.1547 -4.30948 94.7626
      vertex 16.2308 -3.86377 95.9374
      vertex 15.1547 -4.30948 95.9374
    endloop
  endfacet
  facet normal 0.382665 -0.923887 0
    outer loop
      vertex 16.2308 -3.86377 95.9374
      vertex 15.1547 -4.30948 94.7626
      vertex 16.2308 -3.86377 94.7626
    endloop
  endfacet
  facet normal 0.892912 -0.369851 0.256745
    outer loop
      vertex 18.3095 -1.15472 95.9374
      vertex 17.6005 -2.07873 97.0721
      vertex 17.8638 -2.23075 95.9374
    endloop
  endfacet
  facet normal 0.656109 -0.2718 0.704021
    outer loop
      vertex 16.6461 -0.709015 98.9201
      vertex 16.3724 -1.36971 98.9201
      vertex 17.4484 -0.924006 98.0894
    endloop
  endfacet
  facet normal 0.70406 -0.0927311 0.70406
    outer loop
      vertex 17.5701 0 98.0894
      vertex 16.7394 0 98.9201
      vertex 17.4484 -0.924006 98.0894
    endloop
  endfacet
  facet normal 0.369835 -0.89291 0.256776
    outer loop
      vertex 16.0787 -3.60046 97.0721
      vertex 15.1547 -4.30948 95.9374
      vertex 16.2308 -3.86377 95.9374
    endloop
  endfacet
  facet normal 0.399265 -0.306331 0.864146
    outer loop
      vertex 16.3724 -1.36971 98.9201
      vertex 15.2177 -1.21769 99.5075
      vertex 15.9371 -1.93707 98.9201
    endloop
  endfacet
  facet normal 0.192585 0.464942 0.864141
    outer loop
      vertex 14.709 2.64608 98.9201
      vertex 14.4457 1.6634 99.5075
      vertex 15.3697 2.37241 98.9201
    endloop
  endfacet
  facet normal 0.306336 0.399262 0.864146
    outer loop
      vertex 15.3697 2.37241 98.9201
      vertex 15.2177 1.21769 99.5075
      vertex 15.9371 1.93707 98.9201
    endloop
  endfacet
  facet normal 0.126152 0.958209 -0.256751
    outer loop
      vertex 15.076 4.0158 93.6279
      vertex 14 4.15746 93.6279
      vertex 15.1547 4.30948 94.7626
    endloop
  endfacet
  facet normal 0.991447 -0.130508 -9.90733e-18
    outer loop
      vertex 18.3095 -1.15472 95.9374
      vertex 18.4615 0 94.7626
      vertex 18.4615 0 95.9374
    endloop
  endfacet
  facet normal 0.991447 -0.130508 -9.90733e-18
    outer loop
      vertex 18.4615 0 94.7626
      vertex 18.3095 -1.15472 95.9374
      vertex 18.3095 -1.15472 94.7626
    endloop
  endfacet
  facet normal 0.801729 0.325854 -0.501049
    outer loop
      vertex 18.0158 1.07603 93.6279
      vertex 17.8042 1.23607 93.3934
      vertex 17.803 1.23933 93.3936
    endloop
  endfacet
  facet normal 0.801786 0.332109 -0.496833
    outer loop
      vertex 17.8042 1.23607 93.3934
      vertex 18.0158 1.07603 93.6279
      vertex 17.8584 1.03386 93.3457
    endloop
  endfacet
  facet normal 0.801786 -0.332109 -0.496833
    outer loop
      vertex 18.0158 -1.07603 93.6279
      vertex 17.8042 -1.23607 93.3934
      vertex 17.8584 -1.03386 93.3457
    endloop
  endfacet
  facet normal 0.801729 -0.325854 -0.501049
    outer loop
      vertex 17.8042 -1.23607 93.3934
      vertex 18.0158 -1.07603 93.6279
      vertex 17.803 -1.23933 93.3936
    endloop
  endfacet
  facet normal 0.892916 0.369829 -0.256765
    outer loop
      vertex 18.0158 1.07603 93.6279
      vertex 17.6005 2.07873 93.6279
      vertex 18.3095 1.15472 94.7626
    endloop
  endfacet
  facet normal 0.923881 0.382679 3.40615e-18
    outer loop
      vertex 18.3095 1.15472 95.9374
      vertex 17.8638 2.23075 94.7626
      vertex 17.8638 2.23075 95.9374
    endloop
  endfacet
  facet normal 0.923881 0.382679 3.40615e-18
    outer loop
      vertex 17.8638 2.23075 94.7626
      vertex 18.3095 1.15472 95.9374
      vertex 18.3095 1.15472 94.7626
    endloop
  endfacet
  facet normal 0.332108 0.801765 -0.496868
    outer loop
      vertex 16.0787 3.60046 93.6279
      vertex 15.6269 3.65418 93.4126
      vertex 15.076 4.0158 93.6279
    endloop
  endfacet
  facet normal 0.332075 0.801832 -0.496781
    outer loop
      vertex 15.6269 3.65418 93.4126
      vertex 16.0787 3.60046 93.6279
      vertex 16 3.4641 93.3552
    endloop
  endfacet
  facet normal 0.332138 0.801782 -0.496821
    outer loop
      vertex 15.076 4.0158 93.6279
      vertex 15.6269 3.65418 93.4126
      vertex 15.2393 3.80297 93.3936
    endloop
  endfacet
  facet normal 0.369861 0.892906 0.256752
    outer loop
      vertex 15.1547 4.30948 95.9374
      vertex 15.076 4.0158 97.0721
      vertex 16.0787 3.60046 97.0721
    endloop
  endfacet
  facet normal 0.766766 0.588346 0.256746
    outer loop
      vertex 17.8638 2.23075 95.9374
      vertex 17.1548 3.15476 95.9374
      vertex 17.6005 2.07873 97.0721
    endloop
  endfacet
  facet normal 0.766757 0.588354 0.256758
    outer loop
      vertex 17.1548 3.15476 95.9374
      vertex 16.9398 2.93977 97.0721
      vertex 17.6005 2.07873 97.0721
    endloop
  endfacet
  facet normal -0.588323 0.766781 0.256755
    outer loop
      vertex 11.9213 3.60046 97.0721
      vertex 10.8452 3.15476 95.9374
      vertex 11.0602 2.93977 97.0721
    endloop
  endfacet
  facet normal -0.110377 -0.862146 -0.494491
    outer loop
      vertex 12.924 -4.0158 93.6279
      vertex 13.1684 -3.91259 93.3934
      vertex 13.1718 -3.91314 93.3936
    endloop
  endfacet
  facet normal -0.113305 -0.860441 -0.496793
    outer loop
      vertex 13.1684 -3.91259 93.3934
      vertex 12.924 -4.0158 93.6279
      vertex 12.9661 -3.85841 93.3457
    endloop
  endfacet
  facet normal -0.588348 -0.76675 -0.256791
    outer loop
      vertex 11.7692 -3.86377 94.7626
      vertex 10.8452 -3.15476 94.7626
      vertex 11.9213 -3.60046 93.6279
    endloop
  endfacet
  facet normal -0.528258 -0.688497 -0.496906
    outer loop
      vertex 11.0602 -2.93977 93.6279
      vertex 11.6489 -3.23607 93.4126
      vertex 11.9213 -3.60046 93.6279
    endloop
  endfacet
  facet normal -0.528258 -0.688541 -0.496845
    outer loop
      vertex 11.6489 -3.23607 93.4126
      vertex 11.0602 -2.93977 93.6279
      vertex 11.3262 -2.97478 93.3936
    endloop
  endfacet
  facet normal -0.52838 -0.688505 -0.496766
    outer loop
      vertex 11.9213 -3.60046 93.6279
      vertex 11.6489 -3.23607 93.4126
      vertex 12 -3.4641 93.3552
    endloop
  endfacet
  facet normal -0.892918 -0.369837 -0.256744
    outer loop
      vertex 10.1362 -2.23075 94.7626
      vertex 9.69052 -1.15472 94.7626
      vertex 10.3995 -2.07873 93.6279
    endloop
  endfacet
  facet normal -0.528293 0.688542 0.496806
    outer loop
      vertex 11.9213 3.60046 97.0721
      vertex 11.0602 2.93977 97.0721
      vertex 12.215 3.09179 98.0894
    endloop
  endfacet
  facet normal -0.588348 0.76675 -0.256791
    outer loop
      vertex 11.9213 3.60046 93.6279
      vertex 10.8452 3.15476 94.7626
      vertex 11.7692 3.86377 94.7626
    endloop
  endfacet
  facet normal -0.892919 0.369831 0.25675
    outer loop
      vertex 10.3995 2.07873 97.0721
      vertex 9.69052 1.15472 95.9374
      vertex 9.9842 1.07603 97.0721
    endloop
  endfacet
  facet normal -0.192585 0.464942 0.864141
    outer loop
      vertex 13.291 2.64608 98.9201
      vertex 12.6303 2.37241 98.9201
      vertex 13.5543 1.6634 99.5075
    endloop
  endfacet
  facet normal 0.306327 0.399265 0.864148
    outer loop
      vertex 15.3697 2.37241 98.9201
      vertex 14.861 1.49136 99.5075
      vertex 15.2177 1.21769 99.5075
    endloop
  endfacet
  facet normal -0.688516 0.528318 0.496815
    outer loop
      vertex 11.0602 2.93977 97.0721
      vertex 10.3995 2.07873 97.0721
      vertex 10.9082 1.78504 98.0894
    endloop
  endfacet
  facet normal -0.0340454 0.258634 0.965375
    outer loop
      vertex 14 1.72207 99.5075
      vertex 13.5543 1.6634 99.5075
      vertex 13.848 0.567353 99.8115
    endloop
  endfacet
  facet normal -0.0998371 -0.241004 0.965375
    outer loop
      vertex 13.848 -0.567353 99.8115
      vertex 13.139 -1.49136 99.5075
      vertex 13.5543 -1.6634 99.5075
    endloop
  endfacet
  facet normal -0.991445 -0.130525 2.61809e-18
    outer loop
      vertex 9.69052 -1.15472 94.7626
      vertex 9.5385 0 95.9374
      vertex 9.5385 0 94.7626
    endloop
  endfacet
  facet normal -0.991445 -0.130525 2.61809e-18
    outer loop
      vertex 9.5385 0 95.9374
      vertex 9.69052 -1.15472 94.7626
      vertex 9.69052 -1.15472 95.9374
    endloop
  endfacet
  facet normal -0.95821 -0.126149 -0.25675
    outer loop
      vertex 9.9842 -1.07603 93.6279
      vertex 9.69052 -1.15472 94.7626
      vertex 9.84254 0 93.6279
    endloop
  endfacet
  facet normal -0.113277 0.860413 -0.496847
    outer loop
      vertex 14 4.15746 93.6279
      vertex 13.5819 3.97809 93.4126
      vertex 12.924 4.0158 93.6279
    endloop
  endfacet
  facet normal -0.113297 0.860427 -0.49682
    outer loop
      vertex 13.5819 3.97809 93.4126
      vertex 14 4.15746 93.6279
      vertex 14 4 93.3552
    endloop
  endfacet
  facet normal -0.113258 0.860447 -0.496794
    outer loop
      vertex 12.924 4.0158 93.6279
      vertex 13.5819 3.97809 93.4126
      vertex 13.1718 3.91314 93.3936
    endloop
  endfacet
  facet normal -0.346161 0.801823 -0.487085
    outer loop
      vertex 12.924 4.0158 93.6279
      vertex 12.7639 3.80423 93.3934
      vertex 12.7607 3.80297 93.3936
    endloop
  endfacet
  facet normal -0.332047 0.80186 -0.496754
    outer loop
      vertex 12.7639 3.80423 93.3934
      vertex 12.924 4.0158 93.6279
      vertex 12.9661 3.85841 93.3457
    endloop
  endfacet
  facet normal -0.991445 0.130525 -2.61809e-18
    outer loop
      vertex 9.5385 0 94.7626
      vertex 9.69052 1.15472 95.9374
      vertex 9.69052 1.15472 94.7626
    endloop
  endfacet
  facet normal -0.991445 0.130525 -2.61809e-18
    outer loop
      vertex 9.69052 1.15472 95.9374
      vertex 9.5385 0 94.7626
      vertex 9.5385 0 95.9374
    endloop
  endfacet
  facet normal -0.70406 -0.0927311 0.70406
    outer loop
      vertex 11.2606 0 98.9201
      vertex 10.4299 0 98.0894
      vertex 10.5516 -0.924006 98.0894
    endloop
  endfacet
  facet normal -0.704111 -0.0926547 0.704019
    outer loop
      vertex 11.2606 0 98.9201
      vertex 10.5516 -0.924006 98.0894
      vertex 11.3539 -0.709015 98.9201
    endloop
  endfacet
  facet normal -0.0998371 0.241004 0.965375
    outer loop
      vertex 13.5543 1.6634 99.5075
      vertex 13.139 1.49136 99.5075
      vertex 13.848 0.567353 99.8115
    endloop
  endfacet
  facet normal 0.113277 -0.860413 -0.496847
    outer loop
      vertex 14 -4.15746 93.6279
      vertex 14.4181 -3.97809 93.4126
      vertex 15.076 -4.0158 93.6279
    endloop
  endfacet
  facet normal 0.113297 -0.860427 -0.49682
    outer loop
      vertex 14.4181 -3.97809 93.4126
      vertex 14 -4.15746 93.6279
      vertex 14 -4 93.3552
    endloop
  endfacet
  facet normal 0.113258 -0.860447 -0.496794
    outer loop
      vertex 15.076 -4.0158 93.6279
      vertex 14.4181 -3.97809 93.4126
      vertex 14.8282 -3.91314 93.3936
    endloop
  endfacet
  facet normal -0.113282 -0.860439 0.496803
    outer loop
      vertex 13.076 -3.44844 98.0894
      vertex 12.924 -4.0158 97.0721
      vertex 14 -3.57009 98.0894
    endloop
  endfacet
  facet normal -0.688516 -0.528318 0.496815
    outer loop
      vertex 10.9082 -1.78504 98.0894
      vertex 10.3995 -2.07873 97.0721
      vertex 11.0602 -2.93977 97.0721
    endloop
  endfacet
  facet normal -0.126151 -0.958209 -0.25675
    outer loop
      vertex 14 -4.4615 94.7626
      vertex 12.8453 -4.30948 94.7626
      vertex 14 -4.15746 93.6279
    endloop
  endfacet
  facet normal 0.126151 -0.958209 -0.25675
    outer loop
      vertex 15.1547 -4.30948 94.7626
      vertex 14 -4.4615 94.7626
      vertex 14 -4.15746 93.6279
    endloop
  endfacet
  facet normal 0.126152 -0.958209 -0.256751
    outer loop
      vertex 15.1547 -4.30948 94.7626
      vertex 14 -4.15746 93.6279
      vertex 15.076 -4.0158 93.6279
    endloop
  endfacet
  facet normal -0.113277 -0.860413 -0.496847
    outer loop
      vertex 12.924 -4.0158 93.6279
      vertex 13.5819 -3.97809 93.4126
      vertex 14 -4.15746 93.6279
    endloop
  endfacet
  facet normal -0.113258 -0.860447 -0.496794
    outer loop
      vertex 13.5819 -3.97809 93.4126
      vertex 12.924 -4.0158 93.6279
      vertex 13.1718 -3.91314 93.3936
    endloop
  endfacet
  facet normal -0.113297 -0.860427 -0.49682
    outer loop
      vertex 14 -4.15746 93.6279
      vertex 13.5819 -3.97809 93.4126
      vertex 14 -4 93.3552
    endloop
  endfacet
  facet normal -0.432317 -0.563408 0.70404
    outer loop
      vertex 12.6303 -2.37241 98.9201
      vertex 11.4756 -2.52443 98.0894
      vertex 12.215 -3.09179 98.0894
    endloop
  endfacet
  facet normal 0.15879 -0.206966 0.965376
    outer loop
      vertex 15.2177 -1.21769 99.5075
      vertex 14.4153 -0.415331 99.8115
      vertex 14.861 -1.49136 99.5075
    endloop
  endfacet
  facet normal -0.0998086 -0.241025 0.965373
    outer loop
      vertex 13.7063 -0.508675 99.8115
      vertex 13.139 -1.49136 99.5075
      vertex 13.848 -0.567353 99.8115
    endloop
  endfacet
  facet normal -0.464973 -0.192558 0.86413
    outer loop
      vertex 12.3366 -0.445705 99.5075
      vertex 11.6276 -1.36971 98.9201
      vertex 12.5086 -0.861037 99.5075
    endloop
  endfacet
  facet normal -0.464928 -0.192601 0.864145
    outer loop
      vertex 12.3366 -0.445705 99.5075
      vertex 11.3539 -0.709015 98.9201
      vertex 11.6276 -1.36971 98.9201
    endloop
  endfacet
  facet normal -0.801804 -0.332092 0.496815
    outer loop
      vertex 10.9082 -1.78504 98.0894
      vertex 9.9842 -1.07603 97.0721
      vertex 10.3995 -2.07873 97.0721
    endloop
  endfacet
  facet normal -0.892919 -0.369831 0.25675
    outer loop
      vertex 9.9842 -1.07603 97.0721
      vertex 9.69052 -1.15472 95.9374
      vertex 10.3995 -2.07873 97.0721
    endloop
  endfacet
  facet normal 0.766757 -0.588354 0.256758
    outer loop
      vertex 17.6005 -2.07873 97.0721
      vertex 16.9398 -2.93977 97.0721
      vertex 17.1548 -3.15476 95.9374
    endloop
  endfacet
  facet normal -0.126152 -0.958209 0.256751
    outer loop
      vertex 12.924 -4.0158 97.0721
      vertex 12.8453 -4.30948 95.9374
      vertex 14 -4.15746 97.0721
    endloop
  endfacet
  facet normal 0.130527 -0.991445 0
    outer loop
      vertex 14 -4.4615 94.7626
      vertex 15.1547 -4.30948 95.9374
      vertex 14 -4.4615 95.9374
    endloop
  endfacet
  facet normal 0.130527 -0.991445 0
    outer loop
      vertex 15.1547 -4.30948 95.9374
      vertex 14 -4.4615 94.7626
      vertex 15.1547 -4.30948 94.7626
    endloop
  endfacet
  facet normal 0.588348 -0.76675 0.256791
    outer loop
      vertex 17.1548 -3.15476 95.9374
      vertex 16.0787 -3.60046 97.0721
      vertex 16.2308 -3.86377 95.9374
    endloop
  endfacet
  facet normal 0.608761 -0.793353 0
    outer loop
      vertex 16.2308 -3.86377 94.7626
      vertex 17.1548 -3.15476 95.9374
      vertex 16.2308 -3.86377 95.9374
    endloop
  endfacet
  facet normal 0.608761 -0.793353 0
    outer loop
      vertex 17.1548 -3.15476 95.9374
      vertex 16.2308 -3.86377 94.7626
      vertex 17.1548 -3.15476 94.7626
    endloop
  endfacet
  facet normal 0.563381 0.432332 0.704053
    outer loop
      vertex 16.5244 2.52443 98.0894
      vertex 16.3724 1.36971 98.9201
      vertex 17.0918 1.78504 98.0894
    endloop
  endfacet
  facet normal 0.563449 0.432299 0.704019
    outer loop
      vertex 16.5244 2.52443 98.0894
      vertex 15.9371 1.93707 98.9201
      vertex 16.3724 1.36971 98.9201
    endloop
  endfacet
  facet normal 0.688516 -0.528318 0.496815
    outer loop
      vertex 17.0918 -1.78504 98.0894
      vertex 16.9398 -2.93977 97.0721
      vertex 17.6005 -2.07873 97.0721
    endloop
  endfacet
  facet normal 0.065678 -0.498938 0.864146
    outer loop
      vertex 14 -1.72207 99.5075
      vertex 14 -2.73943 98.9201
      vertex 14.4457 -1.6634 99.5075
    endloop
  endfacet
  facet normal -0.0927016 -0.704076 0.704048
    outer loop
      vertex 13.291 -2.64608 98.9201
      vertex 13.076 -3.44844 98.0894
      vertex 14 -2.73943 98.9201
    endloop
  endfacet
  facet normal 0.432302 0.56344 0.704024
    outer loop
      vertex 16.5244 2.52443 98.0894
      vertex 15.3697 2.37241 98.9201
      vertex 15.9371 1.93707 98.9201
    endloop
  endfacet
  facet normal 0.0927016 0.704076 0.704048
    outer loop
      vertex 14.924 3.44844 98.0894
      vertex 14 2.73943 98.9201
      vertex 14.709 2.64608 98.9201
    endloop
  endfacet
  facet normal 0.528258 0.688497 -0.496906
    outer loop
      vertex 16.9398 2.93977 93.6279
      vertex 16.3511 3.23607 93.4126
      vertex 16.0787 3.60046 93.6279
    endloop
  endfacet
  facet normal 0.528258 0.688541 -0.496845
    outer loop
      vertex 16.3511 3.23607 93.4126
      vertex 16.9398 2.93977 93.6279
      vertex 16.6738 2.97478 93.3936
    endloop
  endfacet
  facet normal 0.52838 0.688505 -0.496766
    outer loop
      vertex 16.0787 3.60046 93.6279
      vertex 16.3511 3.23607 93.4126
      vertex 16 3.4641 93.3552
    endloop
  endfacet
  facet normal 0.526676 0.691341 -0.494631
    outer loop
      vertex 16.9398 2.93977 93.6279
      vertex 16.6765 2.97258 93.3934
      vertex 16.6738 2.97478 93.3936
    endloop
  endfacet
  facet normal 0.528254 0.688585 -0.496788
    outer loop
      vertex 16.6765 2.97258 93.3934
      vertex 16.9398 2.93977 93.6279
      vertex 16.8246 2.82455 93.3457
    endloop
  endfacet
  facet normal -0.766757 0.588354 -0.256758
    outer loop
      vertex 11.0602 2.93977 93.6279
      vertex 10.3995 2.07873 93.6279
      vertex 10.8452 3.15476 94.7626
    endloop
  endfacet
  facet normal -0.126152 0.958209 -0.256751
    outer loop
      vertex 12.924 4.0158 93.6279
      vertex 12.8453 4.30948 94.7626
      vertex 14 4.15746 93.6279
    endloop
  endfacet
  facet normal -0.110377 0.862146 -0.494491
    outer loop
      vertex 13.1684 3.91259 93.3934
      vertex 12.924 4.0158 93.6279
      vertex 13.1718 3.91314 93.3936
    endloop
  endfacet
  facet normal -0.113305 0.860441 -0.496793
    outer loop
      vertex 12.924 4.0158 93.6279
      vertex 13.1684 3.91259 93.3934
      vertex 12.9661 3.85841 93.3457
    endloop
  endfacet
  facet normal 0.688496 -0.528275 -0.49689
    outer loop
      vertex 17.6005 -2.07873 93.6279
      vertex 17.2361 -2.35114 93.4126
      vertex 17.4641 -2 93.3552
    endloop
  endfacet
  facet normal 0.688497 -0.528303 -0.496857
    outer loop
      vertex 16.9398 -2.93977 93.6279
      vertex 17.2361 -2.35114 93.4126
      vertex 17.6005 -2.07873 93.6279
    endloop
  endfacet
  facet normal 0.688491 -0.528303 -0.496866
    outer loop
      vertex 17.2361 -2.35114 93.4126
      vertex 16.9398 -2.93977 93.6279
      vertex 16.9748 -2.6738 93.3936
    endloop
  endfacet
  facet normal 0.892912 -0.369851 -0.256745
    outer loop
      vertex 17.8638 -2.23075 94.7626
      vertex 17.6005 -2.07873 93.6279
      vertex 18.3095 -1.15472 94.7626
    endloop
  endfacet
  facet normal 0.801748 0.332101 -0.4969
    outer loop
      vertex 17.6005 2.07873 93.6279
      vertex 17.6542 1.62695 93.4126
      vertex 17.4641 2 93.3552
    endloop
  endfacet
  facet normal 0.801782 0.332084 -0.496856
    outer loop
      vertex 18.0158 1.07603 93.6279
      vertex 17.6542 1.62695 93.4126
      vertex 17.6005 2.07873 93.6279
    endloop
  endfacet
  facet normal 0.801822 0.332153 -0.496744
    outer loop
      vertex 17.6542 1.62695 93.4126
      vertex 18.0158 1.07603 93.6279
      vertex 17.803 1.23933 93.3936
    endloop
  endfacet
  facet normal 0.688491 0.528303 -0.496866
    outer loop
      vertex 16.9398 2.93977 93.6279
      vertex 17.2361 2.35114 93.4126
      vertex 16.9748 2.6738 93.3936
    endloop
  endfacet
  facet normal 0.688497 0.528303 -0.496857
    outer loop
      vertex 17.6005 2.07873 93.6279
      vertex 17.2361 2.35114 93.4126
      vertex 16.9398 2.93977 93.6279
    endloop
  endfacet
  facet normal 0.688496 0.528275 -0.49689
    outer loop
      vertex 17.6005 2.07873 93.6279
      vertex 17.4641 2 93.3552
      vertex 17.2361 2.35114 93.4126
    endloop
  endfacet
  facet normal 0.958201 0.126183 -0.256766
    outer loop
      vertex 18.1575 0 93.6279
      vertex 18.0158 1.07603 93.6279
      vertex 18.3095 1.15472 94.7626
    endloop
  endfacet
  facet normal 0.860397 -0.113415 -0.496844
    outer loop
      vertex 17.9126 -0.831646 93.3934
      vertex 18.0158 -1.07603 93.6279
      vertex 17.8584 -1.03386 93.3457
    endloop
  endfacet
  facet normal 0.869345 -0.0977384 -0.484444
    outer loop
      vertex 18.0158 -1.07603 93.6279
      vertex 17.9126 -0.831646 93.3934
      vertex 17.9131 -0.82819 93.3936
    endloop
  endfacet
  facet normal 0.95822 0.126134 -0.256719
    outer loop
      vertex 18.4615 0 94.7626
      vertex 18.1575 0 93.6279
      vertex 18.3095 1.15472 94.7626
    endloop
  endfacet
  facet normal 0.991447 0.130508 9.90733e-18
    outer loop
      vertex 18.4615 0 95.9374
      vertex 18.3095 1.15472 94.7626
      vertex 18.3095 1.15472 95.9374
    endloop
  endfacet
  facet normal 0.991447 0.130508 9.90733e-18
    outer loop
      vertex 18.3095 1.15472 94.7626
      vertex 18.4615 0 95.9374
      vertex 18.4615 0 94.7626
    endloop
  endfacet
  facet normal 0.958201 0.126183 0.256766
    outer loop
      vertex 18.3095 1.15472 95.9374
      vertex 18.0158 1.07603 97.0721
      vertex 18.1575 0 97.0721
    endloop
  endfacet
  facet normal 0.95822 0.126134 0.256719
    outer loop
      vertex 18.3095 1.15472 95.9374
      vertex 18.1575 0 97.0721
      vertex 18.4615 0 95.9374
    endloop
  endfacet
  facet normal 0.608761 0.793353 -0
    outer loop
      vertex 17.1548 3.15476 94.7626
      vertex 16.2308 3.86377 95.9374
      vertex 17.1548 3.15476 95.9374
    endloop
  endfacet
  facet normal 0.608761 0.793353 0
    outer loop
      vertex 16.2308 3.86377 95.9374
      vertex 17.1548 3.15476 94.7626
      vertex 16.2308 3.86377 94.7626
    endloop
  endfacet
  facet normal 0.793361 0.608752 2.10241e-17
    outer loop
      vertex 17.8638 2.23075 95.9374
      vertex 17.1548 3.15476 94.7626
      vertex 17.1548 3.15476 95.9374
    endloop
  endfacet
  facet normal 0.793361 0.608752 2.10241e-17
    outer loop
      vertex 17.1548 3.15476 94.7626
      vertex 17.8638 2.23075 95.9374
      vertex 17.8638 2.23075 94.7626
    endloop
  endfacet
  facet normal -0.126152 0.958209 0.256751
    outer loop
      vertex 14 4.15746 97.0721
      vertex 12.8453 4.30948 95.9374
      vertex 12.924 4.0158 97.0721
    endloop
  endfacet
  facet normal 0.369835 0.89291 0.256776
    outer loop
      vertex 16.2308 3.86377 95.9374
      vertex 15.1547 4.30948 95.9374
      vertex 16.0787 3.60046 97.0721
    endloop
  endfacet
  facet normal -0.432302 0.56344 0.704024
    outer loop
      vertex 12.6303 2.37241 98.9201
      vertex 11.4756 2.52443 98.0894
      vertex 12.0629 1.93707 98.9201
    endloop
  endfacet
  facet normal -0.113282 0.860439 0.496803
    outer loop
      vertex 14 3.57009 98.0894
      vertex 12.924 4.0158 97.0721
      vertex 13.076 3.44844 98.0894
    endloop
  endfacet
  facet normal -0.95821 0.126149 -0.25675
    outer loop
      vertex 9.84254 0 93.6279
      vertex 9.5385 0 94.7626
      vertex 9.69052 1.15472 94.7626
    endloop
  endfacet
  facet normal -0.892918 0.369837 -0.256744
    outer loop
      vertex 10.3995 2.07873 93.6279
      vertex 9.69052 1.15472 94.7626
      vertex 10.1362 2.23075 94.7626
    endloop
  endfacet
  facet normal -0.766766 -0.588346 -0.256746
    outer loop
      vertex 10.8452 -3.15476 94.7626
      vertex 10.1362 -2.23075 94.7626
      vertex 10.3995 -2.07873 93.6279
    endloop
  endfacet
  facet normal -0.801786 -0.332109 -0.496833
    outer loop
      vertex 10.1958 -1.23607 93.3934
      vertex 9.9842 -1.07603 93.6279
      vertex 10.1416 -1.03386 93.3457
    endloop
  endfacet
  facet normal -0.801729 -0.325854 -0.501049
    outer loop
      vertex 9.9842 -1.07603 93.6279
      vertex 10.1958 -1.23607 93.3934
      vertex 10.197 -1.23933 93.3936
    endloop
  endfacet
  facet normal -0.126152 -0.958209 -0.256751
    outer loop
      vertex 14 -4.15746 93.6279
      vertex 12.8453 -4.30948 94.7626
      vertex 12.924 -4.0158 93.6279
    endloop
  endfacet
  facet normal -0.369861 -0.892906 -0.256752
    outer loop
      vertex 12.8453 -4.30948 94.7626
      vertex 11.9213 -3.60046 93.6279
      vertex 12.924 -4.0158 93.6279
    endloop
  endfacet
  facet normal -0.793361 -0.608752 2.10241e-17
    outer loop
      vertex 10.8452 -3.15476 94.7626
      vertex 10.1362 -2.23075 95.9374
      vertex 10.1362 -2.23075 94.7626
    endloop
  endfacet
  facet normal -0.793361 -0.608752 2.10241e-17
    outer loop
      vertex 10.1362 -2.23075 95.9374
      vertex 10.8452 -3.15476 94.7626
      vertex 10.8452 -3.15476 95.9374
    endloop
  endfacet
  facet normal -0.0927016 0.704076 0.704048
    outer loop
      vertex 14 2.73943 98.9201
      vertex 13.076 3.44844 98.0894
      vertex 13.291 2.64608 98.9201
    endloop
  endfacet
  facet normal -0.126151 0.958209 0.25675
    outer loop
      vertex 14 4.4615 95.9374
      vertex 12.8453 4.30948 95.9374
      vertex 14 4.15746 97.0721
    endloop
  endfacet
  facet normal 0.206943 -0.158811 0.965377
    outer loop
      vertex 15.4914 -0.861037 99.5075
      vertex 14.4153 -0.415331 99.8115
      vertex 15.2177 -1.21769 99.5075
    endloop
  endfacet
  facet normal -0.399265 0.306331 0.864146
    outer loop
      vertex 12.0629 1.93707 98.9201
      vertex 11.6276 1.36971 98.9201
      vertex 12.7823 1.21769 99.5075
    endloop
  endfacet
  facet normal 0.158853 -0.206939 0.965371
    outer loop
      vertex 14.4153 -0.415331 99.8115
      vertex 14.2937 -0.508675 99.8115
      vertex 14.861 -1.49136 99.5075
    endloop
  endfacet
  facet normal 0.0340543 0.258632 0.965376
    outer loop
      vertex 14.4457 1.6634 99.5075
      vertex 14 0.587367 99.8115
      vertex 14.152 0.567353 99.8115
    endloop
  endfacet
  facet normal 0.0340543 -0.258632 0.965376
    outer loop
      vertex 14.152 -0.567353 99.8115
      vertex 14 -0.587367 99.8115
      vertex 14.4457 -1.6634 99.5075
    endloop
  endfacet
  facet normal -0.766766 0.588346 -0.256746
    outer loop
      vertex 10.3995 2.07873 93.6279
      vertex 10.1362 2.23075 94.7626
      vertex 10.8452 3.15476 94.7626
    endloop
  endfacet
  facet normal -0.95821 0.126149 -0.25675
    outer loop
      vertex 9.84254 0 93.6279
      vertex 9.69052 1.15472 94.7626
      vertex 9.9842 1.07603 93.6279
    endloop
  endfacet
  facet normal -0.793361 0.608752 -2.10241e-17
    outer loop
      vertex 10.1362 2.23075 94.7626
      vertex 10.8452 3.15476 95.9374
      vertex 10.8452 3.15476 94.7626
    endloop
  endfacet
  facet normal -0.793361 0.608752 -2.10241e-17
    outer loop
      vertex 10.8452 3.15476 95.9374
      vertex 10.1362 2.23075 94.7626
      vertex 10.1362 2.23075 95.9374
    endloop
  endfacet
  facet normal -0.860397 0.113415 -0.496844
    outer loop
      vertex 10.0874 0.831646 93.3934
      vertex 9.9842 1.07603 93.6279
      vertex 10.1416 1.03386 93.3457
    endloop
  endfacet
  facet normal -0.869345 0.0977384 -0.484444
    outer loop
      vertex 9.9842 1.07603 93.6279
      vertex 10.0874 0.831646 93.3934
      vertex 10.0869 0.82819 93.3936
    endloop
  endfacet
  facet normal -0.766757 0.588354 0.256758
    outer loop
      vertex 10.8452 3.15476 95.9374
      vertex 10.3995 2.07873 97.0721
      vertex 11.0602 2.93977 97.0721
    endloop
  endfacet
  facet normal -0.332123 0.8018 0.496801
    outer loop
      vertex 12.924 4.0158 97.0721
      vertex 11.9213 3.60046 97.0721
      vertex 12.215 3.09179 98.0894
    endloop
  endfacet
  facet normal -0.801804 0.332092 0.496815
    outer loop
      vertex 10.3995 2.07873 97.0721
      vertex 9.9842 1.07603 97.0721
      vertex 10.9082 1.78504 98.0894
    endloop
  endfacet
  facet normal -0.801804 0.33207 0.496831
    outer loop
      vertex 10.9082 1.78504 98.0894
      vertex 9.9842 1.07603 97.0721
      vertex 10.5516 0.924006 98.0894
    endloop
  endfacet
  facet normal -0.498958 0.0657136 0.864131
    outer loop
      vertex 12.3366 0.445705 99.5075
      vertex 11.2606 0 98.9201
      vertex 12.2779 0 99.5075
    endloop
  endfacet
  facet normal -0.498958 -0.0657136 0.864131
    outer loop
      vertex 12.2779 0 99.5075
      vertex 11.2606 0 98.9201
      vertex 12.3366 -0.445705 99.5075
    endloop
  endfacet
  facet normal -0.656104 0.271727 0.704054
    outer loop
      vertex 10.9082 1.78504 98.0894
      vertex 10.5516 0.924006 98.0894
      vertex 11.6276 1.36971 98.9201
    endloop
  endfacet
  facet normal -0.0998086 0.241025 0.965373
    outer loop
      vertex 13.848 0.567353 99.8115
      vertex 13.139 1.49136 99.5075
      vertex 13.7063 0.508675 99.8115
    endloop
  endfacet
  facet normal 0.588323 -0.766781 -0.256755
    outer loop
      vertex 17.1548 -3.15476 94.7626
      vertex 16.0787 -3.60046 93.6279
      vertex 16.9398 -2.93977 93.6279
    endloop
  endfacet
  facet normal 0.110377 -0.862146 -0.494491
    outer loop
      vertex 14.8316 -3.91259 93.3934
      vertex 15.076 -4.0158 93.6279
      vertex 14.8282 -3.91314 93.3936
    endloop
  endfacet
  facet normal 0.113305 -0.860441 -0.496793
    outer loop
      vertex 15.076 -4.0158 93.6279
      vertex 14.8316 -3.91259 93.3934
      vertex 15.0339 -3.85841 93.3457
    endloop
  endfacet
  facet normal -0.271773 -0.656096 0.704044
    outer loop
      vertex 12.6303 -2.37241 98.9201
      vertex 12.215 -3.09179 98.0894
      vertex 13.076 -3.44844 98.0894
    endloop
  endfacet
  facet normal -0.332128 -0.8018 0.496798
    outer loop
      vertex 13.076 -3.44844 98.0894
      vertex 12.215 -3.09179 98.0894
      vertex 12.924 -4.0158 97.0721
    endloop
  endfacet
  facet normal 0.528258 -0.688497 -0.496906
    outer loop
      vertex 16.0787 -3.60046 93.6279
      vertex 16.3511 -3.23607 93.4126
      vertex 16.9398 -2.93977 93.6279
    endloop
  endfacet
  facet normal 0.52838 -0.688505 -0.496766
    outer loop
      vertex 16.3511 -3.23607 93.4126
      vertex 16.0787 -3.60046 93.6279
      vertex 16 -3.4641 93.3552
    endloop
  endfacet
  facet normal 0.528258 -0.688541 -0.496845
    outer loop
      vertex 16.9398 -2.93977 93.6279
      vertex 16.3511 -3.23607 93.4126
      vertex 16.6738 -2.97478 93.3936
    endloop
  endfacet
  facet normal -0.0340454 -0.258634 0.965375
    outer loop
      vertex 13.848 -0.567353 99.8115
      vertex 13.5543 -1.6634 99.5075
      vertex 14 -1.72207 99.5075
    endloop
  endfacet
  facet normal -0.158853 -0.206939 0.965371
    outer loop
      vertex 13.5847 -0.415331 99.8115
      vertex 13.139 -1.49136 99.5075
      vertex 13.7063 -0.508675 99.8115
    endloop
  endfacet
  facet normal -0.206943 -0.158811 0.965377
    outer loop
      vertex 13.5847 -0.415331 99.8115
      vertex 12.5086 -0.861037 99.5075
      vertex 12.7823 -1.21769 99.5075
    endloop
  endfacet
  facet normal 0.0998371 -0.241004 0.965375
    outer loop
      vertex 14.861 -1.49136 99.5075
      vertex 14.152 -0.567353 99.8115
      vertex 14.4457 -1.6634 99.5075
    endloop
  endfacet
  facet normal 0.432317 -0.563408 0.70404
    outer loop
      vertex 16.5244 -2.52443 98.0894
      vertex 15.3697 -2.37241 98.9201
      vertex 15.785 -3.09179 98.0894
    endloop
  endfacet
  facet normal 0.498942 -0.0656563 0.864145
    outer loop
      vertex 16.7394 0 98.9201
      vertex 15.6634 -0.445705 99.5075
      vertex 16.6461 -0.709015 98.9201
    endloop
  endfacet
  facet normal -0.39925 -0.30639 0.864132
    outer loop
      vertex 12.5086 -0.861037 99.5075
      vertex 11.6276 -1.36971 98.9201
      vertex 12.7823 -1.21769 99.5075
    endloop
  endfacet
  facet normal -0.528311 -0.68851 0.496831
    outer loop
      vertex 11.4756 -2.52443 98.0894
      vertex 11.0602 -2.93977 97.0721
      vertex 12.215 -3.09179 98.0894
    endloop
  endfacet
  facet normal -0.399265 -0.306331 0.864146
    outer loop
      vertex 12.7823 -1.21769 99.5075
      vertex 11.6276 -1.36971 98.9201
      vertex 12.0629 -1.93707 98.9201
    endloop
  endfacet
  facet normal -0.241022 -0.0998135 0.965373
    outer loop
      vertex 13.4326 -0.152021 99.8115
      vertex 12.3366 -0.445705 99.5075
      vertex 12.5086 -0.861037 99.5075
    endloop
  endfacet
  facet normal -0.766757 -0.588354 0.256758
    outer loop
      vertex 11.0602 -2.93977 97.0721
      vertex 10.3995 -2.07873 97.0721
      vertex 10.8452 -3.15476 95.9374
    endloop
  endfacet
  facet normal -0.382665 -0.923887 0
    outer loop
      vertex 11.7692 -3.86377 94.7626
      vertex 12.8453 -4.30948 95.9374
      vertex 11.7692 -3.86377 95.9374
    endloop
  endfacet
  facet normal -0.382665 -0.923887 -0
    outer loop
      vertex 12.8453 -4.30948 95.9374
      vertex 11.7692 -3.86377 94.7626
      vertex 12.8453 -4.30948 94.7626
    endloop
  endfacet
  facet normal 0.113282 -0.860439 0.496803
    outer loop
      vertex 14.924 -3.44844 98.0894
      vertex 14 -3.57009 98.0894
      vertex 15.076 -4.0158 97.0721
    endloop
  endfacet
  facet normal 0.126151 -0.958209 0.25675
    outer loop
      vertex 14 -4.15746 97.0721
      vertex 14 -4.4615 95.9374
      vertex 15.1547 -4.30948 95.9374
    endloop
  endfacet
  facet normal 0.801804 -0.332092 0.496815
    outer loop
      vertex 18.0158 -1.07603 97.0721
      vertex 17.0918 -1.78504 98.0894
      vertex 17.6005 -2.07873 97.0721
    endloop
  endfacet
  facet normal 0.588323 -0.766781 0.256755
    outer loop
      vertex 16.9398 -2.93977 97.0721
      vertex 16.0787 -3.60046 97.0721
      vertex 17.1548 -3.15476 95.9374
    endloop
  endfacet
  facet normal 0.39925 0.30639 0.864132
    outer loop
      vertex 16.3724 1.36971 98.9201
      vertex 15.2177 1.21769 99.5075
      vertex 15.4914 0.861037 99.5075
    endloop
  endfacet
  facet normal 0.258649 0.0340281 0.965372
    outer loop
      vertex 15.6634 0.445705 99.5075
      vertex 14.5674 0.152021 99.8115
      vertex 14.5874 0 99.8115
    endloop
  endfacet
  facet normal 0.801804 -0.33207 0.496831
    outer loop
      vertex 17.4484 -0.924006 98.0894
      vertex 17.0918 -1.78504 98.0894
      vertex 18.0158 -1.07603 97.0721
    endloop
  endfacet
  facet normal 0.656104 -0.271727 0.704054
    outer loop
      vertex 17.4484 -0.924006 98.0894
      vertex 16.3724 -1.36971 98.9201
      vertex 17.0918 -1.78504 98.0894
    endloop
  endfacet
  facet normal 0.258649 -0.0340281 0.965372
    outer loop
      vertex 14.5874 0 99.8115
      vertex 14.5674 -0.152021 99.8115
      vertex 15.6634 -0.445705 99.5075
    endloop
  endfacet
  facet normal 0.206918 -0.158869 0.965373
    outer loop
      vertex 14.5087 -0.293683 99.8115
      vertex 14.4153 -0.415331 99.8115
      vertex 15.4914 -0.861037 99.5075
    endloop
  endfacet
  facet normal 0.39925 -0.30639 0.864132
    outer loop
      vertex 15.4914 -0.861037 99.5075
      vertex 15.2177 -1.21769 99.5075
      vertex 16.3724 -1.36971 98.9201
    endloop
  endfacet
  facet normal 0.464928 -0.192601 0.864145
    outer loop
      vertex 16.6461 -0.709015 98.9201
      vertex 15.6634 -0.445705 99.5075
      vertex 16.3724 -1.36971 98.9201
    endloop
  endfacet
  facet normal 0.432317 0.563408 0.70404
    outer loop
      vertex 15.785 3.09179 98.0894
      vertex 15.3697 2.37241 98.9201
      vertex 16.5244 2.52443 98.0894
    endloop
  endfacet
  facet normal 0.528311 0.68851 0.496831
    outer loop
      vertex 16.9398 2.93977 97.0721
      vertex 15.785 3.09179 98.0894
      vertex 16.5244 2.52443 98.0894
    endloop
  endfacet
  facet normal -0.588323 0.766781 -0.256755
    outer loop
      vertex 11.0602 2.93977 93.6279
      vertex 10.8452 3.15476 94.7626
      vertex 11.9213 3.60046 93.6279
    endloop
  endfacet
  facet normal -0.528258 0.688497 -0.496906
    outer loop
      vertex 11.9213 3.60046 93.6279
      vertex 11.6489 3.23607 93.4126
      vertex 11.0602 2.93977 93.6279
    endloop
  endfacet
  facet normal -0.52838 0.688505 -0.496766
    outer loop
      vertex 11.6489 3.23607 93.4126
      vertex 11.9213 3.60046 93.6279
      vertex 12 3.4641 93.3552
    endloop
  endfacet
  facet normal -0.528258 0.688541 -0.496845
    outer loop
      vertex 11.0602 2.93977 93.6279
      vertex 11.6489 3.23607 93.4126
      vertex 11.3262 2.97478 93.3936
    endloop
  endfacet
  facet normal -0.369861 0.892906 -0.256752
    outer loop
      vertex 12.924 4.0158 93.6279
      vertex 11.9213 3.60046 93.6279
      vertex 12.8453 4.30948 94.7626
    endloop
  endfacet
  facet normal -0.332108 0.801765 -0.496868
    outer loop
      vertex 12.924 4.0158 93.6279
      vertex 12.3731 3.65418 93.4126
      vertex 11.9213 3.60046 93.6279
    endloop
  endfacet
  facet normal -0.332138 0.801782 -0.496821
    outer loop
      vertex 12.3731 3.65418 93.4126
      vertex 12.924 4.0158 93.6279
      vertex 12.7607 3.80297 93.3936
    endloop
  endfacet
  facet normal -0.332075 0.801832 -0.496781
    outer loop
      vertex 11.9213 3.60046 93.6279
      vertex 12.3731 3.65418 93.4126
      vertex 12 3.4641 93.3552
    endloop
  endfacet
  facet normal -0.608761 0.793353 0
    outer loop
      vertex 11.7692 3.86377 94.7626
      vertex 10.8452 3.15476 95.9374
      vertex 11.7692 3.86377 95.9374
    endloop
  endfacet
  facet normal -0.608761 0.793353 0
    outer loop
      vertex 10.8452 3.15476 95.9374
      vertex 11.7692 3.86377 94.7626
      vertex 10.8452 3.15476 94.7626
    endloop
  endfacet
  facet normal 0.860373 -0.113283 -0.496915
    outer loop
      vertex 18.1575 0 93.6279
      vertex 17.9781 -0.418114 93.4126
      vertex 18 0 93.3552
    endloop
  endfacet
  facet normal 0.860386 -0.113302 -0.496888
    outer loop
      vertex 18.0158 -1.07603 93.6279
      vertex 17.9781 -0.418114 93.4126
      vertex 18.1575 0 93.6279
    endloop
  endfacet
  facet normal 0.860321 -0.11334 -0.496992
    outer loop
      vertex 17.9781 -0.418114 93.4126
      vertex 18.0158 -1.07603 93.6279
      vertex 17.9131 -0.82819 93.3936
    endloop
  endfacet
  facet normal 0.958201 -0.126183 -0.256766
    outer loop
      vertex 18.3095 -1.15472 94.7626
      vertex 18.0158 -1.07603 93.6279
      vertex 18.1575 0 93.6279
    endloop
  endfacet
  facet normal 0.860321 0.11334 -0.496992
    outer loop
      vertex 18.0158 1.07603 93.6279
      vertex 17.9781 0.418114 93.4126
      vertex 17.9131 0.82819 93.3936
    endloop
  endfacet
  facet normal 0.860386 0.113302 -0.496888
    outer loop
      vertex 18.1575 0 93.6279
      vertex 17.9781 0.418114 93.4126
      vertex 18.0158 1.07603 93.6279
    endloop
  endfacet
  facet normal 0.860373 0.113283 -0.496915
    outer loop
      vertex 17.9781 0.418114 93.4126
      vertex 18.1575 0 93.6279
      vertex 18 0 93.3552
    endloop
  endfacet
  facet normal 0.860397 0.113415 -0.496844
    outer loop
      vertex 18.0158 1.07603 93.6279
      vertex 17.9126 0.831646 93.3934
      vertex 17.8584 1.03386 93.3457
    endloop
  endfacet
  facet normal 0.869345 0.0977384 -0.484444
    outer loop
      vertex 17.9126 0.831646 93.3934
      vertex 18.0158 1.07603 93.6279
      vertex 17.9131 0.82819 93.3936
    endloop
  endfacet
  facet normal 0.766757 0.588354 -0.256758
    outer loop
      vertex 17.6005 2.07873 93.6279
      vertex 16.9398 2.93977 93.6279
      vertex 17.1548 3.15476 94.7626
    endloop
  endfacet
  facet normal 0.588323 0.766781 -0.256755
    outer loop
      vertex 16.9398 2.93977 93.6279
      vertex 16.0787 3.60046 93.6279
      vertex 17.1548 3.15476 94.7626
    endloop
  endfacet
  facet normal 0.382665 0.923887 -0
    outer loop
      vertex 16.2308 3.86377 94.7626
      vertex 15.1547 4.30948 95.9374
      vertex 16.2308 3.86377 95.9374
    endloop
  endfacet
  facet normal 0.382665 0.923887 0
    outer loop
      vertex 15.1547 4.30948 95.9374
      vertex 16.2308 3.86377 94.7626
      vertex 15.1547 4.30948 94.7626
    endloop
  endfacet
  facet normal 0.130527 0.991445 -0
    outer loop
      vertex 15.1547 4.30948 94.7626
      vertex 14 4.4615 95.9374
      vertex 15.1547 4.30948 95.9374
    endloop
  endfacet
  facet normal 0.130527 0.991445 0
    outer loop
      vertex 14 4.4615 95.9374
      vertex 15.1547 4.30948 94.7626
      vertex 14 4.4615 94.7626
    endloop
  endfacet
  facet normal -0.688496 -0.528275 -0.49689
    outer loop
      vertex 10.7639 -2.35114 93.4126
      vertex 10.3995 -2.07873 93.6279
      vertex 10.5359 -2 93.3552
    endloop
  endfacet
  facet normal -0.688491 -0.528303 -0.496866
    outer loop
      vertex 11.0602 -2.93977 93.6279
      vertex 10.7639 -2.35114 93.4126
      vertex 11.0252 -2.6738 93.3936
    endloop
  endfacet
  facet normal -0.688497 -0.528303 -0.496857
    outer loop
      vertex 10.7639 -2.35114 93.4126
      vertex 11.0602 -2.93977 93.6279
      vertex 10.3995 -2.07873 93.6279
    endloop
  endfacet
  facet normal 0.126152 -0.958209 0.256751
    outer loop
      vertex 15.076 -4.0158 97.0721
      vertex 14 -4.15746 97.0721
      vertex 15.1547 -4.30948 95.9374
    endloop
  endfacet
  facet normal -0.766757 -0.588354 -0.256758
    outer loop
      vertex 10.8452 -3.15476 94.7626
      vertex 10.3995 -2.07873 93.6279
      vertex 11.0602 -2.93977 93.6279
    endloop
  endfacet
  facet normal -0.588323 -0.766781 -0.256755
    outer loop
      vertex 11.9213 -3.60046 93.6279
      vertex 10.8452 -3.15476 94.7626
      vertex 11.0602 -2.93977 93.6279
    endloop
  endfacet
  facet normal -0.113281 0.860439 0.496802
    outer loop
      vertex 14 4.15746 97.0721
      vertex 12.924 4.0158 97.0721
      vertex 14 3.57009 98.0894
    endloop
  endfacet
  facet normal 0.113281 0.860439 0.496802
    outer loop
      vertex 14 4.15746 97.0721
      vertex 14 3.57009 98.0894
      vertex 15.076 4.0158 97.0721
    endloop
  endfacet
  facet normal -0.369861 0.892906 0.256752
    outer loop
      vertex 12.8453 4.30948 95.9374
      vertex 11.9213 3.60046 97.0721
      vertex 12.924 4.0158 97.0721
    endloop
  endfacet
  facet normal -0.369835 0.89291 0.256776
    outer loop
      vertex 12.8453 4.30948 95.9374
      vertex 11.7692 3.86377 95.9374
      vertex 11.9213 3.60046 97.0721
    endloop
  endfacet
  facet normal -0.0926961 0.704079 0.704045
    outer loop
      vertex 14 3.57009 98.0894
      vertex 13.076 3.44844 98.0894
      vertex 14 2.73943 98.9201
    endloop
  endfacet
  facet normal -0.332128 0.8018 0.496798
    outer loop
      vertex 12.924 4.0158 97.0721
      vertex 12.215 3.09179 98.0894
      vertex 13.076 3.44844 98.0894
    endloop
  endfacet
  facet normal -0.0340547 0.258635 0.965375
    outer loop
      vertex 14 1.72207 99.5075
      vertex 13.848 0.567353 99.8115
      vertex 14 0.587367 99.8115
    endloop
  endfacet
  facet normal -0.065678 0.498938 0.864146
    outer loop
      vertex 14 2.73943 98.9201
      vertex 13.5543 1.6634 99.5075
      vertex 14 1.72207 99.5075
    endloop
  endfacet
  facet normal -0.158853 0.206939 0.965371
    outer loop
      vertex 13.7063 0.508675 99.8115
      vertex 13.139 1.49136 99.5075
      vertex 13.5847 0.415331 99.8115
    endloop
  endfacet
  facet normal -0.95821 -0.126149 -0.25675
    outer loop
      vertex 9.69052 -1.15472 94.7626
      vertex 9.5385 0 94.7626
      vertex 9.84254 0 93.6279
    endloop
  endfacet
  facet normal -0.860429 -0.113273 -0.496821
    outer loop
      vertex 10.0219 -0.418114 93.4126
      vertex 9.84254 0 93.6279
      vertex 10 0 93.3552
    endloop
  endfacet
  facet normal -0.860321 -0.11334 -0.496992
    outer loop
      vertex 9.9842 -1.07603 93.6279
      vertex 10.0219 -0.418114 93.4126
      vertex 10.0869 -0.82819 93.3936
    endloop
  endfacet
  facet normal -0.860431 -0.113276 -0.496816
    outer loop
      vertex 10.0219 -0.418114 93.4126
      vertex 9.9842 -1.07603 93.6279
      vertex 9.84254 0 93.6279
    endloop
  endfacet
  facet normal -0.258636 0.0340627 0.965374
    outer loop
      vertex 12.3366 0.445705 99.5075
      vertex 12.2779 0 99.5075
      vertex 13.4126 0 99.8115
    endloop
  endfacet
  facet normal -0.258649 0.0340281 0.965372
    outer loop
      vertex 13.4326 0.152021 99.8115
      vertex 12.3366 0.445705 99.5075
      vertex 13.4126 0 99.8115
    endloop
  endfacet
  facet normal -0.766766 0.588346 0.256746
    outer loop
      vertex 10.8452 3.15476 95.9374
      vertex 10.1362 2.23075 95.9374
      vertex 10.3995 2.07873 97.0721
    endloop
  endfacet
  facet normal -0.892918 0.369837 0.256744
    outer loop
      vertex 10.1362 2.23075 95.9374
      vertex 9.69052 1.15472 95.9374
      vertex 10.3995 2.07873 97.0721
    endloop
  endfacet
  facet normal -0.464928 0.192601 0.864145
    outer loop
      vertex 11.6276 1.36971 98.9201
      vertex 11.3539 0.709015 98.9201
      vertex 12.3366 0.445705 99.5075
    endloop
  endfacet
  facet normal -0.15879 0.206966 0.965376
    outer loop
      vertex 13.139 1.49136 99.5075
      vertex 12.7823 1.21769 99.5075
      vertex 13.5847 0.415331 99.8115
    endloop
  endfacet
  facet normal 0.332108 -0.801765 -0.496868
    outer loop
      vertex 15.076 -4.0158 93.6279
      vertex 15.6269 -3.65418 93.4126
      vertex 16.0787 -3.60046 93.6279
    endloop
  endfacet
  facet normal 0.332138 -0.801782 -0.496821
    outer loop
      vertex 15.6269 -3.65418 93.4126
      vertex 15.076 -4.0158 93.6279
      vertex 15.2393 -3.80297 93.3936
    endloop
  endfacet
  facet normal 0.332075 -0.801832 -0.496781
    outer loop
      vertex 16.0787 -3.60046 93.6279
      vertex 15.6269 -3.65418 93.4126
      vertex 16 -3.4641 93.3552
    endloop
  endfacet
  facet normal 0.369861 -0.892906 -0.256752
    outer loop
      vertex 15.1547 -4.30948 94.7626
      vertex 15.076 -4.0158 93.6279
      vertex 16.0787 -3.60046 93.6279
    endloop
  endfacet
  facet normal 0.0340456 0.258635 0.965375
    outer loop
      vertex 14 1.72207 99.5075
      vertex 14 0.587367 99.8115
      vertex 14.4457 1.6634 99.5075
    endloop
  endfacet
  facet normal -0.065678 -0.498938 0.864146
    outer loop
      vertex 14 -1.72207 99.5075
      vertex 13.5543 -1.6634 99.5075
      vertex 14 -2.73943 98.9201
    endloop
  endfacet
  facet normal -0.15879 -0.206966 0.965376
    outer loop
      vertex 13.5847 -0.415331 99.8115
      vertex 12.7823 -1.21769 99.5075
      vertex 13.139 -1.49136 99.5075
    endloop
  endfacet
  facet normal -0.192585 -0.464942 0.864141
    outer loop
      vertex 13.5543 -1.6634 99.5075
      vertex 12.6303 -2.37241 98.9201
      vertex 13.291 -2.64608 98.9201
    endloop
  endfacet
  facet normal -0.192598 -0.464928 0.864146
    outer loop
      vertex 13.139 -1.49136 99.5075
      vertex 12.6303 -2.37241 98.9201
      vertex 13.5543 -1.6634 99.5075
    endloop
  endfacet
  facet normal -0.306336 -0.399262 0.864146
    outer loop
      vertex 12.7823 -1.21769 99.5075
      vertex 12.0629 -1.93707 98.9201
      vertex 12.6303 -2.37241 98.9201
    endloop
  endfacet
  facet normal -0.306327 -0.399265 0.864148
    outer loop
      vertex 12.7823 -1.21769 99.5075
      vertex 12.6303 -2.37241 98.9201
      vertex 13.139 -1.49136 99.5075
    endloop
  endfacet
  facet normal -0.608761 -0.793353 0
    outer loop
      vertex 10.8452 -3.15476 94.7626
      vertex 11.7692 -3.86377 95.9374
      vertex 10.8452 -3.15476 95.9374
    endloop
  endfacet
  facet normal -0.608761 -0.793353 -0
    outer loop
      vertex 11.7692 -3.86377 95.9374
      vertex 10.8452 -3.15476 94.7626
      vertex 11.7692 -3.86377 94.7626
    endloop
  endfacet
  facet normal -0.369861 -0.892906 0.256752
    outer loop
      vertex 12.924 -4.0158 97.0721
      vertex 11.9213 -3.60046 97.0721
      vertex 12.8453 -4.30948 95.9374
    endloop
  endfacet
  facet normal -0.432302 -0.56344 0.704024
    outer loop
      vertex 12.0629 -1.93707 98.9201
      vertex 11.4756 -2.52443 98.0894
      vertex 12.6303 -2.37241 98.9201
    endloop
  endfacet
  facet normal -0.563449 -0.432299 0.704019
    outer loop
      vertex 11.6276 -1.36971 98.9201
      vertex 11.4756 -2.52443 98.0894
      vertex 12.0629 -1.93707 98.9201
    endloop
  endfacet
  facet normal 0.113281 -0.860439 0.496802
    outer loop
      vertex 14 -3.57009 98.0894
      vertex 14 -4.15746 97.0721
      vertex 15.076 -4.0158 97.0721
    endloop
  endfacet
  facet normal -0.113281 -0.860439 0.496802
    outer loop
      vertex 14 -3.57009 98.0894
      vertex 12.924 -4.0158 97.0721
      vertex 14 -4.15746 97.0721
    endloop
  endfacet
  facet normal 0.704111 0.0926547 0.704019
    outer loop
      vertex 17.4484 0.924006 98.0894
      vertex 16.6461 0.709015 98.9201
      vertex 16.7394 0 98.9201
    endloop
  endfacet
  facet normal 0.656109 0.2718 0.704021
    outer loop
      vertex 17.4484 0.924006 98.0894
      vertex 16.3724 1.36971 98.9201
      vertex 16.6461 0.709015 98.9201
    endloop
  endfacet
  facet normal 0.206918 0.158869 0.965373
    outer loop
      vertex 15.4914 0.861037 99.5075
      vertex 14.4153 0.415331 99.8115
      vertex 14.5087 0.293683 99.8115
    endloop
  endfacet
  facet normal 0.240989 0.0998578 0.965377
    outer loop
      vertex 15.4914 0.861037 99.5075
      vertex 14.5087 0.293683 99.8115
      vertex 14.5674 0.152021 99.8115
    endloop
  endfacet
  facet normal 0.688485 -0.528336 0.49684
    outer loop
      vertex 17.0918 -1.78504 98.0894
      vertex 16.5244 -2.52443 98.0894
      vertex 16.9398 -2.93977 97.0721
    endloop
  endfacet
  facet normal 0.563381 -0.432332 0.704053
    outer loop
      vertex 17.0918 -1.78504 98.0894
      vertex 16.3724 -1.36971 98.9201
      vertex 16.5244 -2.52443 98.0894
    endloop
  endfacet
  facet normal 0.498958 -0.0657136 0.864131
    outer loop
      vertex 15.7221 0 99.5075
      vertex 15.6634 -0.445705 99.5075
      vertex 16.7394 0 98.9201
    endloop
  endfacet
  facet normal 0.258636 -0.0340627 0.965374
    outer loop
      vertex 15.7221 0 99.5075
      vertex 14.5874 0 99.8115
      vertex 15.6634 -0.445705 99.5075
    endloop
  endfacet
  facet normal 0.192598 -0.464928 0.864146
    outer loop
      vertex 14.861 -1.49136 99.5075
      vertex 14.4457 -1.6634 99.5075
      vertex 15.3697 -2.37241 98.9201
    endloop
  endfacet
  facet normal 0.306327 -0.399265 0.864148
    outer loop
      vertex 15.2177 -1.21769 99.5075
      vertex 14.861 -1.49136 99.5075
      vertex 15.3697 -2.37241 98.9201
    endloop
  endfacet
  facet normal 0.332123 0.8018 0.496801
    outer loop
      vertex 16.0787 3.60046 97.0721
      vertex 15.076 4.0158 97.0721
      vertex 15.785 3.09179 98.0894
    endloop
  endfacet
  facet normal 0.528293 0.688542 0.496806
    outer loop
      vertex 16.0787 3.60046 97.0721
      vertex 15.785 3.09179 98.0894
      vertex 16.9398 2.93977 97.0721
    endloop
  endfacet
  facet normal -0.892919 0.369831 -0.25675
    outer loop
      vertex 9.9842 1.07603 93.6279
      vertex 9.69052 1.15472 94.7626
      vertex 10.3995 2.07873 93.6279
    endloop
  endfacet
  facet normal -0.801748 0.332101 -0.4969
    outer loop
      vertex 10.3458 1.62695 93.4126
      vertex 10.3995 2.07873 93.6279
      vertex 10.5359 2 93.3552
    endloop
  endfacet
  facet normal -0.801822 0.332153 -0.496744
    outer loop
      vertex 9.9842 1.07603 93.6279
      vertex 10.3458 1.62695 93.4126
      vertex 10.197 1.23933 93.3936
    endloop
  endfacet
  facet normal -0.801782 0.332084 -0.496856
    outer loop
      vertex 10.3458 1.62695 93.4126
      vertex 9.9842 1.07603 93.6279
      vertex 10.3995 2.07873 93.6279
    endloop
  endfacet
  facet normal -0.526676 0.691341 -0.494631
    outer loop
      vertex 11.3235 2.97258 93.3934
      vertex 11.0602 2.93977 93.6279
      vertex 11.3262 2.97478 93.3936
    endloop
  endfacet
  facet normal -0.528254 0.688585 -0.496788
    outer loop
      vertex 11.0602 2.93977 93.6279
      vertex 11.3235 2.97258 93.3934
      vertex 11.1754 2.82455 93.3457
    endloop
  endfacet
  facet normal -0.688538 0.528319 -0.496784
    outer loop
      vertex 11.0274 2.67652 93.3934
      vertex 11.0602 2.93977 93.6279
      vertex 11.1754 2.82455 93.3457
    endloop
  endfacet
  facet normal -0.694047 0.525151 -0.492458
    outer loop
      vertex 11.0602 2.93977 93.6279
      vertex 11.0274 2.67652 93.3934
      vertex 11.0252 2.6738 93.3936
    endloop
  endfacet
  facet normal -0.382665 0.923887 0
    outer loop
      vertex 12.8453 4.30948 94.7626
      vertex 11.7692 3.86377 95.9374
      vertex 12.8453 4.30948 95.9374
    endloop
  endfacet
  facet normal -0.382665 0.923887 0
    outer loop
      vertex 11.7692 3.86377 95.9374
      vertex 12.8453 4.30948 94.7626
      vertex 11.7692 3.86377 94.7626
    endloop
  endfacet
  facet normal -0.369835 0.89291 -0.256776
    outer loop
      vertex 11.9213 3.60046 93.6279
      vertex 11.7692 3.86377 94.7626
      vertex 12.8453 4.30948 94.7626
    endloop
  endfacet
  facet normal -0.130527 0.991445 0
    outer loop
      vertex 14 4.4615 94.7626
      vertex 12.8453 4.30948 95.9374
      vertex 14 4.4615 95.9374
    endloop
  endfacet
  facet normal -0.130527 0.991445 0
    outer loop
      vertex 12.8453 4.30948 95.9374
      vertex 14 4.4615 94.7626
      vertex 12.8453 4.30948 94.7626
    endloop
  endfacet
  facet normal 0.801822 -0.332153 -0.496744
    outer loop
      vertex 18.0158 -1.07603 93.6279
      vertex 17.6542 -1.62695 93.4126
      vertex 17.803 -1.23933 93.3936
    endloop
  endfacet
  facet normal 0.801782 -0.332084 -0.496856
    outer loop
      vertex 17.6005 -2.07873 93.6279
      vertex 17.6542 -1.62695 93.4126
      vertex 18.0158 -1.07603 93.6279
    endloop
  endfacet
  facet normal 0.801748 -0.332101 -0.4969
    outer loop
      vertex 17.6542 -1.62695 93.4126
      vertex 17.6005 -2.07873 93.6279
      vertex 17.4641 -2 93.3552
    endloop
  endfacet
  facet normal 0.892916 -0.369829 -0.256765
    outer loop
      vertex 18.3095 -1.15472 94.7626
      vertex 17.6005 -2.07873 93.6279
      vertex 18.0158 -1.07603 93.6279
    endloop
  endfacet
  facet normal -0.801822 -0.332153 -0.496744
    outer loop
      vertex 10.3458 -1.62695 93.4126
      vertex 9.9842 -1.07603 93.6279
      vertex 10.197 -1.23933 93.3936
    endloop
  endfacet
  facet normal -0.801748 -0.332101 -0.4969
    outer loop
      vertex 10.3995 -2.07873 93.6279
      vertex 10.3458 -1.62695 93.4126
      vertex 10.5359 -2 93.3552
    endloop
  endfacet
  facet normal -0.801782 -0.332084 -0.496856
    outer loop
      vertex 10.3458 -1.62695 93.4126
      vertex 10.3995 -2.07873 93.6279
      vertex 9.9842 -1.07603 93.6279
    endloop
  endfacet
  facet normal -0.869345 -0.0977384 -0.484444
    outer loop
      vertex 10.0874 -0.831646 93.3934
      vertex 9.9842 -1.07603 93.6279
      vertex 10.0869 -0.82819 93.3936
    endloop
  endfacet
  facet normal -0.860397 -0.113415 -0.496844
    outer loop
      vertex 9.9842 -1.07603 93.6279
      vertex 10.0874 -0.831646 93.3934
      vertex 10.1416 -1.03386 93.3457
    endloop
  endfacet
  facet normal 0.271773 0.656096 0.704044
    outer loop
      vertex 15.785 3.09179 98.0894
      vertex 14.924 3.44844 98.0894
      vertex 15.3697 2.37241 98.9201
    endloop
  endfacet
  facet normal 0.332128 0.8018 0.496798
    outer loop
      vertex 15.076 4.0158 97.0721
      vertex 14.924 3.44844 98.0894
      vertex 15.785 3.09179 98.0894
    endloop
  endfacet
  facet normal 0.065678 0.498938 0.864146
    outer loop
      vertex 14 2.73943 98.9201
      vertex 14 1.72207 99.5075
      vertex 14.4457 1.6634 99.5075
    endloop
  endfacet
  facet normal -0.0340547 -0.258635 0.965375
    outer loop
      vertex 14 -0.587367 99.8115
      vertex 13.848 -0.567353 99.8115
      vertex 14 -1.72207 99.5075
    endloop
  endfacet
  facet normal -0.0656928 0.498942 0.864142
    outer loop
      vertex 14 2.73943 98.9201
      vertex 13.291 2.64608 98.9201
      vertex 13.5543 1.6634 99.5075
    endloop
  endfacet
  facet normal -0.432317 0.563408 0.70404
    outer loop
      vertex 12.215 3.09179 98.0894
      vertex 11.4756 2.52443 98.0894
      vertex 12.6303 2.37241 98.9201
    endloop
  endfacet
  facet normal 0.0998086 -0.241025 0.965373
    outer loop
      vertex 14.2937 -0.508675 99.8115
      vertex 14.152 -0.567353 99.8115
      vertex 14.861 -1.49136 99.5075
    endloop
  endfacet
  facet normal -0.923887 -0.382664 5.36716e-18
    outer loop
      vertex 10.1362 -2.23075 94.7626
      vertex 9.69052 -1.15472 95.9374
      vertex 9.69052 -1.15472 94.7626
    endloop
  endfacet
  facet normal -0.923887 -0.382664 5.36716e-18
    outer loop
      vertex 9.69052 -1.15472 95.9374
      vertex 10.1362 -2.23075 94.7626
      vertex 10.1362 -2.23075 95.9374
    endloop
  endfacet
  facet normal -0.464973 0.192558 0.86413
    outer loop
      vertex 12.5086 0.861037 99.5075
      vertex 11.6276 1.36971 98.9201
      vertex 12.3366 0.445705 99.5075
    endloop
  endfacet
  facet normal -0.241022 0.0998135 0.965373
    outer loop
      vertex 12.5086 0.861037 99.5075
      vertex 12.3366 0.445705 99.5075
      vertex 13.4326 0.152021 99.8115
    endloop
  endfacet
  facet normal -0.563381 0.432332 0.704053
    outer loop
      vertex 11.4756 2.52443 98.0894
      vertex 10.9082 1.78504 98.0894
      vertex 11.6276 1.36971 98.9201
    endloop
  endfacet
  facet normal -0.688485 0.528336 0.49684
    outer loop
      vertex 11.0602 2.93977 97.0721
      vertex 10.9082 1.78504 98.0894
      vertex 11.4756 2.52443 98.0894
    endloop
  endfacet
  facet normal -0.206918 -0.158869 0.965373
    outer loop
      vertex 13.4913 -0.293683 99.8115
      vertex 12.5086 -0.861037 99.5075
      vertex 13.5847 -0.415331 99.8115
    endloop
  endfacet
  facet normal -0.39925 0.30639 0.864132
    outer loop
      vertex 12.7823 1.21769 99.5075
      vertex 11.6276 1.36971 98.9201
      vertex 12.5086 0.861037 99.5075
    endloop
  endfacet
  facet normal -0.369835 -0.89291 0.256776
    outer loop
      vertex 11.9213 -3.60046 97.0721
      vertex 11.7692 -3.86377 95.9374
      vertex 12.8453 -4.30948 95.9374
    endloop
  endfacet
  facet normal -0.588348 -0.76675 0.256791
    outer loop
      vertex 11.9213 -3.60046 97.0721
      vertex 10.8452 -3.15476 95.9374
      vertex 11.7692 -3.86377 95.9374
    endloop
  endfacet
  facet normal 0.241022 -0.0998135 0.965373
    outer loop
      vertex 15.6634 -0.445705 99.5075
      vertex 14.5674 -0.152021 99.8115
      vertex 15.4914 -0.861037 99.5075
    endloop
  endfacet
  facet normal 0.240989 -0.0998578 0.965377
    outer loop
      vertex 14.5674 -0.152021 99.8115
      vertex 14.5087 -0.293683 99.8115
      vertex 15.4914 -0.861037 99.5075
    endloop
  endfacet
  facet normal 0.528293 -0.688542 0.496806
    outer loop
      vertex 16.9398 -2.93977 97.0721
      vertex 15.785 -3.09179 98.0894
      vertex 16.0787 -3.60046 97.0721
    endloop
  endfacet
  facet normal 0.306336 -0.399262 0.864146
    outer loop
      vertex 15.9371 -1.93707 98.9201
      vertex 15.2177 -1.21769 99.5075
      vertex 15.3697 -2.37241 98.9201
    endloop
  endfacet
  facet normal -0.240989 0.0998578 0.965377
    outer loop
      vertex 13.4913 0.293683 99.8115
      vertex 12.5086 0.861037 99.5075
      vertex 13.4326 0.152021 99.8115
    endloop
  endfacet
  facet normal -0.206918 0.158869 0.965373
    outer loop
      vertex 13.5847 0.415331 99.8115
      vertex 12.5086 0.861037 99.5075
      vertex 13.4913 0.293683 99.8115
    endloop
  endfacet
  facet normal 0.0926961 0.704079 0.704045
    outer loop
      vertex 14 3.57009 98.0894
      vertex 14 2.73943 98.9201
      vertex 14.924 3.44844 98.0894
    endloop
  endfacet
  facet normal 0.113282 0.860439 0.496803
    outer loop
      vertex 15.076 4.0158 97.0721
      vertex 14 3.57009 98.0894
      vertex 14.924 3.44844 98.0894
    endloop
  endfacet
  facet normal 0.192598 0.464928 0.864146
    outer loop
      vertex 15.3697 2.37241 98.9201
      vertex 14.4457 1.6634 99.5075
      vertex 14.861 1.49136 99.5075
    endloop
  endfacet
  facet normal 0.0998371 0.241004 0.965375
    outer loop
      vertex 14.4457 1.6634 99.5075
      vertex 14.152 0.567353 99.8115
      vertex 14.861 1.49136 99.5075
    endloop
  endfacet
  facet normal -0.271763 0.656095 0.704049
    outer loop
      vertex 13.076 3.44844 98.0894
      vertex 12.6303 2.37241 98.9201
      vertex 13.291 2.64608 98.9201
    endloop
  endfacet
  facet normal -0.271773 0.656096 0.704044
    outer loop
      vertex 13.076 3.44844 98.0894
      vertex 12.215 3.09179 98.0894
      vertex 12.6303 2.37241 98.9201
    endloop
  endfacet
  facet normal 0 0 1
    outer loop
      vertex 14.5674 0.152021 99.8115
      vertex 14.5674 -0.152021 99.8115
      vertex 14.5874 0 99.8115
    endloop
  endfacet
  facet normal 0 0 1
    outer loop
      vertex 14.5087 0.293683 99.8115
      vertex 14.5674 -0.152021 99.8115
      vertex 14.5674 0.152021 99.8115
    endloop
  endfacet
  facet normal 0 0 1
    outer loop
      vertex 14.5087 0.293683 99.8115
      vertex 14.5087 -0.293683 99.8115
      vertex 14.5674 -0.152021 99.8115
    endloop
  endfacet
  facet normal 0 0 1
    outer loop
      vertex 14.4153 0.415331 99.8115
      vertex 14.5087 -0.293683 99.8115
      vertex 14.5087 0.293683 99.8115
    endloop
  endfacet
  facet normal 0 0 1
    outer loop
      vertex 14.4153 0.415331 99.8115
      vertex 14.4153 -0.415331 99.8115
      vertex 14.5087 -0.293683 99.8115
    endloop
  endfacet
  facet normal 0 0 1
    outer loop
      vertex 14.2937 0.508675 99.8115
      vertex 14.4153 -0.415331 99.8115
      vertex 14.4153 0.415331 99.8115
    endloop
  endfacet
  facet normal 0 0 1
    outer loop
      vertex 14.2937 0.508675 99.8115
      vertex 14.2937 -0.508675 99.8115
      vertex 14.4153 -0.415331 99.8115
    endloop
  endfacet
  facet normal 0 0 1
    outer loop
      vertex 14.152 0.567353 99.8115
      vertex 14.2937 -0.508675 99.8115
      vertex 14.2937 0.508675 99.8115
    endloop
  endfacet
  facet normal 0 0 1
    outer loop
      vertex 14.152 0.567353 99.8115
      vertex 14.152 -0.567353 99.8115
      vertex 14.2937 -0.508675 99.8115
    endloop
  endfacet
  facet normal 0 0 1
    outer loop
      vertex 14 0.587367 99.8115
      vertex 14.152 -0.567353 99.8115
      vertex 14.152 0.567353 99.8115
    endloop
  endfacet
  facet normal 0 0 1
    outer loop
      vertex 14 0.587367 99.8115
      vertex 14 -0.587367 99.8115
      vertex 14.152 -0.567353 99.8115
    endloop
  endfacet
  facet normal -0 0 1
    outer loop
      vertex 13.848 0.567353 99.8115
      vertex 14 -0.587367 99.8115
      vertex 14 0.587367 99.8115
    endloop
  endfacet
  facet normal 0 0 1
    outer loop
      vertex 13.848 0.567353 99.8115
      vertex 13.848 -0.567353 99.8115
      vertex 14 -0.587367 99.8115
    endloop
  endfacet
  facet normal -0 0 1
    outer loop
      vertex 13.7063 0.508675 99.8115
      vertex 13.848 -0.567353 99.8115
      vertex 13.848 0.567353 99.8115
    endloop
  endfacet
  facet normal 0 0 1
    outer loop
      vertex 13.7063 0.508675 99.8115
      vertex 13.7063 -0.508675 99.8115
      vertex 13.848 -0.567353 99.8115
    endloop
  endfacet
  facet normal -0 0 1
    outer loop
      vertex 13.5847 0.415331 99.8115
      vertex 13.7063 -0.508675 99.8115
      vertex 13.7063 0.508675 99.8115
    endloop
  endfacet
  facet normal 0 0 1
    outer loop
      vertex 13.5847 0.415331 99.8115
      vertex 13.5847 -0.415331 99.8115
      vertex 13.7063 -0.508675 99.8115
    endloop
  endfacet
  facet normal -0 0 1
    outer loop
      vertex 13.4913 0.293683 99.8115
      vertex 13.5847 -0.415331 99.8115
      vertex 13.5847 0.415331 99.8115
    endloop
  endfacet
  facet normal 0 0 1
    outer loop
      vertex 13.4913 0.293683 99.8115
      vertex 13.4913 -0.293683 99.8115
      vertex 13.5847 -0.415331 99.8115
    endloop
  endfacet
  facet normal -0 0 1
    outer loop
      vertex 13.4326 0.152021 99.8115
      vertex 13.4913 -0.293683 99.8115
      vertex 13.4913 0.293683 99.8115
    endloop
  endfacet
  facet normal 0 0 1
    outer loop
      vertex 13.4326 0.152021 99.8115
      vertex 13.4326 -0.152021 99.8115
      vertex 13.4913 -0.293683 99.8115
    endloop
  endfacet
  facet normal 0 -0 1
    outer loop
      vertex 13.4326 -0.152021 99.8115
      vertex 13.4326 0.152021 99.8115
      vertex 13.4126 0 99.8115
    endloop
  endfacet
  facet normal 0.432302 -0.56344 0.704024
    outer loop
      vertex 15.9371 -1.93707 98.9201
      vertex 15.3697 -2.37241 98.9201
      vertex 16.5244 -2.52443 98.0894
    endloop
  endfacet
  facet normal 0.563449 -0.432299 0.704019
    outer loop
      vertex 16.3724 -1.36971 98.9201
      vertex 15.9371 -1.93707 98.9201
      vertex 16.5244 -2.52443 98.0894
    endloop
  endfacet
  facet normal 0.192585 -0.464942 0.864141
    outer loop
      vertex 15.3697 -2.37241 98.9201
      vertex 14.4457 -1.6634 99.5075
      vertex 14.709 -2.64608 98.9201
    endloop
  endfacet
  facet normal 0.0656928 -0.498942 0.864142
    outer loop
      vertex 14.4457 -1.6634 99.5075
      vertex 14 -2.73943 98.9201
      vertex 14.709 -2.64608 98.9201
    endloop
  endfacet
  facet normal 0.332128 -0.8018 0.496798
    outer loop
      vertex 15.785 -3.09179 98.0894
      vertex 14.924 -3.44844 98.0894
      vertex 15.076 -4.0158 97.0721
    endloop
  endfacet
  facet normal 0.332123 -0.8018 0.496801
    outer loop
      vertex 15.785 -3.09179 98.0894
      vertex 15.076 -4.0158 97.0721
      vertex 16.0787 -3.60046 97.0721
    endloop
  endfacet
  facet normal -0.192598 0.464928 0.864146
    outer loop
      vertex 13.5543 1.6634 99.5075
      vertex 12.6303 2.37241 98.9201
      vertex 13.139 1.49136 99.5075
    endloop
  endfacet
  facet normal -0.206943 0.158811 0.965377
    outer loop
      vertex 12.7823 1.21769 99.5075
      vertex 12.5086 0.861037 99.5075
      vertex 13.5847 0.415331 99.8115
    endloop
  endfacet
  facet normal -0.306327 0.399265 0.864148
    outer loop
      vertex 13.139 1.49136 99.5075
      vertex 12.6303 2.37241 98.9201
      vertex 12.7823 1.21769 99.5075
    endloop
  endfacet
  facet normal -0.306336 0.399262 0.864146
    outer loop
      vertex 12.6303 2.37241 98.9201
      vertex 12.0629 1.93707 98.9201
      vertex 12.7823 1.21769 99.5075
    endloop
  endfacet
  facet normal 1 -0 0
    outer loop
      vertex -27 -5 83.3
      vertex -27 5 4.95
      vertex -27 5 83.3
    endloop
  endfacet
  facet normal 1 0 0
    outer loop
      vertex -27 5 4.95
      vertex -27 -5 83.3
      vertex -27 -5 4.95
    endloop
  endfacet
  facet normal 0 0 1
    outer loop
      vertex -27 5 83.3
      vertex -29 3 83.3
      vertex -27 -5 83.3
    endloop
  endfacet
  facet normal 0 0 1
    outer loop
      vertex -27 5 83.3
      vertex -35 3 83.3
      vertex -29 3 83.3
    endloop
  endfacet
  facet normal 0 0 1
    outer loop
      vertex -35 3 83.3
      vertex -37 5 83.3
      vertex -35 -3 83.3
    endloop
  endfacet
  facet normal -0 0 1
    outer loop
      vertex -37 5 83.3
      vertex -35 3 83.3
      vertex -27 5 83.3
    endloop
  endfacet
  facet normal -0 0 1
    outer loop
      vertex -29 -3 83.3
      vertex -27 -5 83.3
      vertex -29 3 83.3
    endloop
  endfacet
  facet normal -0 0 1
    outer loop
      vertex -35 -3 83.3
      vertex -27 -5 83.3
      vertex -29 -3 83.3
    endloop
  endfacet
  facet normal 0 0 1
    outer loop
      vertex -35 -3 83.3
      vertex -37 -5 83.3
      vertex -27 -5 83.3
    endloop
  endfacet
  facet normal 0 0 1
    outer loop
      vertex -37 -5 83.3
      vertex -35 -3 83.3
      vertex -37 5 83.3
    endloop
  endfacet
  facet normal 0 0 -1
    outer loop
      vertex -27 -5 4.95
      vertex -29 -3 4.95
      vertex -27 5 4.95
    endloop
  endfacet
  facet normal 0 0 -1
    outer loop
      vertex -27 -5 4.95
      vertex -35 -3 4.95
      vertex -29 -3 4.95
    endloop
  endfacet
  facet normal -0 0 -1
    outer loop
      vertex -35 -3 4.95
      vertex -37 -5 4.95
      vertex -35 3 4.95
    endloop
  endfacet
  facet normal 0 0 -1
    outer loop
      vertex -37 -5 4.95
      vertex -35 -3 4.95
      vertex -27 -5 4.95
    endloop
  endfacet
  facet normal 0 0 -1
    outer loop
      vertex -29 3 4.95
      vertex -27 5 4.95
      vertex -29 -3 4.95
    endloop
  endfacet
  facet normal 0 0 -1
    outer loop
      vertex -35 3 4.95
      vertex -27 5 4.95
      vertex -29 3 4.95
    endloop
  endfacet
  facet normal 0 0 -1
    outer loop
      vertex -35 3 4.95
      vertex -37 5 4.95
      vertex -27 5 4.95
    endloop
  endfacet
  facet normal 0 0 -1
    outer loop
      vertex -37 5 4.95
      vertex -35 3 4.95
      vertex -37 -5 4.95
    endloop
  endfacet
  facet normal -1 0 0
    outer loop
      vertex -37 -5 4.95
      vertex -37 5 83.3
      vertex -37 5 4.95
    endloop
  endfacet
  facet normal -1 -0 0
    outer loop
      vertex -37 5 83.3
      vertex -37 -5 4.95
      vertex -37 -5 83.3
    endloop
  endfacet
  facet normal 0 1 -0
    outer loop
      vertex -27 5 4.95
      vertex -37 5 83.3
      vertex -27 5 83.3
    endloop
  endfacet
  facet normal 0 1 0
    outer loop
      vertex -37 5 83.3
      vertex -27 5 4.95
      vertex -37 5 4.95
    endloop
  endfacet
  facet normal 0 -1 0
    outer loop
      vertex -37 -5 4.95
      vertex -27 -5 83.3
      vertex -37 -5 83.3
    endloop
  endfacet
  facet normal 0 -1 -0
    outer loop
      vertex -27 -5 83.3
      vertex -37 -5 4.95
      vertex -27 -5 4.95
    endloop
  endfacet
  facet normal -0.890898 0.454204 3.77784e-18
    outer loop
      vertex -10.4412 -20.9 0
      vertex -10.3556 -20.7321 1
      vertex -10.3556 -20.7321 0
    endloop
  endfacet
  facet normal -0.890898 0.454204 3.77784e-18
    outer loop
      vertex -10.3556 -20.7321 1
      vertex -10.4412 -20.9 0
      vertex -10.4412 -20.9 1
    endloop
  endfacet
  facet normal -0.358268 0.933619 0
    outer loop
      vertex -11.2679 -21.6444 0
      vertex -11.4438 -21.7119 1
      vertex -11.2679 -21.6444 1
    endloop
  endfacet
  facet normal -0.358268 0.933619 0
    outer loop
      vertex -11.4438 -21.7119 1
      vertex -11.2679 -21.6444 0
      vertex -11.4438 -21.7119 0
    endloop
  endfacet
  facet normal -0.987737 -0.156126 8.78643e-19
    outer loop
      vertex -10.2099 -19.8118 0
      vertex -10.2393 -19.6258 1
      vertex -10.2393 -19.6258 0
    endloop
  endfacet
  facet normal -0.987737 -0.156126 8.78643e-19
    outer loop
      vertex -10.2393 -19.6258 1
      vertex -10.2099 -19.8118 0
      vertex -10.2099 -19.8118 1
    endloop
  endfacet
  facet normal -0.998619 -0.052531 -4.36563e-19
    outer loop
      vertex -10.2 -20 0
      vertex -10.2099 -19.8118 1
      vertex -10.2099 -19.8118 0
    endloop
  endfacet
  facet normal -0.998619 -0.052531 -4.36563e-19
    outer loop
      vertex -10.2099 -19.8118 1
      vertex -10.2 -20 0
      vertex -10.2 -20 1
    endloop
  endfacet
  facet normal -0.965882 -0.258984 -4.1409e-19
    outer loop
      vertex -10.2393 -19.6258 0
      vertex -10.2881 -19.4438 1
      vertex -10.2881 -19.4438 0
    endloop
  endfacet
  facet normal -0.965882 -0.258984 -4.1409e-19
    outer loop
      vertex -10.2881 -19.4438 1
      vertex -10.2393 -19.6258 0
      vertex -10.2393 -19.6258 1
    endloop
  endfacet
  facet normal 0.933619 -0.358268 1.9658e-18
    outer loop
      vertex -13.7119 -19.4438 1
      vertex -13.6444 -19.2679 0
      vertex -13.6444 -19.2679 1
    endloop
  endfacet
  facet normal 0.933619 -0.358268 1.9658e-18
    outer loop
      vertex -13.6444 -19.2679 0
      vertex -13.7119 -19.4438 1
      vertex -13.7119 -19.4438 0
    endloop
  endfacet
  facet normal 0.707107 0.707107 7.17842e-18
    outer loop
      vertex -13.2044 -21.3377 1
      vertex -13.3377 -21.2044 0
      vertex -13.3377 -21.2044 1
    endloop
  endfacet
  facet normal 0.707107 0.707107 7.17842e-18
    outer loop
      vertex -13.3377 -21.2044 0
      vertex -13.2044 -21.3377 1
      vertex -13.2044 -21.3377 0
    endloop
  endfacet
  facet normal -0.998619 0.052531 4.36563e-19
    outer loop
      vertex -10.2099 -20.1882 0
      vertex -10.2 -20 1
      vertex -10.2 -20 0
    endloop
  endfacet
  facet normal -0.998619 0.052531 4.36563e-19
    outer loop
      vertex -10.2 -20 1
      vertex -10.2099 -20.1882 0
      vertex -10.2099 -20.1882 1
    endloop
  endfacet
  facet normal -0.358268 -0.933619 0
    outer loop
      vertex -11.4438 -18.2881 0
      vertex -11.2679 -18.3556 1
      vertex -11.4438 -18.2881 1
    endloop
  endfacet
  facet normal -0.358268 -0.933619 -0
    outer loop
      vertex -11.2679 -18.3556 1
      vertex -11.4438 -18.2881 0
      vertex -11.2679 -18.3556 0
    endloop
  endfacet
  facet normal 0.052531 0.998619 -0
    outer loop
      vertex -12 -21.8 0
      vertex -12.1882 -21.7901 1
      vertex -12 -21.8 1
    endloop
  endfacet
  facet normal 0.052531 0.998619 0
    outer loop
      vertex -12.1882 -21.7901 1
      vertex -12 -21.8 0
      vertex -12.1882 -21.7901 0
    endloop
  endfacet
  facet normal -0.454204 0.890898 0
    outer loop
      vertex -11.1 -21.5588 0
      vertex -11.2679 -21.6444 1
      vertex -11.1 -21.5588 1
    endloop
  endfacet
  facet normal -0.454204 0.890898 0
    outer loop
      vertex -11.2679 -21.6444 1
      vertex -11.1 -21.5588 0
      vertex -11.2679 -21.6444 0
    endloop
  endfacet
  facet normal -0.987737 0.156126 -8.78643e-19
    outer loop
      vertex -10.2393 -20.3742 0
      vertex -10.2099 -20.1882 1
      vertex -10.2099 -20.1882 0
    endloop
  endfacet
  facet normal -0.987737 0.156126 -8.78643e-19
    outer loop
      vertex -10.2099 -20.1882 1
      vertex -10.2393 -20.3742 0
      vertex -10.2393 -20.3742 1
    endloop
  endfacet
  facet normal 0.629152 0.777282 -0
    outer loop
      vertex -13.058 -21.4562 0
      vertex -13.2044 -21.3377 1
      vertex -13.058 -21.4562 1
    endloop
  endfacet
  facet normal 0.629152 0.777282 0
    outer loop
      vertex -13.2044 -21.3377 1
      vertex -13.058 -21.4562 0
      vertex -13.2044 -21.3377 0
    endloop
  endfacet
  facet normal 0.156126 0.987737 -0
    outer loop
      vertex -12.1882 -21.7901 0
      vertex -12.3742 -21.7607 1
      vertex -12.1882 -21.7901 1
    endloop
  endfacet
  facet normal 0.156126 0.987737 0
    outer loop
      vertex -12.3742 -21.7607 1
      vertex -12.1882 -21.7901 0
      vertex -12.3742 -21.7607 0
    endloop
  endfacet
  facet normal 0.965882 0.258984 -4.1409e-19
    outer loop
      vertex -13.7119 -20.5562 1
      vertex -13.7607 -20.3742 0
      vertex -13.7607 -20.3742 1
    endloop
  endfacet
  facet normal 0.965882 0.258984 -4.1409e-19
    outer loop
      vertex -13.7607 -20.3742 0
      vertex -13.7119 -20.5562 1
      vertex -13.7119 -20.5562 0
    endloop
  endfacet
  facet normal 0.358268 -0.933619 0
    outer loop
      vertex -12.7321 -18.3556 0
      vertex -12.5562 -18.2881 1
      vertex -12.7321 -18.3556 1
    endloop
  endfacet
  facet normal 0.358268 -0.933619 0
    outer loop
      vertex -12.5562 -18.2881 1
      vertex -12.7321 -18.3556 0
      vertex -12.5562 -18.2881 0
    endloop
  endfacet
  facet normal -0.629152 0.777282 0
    outer loop
      vertex -10.7956 -21.3377 0
      vertex -10.942 -21.4562 1
      vertex -10.7956 -21.3377 1
    endloop
  endfacet
  facet normal -0.629152 0.777282 0
    outer loop
      vertex -10.942 -21.4562 1
      vertex -10.7956 -21.3377 0
      vertex -10.942 -21.4562 0
    endloop
  endfacet
  facet normal -0.156126 0.987737 0
    outer loop
      vertex -11.6258 -21.7607 0
      vertex -11.8118 -21.7901 1
      vertex -11.6258 -21.7607 1
    endloop
  endfacet
  facet normal -0.156126 0.987737 0
    outer loop
      vertex -11.8118 -21.7901 1
      vertex -11.6258 -21.7607 0
      vertex -11.8118 -21.7901 0
    endloop
  endfacet
  facet normal 0.258984 -0.965882 0
    outer loop
      vertex -12.5562 -18.2881 0
      vertex -12.3742 -18.2393 1
      vertex -12.5562 -18.2881 1
    endloop
  endfacet
  facet normal 0.258984 -0.965882 0
    outer loop
      vertex -12.3742 -18.2393 1
      vertex -12.5562 -18.2881 0
      vertex -12.3742 -18.2393 0
    endloop
  endfacet
  facet normal -0.933619 0.358268 1.9658e-18
    outer loop
      vertex -10.3556 -20.7321 0
      vertex -10.2881 -20.5562 1
      vertex -10.2881 -20.5562 0
    endloop
  endfacet
  facet normal -0.933619 0.358268 1.9658e-18
    outer loop
      vertex -10.2881 -20.5562 1
      vertex -10.3556 -20.7321 0
      vertex -10.3556 -20.7321 1
    endloop
  endfacet
  facet normal 0.629152 -0.777282 0
    outer loop
      vertex -13.2044 -18.6623 0
      vertex -13.058 -18.5438 1
      vertex -13.2044 -18.6623 1
    endloop
  endfacet
  facet normal 0.629152 -0.777282 0
    outer loop
      vertex -13.058 -18.5438 1
      vertex -13.2044 -18.6623 0
      vertex -13.058 -18.5438 0
    endloop
  endfacet
  facet normal 0.987737 -0.156126 -8.78643e-19
    outer loop
      vertex -13.7901 -19.8118 1
      vertex -13.7607 -19.6258 0
      vertex -13.7607 -19.6258 1
    endloop
  endfacet
  facet normal 0.987737 -0.156126 -8.78643e-19
    outer loop
      vertex -13.7607 -19.6258 0
      vertex -13.7901 -19.8118 1
      vertex -13.7901 -19.8118 0
    endloop
  endfacet
  facet normal 0.358268 0.933619 -0
    outer loop
      vertex -12.5562 -21.7119 0
      vertex -12.7321 -21.6444 1
      vertex -12.5562 -21.7119 1
    endloop
  endfacet
  facet normal 0.358268 0.933619 0
    outer loop
      vertex -12.7321 -21.6444 1
      vertex -12.5562 -21.7119 0
      vertex -12.7321 -21.6444 0
    endloop
  endfacet
  facet normal 0.838686 -0.544615 5.11909e-18
    outer loop
      vertex -13.5588 -19.1 1
      vertex -13.4562 -18.942 0
      vertex -13.4562 -18.942 1
    endloop
  endfacet
  facet normal 0.838686 -0.544615 5.11909e-18
    outer loop
      vertex -13.4562 -18.942 0
      vertex -13.5588 -19.1 1
      vertex -13.5588 -19.1 0
    endloop
  endfacet
  facet normal -0.544615 -0.838686 0
    outer loop
      vertex -11.1 -18.4412 0
      vertex -10.942 -18.5438 1
      vertex -11.1 -18.4412 1
    endloop
  endfacet
  facet normal -0.544615 -0.838686 -0
    outer loop
      vertex -10.942 -18.5438 1
      vertex -11.1 -18.4412 0
      vertex -10.942 -18.5438 0
    endloop
  endfacet
  facet normal -0.629152 -0.777282 0
    outer loop
      vertex -10.942 -18.5438 0
      vertex -10.7956 -18.6623 1
      vertex -10.942 -18.5438 1
    endloop
  endfacet
  facet normal -0.629152 -0.777282 -0
    outer loop
      vertex -10.7956 -18.6623 1
      vertex -10.942 -18.5438 0
      vertex -10.7956 -18.6623 0
    endloop
  endfacet
  facet normal 0.965882 -0.258984 4.1409e-19
    outer loop
      vertex -13.7607 -19.6258 1
      vertex -13.7119 -19.4438 0
      vertex -13.7119 -19.4438 1
    endloop
  endfacet
  facet normal 0.965882 -0.258984 4.1409e-19
    outer loop
      vertex -13.7119 -19.4438 0
      vertex -13.7607 -19.6258 1
      vertex -13.7607 -19.6258 0
    endloop
  endfacet
  facet normal 0.454204 0.890898 -0
    outer loop
      vertex -12.7321 -21.6444 0
      vertex -12.9 -21.5588 1
      vertex -12.7321 -21.6444 1
    endloop
  endfacet
  facet normal 0.454204 0.890898 0
    outer loop
      vertex -12.9 -21.5588 1
      vertex -12.7321 -21.6444 0
      vertex -12.9 -21.5588 0
    endloop
  endfacet
  facet normal -0.052531 0.998619 0
    outer loop
      vertex -11.8118 -21.7901 0
      vertex -12 -21.8 1
      vertex -11.8118 -21.7901 1
    endloop
  endfacet
  facet normal -0.052531 0.998619 0
    outer loop
      vertex -12 -21.8 1
      vertex -11.8118 -21.7901 0
      vertex -12 -21.8 0
    endloop
  endfacet
  facet normal 0.544615 -0.838686 0
    outer loop
      vertex -13.058 -18.5438 0
      vertex -12.9 -18.4412 1
      vertex -13.058 -18.5438 1
    endloop
  endfacet
  facet normal 0.544615 -0.838686 0
    outer loop
      vertex -12.9 -18.4412 1
      vertex -13.058 -18.5438 0
      vertex -12.9 -18.4412 0
    endloop
  endfacet
  facet normal 0.998619 -0.052531 4.36563e-19
    outer loop
      vertex -13.8 -20 1
      vertex -13.7901 -19.8118 0
      vertex -13.7901 -19.8118 1
    endloop
  endfacet
  facet normal 0.998619 -0.052531 4.36563e-19
    outer loop
      vertex -13.7901 -19.8118 0
      vertex -13.8 -20 1
      vertex -13.8 -20 0
    endloop
  endfacet
  facet normal -0.258984 -0.965882 0
    outer loop
      vertex -11.6258 -18.2393 0
      vertex -11.4438 -18.2881 1
      vertex -11.6258 -18.2393 1
    endloop
  endfacet
  facet normal -0.258984 -0.965882 -0
    outer loop
      vertex -11.4438 -18.2881 1
      vertex -11.6258 -18.2393 0
      vertex -11.4438 -18.2881 0
    endloop
  endfacet
  facet normal -0.156126 -0.987737 0
    outer loop
      vertex -11.8118 -18.2099 0
      vertex -11.6258 -18.2393 1
      vertex -11.8118 -18.2099 1
    endloop
  endfacet
  facet normal -0.156126 -0.987737 -0
    outer loop
      vertex -11.6258 -18.2393 1
      vertex -11.8118 -18.2099 0
      vertex -11.6258 -18.2393 0
    endloop
  endfacet
  facet normal -0.777282 -0.629152 1.15697e-18
    outer loop
      vertex -10.5438 -18.942 0
      vertex -10.6623 -18.7956 1
      vertex -10.6623 -18.7956 0
    endloop
  endfacet
  facet normal -0.777282 -0.629152 1.15697e-18
    outer loop
      vertex -10.6623 -18.7956 1
      vertex -10.5438 -18.942 0
      vertex -10.5438 -18.942 1
    endloop
  endfacet
  facet normal -0.965882 0.258984 4.1409e-19
    outer loop
      vertex -10.2881 -20.5562 0
      vertex -10.2393 -20.3742 1
      vertex -10.2393 -20.3742 0
    endloop
  endfacet
  facet normal -0.965882 0.258984 4.1409e-19
    outer loop
      vertex -10.2393 -20.3742 1
      vertex -10.2881 -20.5562 0
      vertex -10.2881 -20.5562 1
    endloop
  endfacet
  facet normal -0.544615 0.838686 0
    outer loop
      vertex -10.942 -21.4562 0
      vertex -11.1 -21.5588 1
      vertex -10.942 -21.4562 1
    endloop
  endfacet
  facet normal -0.544615 0.838686 0
    outer loop
      vertex -11.1 -21.5588 1
      vertex -10.942 -21.4562 0
      vertex -11.1 -21.5588 0
    endloop
  endfacet
  facet normal 0.998619 0.052531 -4.36563e-19
    outer loop
      vertex -13.7901 -20.1882 1
      vertex -13.8 -20 0
      vertex -13.8 -20 1
    endloop
  endfacet
  facet normal 0.998619 0.052531 -4.36563e-19
    outer loop
      vertex -13.8 -20 0
      vertex -13.7901 -20.1882 1
      vertex -13.7901 -20.1882 0
    endloop
  endfacet
  facet normal -0.258984 0.965882 0
    outer loop
      vertex -11.4438 -21.7119 0
      vertex -11.6258 -21.7607 1
      vertex -11.4438 -21.7119 1
    endloop
  endfacet
  facet normal -0.258984 0.965882 0
    outer loop
      vertex -11.6258 -21.7607 1
      vertex -11.4438 -21.7119 0
      vertex -11.6258 -21.7607 0
    endloop
  endfacet
  facet normal 0.890898 -0.454204 3.77784e-18
    outer loop
      vertex -13.6444 -19.2679 1
      vertex -13.5588 -19.1 0
      vertex -13.5588 -19.1 1
    endloop
  endfacet
  facet normal 0.890898 -0.454204 3.77784e-18
    outer loop
      vertex -13.5588 -19.1 0
      vertex -13.6444 -19.2679 1
      vertex -13.6444 -19.2679 0
    endloop
  endfacet
  facet normal -0.838686 0.544615 5.11909e-18
    outer loop
      vertex -10.5438 -21.058 0
      vertex -10.4412 -20.9 1
      vertex -10.4412 -20.9 0
    endloop
  endfacet
  facet normal -0.838686 0.544615 5.11909e-18
    outer loop
      vertex -10.4412 -20.9 1
      vertex -10.5438 -21.058 0
      vertex -10.5438 -21.058 1
    endloop
  endfacet
  facet normal -0.454204 -0.890898 0
    outer loop
      vertex -11.2679 -18.3556 0
      vertex -11.1 -18.4412 1
      vertex -11.2679 -18.3556 1
    endloop
  endfacet
  facet normal -0.454204 -0.890898 -0
    outer loop
      vertex -11.1 -18.4412 1
      vertex -11.2679 -18.3556 0
      vertex -11.1 -18.4412 0
    endloop
  endfacet
  facet normal 0.777282 0.629152 1.15697e-18
    outer loop
      vertex -13.3377 -21.2044 1
      vertex -13.4562 -21.058 0
      vertex -13.4562 -21.058 1
    endloop
  endfacet
  facet normal 0.777282 0.629152 1.15697e-18
    outer loop
      vertex -13.4562 -21.058 0
      vertex -13.3377 -21.2044 1
      vertex -13.3377 -21.2044 0
    endloop
  endfacet
  facet normal -0.933619 -0.358268 -1.9658e-18
    outer loop
      vertex -10.2881 -19.4438 0
      vertex -10.3556 -19.2679 1
      vertex -10.3556 -19.2679 0
    endloop
  endfacet
  facet normal -0.933619 -0.358268 -1.9658e-18
    outer loop
      vertex -10.3556 -19.2679 1
      vertex -10.2881 -19.4438 0
      vertex -10.2881 -19.4438 1
    endloop
  endfacet
  facet normal -0.890898 -0.454204 -3.77784e-18
    outer loop
      vertex -10.3556 -19.2679 0
      vertex -10.4412 -19.1 1
      vertex -10.4412 -19.1 0
    endloop
  endfacet
  facet normal -0.890898 -0.454204 -3.77784e-18
    outer loop
      vertex -10.4412 -19.1 1
      vertex -10.3556 -19.2679 0
      vertex -10.3556 -19.2679 1
    endloop
  endfacet
  facet normal -0.052531 -0.998619 0
    outer loop
      vertex -12 -18.2 0
      vertex -11.8118 -18.2099 1
      vertex -12 -18.2 1
    endloop
  endfacet
  facet normal -0.052531 -0.998619 -0
    outer loop
      vertex -11.8118 -18.2099 1
      vertex -12 -18.2 0
      vertex -11.8118 -18.2099 0
    endloop
  endfacet
  facet normal -0.838686 -0.544615 -5.11909e-18
    outer loop
      vertex -10.4412 -19.1 0
      vertex -10.5438 -18.942 1
      vertex -10.5438 -18.942 0
    endloop
  endfacet
  facet normal -0.838686 -0.544615 -5.11909e-18
    outer loop
      vertex -10.5438 -18.942 1
      vertex -10.4412 -19.1 0
      vertex -10.4412 -19.1 1
    endloop
  endfacet
  facet normal 0.890898 0.454204 -3.77784e-18
    outer loop
      vertex -13.5588 -20.9 1
      vertex -13.6444 -20.7321 0
      vertex -13.6444 -20.7321 1
    endloop
  endfacet
  facet normal 0.890898 0.454204 -3.77784e-18
    outer loop
      vertex -13.6444 -20.7321 0
      vertex -13.5588 -20.9 1
      vertex -13.5588 -20.9 0
    endloop
  endfacet
  facet normal 0.454204 -0.890898 0
    outer loop
      vertex -12.9 -18.4412 0
      vertex -12.7321 -18.3556 1
      vertex -12.9 -18.4412 1
    endloop
  endfacet
  facet normal 0.454204 -0.890898 0
    outer loop
      vertex -12.7321 -18.3556 1
      vertex -12.9 -18.4412 0
      vertex -12.7321 -18.3556 0
    endloop
  endfacet
  facet normal 0.838686 0.544615 -5.11909e-18
    outer loop
      vertex -13.4562 -21.058 1
      vertex -13.5588 -20.9 0
      vertex -13.5588 -20.9 1
    endloop
  endfacet
  facet normal 0.838686 0.544615 -5.11909e-18
    outer loop
      vertex -13.5588 -20.9 0
      vertex -13.4562 -21.058 1
      vertex -13.4562 -21.058 0
    endloop
  endfacet
  facet normal 0.933619 0.358268 -1.9658e-18
    outer loop
      vertex -13.6444 -20.7321 1
      vertex -13.7119 -20.5562 0
      vertex -13.7119 -20.5562 1
    endloop
  endfacet
  facet normal 0.933619 0.358268 -1.9658e-18
    outer loop
      vertex -13.7119 -20.5562 0
      vertex -13.6444 -20.7321 1
      vertex -13.6444 -20.7321 0
    endloop
  endfacet
  facet normal 0.156126 -0.987737 0
    outer loop
      vertex -12.3742 -18.2393 0
      vertex -12.1882 -18.2099 1
      vertex -12.3742 -18.2393 1
    endloop
  endfacet
  facet normal 0.156126 -0.987737 0
    outer loop
      vertex -12.1882 -18.2099 1
      vertex -12.3742 -18.2393 0
      vertex -12.1882 -18.2099 0
    endloop
  endfacet
  facet normal -0.707107 -0.707107 7.17842e-18
    outer loop
      vertex -10.6623 -18.7956 0
      vertex -10.7956 -18.6623 1
      vertex -10.7956 -18.6623 0
    endloop
  endfacet
  facet normal -0.707107 -0.707107 7.17842e-18
    outer loop
      vertex -10.7956 -18.6623 1
      vertex -10.6623 -18.7956 0
      vertex -10.6623 -18.7956 1
    endloop
  endfacet
  facet normal 0.707107 -0.707107 -7.17842e-18
    outer loop
      vertex -13.3377 -18.7956 1
      vertex -13.2044 -18.6623 0
      vertex -13.2044 -18.6623 1
    endloop
  endfacet
  facet normal 0.707107 -0.707107 -7.17842e-18
    outer loop
      vertex -13.2044 -18.6623 0
      vertex -13.3377 -18.7956 1
      vertex -13.3377 -18.7956 0
    endloop
  endfacet
  facet normal -0.777282 0.629152 -1.15697e-18
    outer loop
      vertex -10.6623 -21.2044 0
      vertex -10.5438 -21.058 1
      vertex -10.5438 -21.058 0
    endloop
  endfacet
  facet normal -0.777282 0.629152 -1.15697e-18
    outer loop
      vertex -10.5438 -21.058 1
      vertex -10.6623 -21.2044 0
      vertex -10.6623 -21.2044 1
    endloop
  endfacet
  facet normal 0.777282 -0.629152 -1.15697e-18
    outer loop
      vertex -13.4562 -18.942 1
      vertex -13.3377 -18.7956 0
      vertex -13.3377 -18.7956 1
    endloop
  endfacet
  facet normal 0.777282 -0.629152 -1.15697e-18
    outer loop
      vertex -13.3377 -18.7956 0
      vertex -13.4562 -18.942 1
      vertex -13.4562 -18.942 0
    endloop
  endfacet
  facet normal 0.987737 0.156126 8.78643e-19
    outer loop
      vertex -13.7607 -20.3742 1
      vertex -13.7901 -20.1882 0
      vertex -13.7901 -20.1882 1
    endloop
  endfacet
  facet normal 0.987737 0.156126 8.78643e-19
    outer loop
      vertex -13.7901 -20.1882 0
      vertex -13.7607 -20.3742 1
      vertex -13.7607 -20.3742 0
    endloop
  endfacet
  facet normal -0.707107 0.707107 -7.17842e-18
    outer loop
      vertex -10.7956 -21.3377 0
      vertex -10.6623 -21.2044 1
      vertex -10.6623 -21.2044 0
    endloop
  endfacet
  facet normal -0.707107 0.707107 -7.17842e-18
    outer loop
      vertex -10.6623 -21.2044 1
      vertex -10.7956 -21.3377 0
      vertex -10.7956 -21.3377 1
    endloop
  endfacet
  facet normal 0.052531 -0.998619 0
    outer loop
      vertex -12.1882 -18.2099 0
      vertex -12 -18.2 1
      vertex -12.1882 -18.2099 1
    endloop
  endfacet
  facet normal 0.052531 -0.998619 0
    outer loop
      vertex -12 -18.2 1
      vertex -12.1882 -18.2099 0
      vertex -12 -18.2 0
    endloop
  endfacet
  facet normal 0.258984 0.965882 -0
    outer loop
      vertex -12.3742 -21.7607 0
      vertex -12.5562 -21.7119 1
      vertex -12.3742 -21.7607 1
    endloop
  endfacet
  facet normal 0.258984 0.965882 0
    outer loop
      vertex -12.5562 -21.7119 1
      vertex -12.3742 -21.7607 0
      vertex -12.5562 -21.7119 0
    endloop
  endfacet
  facet normal 0.544615 0.838686 -0
    outer loop
      vertex -12.9 -21.5588 0
      vertex -13.058 -21.4562 1
      vertex -12.9 -21.5588 1
    endloop
  endfacet
  facet normal 0.544615 0.838686 0
    outer loop
      vertex -13.058 -21.4562 1
      vertex -12.9 -21.5588 0
      vertex -13.058 -21.4562 0
    endloop
  endfacet
  facet normal -0.866027 0.499998 0
    outer loop
      vertex -10.2102 -23 1
      vertex -8.47816 -20 3
      vertex -8.47816 -20 1
    endloop
  endfacet
  facet normal -0.866027 0.499998 0
    outer loop
      vertex -8.47816 -20 3
      vertex -10.2102 -23 1
      vertex -10.2102 -23 3
    endloop
  endfacet
  facet normal -0.866027 -0.499998 0
    outer loop
      vertex -8.47816 -20 1
      vertex -10.2102 -17 3
      vertex -10.2102 -17 1
    endloop
  endfacet
  facet normal -0.866027 -0.499998 0
    outer loop
      vertex -10.2102 -17 3
      vertex -8.47816 -20 1
      vertex -8.47816 -20 3
    endloop
  endfacet
  facet normal 0.866032 -0.499989 0
    outer loop
      vertex -15.5218 -20 3
      vertex -13.7898 -17 1
      vertex -13.7898 -17 3
    endloop
  endfacet
  facet normal 0.866032 -0.499989 0
    outer loop
      vertex -13.7898 -17 1
      vertex -15.5218 -20 3
      vertex -15.5218 -20 1
    endloop
  endfacet
  facet normal 0.866032 0.499989 0
    outer loop
      vertex -13.7898 -23 3
      vertex -15.5218 -20 1
      vertex -15.5218 -20 3
    endloop
  endfacet
  facet normal 0.866032 0.499989 0
    outer loop
      vertex -15.5218 -20 1
      vertex -13.7898 -23 3
      vertex -13.7898 -23 1
    endloop
  endfacet
  facet normal 0 0 1
    outer loop
      vertex -8.47816 -20 1
      vertex -10.2099 -19.8118 1
      vertex -10.2 -20 1
    endloop
  endfacet
  facet normal -0 0 1
    outer loop
      vertex -10.4412 -19.1 1
      vertex -8.47816 -20 1
      vertex -10.2102 -17 1
    endloop
  endfacet
  facet normal 0 0 1
    outer loop
      vertex -8.47816 -20 1
      vertex -10.2393 -19.6258 1
      vertex -10.2099 -19.8118 1
    endloop
  endfacet
  facet normal 0 0 1
    outer loop
      vertex -8.47816 -20 1
      vertex -10.2881 -19.4438 1
      vertex -10.2393 -19.6258 1
    endloop
  endfacet
  facet normal 0 0 1
    outer loop
      vertex -8.47816 -20 1
      vertex -10.3556 -19.2679 1
      vertex -10.2881 -19.4438 1
    endloop
  endfacet
  facet normal 0 0 1
    outer loop
      vertex -8.47816 -20 1
      vertex -10.4412 -19.1 1
      vertex -10.3556 -19.2679 1
    endloop
  endfacet
  facet normal 0 0 1
    outer loop
      vertex -10.2102 -17 1
      vertex -10.5438 -18.942 1
      vertex -10.4412 -19.1 1
    endloop
  endfacet
  facet normal 0 0 1
    outer loop
      vertex -10.2102 -17 1
      vertex -10.6623 -18.7956 1
      vertex -10.5438 -18.942 1
    endloop
  endfacet
  facet normal 0 0 1
    outer loop
      vertex -10.2102 -17 1
      vertex -10.7956 -18.6623 1
      vertex -10.6623 -18.7956 1
    endloop
  endfacet
  facet normal 0 0 1
    outer loop
      vertex -10.2102 -17 1
      vertex -10.942 -18.5438 1
      vertex -10.7956 -18.6623 1
    endloop
  endfacet
  facet normal 0 0 1
    outer loop
      vertex -10.2102 -17 1
      vertex -11.1 -18.4412 1
      vertex -10.942 -18.5438 1
    endloop
  endfacet
  facet normal 0 0 1
    outer loop
      vertex -10.2102 -17 1
      vertex -11.2679 -18.3556 1
      vertex -11.1 -18.4412 1
    endloop
  endfacet
  facet normal 0 0 1
    outer loop
      vertex -10.2102 -17 1
      vertex -11.4438 -18.2881 1
      vertex -11.2679 -18.3556 1
    endloop
  endfacet
  facet normal 0 0 1
    outer loop
      vertex -10.2102 -17 1
      vertex -11.6258 -18.2393 1
      vertex -11.4438 -18.2881 1
    endloop
  endfacet
  facet normal 0 0 1
    outer loop
      vertex -10.2102 -17 1
      vertex -11.8118 -18.2099 1
      vertex -11.6258 -18.2393 1
    endloop
  endfacet
  facet normal 0 0 1
    outer loop
      vertex -10.2102 -17 1
      vertex -12 -18.2 1
      vertex -11.8118 -18.2099 1
    endloop
  endfacet
  facet normal -0 0 1
    outer loop
      vertex -13.7898 -17 1
      vertex -12 -18.2 1
      vertex -10.2102 -17 1
    endloop
  endfacet
  facet normal 0 0 1
    outer loop
      vertex -12 -18.2 1
      vertex -13.7898 -17 1
      vertex -12.1882 -18.2099 1
    endloop
  endfacet
  facet normal 0 0 1
    outer loop
      vertex -12.1882 -18.2099 1
      vertex -13.7898 -17 1
      vertex -12.3742 -18.2393 1
    endloop
  endfacet
  facet normal 0 0 1
    outer loop
      vertex -12.3742 -18.2393 1
      vertex -13.7898 -17 1
      vertex -12.5562 -18.2881 1
    endloop
  endfacet
  facet normal 0 0 1
    outer loop
      vertex -12.5562 -18.2881 1
      vertex -13.7898 -17 1
      vertex -12.7321 -18.3556 1
    endloop
  endfacet
  facet normal 0 0 1
    outer loop
      vertex -12.7321 -18.3556 1
      vertex -13.7898 -17 1
      vertex -12.9 -18.4412 1
    endloop
  endfacet
  facet normal 0 0 1
    outer loop
      vertex -13.7898 -17 1
      vertex -13.058 -18.5438 1
      vertex -12.9 -18.4412 1
    endloop
  endfacet
  facet normal 0 0 1
    outer loop
      vertex -13.7898 -17 1
      vertex -13.2044 -18.6623 1
      vertex -13.058 -18.5438 1
    endloop
  endfacet
  facet normal 0 0 1
    outer loop
      vertex -13.7898 -17 1
      vertex -13.3377 -18.7956 1
      vertex -13.2044 -18.6623 1
    endloop
  endfacet
  facet normal 0 0 1
    outer loop
      vertex -13.7898 -17 1
      vertex -13.4562 -18.942 1
      vertex -13.3377 -18.7956 1
    endloop
  endfacet
  facet normal 0 0 1
    outer loop
      vertex -13.7898 -17 1
      vertex -13.5588 -19.1 1
      vertex -13.4562 -18.942 1
    endloop
  endfacet
  facet normal 0 0 1
    outer loop
      vertex -15.5218 -20 1
      vertex -13.5588 -19.1 1
      vertex -13.7898 -17 1
    endloop
  endfacet
  facet normal 0 0 1
    outer loop
      vertex -13.5588 -19.1 1
      vertex -15.5218 -20 1
      vertex -13.6444 -19.2679 1
    endloop
  endfacet
  facet normal 0 0 1
    outer loop
      vertex -13.6444 -19.2679 1
      vertex -15.5218 -20 1
      vertex -13.7119 -19.4438 1
    endloop
  endfacet
  facet normal 0 0 1
    outer loop
      vertex -13.7119 -19.4438 1
      vertex -15.5218 -20 1
      vertex -13.7607 -19.6258 1
    endloop
  endfacet
  facet normal 0 0 1
    outer loop
      vertex -13.7607 -19.6258 1
      vertex -15.5218 -20 1
      vertex -13.7901 -19.8118 1
    endloop
  endfacet
  facet normal 0 0 1
    outer loop
      vertex -13.7901 -19.8118 1
      vertex -15.5218 -20 1
      vertex -13.8 -20 1
    endloop
  endfacet
  facet normal 0 0 1
    outer loop
      vertex -10.2099 -20.1882 1
      vertex -8.47816 -20 1
      vertex -10.2 -20 1
    endloop
  endfacet
  facet normal 0 0 1
    outer loop
      vertex -10.2393 -20.3742 1
      vertex -8.47816 -20 1
      vertex -10.2099 -20.1882 1
    endloop
  endfacet
  facet normal 0 0 1
    outer loop
      vertex -10.2881 -20.5562 1
      vertex -8.47816 -20 1
      vertex -10.2393 -20.3742 1
    endloop
  endfacet
  facet normal 0 0 1
    outer loop
      vertex -10.3556 -20.7321 1
      vertex -8.47816 -20 1
      vertex -10.2881 -20.5562 1
    endloop
  endfacet
  facet normal 0 0 1
    outer loop
      vertex -10.4412 -20.9 1
      vertex -8.47816 -20 1
      vertex -10.3556 -20.7321 1
    endloop
  endfacet
  facet normal 0 0 1
    outer loop
      vertex -8.47816 -20 1
      vertex -10.4412 -20.9 1
      vertex -10.2102 -23 1
    endloop
  endfacet
  facet normal -0 0 1
    outer loop
      vertex -10.5438 -21.058 1
      vertex -10.2102 -23 1
      vertex -10.4412 -20.9 1
    endloop
  endfacet
  facet normal -0 0 1
    outer loop
      vertex -10.6623 -21.2044 1
      vertex -10.2102 -23 1
      vertex -10.5438 -21.058 1
    endloop
  endfacet
  facet normal -0 0 1
    outer loop
      vertex -10.7956 -21.3377 1
      vertex -10.2102 -23 1
      vertex -10.6623 -21.2044 1
    endloop
  endfacet
  facet normal -0 0 1
    outer loop
      vertex -10.942 -21.4562 1
      vertex -10.2102 -23 1
      vertex -10.7956 -21.3377 1
    endloop
  endfacet
  facet normal -0 0 1
    outer loop
      vertex -11.1 -21.5588 1
      vertex -10.2102 -23 1
      vertex -10.942 -21.4562 1
    endloop
  endfacet
  facet normal -0 0 1
    outer loop
      vertex -11.2679 -21.6444 1
      vertex -10.2102 -23 1
      vertex -11.1 -21.5588 1
    endloop
  endfacet
  facet normal -0 0 1
    outer loop
      vertex -11.4438 -21.7119 1
      vertex -10.2102 -23 1
      vertex -11.2679 -21.6444 1
    endloop
  endfacet
  facet normal -0 0 1
    outer loop
      vertex -11.6258 -21.7607 1
      vertex -10.2102 -23 1
      vertex -11.4438 -21.7119 1
    endloop
  endfacet
  facet normal -0 0 1
    outer loop
      vertex -11.8118 -21.7901 1
      vertex -10.2102 -23 1
      vertex -11.6258 -21.7607 1
    endloop
  endfacet
  facet normal -0 0 1
    outer loop
      vertex -12 -21.8 1
      vertex -10.2102 -23 1
      vertex -11.8118 -21.7901 1
    endloop
  endfacet
  facet normal 0 0 1
    outer loop
      vertex -13.7898 -23 1
      vertex -12 -21.8 1
      vertex -12.1882 -21.7901 1
    endloop
  endfacet
  facet normal 0 0 1
    outer loop
      vertex -13.7898 -23 1
      vertex -12.1882 -21.7901 1
      vertex -12.3742 -21.7607 1
    endloop
  endfacet
  facet normal 0 0 1
    outer loop
      vertex -13.7898 -23 1
      vertex -12.3742 -21.7607 1
      vertex -12.5562 -21.7119 1
    endloop
  endfacet
  facet normal 0 0 1
    outer loop
      vertex -13.7898 -23 1
      vertex -12.5562 -21.7119 1
      vertex -12.7321 -21.6444 1
    endloop
  endfacet
  facet normal 0 0 1
    outer loop
      vertex -13.7898 -23 1
      vertex -12.7321 -21.6444 1
      vertex -12.9 -21.5588 1
    endloop
  endfacet
  facet normal 0 0 1
    outer loop
      vertex -12 -21.8 1
      vertex -13.7898 -23 1
      vertex -10.2102 -23 1
    endloop
  endfacet
  facet normal 0 0 1
    outer loop
      vertex -13.058 -21.4562 1
      vertex -13.7898 -23 1
      vertex -12.9 -21.5588 1
    endloop
  endfacet
  facet normal 0 0 1
    outer loop
      vertex -13.2044 -21.3377 1
      vertex -13.7898 -23 1
      vertex -13.058 -21.4562 1
    endloop
  endfacet
  facet normal 0 0 1
    outer loop
      vertex -13.3377 -21.2044 1
      vertex -13.7898 -23 1
      vertex -13.2044 -21.3377 1
    endloop
  endfacet
  facet normal 0 0 1
    outer loop
      vertex -13.4562 -21.058 1
      vertex -13.7898 -23 1
      vertex -13.3377 -21.2044 1
    endloop
  endfacet
  facet normal 0 0 1
    outer loop
      vertex -13.5588 -20.9 1
      vertex -13.7898 -23 1
      vertex -13.4562 -21.058 1
    endloop
  endfacet
  facet normal 0 0 1
    outer loop
      vertex -15.5218 -20 1
      vertex -13.5588 -20.9 1
      vertex -13.6444 -20.7321 1
    endloop
  endfacet
  facet normal 0 0 1
    outer loop
      vertex -15.5218 -20 1
      vertex -13.6444 -20.7321 1
      vertex -13.7119 -20.5562 1
    endloop
  endfacet
  facet normal 0 0 1
    outer loop
      vertex -15.5218 -20 1
      vertex -13.7119 -20.5562 1
      vertex -13.7607 -20.3742 1
    endloop
  endfacet
  facet normal 0 0 1
    outer loop
      vertex -15.5218 -20 1
      vertex -13.7607 -20.3742 1
      vertex -13.7901 -20.1882 1
    endloop
  endfacet
  facet normal -0 0 1
    outer loop
      vertex -15.5218 -20 1
      vertex -13.7901 -20.1882 1
      vertex -13.8 -20 1
    endloop
  endfacet
  facet normal 0 0 1
    outer loop
      vertex -13.5588 -20.9 1
      vertex -15.5218 -20 1
      vertex -13.7898 -23 1
    endloop
  endfacet
  facet normal -0.258984 -0.965882 0
    outer loop
      vertex 12.3742 -18.2393 0
      vertex 12.5562 -18.2881 1
      vertex 12.3742 -18.2393 1
    endloop
  endfacet
  facet normal -0.258984 -0.965882 -0
    outer loop
      vertex 12.5562 -18.2881 1
      vertex 12.3742 -18.2393 0
      vertex 12.5562 -18.2881 0
    endloop
  endfacet
  facet normal -0.358268 -0.933619 0
    outer loop
      vertex 12.5562 -18.2881 0
      vertex 12.7321 -18.3556 1
      vertex 12.5562 -18.2881 1
    endloop
  endfacet
  facet normal -0.358268 -0.933619 -0
    outer loop
      vertex 12.7321 -18.3556 1
      vertex 12.5562 -18.2881 0
      vertex 12.7321 -18.3556 0
    endloop
  endfacet
  facet normal -0.987737 -0.156126 8.78643e-19
    outer loop
      vertex 13.7901 -19.8118 0
      vertex 13.7607 -19.6258 1
      vertex 13.7607 -19.6258 0
    endloop
  endfacet
  facet normal -0.987737 -0.156126 8.78643e-19
    outer loop
      vertex 13.7607 -19.6258 1
      vertex 13.7901 -19.8118 0
      vertex 13.7901 -19.8118 1
    endloop
  endfacet
  facet normal -0.998619 -0.052531 -4.36563e-19
    outer loop
      vertex 13.8 -20 0
      vertex 13.7901 -19.8118 1
      vertex 13.7901 -19.8118 0
    endloop
  endfacet
  facet normal -0.998619 -0.052531 -4.36563e-19
    outer loop
      vertex 13.7901 -19.8118 1
      vertex 13.8 -20 0
      vertex 13.8 -20 1
    endloop
  endfacet
  facet normal -0.965882 -0.258984 -4.1409e-19
    outer loop
      vertex 13.7607 -19.6258 0
      vertex 13.7119 -19.4438 1
      vertex 13.7119 -19.4438 0
    endloop
  endfacet
  facet normal -0.965882 -0.258984 -4.1409e-19
    outer loop
      vertex 13.7119 -19.4438 1
      vertex 13.7607 -19.6258 0
      vertex 13.7607 -19.6258 1
    endloop
  endfacet
  facet normal 0.965882 -0.258984 4.1409e-19
    outer loop
      vertex 10.2393 -19.6258 1
      vertex 10.2881 -19.4438 0
      vertex 10.2881 -19.4438 1
    endloop
  endfacet
  facet normal 0.965882 -0.258984 4.1409e-19
    outer loop
      vertex 10.2881 -19.4438 0
      vertex 10.2393 -19.6258 1
      vertex 10.2393 -19.6258 0
    endloop
  endfacet
  facet normal 0.890898 0.454204 -3.77784e-18
    outer loop
      vertex 10.4412 -20.9 1
      vertex 10.3556 -20.7321 0
      vertex 10.3556 -20.7321 1
    endloop
  endfacet
  facet normal 0.890898 0.454204 -3.77784e-18
    outer loop
      vertex 10.3556 -20.7321 0
      vertex 10.4412 -20.9 1
      vertex 10.4412 -20.9 0
    endloop
  endfacet
  facet normal 0.707107 0.707107 7.17842e-18
    outer loop
      vertex 10.7956 -21.3377 1
      vertex 10.6623 -21.2044 0
      vertex 10.6623 -21.2044 1
    endloop
  endfacet
  facet normal 0.707107 0.707107 7.17842e-18
    outer loop
      vertex 10.6623 -21.2044 0
      vertex 10.7956 -21.3377 1
      vertex 10.7956 -21.3377 0
    endloop
  endfacet
  facet normal -0.838686 -0.544615 -5.11909e-18
    outer loop
      vertex 13.5588 -19.1 0
      vertex 13.4562 -18.942 1
      vertex 13.4562 -18.942 0
    endloop
  endfacet
  facet normal -0.838686 -0.544615 -5.11909e-18
    outer loop
      vertex 13.4562 -18.942 1
      vertex 13.5588 -19.1 0
      vertex 13.5588 -19.1 1
    endloop
  endfacet
  facet normal 0.258984 -0.965882 0
    outer loop
      vertex 11.4438 -18.2881 0
      vertex 11.6258 -18.2393 1
      vertex 11.4438 -18.2881 1
    endloop
  endfacet
  facet normal 0.258984 -0.965882 0
    outer loop
      vertex 11.6258 -18.2393 1
      vertex 11.4438 -18.2881 0
      vertex 11.6258 -18.2393 0
    endloop
  endfacet
  facet normal 0.358268 -0.933619 0
    outer loop
      vertex 11.2679 -18.3556 0
      vertex 11.4438 -18.2881 1
      vertex 11.2679 -18.3556 1
    endloop
  endfacet
  facet normal 0.358268 -0.933619 0
    outer loop
      vertex 11.4438 -18.2881 1
      vertex 11.2679 -18.3556 0
      vertex 11.4438 -18.2881 0
    endloop
  endfacet
  facet normal -0.998619 0.052531 4.36563e-19
    outer loop
      vertex 13.7901 -20.1882 0
      vertex 13.8 -20 1
      vertex 13.8 -20 0
    endloop
  endfacet
  facet normal -0.998619 0.052531 4.36563e-19
    outer loop
      vertex 13.8 -20 1
      vertex 13.7901 -20.1882 0
      vertex 13.7901 -20.1882 1
    endloop
  endfacet
  facet normal -0.358268 0.933619 0
    outer loop
      vertex 12.7321 -21.6444 0
      vertex 12.5562 -21.7119 1
      vertex 12.7321 -21.6444 1
    endloop
  endfacet
  facet normal -0.358268 0.933619 0
    outer loop
      vertex 12.5562 -21.7119 1
      vertex 12.7321 -21.6444 0
      vertex 12.5562 -21.7119 0
    endloop
  endfacet
  facet normal -0.629152 -0.777282 0
    outer loop
      vertex 13.058 -18.5438 0
      vertex 13.2044 -18.6623 1
      vertex 13.058 -18.5438 1
    endloop
  endfacet
  facet normal -0.629152 -0.777282 -0
    outer loop
      vertex 13.2044 -18.6623 1
      vertex 13.058 -18.5438 0
      vertex 13.2044 -18.6623 0
    endloop
  endfacet
  facet normal -0.933619 -0.358268 -1.9658e-18
    outer loop
      vertex 13.7119 -19.4438 0
      vertex 13.6444 -19.2679 1
      vertex 13.6444 -19.2679 0
    endloop
  endfacet
  facet normal -0.933619 -0.358268 -1.9658e-18
    outer loop
      vertex 13.6444 -19.2679 1
      vertex 13.7119 -19.4438 0
      vertex 13.7119 -19.4438 1
    endloop
  endfacet
  facet normal -0.890898 -0.454204 -3.77784e-18
    outer loop
      vertex 13.6444 -19.2679 0
      vertex 13.5588 -19.1 1
      vertex 13.5588 -19.1 0
    endloop
  endfacet
  facet normal -0.890898 -0.454204 -3.77784e-18
    outer loop
      vertex 13.5588 -19.1 1
      vertex 13.6444 -19.2679 0
      vertex 13.6444 -19.2679 1
    endloop
  endfacet
  facet normal -0.933619 0.358268 1.9658e-18
    outer loop
      vertex 13.6444 -20.7321 0
      vertex 13.7119 -20.5562 1
      vertex 13.7119 -20.5562 0
    endloop
  endfacet
  facet normal -0.933619 0.358268 1.9658e-18
    outer loop
      vertex 13.7119 -20.5562 1
      vertex 13.6444 -20.7321 0
      vertex 13.6444 -20.7321 1
    endloop
  endfacet
  facet normal 0.156126 0.987737 -0
    outer loop
      vertex 11.8118 -21.7901 0
      vertex 11.6258 -21.7607 1
      vertex 11.8118 -21.7901 1
    endloop
  endfacet
  facet normal 0.156126 0.987737 0
    outer loop
      vertex 11.6258 -21.7607 1
      vertex 11.8118 -21.7901 0
      vertex 11.6258 -21.7607 0
    endloop
  endfacet
  facet normal 0.258984 0.965882 -0
    outer loop
      vertex 11.6258 -21.7607 0
      vertex 11.4438 -21.7119 1
      vertex 11.6258 -21.7607 1
    endloop
  endfacet
  facet normal 0.258984 0.965882 0
    outer loop
      vertex 11.4438 -21.7119 1
      vertex 11.6258 -21.7607 0
      vertex 11.4438 -21.7119 0
    endloop
  endfacet
  facet normal -0.777282 0.629152 -1.15697e-18
    outer loop
      vertex 13.3377 -21.2044 0
      vertex 13.4562 -21.058 1
      vertex 13.4562 -21.058 0
    endloop
  endfacet
  facet normal -0.777282 0.629152 -1.15697e-18
    outer loop
      vertex 13.4562 -21.058 1
      vertex 13.3377 -21.2044 0
      vertex 13.3377 -21.2044 1
    endloop
  endfacet
  facet normal -0.629152 0.777282 0
    outer loop
      vertex 13.2044 -21.3377 0
      vertex 13.058 -21.4562 1
      vertex 13.2044 -21.3377 1
    endloop
  endfacet
  facet normal -0.629152 0.777282 0
    outer loop
      vertex 13.058 -21.4562 1
      vertex 13.2044 -21.3377 0
      vertex 13.058 -21.4562 0
    endloop
  endfacet
  facet normal -0.890898 0.454204 3.77784e-18
    outer loop
      vertex 13.5588 -20.9 0
      vertex 13.6444 -20.7321 1
      vertex 13.6444 -20.7321 0
    endloop
  endfacet
  facet normal -0.890898 0.454204 3.77784e-18
    outer loop
      vertex 13.6444 -20.7321 1
      vertex 13.5588 -20.9 0
      vertex 13.5588 -20.9 1
    endloop
  endfacet
  facet normal 0.890898 -0.454204 3.77784e-18
    outer loop
      vertex 10.3556 -19.2679 1
      vertex 10.4412 -19.1 0
      vertex 10.4412 -19.1 1
    endloop
  endfacet
  facet normal 0.890898 -0.454204 3.77784e-18
    outer loop
      vertex 10.4412 -19.1 0
      vertex 10.3556 -19.2679 1
      vertex 10.3556 -19.2679 0
    endloop
  endfacet
  facet normal 0.052531 0.998619 -0
    outer loop
      vertex 12 -21.8 0
      vertex 11.8118 -21.7901 1
      vertex 12 -21.8 1
    endloop
  endfacet
  facet normal 0.052531 0.998619 0
    outer loop
      vertex 11.8118 -21.7901 1
      vertex 12 -21.8 0
      vertex 11.8118 -21.7901 0
    endloop
  endfacet
  facet normal -0.544615 0.838686 0
    outer loop
      vertex 13.058 -21.4562 0
      vertex 12.9 -21.5588 1
      vertex 13.058 -21.4562 1
    endloop
  endfacet
  facet normal -0.544615 0.838686 0
    outer loop
      vertex 12.9 -21.5588 1
      vertex 13.058 -21.4562 0
      vertex 12.9 -21.5588 0
    endloop
  endfacet
  facet normal -0.052531 -0.998619 0
    outer loop
      vertex 12 -18.2 0
      vertex 12.1882 -18.2099 1
      vertex 12 -18.2 1
    endloop
  endfacet
  facet normal -0.052531 -0.998619 -0
    outer loop
      vertex 12.1882 -18.2099 1
      vertex 12 -18.2 0
      vertex 12.1882 -18.2099 0
    endloop
  endfacet
  facet normal -0.544615 -0.838686 0
    outer loop
      vertex 12.9 -18.4412 0
      vertex 13.058 -18.5438 1
      vertex 12.9 -18.4412 1
    endloop
  endfacet
  facet normal -0.544615 -0.838686 -0
    outer loop
      vertex 13.058 -18.5438 1
      vertex 12.9 -18.4412 0
      vertex 13.058 -18.5438 0
    endloop
  endfacet
  facet normal -0.707107 -0.707107 7.17842e-18
    outer loop
      vertex 13.3377 -18.7956 0
      vertex 13.2044 -18.6623 1
      vertex 13.2044 -18.6623 0
    endloop
  endfacet
  facet normal -0.707107 -0.707107 7.17842e-18
    outer loop
      vertex 13.2044 -18.6623 1
      vertex 13.3377 -18.7956 0
      vertex 13.3377 -18.7956 1
    endloop
  endfacet
  facet normal -0.454204 0.890898 0
    outer loop
      vertex 12.9 -21.5588 0
      vertex 12.7321 -21.6444 1
      vertex 12.9 -21.5588 1
    endloop
  endfacet
  facet normal -0.454204 0.890898 0
    outer loop
      vertex 12.7321 -21.6444 1
      vertex 12.9 -21.5588 0
      vertex 12.7321 -21.6444 0
    endloop
  endfacet
  facet normal -0.777282 -0.629152 1.15697e-18
    outer loop
      vertex 13.4562 -18.942 0
      vertex 13.3377 -18.7956 1
      vertex 13.3377 -18.7956 0
    endloop
  endfacet
  facet normal -0.777282 -0.629152 1.15697e-18
    outer loop
      vertex 13.3377 -18.7956 1
      vertex 13.4562 -18.942 0
      vertex 13.4562 -18.942 1
    endloop
  endfacet
  facet normal 0.998619 -0.052531 4.36563e-19
    outer loop
      vertex 10.2 -20 1
      vertex 10.2099 -19.8118 0
      vertex 10.2099 -19.8118 1
    endloop
  endfacet
  facet normal 0.998619 -0.052531 4.36563e-19
    outer loop
      vertex 10.2099 -19.8118 0
      vertex 10.2 -20 1
      vertex 10.2 -20 0
    endloop
  endfacet
  facet normal 0.544615 -0.838686 0
    outer loop
      vertex 10.942 -18.5438 0
      vertex 11.1 -18.4412 1
      vertex 10.942 -18.5438 1
    endloop
  endfacet
  facet normal 0.544615 -0.838686 0
    outer loop
      vertex 11.1 -18.4412 1
      vertex 10.942 -18.5438 0
      vertex 11.1 -18.4412 0
    endloop
  endfacet
  facet normal -0.965882 0.258984 4.1409e-19
    outer loop
      vertex 13.7119 -20.5562 0
      vertex 13.7607 -20.3742 1
      vertex 13.7607 -20.3742 0
    endloop
  endfacet
  facet normal -0.965882 0.258984 4.1409e-19
    outer loop
      vertex 13.7607 -20.3742 1
      vertex 13.7119 -20.5562 0
      vertex 13.7119 -20.5562 1
    endloop
  endfacet
  facet normal -0.454204 -0.890898 0
    outer loop
      vertex 12.7321 -18.3556 0
      vertex 12.9 -18.4412 1
      vertex 12.7321 -18.3556 1
    endloop
  endfacet
  facet normal -0.454204 -0.890898 -0
    outer loop
      vertex 12.9 -18.4412 1
      vertex 12.7321 -18.3556 0
      vertex 12.9 -18.4412 0
    endloop
  endfacet
  facet normal -0.156126 0.987737 0
    outer loop
      vertex 12.3742 -21.7607 0
      vertex 12.1882 -21.7901 1
      vertex 12.3742 -21.7607 1
    endloop
  endfacet
  facet normal -0.156126 0.987737 0
    outer loop
      vertex 12.1882 -21.7901 1
      vertex 12.3742 -21.7607 0
      vertex 12.1882 -21.7901 0
    endloop
  endfacet
  facet normal 0.838686 -0.544615 5.11909e-18
    outer loop
      vertex 10.4412 -19.1 1
      vertex 10.5438 -18.942 0
      vertex 10.5438 -18.942 1
    endloop
  endfacet
  facet normal 0.838686 -0.544615 5.11909e-18
    outer loop
      vertex 10.5438 -18.942 0
      vertex 10.4412 -19.1 1
      vertex 10.4412 -19.1 0
    endloop
  endfacet
  facet normal 0.052531 -0.998619 0
    outer loop
      vertex 11.8118 -18.2099 0
      vertex 12 -18.2 1
      vertex 11.8118 -18.2099 1
    endloop
  endfacet
  facet normal 0.052531 -0.998619 0
    outer loop
      vertex 12 -18.2 1
      vertex 11.8118 -18.2099 0
      vertex 12 -18.2 0
    endloop
  endfacet
  facet normal 0.629152 -0.777282 0
    outer loop
      vertex 10.7956 -18.6623 0
      vertex 10.942 -18.5438 1
      vertex 10.7956 -18.6623 1
    endloop
  endfacet
  facet normal 0.629152 -0.777282 0
    outer loop
      vertex 10.942 -18.5438 1
      vertex 10.7956 -18.6623 0
      vertex 10.942 -18.5438 0
    endloop
  endfacet
  facet normal -0.258984 0.965882 0
    outer loop
      vertex 12.5562 -21.7119 0
      vertex 12.3742 -21.7607 1
      vertex 12.5562 -21.7119 1
    endloop
  endfacet
  facet normal -0.258984 0.965882 0
    outer loop
      vertex 12.3742 -21.7607 1
      vertex 12.5562 -21.7119 0
      vertex 12.3742 -21.7607 0
    endloop
  endfacet
  facet normal 0.629152 0.777282 -0
    outer loop
      vertex 10.942 -21.4562 0
      vertex 10.7956 -21.3377 1
      vertex 10.942 -21.4562 1
    endloop
  endfacet
  facet normal 0.629152 0.777282 0
    outer loop
      vertex 10.7956 -21.3377 1
      vertex 10.942 -21.4562 0
      vertex 10.7956 -21.3377 0
    endloop
  endfacet
  facet normal 0.838686 0.544615 -5.11909e-18
    outer loop
      vertex 10.5438 -21.058 1
      vertex 10.4412 -20.9 0
      vertex 10.4412 -20.9 1
    endloop
  endfacet
  facet normal 0.838686 0.544615 -5.11909e-18
    outer loop
      vertex 10.4412 -20.9 0
      vertex 10.5438 -21.058 1
      vertex 10.5438 -21.058 0
    endloop
  endfacet
  facet normal -0.838686 0.544615 5.11909e-18
    outer loop
      vertex 13.4562 -21.058 0
      vertex 13.5588 -20.9 1
      vertex 13.5588 -20.9 0
    endloop
  endfacet
  facet normal -0.838686 0.544615 5.11909e-18
    outer loop
      vertex 13.5588 -20.9 1
      vertex 13.4562 -21.058 0
      vertex 13.4562 -21.058 1
    endloop
  endfacet
  facet normal -0.707107 0.707107 -7.17842e-18
    outer loop
      vertex 13.2044 -21.3377 0
      vertex 13.3377 -21.2044 1
      vertex 13.3377 -21.2044 0
    endloop
  endfacet
  facet normal -0.707107 0.707107 -7.17842e-18
    outer loop
      vertex 13.3377 -21.2044 1
      vertex 13.2044 -21.3377 0
      vertex 13.2044 -21.3377 1
    endloop
  endfacet
  facet normal 0.358268 0.933619 -0
    outer loop
      vertex 11.4438 -21.7119 0
      vertex 11.2679 -21.6444 1
      vertex 11.4438 -21.7119 1
    endloop
  endfacet
  facet normal 0.358268 0.933619 0
    outer loop
      vertex 11.2679 -21.6444 1
      vertex 11.4438 -21.7119 0
      vertex 11.2679 -21.6444 0
    endloop
  endfacet
  facet normal -0.156126 -0.987737 0
    outer loop
      vertex 12.1882 -18.2099 0
      vertex 12.3742 -18.2393 1
      vertex 12.1882 -18.2099 1
    endloop
  endfacet
  facet normal -0.156126 -0.987737 -0
    outer loop
      vertex 12.3742 -18.2393 1
      vertex 12.1882 -18.2099 0
      vertex 12.3742 -18.2393 0
    endloop
  endfacet
  facet normal 0.933619 0.358268 -1.9658e-18
    outer loop
      vertex 10.3556 -20.7321 1
      vertex 10.2881 -20.5562 0
      vertex 10.2881 -20.5562 1
    endloop
  endfacet
  facet normal 0.933619 0.358268 -1.9658e-18
    outer loop
      vertex 10.2881 -20.5562 0
      vertex 10.3556 -20.7321 1
      vertex 10.3556 -20.7321 0
    endloop
  endfacet
  facet normal 0.544615 0.838686 -0
    outer loop
      vertex 11.1 -21.5588 0
      vertex 10.942 -21.4562 1
      vertex 11.1 -21.5588 1
    endloop
  endfacet
  facet normal 0.544615 0.838686 0
    outer loop
      vertex 10.942 -21.4562 1
      vertex 11.1 -21.5588 0
      vertex 10.942 -21.4562 0
    endloop
  endfacet
  facet normal -0.987737 0.156126 -8.78643e-19
    outer loop
      vertex 13.7607 -20.3742 0
      vertex 13.7901 -20.1882 1
      vertex 13.7901 -20.1882 0
    endloop
  endfacet
  facet normal -0.987737 0.156126 -8.78643e-19
    outer loop
      vertex 13.7901 -20.1882 1
      vertex 13.7607 -20.3742 0
      vertex 13.7607 -20.3742 1
    endloop
  endfacet
  facet normal 0.454204 -0.890898 0
    outer loop
      vertex 11.1 -18.4412 0
      vertex 11.2679 -18.3556 1
      vertex 11.1 -18.4412 1
    endloop
  endfacet
  facet normal 0.454204 -0.890898 0
    outer loop
      vertex 11.2679 -18.3556 1
      vertex 11.1 -18.4412 0
      vertex 11.2679 -18.3556 0
    endloop
  endfacet
  facet normal 0.454204 0.890898 -0
    outer loop
      vertex 11.2679 -21.6444 0
      vertex 11.1 -21.5588 1
      vertex 11.2679 -21.6444 1
    endloop
  endfacet
  facet normal 0.454204 0.890898 0
    outer loop
      vertex 11.1 -21.5588 1
      vertex 11.2679 -21.6444 0
      vertex 11.1 -21.5588 0
    endloop
  endfacet
  facet normal 0.156126 -0.987737 0
    outer loop
      vertex 11.6258 -18.2393 0
      vertex 11.8118 -18.2099 1
      vertex 11.6258 -18.2393 1
    endloop
  endfacet
  facet normal 0.156126 -0.987737 0
    outer loop
      vertex 11.8118 -18.2099 1
      vertex 11.6258 -18.2393 0
      vertex 11.8118 -18.2099 0
    endloop
  endfacet
  facet normal -0.052531 0.998619 0
    outer loop
      vertex 12.1882 -21.7901 0
      vertex 12 -21.8 1
      vertex 12.1882 -21.7901 1
    endloop
  endfacet
  facet normal -0.052531 0.998619 0
    outer loop
      vertex 12 -21.8 1
      vertex 12.1882 -21.7901 0
      vertex 12 -21.8 0
    endloop
  endfacet
  facet normal 0.707107 -0.707107 -7.17842e-18
    outer loop
      vertex 10.6623 -18.7956 1
      vertex 10.7956 -18.6623 0
      vertex 10.7956 -18.6623 1
    endloop
  endfacet
  facet normal 0.707107 -0.707107 -7.17842e-18
    outer loop
      vertex 10.7956 -18.6623 0
      vertex 10.6623 -18.7956 1
      vertex 10.6623 -18.7956 0
    endloop
  endfacet
  facet normal 0.998619 0.052531 -4.36563e-19
    outer loop
      vertex 10.2099 -20.1882 1
      vertex 10.2 -20 0
      vertex 10.2 -20 1
    endloop
  endfacet
  facet normal 0.998619 0.052531 -4.36563e-19
    outer loop
      vertex 10.2 -20 0
      vertex 10.2099 -20.1882 1
      vertex 10.2099 -20.1882 0
    endloop
  endfacet
  facet normal 0.965882 0.258984 -4.1409e-19
    outer loop
      vertex 10.2881 -20.5562 1
      vertex 10.2393 -20.3742 0
      vertex 10.2393 -20.3742 1
    endloop
  endfacet
  facet normal 0.965882 0.258984 -4.1409e-19
    outer loop
      vertex 10.2393 -20.3742 0
      vertex 10.2881 -20.5562 1
      vertex 10.2881 -20.5562 0
    endloop
  endfacet
  facet normal 0.777282 0.629152 1.15697e-18
    outer loop
      vertex 10.6623 -21.2044 1
      vertex 10.5438 -21.058 0
      vertex 10.5438 -21.058 1
    endloop
  endfacet
  facet normal 0.777282 0.629152 1.15697e-18
    outer loop
      vertex 10.5438 -21.058 0
      vertex 10.6623 -21.2044 1
      vertex 10.6623 -21.2044 0
    endloop
  endfacet
  facet normal 0.987737 -0.156126 -8.78643e-19
    outer loop
      vertex 10.2099 -19.8118 1
      vertex 10.2393 -19.6258 0
      vertex 10.2393 -19.6258 1
    endloop
  endfacet
  facet normal 0.987737 -0.156126 -8.78643e-19
    outer loop
      vertex 10.2393 -19.6258 0
      vertex 10.2099 -19.8118 1
      vertex 10.2099 -19.8118 0
    endloop
  endfacet
  facet normal 0.987737 0.156126 8.78643e-19
    outer loop
      vertex 10.2393 -20.3742 1
      vertex 10.2099 -20.1882 0
      vertex 10.2099 -20.1882 1
    endloop
  endfacet
  facet normal 0.987737 0.156126 8.78643e-19
    outer loop
      vertex 10.2099 -20.1882 0
      vertex 10.2393 -20.3742 1
      vertex 10.2393 -20.3742 0
    endloop
  endfacet
  facet normal 0.777282 -0.629152 -1.15697e-18
    outer loop
      vertex 10.5438 -18.942 1
      vertex 10.6623 -18.7956 0
      vertex 10.6623 -18.7956 1
    endloop
  endfacet
  facet normal 0.777282 -0.629152 -1.15697e-18
    outer loop
      vertex 10.6623 -18.7956 0
      vertex 10.5438 -18.942 1
      vertex 10.5438 -18.942 0
    endloop
  endfacet
  facet normal 0.933619 -0.358268 1.9658e-18
    outer loop
      vertex 10.2881 -19.4438 1
      vertex 10.3556 -19.2679 0
      vertex 10.3556 -19.2679 1
    endloop
  endfacet
  facet normal 0.933619 -0.358268 1.9658e-18
    outer loop
      vertex 10.3556 -19.2679 0
      vertex 10.2881 -19.4438 1
      vertex 10.2881 -19.4438 0
    endloop
  endfacet
  facet normal -0.866032 0.499989 0
    outer loop
      vertex 13.7898 -23 1
      vertex 15.5218 -20 3
      vertex 15.5218 -20 1
    endloop
  endfacet
  facet normal -0.866032 0.499989 0
    outer loop
      vertex 15.5218 -20 3
      vertex 13.7898 -23 1
      vertex 13.7898 -23 3
    endloop
  endfacet
  facet normal -0.866032 -0.499989 0
    outer loop
      vertex 15.5218 -20 1
      vertex 13.7898 -17 3
      vertex 13.7898 -17 1
    endloop
  endfacet
  facet normal -0.866032 -0.499989 0
    outer loop
      vertex 13.7898 -17 3
      vertex 15.5218 -20 1
      vertex 15.5218 -20 3
    endloop
  endfacet
  facet normal 0.866027 -0.499998 0
    outer loop
      vertex 8.47816 -20 3
      vertex 10.2102 -17 1
      vertex 10.2102 -17 3
    endloop
  endfacet
  facet normal 0.866027 -0.499998 0
    outer loop
      vertex 10.2102 -17 1
      vertex 8.47816 -20 3
      vertex 8.47816 -20 1
    endloop
  endfacet
  facet normal 0.866027 0.499998 0
    outer loop
      vertex 10.2102 -23 3
      vertex 8.47816 -20 1
      vertex 8.47816 -20 3
    endloop
  endfacet
  facet normal 0.866027 0.499998 0
    outer loop
      vertex 8.47816 -20 1
      vertex 10.2102 -23 3
      vertex 10.2102 -23 1
    endloop
  endfacet
  facet normal 0 0 1
    outer loop
      vertex 15.5218 -20 1
      vertex 13.7901 -19.8118 1
      vertex 13.8 -20 1
    endloop
  endfacet
  facet normal -0 0 1
    outer loop
      vertex 13.5588 -19.1 1
      vertex 15.5218 -20 1
      vertex 13.7898 -17 1
    endloop
  endfacet
  facet normal 0 0 1
    outer loop
      vertex 15.5218 -20 1
      vertex 13.7607 -19.6258 1
      vertex 13.7901 -19.8118 1
    endloop
  endfacet
  facet normal 0 0 1
    outer loop
      vertex 15.5218 -20 1
      vertex 13.7119 -19.4438 1
      vertex 13.7607 -19.6258 1
    endloop
  endfacet
  facet normal 0 0 1
    outer loop
      vertex 15.5218 -20 1
      vertex 13.6444 -19.2679 1
      vertex 13.7119 -19.4438 1
    endloop
  endfacet
  facet normal 0 0 1
    outer loop
      vertex 15.5218 -20 1
      vertex 13.5588 -19.1 1
      vertex 13.6444 -19.2679 1
    endloop
  endfacet
  facet normal 0 0 1
    outer loop
      vertex 13.7898 -17 1
      vertex 13.4562 -18.942 1
      vertex 13.5588 -19.1 1
    endloop
  endfacet
  facet normal 0 0 1
    outer loop
      vertex 13.7898 -17 1
      vertex 13.3377 -18.7956 1
      vertex 13.4562 -18.942 1
    endloop
  endfacet
  facet normal 0 0 1
    outer loop
      vertex 13.7898 -17 1
      vertex 13.2044 -18.6623 1
      vertex 13.3377 -18.7956 1
    endloop
  endfacet
  facet normal 0 0 1
    outer loop
      vertex 13.7898 -17 1
      vertex 13.058 -18.5438 1
      vertex 13.2044 -18.6623 1
    endloop
  endfacet
  facet normal 0 0 1
    outer loop
      vertex 13.7898 -17 1
      vertex 12.9 -18.4412 1
      vertex 13.058 -18.5438 1
    endloop
  endfacet
  facet normal 0 0 1
    outer loop
      vertex 13.7898 -17 1
      vertex 12.7321 -18.3556 1
      vertex 12.9 -18.4412 1
    endloop
  endfacet
  facet normal 0 0 1
    outer loop
      vertex 13.7898 -17 1
      vertex 12.5562 -18.2881 1
      vertex 12.7321 -18.3556 1
    endloop
  endfacet
  facet normal 0 0 1
    outer loop
      vertex 13.7898 -17 1
      vertex 12.3742 -18.2393 1
      vertex 12.5562 -18.2881 1
    endloop
  endfacet
  facet normal 0 0 1
    outer loop
      vertex 13.7898 -17 1
      vertex 12.1882 -18.2099 1
      vertex 12.3742 -18.2393 1
    endloop
  endfacet
  facet normal 0 0 1
    outer loop
      vertex 13.7898 -17 1
      vertex 12 -18.2 1
      vertex 12.1882 -18.2099 1
    endloop
  endfacet
  facet normal -0 0 1
    outer loop
      vertex 10.2102 -17 1
      vertex 12 -18.2 1
      vertex 13.7898 -17 1
    endloop
  endfacet
  facet normal 0 0 1
    outer loop
      vertex 12 -18.2 1
      vertex 10.2102 -17 1
      vertex 11.8118 -18.2099 1
    endloop
  endfacet
  facet normal 0 0 1
    outer loop
      vertex 11.8118 -18.2099 1
      vertex 10.2102 -17 1
      vertex 11.6258 -18.2393 1
    endloop
  endfacet
  facet normal 0 0 1
    outer loop
      vertex 11.6258 -18.2393 1
      vertex 10.2102 -17 1
      vertex 11.4438 -18.2881 1
    endloop
  endfacet
  facet normal 0 0 1
    outer loop
      vertex 11.4438 -18.2881 1
      vertex 10.2102 -17 1
      vertex 11.2679 -18.3556 1
    endloop
  endfacet
  facet normal 0 0 1
    outer loop
      vertex 11.2679 -18.3556 1
      vertex 10.2102 -17 1
      vertex 11.1 -18.4412 1
    endloop
  endfacet
  facet normal 0 0 1
    outer loop
      vertex 10.2102 -17 1
      vertex 10.942 -18.5438 1
      vertex 11.1 -18.4412 1
    endloop
  endfacet
  facet normal 0 0 1
    outer loop
      vertex 10.2102 -17 1
      vertex 10.7956 -18.6623 1
      vertex 10.942 -18.5438 1
    endloop
  endfacet
  facet normal 0 0 1
    outer loop
      vertex 10.2102 -17 1
      vertex 10.6623 -18.7956 1
      vertex 10.7956 -18.6623 1
    endloop
  endfacet
  facet normal 0 0 1
    outer loop
      vertex 10.2102 -17 1
      vertex 10.5438 -18.942 1
      vertex 10.6623 -18.7956 1
    endloop
  endfacet
  facet normal 0 0 1
    outer loop
      vertex 10.2102 -17 1
      vertex 10.4412 -19.1 1
      vertex 10.5438 -18.942 1
    endloop
  endfacet
  facet normal 0 0 1
    outer loop
      vertex 8.47816 -20 1
      vertex 10.4412 -19.1 1
      vertex 10.2102 -17 1
    endloop
  endfacet
  facet normal 0 0 1
    outer loop
      vertex 10.4412 -19.1 1
      vertex 8.47816 -20 1
      vertex 10.3556 -19.2679 1
    endloop
  endfacet
  facet normal 0 0 1
    outer loop
      vertex 10.3556 -19.2679 1
      vertex 8.47816 -20 1
      vertex 10.2881 -19.4438 1
    endloop
  endfacet
  facet normal 0 0 1
    outer loop
      vertex 10.2881 -19.4438 1
      vertex 8.47816 -20 1
      vertex 10.2393 -19.6258 1
    endloop
  endfacet
  facet normal 0 0 1
    outer loop
      vertex 10.2393 -19.6258 1
      vertex 8.47816 -20 1
      vertex 10.2099 -19.8118 1
    endloop
  endfacet
  facet normal 0 0 1
    outer loop
      vertex 10.2099 -19.8118 1
      vertex 8.47816 -20 1
      vertex 10.2 -20 1
    endloop
  endfacet
  facet normal 0 0 1
    outer loop
      vertex 13.7901 -20.1882 1
      vertex 15.5218 -20 1
      vertex 13.8 -20 1
    endloop
  endfacet
  facet normal 0 0 1
    outer loop
      vertex 13.7607 -20.3742 1
      vertex 15.5218 -20 1
      vertex 13.7901 -20.1882 1
    endloop
  endfacet
  facet normal 0 0 1
    outer loop
      vertex 13.7119 -20.5562 1
      vertex 15.5218 -20 1
      vertex 13.7607 -20.3742 1
    endloop
  endfacet
  facet normal 0 0 1
    outer loop
      vertex 13.6444 -20.7321 1
      vertex 15.5218 -20 1
      vertex 13.7119 -20.5562 1
    endloop
  endfacet
  facet normal 0 0 1
    outer loop
      vertex 13.5588 -20.9 1
      vertex 15.5218 -20 1
      vertex 13.6444 -20.7321 1
    endloop
  endfacet
  facet normal 0 0 1
    outer loop
      vertex 15.5218 -20 1
      vertex 13.5588 -20.9 1
      vertex 13.7898 -23 1
    endloop
  endfacet
  facet normal -0 0 1
    outer loop
      vertex 13.4562 -21.058 1
      vertex 13.7898 -23 1
      vertex 13.5588 -20.9 1
    endloop
  endfacet
  facet normal -0 0 1
    outer loop
      vertex 13.3377 -21.2044 1
      vertex 13.7898 -23 1
      vertex 13.4562 -21.058 1
    endloop
  endfacet
  facet normal -0 0 1
    outer loop
      vertex 13.2044 -21.3377 1
      vertex 13.7898 -23 1
      vertex 13.3377 -21.2044 1
    endloop
  endfacet
  facet normal -0 0 1
    outer loop
      vertex 13.058 -21.4562 1
      vertex 13.7898 -23 1
      vertex 13.2044 -21.3377 1
    endloop
  endfacet
  facet normal -0 0 1
    outer loop
      vertex 12.9 -21.5588 1
      vertex 13.7898 -23 1
      vertex 13.058 -21.4562 1
    endloop
  endfacet
  facet normal -0 0 1
    outer loop
      vertex 12.7321 -21.6444 1
      vertex 13.7898 -23 1
      vertex 12.9 -21.5588 1
    endloop
  endfacet
  facet normal -0 0 1
    outer loop
      vertex 12.5562 -21.7119 1
      vertex 13.7898 -23 1
      vertex 12.7321 -21.6444 1
    endloop
  endfacet
  facet normal -0 0 1
    outer loop
      vertex 12.3742 -21.7607 1
      vertex 13.7898 -23 1
      vertex 12.5562 -21.7119 1
    endloop
  endfacet
  facet normal -0 0 1
    outer loop
      vertex 12.1882 -21.7901 1
      vertex 13.7898 -23 1
      vertex 12.3742 -21.7607 1
    endloop
  endfacet
  facet normal -0 0 1
    outer loop
      vertex 12 -21.8 1
      vertex 13.7898 -23 1
      vertex 12.1882 -21.7901 1
    endloop
  endfacet
  facet normal 0 0 1
    outer loop
      vertex 10.2102 -23 1
      vertex 12 -21.8 1
      vertex 11.8118 -21.7901 1
    endloop
  endfacet
  facet normal 0 0 1
    outer loop
      vertex 10.2102 -23 1
      vertex 11.8118 -21.7901 1
      vertex 11.6258 -21.7607 1
    endloop
  endfacet
  facet normal 0 0 1
    outer loop
      vertex 10.2102 -23 1
      vertex 11.6258 -21.7607 1
      vertex 11.4438 -21.7119 1
    endloop
  endfacet
  facet normal 0 0 1
    outer loop
      vertex 10.2102 -23 1
      vertex 11.4438 -21.7119 1
      vertex 11.2679 -21.6444 1
    endloop
  endfacet
  facet normal 0 0 1
    outer loop
      vertex 10.2102 -23 1
      vertex 11.2679 -21.6444 1
      vertex 11.1 -21.5588 1
    endloop
  endfacet
  facet normal 0 0 1
    outer loop
      vertex 12 -21.8 1
      vertex 10.2102 -23 1
      vertex 13.7898 -23 1
    endloop
  endfacet
  facet normal 0 0 1
    outer loop
      vertex 10.942 -21.4562 1
      vertex 10.2102 -23 1
      vertex 11.1 -21.5588 1
    endloop
  endfacet
  facet normal 0 0 1
    outer loop
      vertex 10.7956 -21.3377 1
      vertex 10.2102 -23 1
      vertex 10.942 -21.4562 1
    endloop
  endfacet
  facet normal 0 0 1
    outer loop
      vertex 10.6623 -21.2044 1
      vertex 10.2102 -23 1
      vertex 10.7956 -21.3377 1
    endloop
  endfacet
  facet normal 0 0 1
    outer loop
      vertex 10.5438 -21.058 1
      vertex 10.2102 -23 1
      vertex 10.6623 -21.2044 1
    endloop
  endfacet
  facet normal 0 0 1
    outer loop
      vertex 10.4412 -20.9 1
      vertex 10.2102 -23 1
      vertex 10.5438 -21.058 1
    endloop
  endfacet
  facet normal 0 0 1
    outer loop
      vertex 8.47816 -20 1
      vertex 10.4412 -20.9 1
      vertex 10.3556 -20.7321 1
    endloop
  endfacet
  facet normal 0 0 1
    outer loop
      vertex 8.47816 -20 1
      vertex 10.3556 -20.7321 1
      vertex 10.2881 -20.5562 1
    endloop
  endfacet
  facet normal 0 0 1
    outer loop
      vertex 8.47816 -20 1
      vertex 10.2881 -20.5562 1
      vertex 10.2393 -20.3742 1
    endloop
  endfacet
  facet normal 0 0 1
    outer loop
      vertex 8.47816 -20 1
      vertex 10.2393 -20.3742 1
      vertex 10.2099 -20.1882 1
    endloop
  endfacet
  facet normal -0 0 1
    outer loop
      vertex 8.47816 -20 1
      vertex 10.2099 -20.1882 1
      vertex 10.2 -20 1
    endloop
  endfacet
  facet normal 0 0 1
    outer loop
      vertex 10.4412 -20.9 1
      vertex 8.47816 -20 1
      vertex 10.2102 -23 1
    endloop
  endfacet
  facet normal -0.987737 -0.156126 8.78643e-19
    outer loop
      vertex -10.2099 20.1882 0
      vertex -10.2393 20.3742 1
      vertex -10.2393 20.3742 0
    endloop
  endfacet
  facet normal -0.987737 -0.156126 8.78643e-19
    outer loop
      vertex -10.2393 20.3742 1
      vertex -10.2099 20.1882 0
      vertex -10.2099 20.1882 1
    endloop
  endfacet
  facet normal -0.998619 -0.052531 -4.36563e-19
    outer loop
      vertex -10.2 20 0
      vertex -10.2099 20.1882 1
      vertex -10.2099 20.1882 0
    endloop
  endfacet
  facet normal -0.998619 -0.052531 -4.36563e-19
    outer loop
      vertex -10.2099 20.1882 1
      vertex -10.2 20 0
      vertex -10.2 20 1
    endloop
  endfacet
  facet normal -0.965882 -0.258984 -4.1409e-19
    outer loop
      vertex -10.2393 20.3742 0
      vertex -10.2881 20.5562 1
      vertex -10.2881 20.5562 0
    endloop
  endfacet
  facet normal -0.965882 -0.258984 -4.1409e-19
    outer loop
      vertex -10.2881 20.5562 1
      vertex -10.2393 20.3742 0
      vertex -10.2393 20.3742 1
    endloop
  endfacet
  facet normal 0.890898 0.454204 -3.77784e-18
    outer loop
      vertex -13.5588 19.1 1
      vertex -13.6444 19.2679 0
      vertex -13.6444 19.2679 1
    endloop
  endfacet
  facet normal 0.890898 0.454204 -3.77784e-18
    outer loop
      vertex -13.6444 19.2679 0
      vertex -13.5588 19.1 1
      vertex -13.5588 19.1 0
    endloop
  endfacet
  facet normal 0.933619 0.358268 -1.9658e-18
    outer loop
      vertex -13.6444 19.2679 1
      vertex -13.7119 19.4438 0
      vertex -13.7119 19.4438 1
    endloop
  endfacet
  facet normal 0.933619 0.358268 -1.9658e-18
    outer loop
      vertex -13.7119 19.4438 0
      vertex -13.6444 19.2679 1
      vertex -13.6444 19.2679 0
    endloop
  endfacet
  facet normal -0.454204 -0.890898 0
    outer loop
      vertex -11.2679 21.6444 0
      vertex -11.1 21.5588 1
      vertex -11.2679 21.6444 1
    endloop
  endfacet
  facet normal -0.454204 -0.890898 -0
    outer loop
      vertex -11.1 21.5588 1
      vertex -11.2679 21.6444 0
      vertex -11.1 21.5588 0
    endloop
  endfacet
  facet normal -0.052531 0.998619 0
    outer loop
      vertex -11.8118 18.2099 0
      vertex -12 18.2 1
      vertex -11.8118 18.2099 1
    endloop
  endfacet
  facet normal -0.052531 0.998619 0
    outer loop
      vertex -12 18.2 1
      vertex -11.8118 18.2099 0
      vertex -12 18.2 0
    endloop
  endfacet
  facet normal -0.358268 0.933619 0
    outer loop
      vertex -11.2679 18.3556 0
      vertex -11.4438 18.2881 1
      vertex -11.2679 18.3556 1
    endloop
  endfacet
  facet normal -0.358268 0.933619 0
    outer loop
      vertex -11.4438 18.2881 1
      vertex -11.2679 18.3556 0
      vertex -11.4438 18.2881 0
    endloop
  endfacet
  facet normal 0.777282 0.629152 1.15697e-18
    outer loop
      vertex -13.3377 18.7956 1
      vertex -13.4562 18.942 0
      vertex -13.4562 18.942 1
    endloop
  endfacet
  facet normal 0.777282 0.629152 1.15697e-18
    outer loop
      vertex -13.4562 18.942 0
      vertex -13.3377 18.7956 1
      vertex -13.3377 18.7956 0
    endloop
  endfacet
  facet normal 0.890898 -0.454204 3.77784e-18
    outer loop
      vertex -13.6444 20.7321 1
      vertex -13.5588 20.9 0
      vertex -13.5588 20.9 1
    endloop
  endfacet
  facet normal 0.890898 -0.454204 3.77784e-18
    outer loop
      vertex -13.5588 20.9 0
      vertex -13.6444 20.7321 1
      vertex -13.6444 20.7321 0
    endloop
  endfacet
  facet normal -0.777282 -0.629152 1.15697e-18
    outer loop
      vertex -10.5438 21.058 0
      vertex -10.6623 21.2044 1
      vertex -10.6623 21.2044 0
    endloop
  endfacet
  facet normal -0.777282 -0.629152 1.15697e-18
    outer loop
      vertex -10.6623 21.2044 1
      vertex -10.5438 21.058 0
      vertex -10.5438 21.058 1
    endloop
  endfacet
  facet normal -0.838686 0.544615 5.11909e-18
    outer loop
      vertex -10.5438 18.942 0
      vertex -10.4412 19.1 1
      vertex -10.4412 19.1 0
    endloop
  endfacet
  facet normal -0.838686 0.544615 5.11909e-18
    outer loop
      vertex -10.4412 19.1 1
      vertex -10.5438 18.942 0
      vertex -10.5438 18.942 1
    endloop
  endfacet
  facet normal 0.965882 0.258984 -4.1409e-19
    outer loop
      vertex -13.7119 19.4438 1
      vertex -13.7607 19.6258 0
      vertex -13.7607 19.6258 1
    endloop
  endfacet
  facet normal 0.965882 0.258984 -4.1409e-19
    outer loop
      vertex -13.7607 19.6258 0
      vertex -13.7119 19.4438 1
      vertex -13.7119 19.4438 0
    endloop
  endfacet
  facet normal 0.987737 -0.156126 -8.78643e-19
    outer loop
      vertex -13.7901 20.1882 1
      vertex -13.7607 20.3742 0
      vertex -13.7607 20.3742 1
    endloop
  endfacet
  facet normal 0.987737 -0.156126 -8.78643e-19
    outer loop
      vertex -13.7607 20.3742 0
      vertex -13.7901 20.1882 1
      vertex -13.7901 20.1882 0
    endloop
  endfacet
  facet normal -0.707107 -0.707107 7.17842e-18
    outer loop
      vertex -10.6623 21.2044 0
      vertex -10.7956 21.3377 1
      vertex -10.7956 21.3377 0
    endloop
  endfacet
  facet normal -0.707107 -0.707107 7.17842e-18
    outer loop
      vertex -10.7956 21.3377 1
      vertex -10.6623 21.2044 0
      vertex -10.6623 21.2044 1
    endloop
  endfacet
  facet normal -0.544615 0.838686 0
    outer loop
      vertex -10.942 18.5438 0
      vertex -11.1 18.4412 1
      vertex -10.942 18.5438 1
    endloop
  endfacet
  facet normal -0.544615 0.838686 0
    outer loop
      vertex -11.1 18.4412 1
      vertex -10.942 18.5438 0
      vertex -11.1 18.4412 0
    endloop
  endfacet
  facet normal 0.838686 -0.544615 5.11909e-18
    outer loop
      vertex -13.5588 20.9 1
      vertex -13.4562 21.058 0
      vertex -13.4562 21.058 1
    endloop
  endfacet
  facet normal 0.838686 -0.544615 5.11909e-18
    outer loop
      vertex -13.4562 21.058 0
      vertex -13.5588 20.9 1
      vertex -13.5588 20.9 0
    endloop
  endfacet
  facet normal 0.258984 -0.965882 0
    outer loop
      vertex -12.5562 21.7119 0
      vertex -12.3742 21.7607 1
      vertex -12.5562 21.7119 1
    endloop
  endfacet
  facet normal 0.258984 -0.965882 0
    outer loop
      vertex -12.3742 21.7607 1
      vertex -12.5562 21.7119 0
      vertex -12.3742 21.7607 0
    endloop
  endfacet
  facet normal -0.998619 0.052531 4.36563e-19
    outer loop
      vertex -10.2099 19.8118 0
      vertex -10.2 20 1
      vertex -10.2 20 0
    endloop
  endfacet
  facet normal -0.998619 0.052531 4.36563e-19
    outer loop
      vertex -10.2 20 1
      vertex -10.2099 19.8118 0
      vertex -10.2099 19.8118 1
    endloop
  endfacet
  facet normal -0.544615 -0.838686 0
    outer loop
      vertex -11.1 21.5588 0
      vertex -10.942 21.4562 1
      vertex -11.1 21.5588 1
    endloop
  endfacet
  facet normal -0.544615 -0.838686 -0
    outer loop
      vertex -10.942 21.4562 1
      vertex -11.1 21.5588 0
      vertex -10.942 21.4562 0
    endloop
  endfacet
  facet normal 0.358268 -0.933619 0
    outer loop
      vertex -12.7321 21.6444 0
      vertex -12.5562 21.7119 1
      vertex -12.7321 21.6444 1
    endloop
  endfacet
  facet normal 0.358268 -0.933619 0
    outer loop
      vertex -12.5562 21.7119 1
      vertex -12.7321 21.6444 0
      vertex -12.5562 21.7119 0
    endloop
  endfacet
  facet normal -0.454204 0.890898 0
    outer loop
      vertex -11.1 18.4412 0
      vertex -11.2679 18.3556 1
      vertex -11.1 18.4412 1
    endloop
  endfacet
  facet normal -0.454204 0.890898 0
    outer loop
      vertex -11.2679 18.3556 1
      vertex -11.1 18.4412 0
      vertex -11.2679 18.3556 0
    endloop
  endfacet
  facet normal 0.052531 -0.998619 0
    outer loop
      vertex -12.1882 21.7901 0
      vertex -12 21.8 1
      vertex -12.1882 21.7901 1
    endloop
  endfacet
  facet normal 0.052531 -0.998619 0
    outer loop
      vertex -12 21.8 1
      vertex -12.1882 21.7901 0
      vertex -12 21.8 0
    endloop
  endfacet
  facet normal -0.156126 0.987737 0
    outer loop
      vertex -11.6258 18.2393 0
      vertex -11.8118 18.2099 1
      vertex -11.6258 18.2393 1
    endloop
  endfacet
  facet normal -0.156126 0.987737 0
    outer loop
      vertex -11.8118 18.2099 1
      vertex -11.6258 18.2393 0
      vertex -11.8118 18.2099 0
    endloop
  endfacet
  facet normal 0.707107 -0.707107 -7.17842e-18
    outer loop
      vertex -13.3377 21.2044 1
      vertex -13.2044 21.3377 0
      vertex -13.2044 21.3377 1
    endloop
  endfacet
  facet normal 0.707107 -0.707107 -7.17842e-18
    outer loop
      vertex -13.2044 21.3377 0
      vertex -13.3377 21.2044 1
      vertex -13.3377 21.2044 0
    endloop
  endfacet
  facet normal 0.544615 -0.838686 0
    outer loop
      vertex -13.058 21.4562 0
      vertex -12.9 21.5588 1
      vertex -13.058 21.4562 1
    endloop
  endfacet
  facet normal 0.544615 -0.838686 0
    outer loop
      vertex -12.9 21.5588 1
      vertex -13.058 21.4562 0
      vertex -12.9 21.5588 0
    endloop
  endfacet
  facet normal -0.890898 -0.454204 -3.77784e-18
    outer loop
      vertex -10.3556 20.7321 0
      vertex -10.4412 20.9 1
      vertex -10.4412 20.9 0
    endloop
  endfacet
  facet normal -0.890898 -0.454204 -3.77784e-18
    outer loop
      vertex -10.4412 20.9 1
      vertex -10.3556 20.7321 0
      vertex -10.3556 20.7321 1
    endloop
  endfacet
  facet normal -0.965882 0.258984 4.1409e-19
    outer loop
      vertex -10.2881 19.4438 0
      vertex -10.2393 19.6258 1
      vertex -10.2393 19.6258 0
    endloop
  endfacet
  facet normal -0.965882 0.258984 4.1409e-19
    outer loop
      vertex -10.2393 19.6258 1
      vertex -10.2881 19.4438 0
      vertex -10.2881 19.4438 1
    endloop
  endfacet
  facet normal 0.454204 0.890898 -0
    outer loop
      vertex -12.7321 18.3556 0
      vertex -12.9 18.4412 1
      vertex -12.7321 18.3556 1
    endloop
  endfacet
  facet normal 0.454204 0.890898 0
    outer loop
      vertex -12.9 18.4412 1
      vertex -12.7321 18.3556 0
      vertex -12.9 18.4412 0
    endloop
  endfacet
  facet normal -0.890898 0.454204 3.77784e-18
    outer loop
      vertex -10.4412 19.1 0
      vertex -10.3556 19.2679 1
      vertex -10.3556 19.2679 0
    endloop
  endfacet
  facet normal -0.890898 0.454204 3.77784e-18
    outer loop
      vertex -10.3556 19.2679 1
      vertex -10.4412 19.1 0
      vertex -10.4412 19.1 1
    endloop
  endfacet
  facet normal 0.838686 0.544615 -5.11909e-18
    outer loop
      vertex -13.4562 18.942 1
      vertex -13.5588 19.1 0
      vertex -13.5588 19.1 1
    endloop
  endfacet
  facet normal 0.838686 0.544615 -5.11909e-18
    outer loop
      vertex -13.5588 19.1 0
      vertex -13.4562 18.942 1
      vertex -13.4562 18.942 0
    endloop
  endfacet
  facet normal 0.358268 0.933619 -0
    outer loop
      vertex -12.5562 18.2881 0
      vertex -12.7321 18.3556 1
      vertex -12.5562 18.2881 1
    endloop
  endfacet
  facet normal 0.358268 0.933619 0
    outer loop
      vertex -12.7321 18.3556 1
      vertex -12.5562 18.2881 0
      vertex -12.7321 18.3556 0
    endloop
  endfacet
  facet normal -0.933619 -0.358268 -1.9658e-18
    outer loop
      vertex -10.2881 20.5562 0
      vertex -10.3556 20.7321 1
      vertex -10.3556 20.7321 0
    endloop
  endfacet
  facet normal -0.933619 -0.358268 -1.9658e-18
    outer loop
      vertex -10.3556 20.7321 1
      vertex -10.2881 20.5562 0
      vertex -10.2881 20.5562 1
    endloop
  endfacet
  facet normal -0.358268 -0.933619 0
    outer loop
      vertex -11.4438 21.7119 0
      vertex -11.2679 21.6444 1
      vertex -11.4438 21.7119 1
    endloop
  endfacet
  facet normal -0.358268 -0.933619 -0
    outer loop
      vertex -11.2679 21.6444 1
      vertex -11.4438 21.7119 0
      vertex -11.2679 21.6444 0
    endloop
  endfacet
  facet normal -0.258984 0.965882 0
    outer loop
      vertex -11.4438 18.2881 0
      vertex -11.6258 18.2393 1
      vertex -11.4438 18.2881 1
    endloop
  endfacet
  facet normal -0.258984 0.965882 0
    outer loop
      vertex -11.6258 18.2393 1
      vertex -11.4438 18.2881 0
      vertex -11.6258 18.2393 0
    endloop
  endfacet
  facet normal -0.987737 0.156126 -8.78643e-19
    outer loop
      vertex -10.2393 19.6258 0
      vertex -10.2099 19.8118 1
      vertex -10.2099 19.8118 0
    endloop
  endfacet
  facet normal -0.987737 0.156126 -8.78643e-19
    outer loop
      vertex -10.2099 19.8118 1
      vertex -10.2393 19.6258 0
      vertex -10.2393 19.6258 1
    endloop
  endfacet
  facet normal -0.258984 -0.965882 0
    outer loop
      vertex -11.6258 21.7607 0
      vertex -11.4438 21.7119 1
      vertex -11.6258 21.7607 1
    endloop
  endfacet
  facet normal -0.258984 -0.965882 -0
    outer loop
      vertex -11.4438 21.7119 1
      vertex -11.6258 21.7607 0
      vertex -11.4438 21.7119 0
    endloop
  endfacet
  facet normal 0.933619 -0.358268 1.9658e-18
    outer loop
      vertex -13.7119 20.5562 1
      vertex -13.6444 20.7321 0
      vertex -13.6444 20.7321 1
    endloop
  endfacet
  facet normal 0.933619 -0.358268 1.9658e-18
    outer loop
      vertex -13.6444 20.7321 0
      vertex -13.7119 20.5562 1
      vertex -13.7119 20.5562 0
    endloop
  endfacet
  facet normal -0.933619 0.358268 1.9658e-18
    outer loop
      vertex -10.3556 19.2679 0
      vertex -10.2881 19.4438 1
      vertex -10.2881 19.4438 0
    endloop
  endfacet
  facet normal -0.933619 0.358268 1.9658e-18
    outer loop
      vertex -10.2881 19.4438 1
      vertex -10.3556 19.2679 0
      vertex -10.3556 19.2679 1
    endloop
  endfacet
  facet normal -0.838686 -0.544615 -5.11909e-18
    outer loop
      vertex -10.4412 20.9 0
      vertex -10.5438 21.058 1
      vertex -10.5438 21.058 0
    endloop
  endfacet
  facet normal -0.838686 -0.544615 -5.11909e-18
    outer loop
      vertex -10.5438 21.058 1
      vertex -10.4412 20.9 0
      vertex -10.4412 20.9 1
    endloop
  endfacet
  facet normal 0.777282 -0.629152 -1.15697e-18
    outer loop
      vertex -13.4562 21.058 1
      vertex -13.3377 21.2044 0
      vertex -13.3377 21.2044 1
    endloop
  endfacet
  facet normal 0.777282 -0.629152 -1.15697e-18
    outer loop
      vertex -13.3377 21.2044 0
      vertex -13.4562 21.058 1
      vertex -13.4562 21.058 0
    endloop
  endfacet
  facet normal -0.629152 -0.777282 0
    outer loop
      vertex -10.942 21.4562 0
      vertex -10.7956 21.3377 1
      vertex -10.942 21.4562 1
    endloop
  endfacet
  facet normal -0.629152 -0.777282 -0
    outer loop
      vertex -10.7956 21.3377 1
      vertex -10.942 21.4562 0
      vertex -10.7956 21.3377 0
    endloop
  endfacet
  facet normal 0.454204 -0.890898 0
    outer loop
      vertex -12.9 21.5588 0
      vertex -12.7321 21.6444 1
      vertex -12.9 21.5588 1
    endloop
  endfacet
  facet normal 0.454204 -0.890898 0
    outer loop
      vertex -12.7321 21.6444 1
      vertex -12.9 21.5588 0
      vertex -12.7321 21.6444 0
    endloop
  endfacet
  facet normal 0.156126 0.987737 -0
    outer loop
      vertex -12.1882 18.2099 0
      vertex -12.3742 18.2393 1
      vertex -12.1882 18.2099 1
    endloop
  endfacet
  facet normal 0.156126 0.987737 0
    outer loop
      vertex -12.3742 18.2393 1
      vertex -12.1882 18.2099 0
      vertex -12.3742 18.2393 0
    endloop
  endfacet
  facet normal 0.156126 -0.987737 0
    outer loop
      vertex -12.3742 21.7607 0
      vertex -12.1882 21.7901 1
      vertex -12.3742 21.7607 1
    endloop
  endfacet
  facet normal 0.156126 -0.987737 0
    outer loop
      vertex -12.1882 21.7901 1
      vertex -12.3742 21.7607 0
      vertex -12.1882 21.7901 0
    endloop
  endfacet
  facet normal 0.707107 0.707107 7.17842e-18
    outer loop
      vertex -13.2044 18.6623 1
      vertex -13.3377 18.7956 0
      vertex -13.3377 18.7956 1
    endloop
  endfacet
  facet normal 0.707107 0.707107 7.17842e-18
    outer loop
      vertex -13.3377 18.7956 0
      vertex -13.2044 18.6623 1
      vertex -13.2044 18.6623 0
    endloop
  endfacet
  facet normal -0.052531 -0.998619 0
    outer loop
      vertex -12 21.8 0
      vertex -11.8118 21.7901 1
      vertex -12 21.8 1
    endloop
  endfacet
  facet normal -0.052531 -0.998619 -0
    outer loop
      vertex -11.8118 21.7901 1
      vertex -12 21.8 0
      vertex -11.8118 21.7901 0
    endloop
  endfacet
  facet normal 0.629152 0.777282 -0
    outer loop
      vertex -13.058 18.5438 0
      vertex -13.2044 18.6623 1
      vertex -13.058 18.5438 1
    endloop
  endfacet
  facet normal 0.629152 0.777282 0
    outer loop
      vertex -13.2044 18.6623 1
      vertex -13.058 18.5438 0
      vertex -13.2044 18.6623 0
    endloop
  endfacet
  facet normal 0.987737 0.156126 8.78643e-19
    outer loop
      vertex -13.7607 19.6258 1
      vertex -13.7901 19.8118 0
      vertex -13.7901 19.8118 1
    endloop
  endfacet
  facet normal 0.987737 0.156126 8.78643e-19
    outer loop
      vertex -13.7901 19.8118 0
      vertex -13.7607 19.6258 1
      vertex -13.7607 19.6258 0
    endloop
  endfacet
  facet normal 0.629152 -0.777282 0
    outer loop
      vertex -13.2044 21.3377 0
      vertex -13.058 21.4562 1
      vertex -13.2044 21.3377 1
    endloop
  endfacet
  facet normal 0.629152 -0.777282 0
    outer loop
      vertex -13.058 21.4562 1
      vertex -13.2044 21.3377 0
      vertex -13.058 21.4562 0
    endloop
  endfacet
  facet normal 0.544615 0.838686 -0
    outer loop
      vertex -12.9 18.4412 0
      vertex -13.058 18.5438 1
      vertex -12.9 18.4412 1
    endloop
  endfacet
  facet normal 0.544615 0.838686 0
    outer loop
      vertex -13.058 18.5438 1
      vertex -12.9 18.4412 0
      vertex -13.058 18.5438 0
    endloop
  endfacet
  facet normal 0.258984 0.965882 -0
    outer loop
      vertex -12.3742 18.2393 0
      vertex -12.5562 18.2881 1
      vertex -12.3742 18.2393 1
    endloop
  endfacet
  facet normal 0.258984 0.965882 0
    outer loop
      vertex -12.5562 18.2881 1
      vertex -12.3742 18.2393 0
      vertex -12.5562 18.2881 0
    endloop
  endfacet
  facet normal -0.629152 0.777282 0
    outer loop
      vertex -10.7956 18.6623 0
      vertex -10.942 18.5438 1
      vertex -10.7956 18.6623 1
    endloop
  endfacet
  facet normal -0.629152 0.777282 0
    outer loop
      vertex -10.942 18.5438 1
      vertex -10.7956 18.6623 0
      vertex -10.942 18.5438 0
    endloop
  endfacet
  facet normal -0.156126 -0.987737 0
    outer loop
      vertex -11.8118 21.7901 0
      vertex -11.6258 21.7607 1
      vertex -11.8118 21.7901 1
    endloop
  endfacet
  facet normal -0.156126 -0.987737 -0
    outer loop
      vertex -11.6258 21.7607 1
      vertex -11.8118 21.7901 0
      vertex -11.6258 21.7607 0
    endloop
  endfacet
  facet normal 0.965882 -0.258984 4.1409e-19
    outer loop
      vertex -13.7607 20.3742 1
      vertex -13.7119 20.5562 0
      vertex -13.7119 20.5562 1
    endloop
  endfacet
  facet normal 0.965882 -0.258984 4.1409e-19
    outer loop
      vertex -13.7119 20.5562 0
      vertex -13.7607 20.3742 1
      vertex -13.7607 20.3742 0
    endloop
  endfacet
  facet normal 0.998619 -0.052531 4.36563e-19
    outer loop
      vertex -13.8 20 1
      vertex -13.7901 20.1882 0
      vertex -13.7901 20.1882 1
    endloop
  endfacet
  facet normal 0.998619 -0.052531 4.36563e-19
    outer loop
      vertex -13.7901 20.1882 0
      vertex -13.8 20 1
      vertex -13.8 20 0
    endloop
  endfacet
  facet normal 0.998619 0.052531 -4.36563e-19
    outer loop
      vertex -13.7901 19.8118 1
      vertex -13.8 20 0
      vertex -13.8 20 1
    endloop
  endfacet
  facet normal 0.998619 0.052531 -4.36563e-19
    outer loop
      vertex -13.8 20 0
      vertex -13.7901 19.8118 1
      vertex -13.7901 19.8118 0
    endloop
  endfacet
  facet normal 0.052531 0.998619 -0
    outer loop
      vertex -12 18.2 0
      vertex -12.1882 18.2099 1
      vertex -12 18.2 1
    endloop
  endfacet
  facet normal 0.052531 0.998619 0
    outer loop
      vertex -12.1882 18.2099 1
      vertex -12 18.2 0
      vertex -12.1882 18.2099 0
    endloop
  endfacet
  facet normal -0.777282 0.629152 -1.15697e-18
    outer loop
      vertex -10.6623 18.7956 0
      vertex -10.5438 18.942 1
      vertex -10.5438 18.942 0
    endloop
  endfacet
  facet normal -0.777282 0.629152 -1.15697e-18
    outer loop
      vertex -10.5438 18.942 1
      vertex -10.6623 18.7956 0
      vertex -10.6623 18.7956 1
    endloop
  endfacet
  facet normal -0.707107 0.707107 -7.17842e-18
    outer loop
      vertex -10.7956 18.6623 0
      vertex -10.6623 18.7956 1
      vertex -10.6623 18.7956 0
    endloop
  endfacet
  facet normal -0.707107 0.707107 -7.17842e-18
    outer loop
      vertex -10.6623 18.7956 1
      vertex -10.7956 18.6623 0
      vertex -10.7956 18.6623 1
    endloop
  endfacet
  facet normal -0.866027 -0.499998 0
    outer loop
      vertex -8.47816 20 1
      vertex -10.2102 23 3
      vertex -10.2102 23 1
    endloop
  endfacet
  facet normal -0.866027 -0.499998 0
    outer loop
      vertex -10.2102 23 3
      vertex -8.47816 20 1
      vertex -8.47816 20 3
    endloop
  endfacet
  facet normal 0.866032 -0.499989 0
    outer loop
      vertex -15.5218 20 3
      vertex -13.7898 23 1
      vertex -13.7898 23 3
    endloop
  endfacet
  facet normal 0.866032 -0.499989 0
    outer loop
      vertex -13.7898 23 1
      vertex -15.5218 20 3
      vertex -15.5218 20 1
    endloop
  endfacet
  facet normal 0.866032 0.499989 0
    outer loop
      vertex -13.7898 17 3
      vertex -15.5218 20 1
      vertex -15.5218 20 3
    endloop
  endfacet
  facet normal 0.866032 0.499989 0
    outer loop
      vertex -15.5218 20 1
      vertex -13.7898 17 3
      vertex -13.7898 17 1
    endloop
  endfacet
  facet normal -0.866027 0.499998 0
    outer loop
      vertex -10.2102 17 1
      vertex -8.47816 20 3
      vertex -8.47816 20 1
    endloop
  endfacet
  facet normal -0.866027 0.499998 0
    outer loop
      vertex -8.47816 20 3
      vertex -10.2102 17 1
      vertex -10.2102 17 3
    endloop
  endfacet
  facet normal 0 0 1
    outer loop
      vertex -8.47816 20 1
      vertex -10.2099 20.1882 1
      vertex -10.2 20 1
    endloop
  endfacet
  facet normal -0 0 1
    outer loop
      vertex -10.4412 20.9 1
      vertex -8.47816 20 1
      vertex -10.2102 23 1
    endloop
  endfacet
  facet normal 0 0 1
    outer loop
      vertex -8.47816 20 1
      vertex -10.2393 20.3742 1
      vertex -10.2099 20.1882 1
    endloop
  endfacet
  facet normal 0 0 1
    outer loop
      vertex -8.47816 20 1
      vertex -10.2881 20.5562 1
      vertex -10.2393 20.3742 1
    endloop
  endfacet
  facet normal 0 0 1
    outer loop
      vertex -8.47816 20 1
      vertex -10.3556 20.7321 1
      vertex -10.2881 20.5562 1
    endloop
  endfacet
  facet normal 0 0 1
    outer loop
      vertex -8.47816 20 1
      vertex -10.4412 20.9 1
      vertex -10.3556 20.7321 1
    endloop
  endfacet
  facet normal 0 0 1
    outer loop
      vertex -10.2102 23 1
      vertex -10.5438 21.058 1
      vertex -10.4412 20.9 1
    endloop
  endfacet
  facet normal 0 0 1
    outer loop
      vertex -10.2102 23 1
      vertex -10.6623 21.2044 1
      vertex -10.5438 21.058 1
    endloop
  endfacet
  facet normal 0 0 1
    outer loop
      vertex -10.2102 23 1
      vertex -10.7956 21.3377 1
      vertex -10.6623 21.2044 1
    endloop
  endfacet
  facet normal 0 0 1
    outer loop
      vertex -10.2102 23 1
      vertex -10.942 21.4562 1
      vertex -10.7956 21.3377 1
    endloop
  endfacet
  facet normal 0 0 1
    outer loop
      vertex -10.2102 23 1
      vertex -11.1 21.5588 1
      vertex -10.942 21.4562 1
    endloop
  endfacet
  facet normal 0 0 1
    outer loop
      vertex -10.2102 23 1
      vertex -11.2679 21.6444 1
      vertex -11.1 21.5588 1
    endloop
  endfacet
  facet normal 0 0 1
    outer loop
      vertex -10.2102 23 1
      vertex -11.4438 21.7119 1
      vertex -11.2679 21.6444 1
    endloop
  endfacet
  facet normal 0 0 1
    outer loop
      vertex -10.2102 23 1
      vertex -11.6258 21.7607 1
      vertex -11.4438 21.7119 1
    endloop
  endfacet
  facet normal 0 0 1
    outer loop
      vertex -10.2102 23 1
      vertex -11.8118 21.7901 1
      vertex -11.6258 21.7607 1
    endloop
  endfacet
  facet normal 0 0 1
    outer loop
      vertex -10.2102 23 1
      vertex -12 21.8 1
      vertex -11.8118 21.7901 1
    endloop
  endfacet
  facet normal -0 0 1
    outer loop
      vertex -13.7898 23 1
      vertex -12 21.8 1
      vertex -10.2102 23 1
    endloop
  endfacet
  facet normal 0 0 1
    outer loop
      vertex -12 21.8 1
      vertex -13.7898 23 1
      vertex -12.1882 21.7901 1
    endloop
  endfacet
  facet normal 0 0 1
    outer loop
      vertex -12.1882 21.7901 1
      vertex -13.7898 23 1
      vertex -12.3742 21.7607 1
    endloop
  endfacet
  facet normal 0 0 1
    outer loop
      vertex -12.3742 21.7607 1
      vertex -13.7898 23 1
      vertex -12.5562 21.7119 1
    endloop
  endfacet
  facet normal 0 0 1
    outer loop
      vertex -12.5562 21.7119 1
      vertex -13.7898 23 1
      vertex -12.7321 21.6444 1
    endloop
  endfacet
  facet normal 0 0 1
    outer loop
      vertex -12.7321 21.6444 1
      vertex -13.7898 23 1
      vertex -12.9 21.5588 1
    endloop
  endfacet
  facet normal 0 0 1
    outer loop
      vertex -13.7898 23 1
      vertex -13.058 21.4562 1
      vertex -12.9 21.5588 1
    endloop
  endfacet
  facet normal 0 0 1
    outer loop
      vertex -13.7898 23 1
      vertex -13.2044 21.3377 1
      vertex -13.058 21.4562 1
    endloop
  endfacet
  facet normal 0 0 1
    outer loop
      vertex -13.7898 23 1
      vertex -13.3377 21.2044 1
      vertex -13.2044 21.3377 1
    endloop
  endfacet
  facet normal 0 0 1
    outer loop
      vertex -13.7898 23 1
      vertex -13.4562 21.058 1
      vertex -13.3377 21.2044 1
    endloop
  endfacet
  facet normal 0 0 1
    outer loop
      vertex -13.7898 23 1
      vertex -13.5588 20.9 1
      vertex -13.4562 21.058 1
    endloop
  endfacet
  facet normal 0 0 1
    outer loop
      vertex -15.5218 20 1
      vertex -13.5588 20.9 1
      vertex -13.7898 23 1
    endloop
  endfacet
  facet normal 0 0 1
    outer loop
      vertex -13.5588 20.9 1
      vertex -15.5218 20 1
      vertex -13.6444 20.7321 1
    endloop
  endfacet
  facet normal 0 0 1
    outer loop
      vertex -13.6444 20.7321 1
      vertex -15.5218 20 1
      vertex -13.7119 20.5562 1
    endloop
  endfacet
  facet normal 0 0 1
    outer loop
      vertex -13.7119 20.5562 1
      vertex -15.5218 20 1
      vertex -13.7607 20.3742 1
    endloop
  endfacet
  facet normal 0 0 1
    outer loop
      vertex -13.7607 20.3742 1
      vertex -15.5218 20 1
      vertex -13.7901 20.1882 1
    endloop
  endfacet
  facet normal 0 0 1
    outer loop
      vertex -13.7901 20.1882 1
      vertex -15.5218 20 1
      vertex -13.8 20 1
    endloop
  endfacet
  facet normal 0 0 1
    outer loop
      vertex -10.2099 19.8118 1
      vertex -8.47816 20 1
      vertex -10.2 20 1
    endloop
  endfacet
  facet normal 0 0 1
    outer loop
      vertex -10.2393 19.6258 1
      vertex -8.47816 20 1
      vertex -10.2099 19.8118 1
    endloop
  endfacet
  facet normal 0 0 1
    outer loop
      vertex -10.2881 19.4438 1
      vertex -8.47816 20 1
      vertex -10.2393 19.6258 1
    endloop
  endfacet
  facet normal 0 0 1
    outer loop
      vertex -10.3556 19.2679 1
      vertex -8.47816 20 1
      vertex -10.2881 19.4438 1
    endloop
  endfacet
  facet normal 0 0 1
    outer loop
      vertex -10.4412 19.1 1
      vertex -8.47816 20 1
      vertex -10.3556 19.2679 1
    endloop
  endfacet
  facet normal 0 0 1
    outer loop
      vertex -8.47816 20 1
      vertex -10.4412 19.1 1
      vertex -10.2102 17 1
    endloop
  endfacet
  facet normal -0 0 1
    outer loop
      vertex -10.5438 18.942 1
      vertex -10.2102 17 1
      vertex -10.4412 19.1 1
    endloop
  endfacet
  facet normal -0 0 1
    outer loop
      vertex -10.6623 18.7956 1
      vertex -10.2102 17 1
      vertex -10.5438 18.942 1
    endloop
  endfacet
  facet normal -0 0 1
    outer loop
      vertex -10.7956 18.6623 1
      vertex -10.2102 17 1
      vertex -10.6623 18.7956 1
    endloop
  endfacet
  facet normal -0 0 1
    outer loop
      vertex -10.942 18.5438 1
      vertex -10.2102 17 1
      vertex -10.7956 18.6623 1
    endloop
  endfacet
  facet normal -0 0 1
    outer loop
      vertex -11.1 18.4412 1
      vertex -10.2102 17 1
      vertex -10.942 18.5438 1
    endloop
  endfacet
  facet normal -0 0 1
    outer loop
      vertex -11.2679 18.3556 1
      vertex -10.2102 17 1
      vertex -11.1 18.4412 1
    endloop
  endfacet
  facet normal -0 0 1
    outer loop
      vertex -11.4438 18.2881 1
      vertex -10.2102 17 1
      vertex -11.2679 18.3556 1
    endloop
  endfacet
  facet normal -0 0 1
    outer loop
      vertex -11.6258 18.2393 1
      vertex -10.2102 17 1
      vertex -11.4438 18.2881 1
    endloop
  endfacet
  facet normal -0 0 1
    outer loop
      vertex -11.8118 18.2099 1
      vertex -10.2102 17 1
      vertex -11.6258 18.2393 1
    endloop
  endfacet
  facet normal -0 0 1
    outer loop
      vertex -12 18.2 1
      vertex -10.2102 17 1
      vertex -11.8118 18.2099 1
    endloop
  endfacet
  facet normal 0 0 1
    outer loop
      vertex -13.7898 17 1
      vertex -12 18.2 1
      vertex -12.1882 18.2099 1
    endloop
  endfacet
  facet normal 0 0 1
    outer loop
      vertex -13.7898 17 1
      vertex -12.1882 18.2099 1
      vertex -12.3742 18.2393 1
    endloop
  endfacet
  facet normal 0 0 1
    outer loop
      vertex -13.7898 17 1
      vertex -12.3742 18.2393 1
      vertex -12.5562 18.2881 1
    endloop
  endfacet
  facet normal 0 0 1
    outer loop
      vertex -13.7898 17 1
      vertex -12.5562 18.2881 1
      vertex -12.7321 18.3556 1
    endloop
  endfacet
  facet normal 0 0 1
    outer loop
      vertex -13.7898 17 1
      vertex -12.7321 18.3556 1
      vertex -12.9 18.4412 1
    endloop
  endfacet
  facet normal 0 0 1
    outer loop
      vertex -12 18.2 1
      vertex -13.7898 17 1
      vertex -10.2102 17 1
    endloop
  endfacet
  facet normal 0 0 1
    outer loop
      vertex -13.058 18.5438 1
      vertex -13.7898 17 1
      vertex -12.9 18.4412 1
    endloop
  endfacet
  facet normal 0 0 1
    outer loop
      vertex -13.2044 18.6623 1
      vertex -13.7898 17 1
      vertex -13.058 18.5438 1
    endloop
  endfacet
  facet normal 0 0 1
    outer loop
      vertex -13.3377 18.7956 1
      vertex -13.7898 17 1
      vertex -13.2044 18.6623 1
    endloop
  endfacet
  facet normal 0 0 1
    outer loop
      vertex -13.4562 18.942 1
      vertex -13.7898 17 1
      vertex -13.3377 18.7956 1
    endloop
  endfacet
  facet normal 0 0 1
    outer loop
      vertex -13.5588 19.1 1
      vertex -13.7898 17 1
      vertex -13.4562 18.942 1
    endloop
  endfacet
  facet normal 0 0 1
    outer loop
      vertex -15.5218 20 1
      vertex -13.5588 19.1 1
      vertex -13.6444 19.2679 1
    endloop
  endfacet
  facet normal 0 0 1
    outer loop
      vertex -15.5218 20 1
      vertex -13.6444 19.2679 1
      vertex -13.7119 19.4438 1
    endloop
  endfacet
  facet normal 0 0 1
    outer loop
      vertex -15.5218 20 1
      vertex -13.7119 19.4438 1
      vertex -13.7607 19.6258 1
    endloop
  endfacet
  facet normal 0 0 1
    outer loop
      vertex -15.5218 20 1
      vertex -13.7607 19.6258 1
      vertex -13.7901 19.8118 1
    endloop
  endfacet
  facet normal -0 0 1
    outer loop
      vertex -15.5218 20 1
      vertex -13.7901 19.8118 1
      vertex -13.8 20 1
    endloop
  endfacet
  facet normal 0 0 1
    outer loop
      vertex -13.5588 19.1 1
      vertex -15.5218 20 1
      vertex -13.7898 17 1
    endloop
  endfacet
  facet normal -0.987737 -0.156126 8.78643e-19
    outer loop
      vertex 13.7901 20.1882 0
      vertex 13.7607 20.3742 1
      vertex 13.7607 20.3742 0
    endloop
  endfacet
  facet normal -0.987737 -0.156126 8.78643e-19
    outer loop
      vertex 13.7607 20.3742 1
      vertex 13.7901 20.1882 0
      vertex 13.7901 20.1882 1
    endloop
  endfacet
  facet normal -0.998619 -0.052531 -4.36563e-19
    outer loop
      vertex 13.8 20 0
      vertex 13.7901 20.1882 1
      vertex 13.7901 20.1882 0
    endloop
  endfacet
  facet normal -0.998619 -0.052531 -4.36563e-19
    outer loop
      vertex 13.7901 20.1882 1
      vertex 13.8 20 0
      vertex 13.8 20 1
    endloop
  endfacet
  facet normal -0.965882 -0.258984 -4.1409e-19
    outer loop
      vertex 13.7607 20.3742 0
      vertex 13.7119 20.5562 1
      vertex 13.7119 20.5562 0
    endloop
  endfacet
  facet normal -0.965882 -0.258984 -4.1409e-19
    outer loop
      vertex 13.7119 20.5562 1
      vertex 13.7607 20.3742 0
      vertex 13.7607 20.3742 1
    endloop
  endfacet
  facet normal 0.890898 0.454204 -3.77784e-18
    outer loop
      vertex 10.4412 19.1 1
      vertex 10.3556 19.2679 0
      vertex 10.3556 19.2679 1
    endloop
  endfacet
  facet normal 0.890898 0.454204 -3.77784e-18
    outer loop
      vertex 10.3556 19.2679 0
      vertex 10.4412 19.1 1
      vertex 10.4412 19.1 0
    endloop
  endfacet
  facet normal 0.933619 0.358268 -1.9658e-18
    outer loop
      vertex 10.3556 19.2679 1
      vertex 10.2881 19.4438 0
      vertex 10.2881 19.4438 1
    endloop
  endfacet
  facet normal 0.933619 0.358268 -1.9658e-18
    outer loop
      vertex 10.2881 19.4438 0
      vertex 10.3556 19.2679 1
      vertex 10.3556 19.2679 0
    endloop
  endfacet
  facet normal -0.454204 -0.890898 0
    outer loop
      vertex 12.7321 21.6444 0
      vertex 12.9 21.5588 1
      vertex 12.7321 21.6444 1
    endloop
  endfacet
  facet normal -0.454204 -0.890898 -0
    outer loop
      vertex 12.9 21.5588 1
      vertex 12.7321 21.6444 0
      vertex 12.9 21.5588 0
    endloop
  endfacet
  facet normal -0.052531 0.998619 0
    outer loop
      vertex 12.1882 18.2099 0
      vertex 12 18.2 1
      vertex 12.1882 18.2099 1
    endloop
  endfacet
  facet normal -0.052531 0.998619 0
    outer loop
      vertex 12 18.2 1
      vertex 12.1882 18.2099 0
      vertex 12 18.2 0
    endloop
  endfacet
  facet normal -0.358268 0.933619 0
    outer loop
      vertex 12.7321 18.3556 0
      vertex 12.5562 18.2881 1
      vertex 12.7321 18.3556 1
    endloop
  endfacet
  facet normal -0.358268 0.933619 0
    outer loop
      vertex 12.5562 18.2881 1
      vertex 12.7321 18.3556 0
      vertex 12.5562 18.2881 0
    endloop
  endfacet
  facet normal 0.777282 0.629152 1.15697e-18
    outer loop
      vertex 10.6623 18.7956 1
      vertex 10.5438 18.942 0
      vertex 10.5438 18.942 1
    endloop
  endfacet
  facet normal 0.777282 0.629152 1.15697e-18
    outer loop
      vertex 10.5438 18.942 0
      vertex 10.6623 18.7956 1
      vertex 10.6623 18.7956 0
    endloop
  endfacet
  facet normal 0.890898 -0.454204 3.77784e-18
    outer loop
      vertex 10.3556 20.7321 1
      vertex 10.4412 20.9 0
      vertex 10.4412 20.9 1
    endloop
  endfacet
  facet normal 0.890898 -0.454204 3.77784e-18
    outer loop
      vertex 10.4412 20.9 0
      vertex 10.3556 20.7321 1
      vertex 10.3556 20.7321 0
    endloop
  endfacet
  facet normal -0.777282 -0.629152 1.15697e-18
    outer loop
      vertex 13.4562 21.058 0
      vertex 13.3377 21.2044 1
      vertex 13.3377 21.2044 0
    endloop
  endfacet
  facet normal -0.777282 -0.629152 1.15697e-18
    outer loop
      vertex 13.3377 21.2044 1
      vertex 13.4562 21.058 0
      vertex 13.4562 21.058 1
    endloop
  endfacet
  facet normal -0.838686 0.544615 5.11909e-18
    outer loop
      vertex 13.4562 18.942 0
      vertex 13.5588 19.1 1
      vertex 13.5588 19.1 0
    endloop
  endfacet
  facet normal -0.838686 0.544615 5.11909e-18
    outer loop
      vertex 13.5588 19.1 1
      vertex 13.4562 18.942 0
      vertex 13.4562 18.942 1
    endloop
  endfacet
  facet normal 0.965882 0.258984 -4.1409e-19
    outer loop
      vertex 10.2881 19.4438 1
      vertex 10.2393 19.6258 0
      vertex 10.2393 19.6258 1
    endloop
  endfacet
  facet normal 0.965882 0.258984 -4.1409e-19
    outer loop
      vertex 10.2393 19.6258 0
      vertex 10.2881 19.4438 1
      vertex 10.2881 19.4438 0
    endloop
  endfacet
  facet normal 0.987737 -0.156126 -8.78643e-19
    outer loop
      vertex 10.2099 20.1882 1
      vertex 10.2393 20.3742 0
      vertex 10.2393 20.3742 1
    endloop
  endfacet
  facet normal 0.987737 -0.156126 -8.78643e-19
    outer loop
      vertex 10.2393 20.3742 0
      vertex 10.2099 20.1882 1
      vertex 10.2099 20.1882 0
    endloop
  endfacet
  facet normal -0.707107 -0.707107 7.17842e-18
    outer loop
      vertex 13.3377 21.2044 0
      vertex 13.2044 21.3377 1
      vertex 13.2044 21.3377 0
    endloop
  endfacet
  facet normal -0.707107 -0.707107 7.17842e-18
    outer loop
      vertex 13.2044 21.3377 1
      vertex 13.3377 21.2044 0
      vertex 13.3377 21.2044 1
    endloop
  endfacet
  facet normal -0.544615 0.838686 0
    outer loop
      vertex 13.058 18.5438 0
      vertex 12.9 18.4412 1
      vertex 13.058 18.5438 1
    endloop
  endfacet
  facet normal -0.544615 0.838686 0
    outer loop
      vertex 12.9 18.4412 1
      vertex 13.058 18.5438 0
      vertex 12.9 18.4412 0
    endloop
  endfacet
  facet normal 0.629152 -0.777282 0
    outer loop
      vertex 10.7956 21.3377 0
      vertex 10.942 21.4562 1
      vertex 10.7956 21.3377 1
    endloop
  endfacet
  facet normal 0.629152 -0.777282 0
    outer loop
      vertex 10.942 21.4562 1
      vertex 10.7956 21.3377 0
      vertex 10.942 21.4562 0
    endloop
  endfacet
  facet normal 0.838686 -0.544615 5.11909e-18
    outer loop
      vertex 10.4412 20.9 1
      vertex 10.5438 21.058 0
      vertex 10.5438 21.058 1
    endloop
  endfacet
  facet normal 0.838686 -0.544615 5.11909e-18
    outer loop
      vertex 10.5438 21.058 0
      vertex 10.4412 20.9 1
      vertex 10.4412 20.9 0
    endloop
  endfacet
  facet normal 0.258984 -0.965882 0
    outer loop
      vertex 11.4438 21.7119 0
      vertex 11.6258 21.7607 1
      vertex 11.4438 21.7119 1
    endloop
  endfacet
  facet normal 0.258984 -0.965882 0
    outer loop
      vertex 11.6258 21.7607 1
      vertex 11.4438 21.7119 0
      vertex 11.6258 21.7607 0
    endloop
  endfacet
  facet normal -0.998619 0.052531 4.36563e-19
    outer loop
      vertex 13.7901 19.8118 0
      vertex 13.8 20 1
      vertex 13.8 20 0
    endloop
  endfacet
  facet normal -0.998619 0.052531 4.36563e-19
    outer loop
      vertex 13.8 20 1
      vertex 13.7901 19.8118 0
      vertex 13.7901 19.8118 1
    endloop
  endfacet
  facet normal -0.544615 -0.838686 0
    outer loop
      vertex 12.9 21.5588 0
      vertex 13.058 21.4562 1
      vertex 12.9 21.5588 1
    endloop
  endfacet
  facet normal -0.544615 -0.838686 -0
    outer loop
      vertex 13.058 21.4562 1
      vertex 12.9 21.5588 0
      vertex 13.058 21.4562 0
    endloop
  endfacet
  facet normal 0.358268 -0.933619 0
    outer loop
      vertex 11.2679 21.6444 0
      vertex 11.4438 21.7119 1
      vertex 11.2679 21.6444 1
    endloop
  endfacet
  facet normal 0.358268 -0.933619 0
    outer loop
      vertex 11.4438 21.7119 1
      vertex 11.2679 21.6444 0
      vertex 11.4438 21.7119 0
    endloop
  endfacet
  facet normal -0.454204 0.890898 0
    outer loop
      vertex 12.9 18.4412 0
      vertex 12.7321 18.3556 1
      vertex 12.9 18.4412 1
    endloop
  endfacet
  facet normal -0.454204 0.890898 0
    outer loop
      vertex 12.7321 18.3556 1
      vertex 12.9 18.4412 0
      vertex 12.7321 18.3556 0
    endloop
  endfacet
  facet normal 0.052531 -0.998619 0
    outer loop
      vertex 11.8118 21.7901 0
      vertex 12 21.8 1
      vertex 11.8118 21.7901 1
    endloop
  endfacet
  facet normal 0.052531 -0.998619 0
    outer loop
      vertex 12 21.8 1
      vertex 11.8118 21.7901 0
      vertex 12 21.8 0
    endloop
  endfacet
  facet normal -0.156126 0.987737 0
    outer loop
      vertex 12.3742 18.2393 0
      vertex 12.1882 18.2099 1
      vertex 12.3742 18.2393 1
    endloop
  endfacet
  facet normal -0.156126 0.987737 0
    outer loop
      vertex 12.1882 18.2099 1
      vertex 12.3742 18.2393 0
      vertex 12.1882 18.2099 0
    endloop
  endfacet
  facet normal 0.544615 -0.838686 0
    outer loop
      vertex 10.942 21.4562 0
      vertex 11.1 21.5588 1
      vertex 10.942 21.4562 1
    endloop
  endfacet
  facet normal 0.544615 -0.838686 0
    outer loop
      vertex 11.1 21.5588 1
      vertex 10.942 21.4562 0
      vertex 11.1 21.5588 0
    endloop
  endfacet
  facet normal -0.890898 -0.454204 -3.77784e-18
    outer loop
      vertex 13.6444 20.7321 0
      vertex 13.5588 20.9 1
      vertex 13.5588 20.9 0
    endloop
  endfacet
  facet normal -0.890898 -0.454204 -3.77784e-18
    outer loop
      vertex 13.5588 20.9 1
      vertex 13.6444 20.7321 0
      vertex 13.6444 20.7321 1
    endloop
  endfacet
  facet normal -0.965882 0.258984 4.1409e-19
    outer loop
      vertex 13.7119 19.4438 0
      vertex 13.7607 19.6258 1
      vertex 13.7607 19.6258 0
    endloop
  endfacet
  facet normal -0.965882 0.258984 4.1409e-19
    outer loop
      vertex 13.7607 19.6258 1
      vertex 13.7119 19.4438 0
      vertex 13.7119 19.4438 1
    endloop
  endfacet
  facet normal 0.454204 0.890898 -0
    outer loop
      vertex 11.2679 18.3556 0
      vertex 11.1 18.4412 1
      vertex 11.2679 18.3556 1
    endloop
  endfacet
  facet normal 0.454204 0.890898 0
    outer loop
      vertex 11.1 18.4412 1
      vertex 11.2679 18.3556 0
      vertex 11.1 18.4412 0
    endloop
  endfacet
  facet normal -0.890898 0.454204 3.77784e-18
    outer loop
      vertex 13.5588 19.1 0
      vertex 13.6444 19.2679 1
      vertex 13.6444 19.2679 0
    endloop
  endfacet
  facet normal -0.890898 0.454204 3.77784e-18
    outer loop
      vertex 13.6444 19.2679 1
      vertex 13.5588 19.1 0
      vertex 13.5588 19.1 1
    endloop
  endfacet
  facet normal 0.838686 0.544615 -5.11909e-18
    outer loop
      vertex 10.5438 18.942 1
      vertex 10.4412 19.1 0
      vertex 10.4412 19.1 1
    endloop
  endfacet
  facet normal 0.838686 0.544615 -5.11909e-18
    outer loop
      vertex 10.4412 19.1 0
      vertex 10.5438 18.942 1
      vertex 10.5438 18.942 0
    endloop
  endfacet
  facet normal 0.358268 0.933619 -0
    outer loop
      vertex 11.4438 18.2881 0
      vertex 11.2679 18.3556 1
      vertex 11.4438 18.2881 1
    endloop
  endfacet
  facet normal 0.358268 0.933619 0
    outer loop
      vertex 11.2679 18.3556 1
      vertex 11.4438 18.2881 0
      vertex 11.2679 18.3556 0
    endloop
  endfacet
  facet normal -0.933619 -0.358268 -1.9658e-18
    outer loop
      vertex 13.7119 20.5562 0
      vertex 13.6444 20.7321 1
      vertex 13.6444 20.7321 0
    endloop
  endfacet
  facet normal -0.933619 -0.358268 -1.9658e-18
    outer loop
      vertex 13.6444 20.7321 1
      vertex 13.7119 20.5562 0
      vertex 13.7119 20.5562 1
    endloop
  endfacet
  facet normal -0.358268 -0.933619 0
    outer loop
      vertex 12.5562 21.7119 0
      vertex 12.7321 21.6444 1
      vertex 12.5562 21.7119 1
    endloop
  endfacet
  facet normal -0.358268 -0.933619 -0
    outer loop
      vertex 12.7321 21.6444 1
      vertex 12.5562 21.7119 0
      vertex 12.7321 21.6444 0
    endloop
  endfacet
  facet normal -0.258984 0.965882 0
    outer loop
      vertex 12.5562 18.2881 0
      vertex 12.3742 18.2393 1
      vertex 12.5562 18.2881 1
    endloop
  endfacet
  facet normal -0.258984 0.965882 0
    outer loop
      vertex 12.3742 18.2393 1
      vertex 12.5562 18.2881 0
      vertex 12.3742 18.2393 0
    endloop
  endfacet
  facet normal -0.987737 0.156126 -8.78643e-19
    outer loop
      vertex 13.7607 19.6258 0
      vertex 13.7901 19.8118 1
      vertex 13.7901 19.8118 0
    endloop
  endfacet
  facet normal -0.987737 0.156126 -8.78643e-19
    outer loop
      vertex 13.7901 19.8118 1
      vertex 13.7607 19.6258 0
      vertex 13.7607 19.6258 1
    endloop
  endfacet
  facet normal -0.258984 -0.965882 0
    outer loop
      vertex 12.3742 21.7607 0
      vertex 12.5562 21.7119 1
      vertex 12.3742 21.7607 1
    endloop
  endfacet
  facet normal -0.258984 -0.965882 -0
    outer loop
      vertex 12.5562 21.7119 1
      vertex 12.3742 21.7607 0
      vertex 12.5562 21.7119 0
    endloop
  endfacet
  facet normal 0.933619 -0.358268 1.9658e-18
    outer loop
      vertex 10.2881 20.5562 1
      vertex 10.3556 20.7321 0
      vertex 10.3556 20.7321 1
    endloop
  endfacet
  facet normal 0.933619 -0.358268 1.9658e-18
    outer loop
      vertex 10.3556 20.7321 0
      vertex 10.2881 20.5562 1
      vertex 10.2881 20.5562 0
    endloop
  endfacet
  facet normal -0.933619 0.358268 1.9658e-18
    outer loop
      vertex 13.6444 19.2679 0
      vertex 13.7119 19.4438 1
      vertex 13.7119 19.4438 0
    endloop
  endfacet
  facet normal -0.933619 0.358268 1.9658e-18
    outer loop
      vertex 13.7119 19.4438 1
      vertex 13.6444 19.2679 0
      vertex 13.6444 19.2679 1
    endloop
  endfacet
  facet normal 0.156126 -0.987737 0
    outer loop
      vertex 11.6258 21.7607 0
      vertex 11.8118 21.7901 1
      vertex 11.6258 21.7607 1
    endloop
  endfacet
  facet normal 0.156126 -0.987737 0
    outer loop
      vertex 11.8118 21.7901 1
      vertex 11.6258 21.7607 0
      vertex 11.8118 21.7901 0
    endloop
  endfacet
  facet normal -0.838686 -0.544615 -5.11909e-18
    outer loop
      vertex 13.5588 20.9 0
      vertex 13.4562 21.058 1
      vertex 13.4562 21.058 0
    endloop
  endfacet
  facet normal -0.838686 -0.544615 -5.11909e-18
    outer loop
      vertex 13.4562 21.058 1
      vertex 13.5588 20.9 0
      vertex 13.5588 20.9 1
    endloop
  endfacet
  facet normal 0.707107 -0.707107 -7.17842e-18
    outer loop
      vertex 10.6623 21.2044 1
      vertex 10.7956 21.3377 0
      vertex 10.7956 21.3377 1
    endloop
  endfacet
  facet normal 0.707107 -0.707107 -7.17842e-18
    outer loop
      vertex 10.7956 21.3377 0
      vertex 10.6623 21.2044 1
      vertex 10.6623 21.2044 0
    endloop
  endfacet
  facet normal 0.777282 -0.629152 -1.15697e-18
    outer loop
      vertex 10.5438 21.058 1
      vertex 10.6623 21.2044 0
      vertex 10.6623 21.2044 1
    endloop
  endfacet
  facet normal 0.777282 -0.629152 -1.15697e-18
    outer loop
      vertex 10.6623 21.2044 0
      vertex 10.5438 21.058 1
      vertex 10.5438 21.058 0
    endloop
  endfacet
  facet normal -0.629152 -0.777282 0
    outer loop
      vertex 13.058 21.4562 0
      vertex 13.2044 21.3377 1
      vertex 13.058 21.4562 1
    endloop
  endfacet
  facet normal -0.629152 -0.777282 -0
    outer loop
      vertex 13.2044 21.3377 1
      vertex 13.058 21.4562 0
      vertex 13.2044 21.3377 0
    endloop
  endfacet
  facet normal 0.454204 -0.890898 0
    outer loop
      vertex 11.1 21.5588 0
      vertex 11.2679 21.6444 1
      vertex 11.1 21.5588 1
    endloop
  endfacet
  facet normal 0.454204 -0.890898 0
    outer loop
      vertex 11.2679 21.6444 1
      vertex 11.1 21.5588 0
      vertex 11.2679 21.6444 0
    endloop
  endfacet
  facet normal 0.156126 0.987737 -0
    outer loop
      vertex 11.8118 18.2099 0
      vertex 11.6258 18.2393 1
      vertex 11.8118 18.2099 1
    endloop
  endfacet
  facet normal 0.156126 0.987737 0
    outer loop
      vertex 11.6258 18.2393 1
      vertex 11.8118 18.2099 0
      vertex 11.6258 18.2393 0
    endloop
  endfacet
  facet normal 0.707107 0.707107 7.17842e-18
    outer loop
      vertex 10.7956 18.6623 1
      vertex 10.6623 18.7956 0
      vertex 10.6623 18.7956 1
    endloop
  endfacet
  facet normal 0.707107 0.707107 7.17842e-18
    outer loop
      vertex 10.6623 18.7956 0
      vertex 10.7956 18.6623 1
      vertex 10.7956 18.6623 0
    endloop
  endfacet
  facet normal -0.052531 -0.998619 0
    outer loop
      vertex 12 21.8 0
      vertex 12.1882 21.7901 1
      vertex 12 21.8 1
    endloop
  endfacet
  facet normal -0.052531 -0.998619 -0
    outer loop
      vertex 12.1882 21.7901 1
      vertex 12 21.8 0
      vertex 12.1882 21.7901 0
    endloop
  endfacet
  facet normal 0.629152 0.777282 -0
    outer loop
      vertex 10.942 18.5438 0
      vertex 10.7956 18.6623 1
      vertex 10.942 18.5438 1
    endloop
  endfacet
  facet normal 0.629152 0.777282 0
    outer loop
      vertex 10.7956 18.6623 1
      vertex 10.942 18.5438 0
      vertex 10.7956 18.6623 0
    endloop
  endfacet
  facet normal 0.987737 0.156126 8.78643e-19
    outer loop
      vertex 10.2393 19.6258 1
      vertex 10.2099 19.8118 0
      vertex 10.2099 19.8118 1
    endloop
  endfacet
  facet normal 0.987737 0.156126 8.78643e-19
    outer loop
      vertex 10.2099 19.8118 0
      vertex 10.2393 19.6258 1
      vertex 10.2393 19.6258 0
    endloop
  endfacet
  facet normal 0.544615 0.838686 -0
    outer loop
      vertex 11.1 18.4412 0
      vertex 10.942 18.5438 1
      vertex 11.1 18.4412 1
    endloop
  endfacet
  facet normal 0.544615 0.838686 0
    outer loop
      vertex 10.942 18.5438 1
      vertex 11.1 18.4412 0
      vertex 10.942 18.5438 0
    endloop
  endfacet
  facet normal 0.258984 0.965882 -0
    outer loop
      vertex 11.6258 18.2393 0
      vertex 11.4438 18.2881 1
      vertex 11.6258 18.2393 1
    endloop
  endfacet
  facet normal 0.258984 0.965882 0
    outer loop
      vertex 11.4438 18.2881 1
      vertex 11.6258 18.2393 0
      vertex 11.4438 18.2881 0
    endloop
  endfacet
  facet normal -0.629152 0.777282 0
    outer loop
      vertex 13.2044 18.6623 0
      vertex 13.058 18.5438 1
      vertex 13.2044 18.6623 1
    endloop
  endfacet
  facet normal -0.629152 0.777282 0
    outer loop
      vertex 13.058 18.5438 1
      vertex 13.2044 18.6623 0
      vertex 13.058 18.5438 0
    endloop
  endfacet
  facet normal -0.156126 -0.987737 0
    outer loop
      vertex 12.1882 21.7901 0
      vertex 12.3742 21.7607 1
      vertex 12.1882 21.7901 1
    endloop
  endfacet
  facet normal -0.156126 -0.987737 -0
    outer loop
      vertex 12.3742 21.7607 1
      vertex 12.1882 21.7901 0
      vertex 12.3742 21.7607 0
    endloop
  endfacet
  facet normal 0.965882 -0.258984 4.1409e-19
    outer loop
      vertex 10.2393 20.3742 1
      vertex 10.2881 20.5562 0
      vertex 10.2881 20.5562 1
    endloop
  endfacet
  facet normal 0.965882 -0.258984 4.1409e-19
    outer loop
      vertex 10.2881 20.5562 0
      vertex 10.2393 20.3742 1
      vertex 10.2393 20.3742 0
    endloop
  endfacet
  facet normal 0.998619 -0.052531 4.36563e-19
    outer loop
      vertex 10.2 20 1
      vertex 10.2099 20.1882 0
      vertex 10.2099 20.1882 1
    endloop
  endfacet
  facet normal 0.998619 -0.052531 4.36563e-19
    outer loop
      vertex 10.2099 20.1882 0
      vertex 10.2 20 1
      vertex 10.2 20 0
    endloop
  endfacet
  facet normal 0.998619 0.052531 -4.36563e-19
    outer loop
      vertex 10.2099 19.8118 1
      vertex 10.2 20 0
      vertex 10.2 20 1
    endloop
  endfacet
  facet normal 0.998619 0.052531 -4.36563e-19
    outer loop
      vertex 10.2 20 0
      vertex 10.2099 19.8118 1
      vertex 10.2099 19.8118 0
    endloop
  endfacet
  facet normal 0.052531 0.998619 -0
    outer loop
      vertex 12 18.2 0
      vertex 11.8118 18.2099 1
      vertex 12 18.2 1
    endloop
  endfacet
  facet normal 0.052531 0.998619 0
    outer loop
      vertex 11.8118 18.2099 1
      vertex 12 18.2 0
      vertex 11.8118 18.2099 0
    endloop
  endfacet
  facet normal -0.777282 0.629152 -1.15697e-18
    outer loop
      vertex 13.3377 18.7956 0
      vertex 13.4562 18.942 1
      vertex 13.4562 18.942 0
    endloop
  endfacet
  facet normal -0.777282 0.629152 -1.15697e-18
    outer loop
      vertex 13.4562 18.942 1
      vertex 13.3377 18.7956 0
      vertex 13.3377 18.7956 1
    endloop
  endfacet
  facet normal -0.707107 0.707107 -7.17842e-18
    outer loop
      vertex 13.2044 18.6623 0
      vertex 13.3377 18.7956 1
      vertex 13.3377 18.7956 0
    endloop
  endfacet
  facet normal -0.707107 0.707107 -7.17842e-18
    outer loop
      vertex 13.3377 18.7956 1
      vertex 13.2044 18.6623 0
      vertex 13.2044 18.6623 1
    endloop
  endfacet
  facet normal -0.866032 -0.499989 0
    outer loop
      vertex 15.5218 20 1
      vertex 13.7898 23 3
      vertex 13.7898 23 1
    endloop
  endfacet
  facet normal -0.866032 -0.499989 0
    outer loop
      vertex 13.7898 23 3
      vertex 15.5218 20 1
      vertex 15.5218 20 3
    endloop
  endfacet
  facet normal 0.866027 -0.499998 0
    outer loop
      vertex 8.47816 20 3
      vertex 10.2102 23 1
      vertex 10.2102 23 3
    endloop
  endfacet
  facet normal 0.866027 -0.499998 0
    outer loop
      vertex 10.2102 23 1
      vertex 8.47816 20 3
      vertex 8.47816 20 1
    endloop
  endfacet
  facet normal 0 0 1
    outer loop
      vertex 15.5218 20 1
      vertex 13.7901 20.1882 1
      vertex 13.8 20 1
    endloop
  endfacet
  facet normal -0 0 1
    outer loop
      vertex 13.5588 20.9 1
      vertex 15.5218 20 1
      vertex 13.7898 23 1
    endloop
  endfacet
  facet normal 0 0 1
    outer loop
      vertex 15.5218 20 1
      vertex 13.7607 20.3742 1
      vertex 13.7901 20.1882 1
    endloop
  endfacet
  facet normal 0 0 1
    outer loop
      vertex 15.5218 20 1
      vertex 13.7119 20.5562 1
      vertex 13.7607 20.3742 1
    endloop
  endfacet
  facet normal 0 0 1
    outer loop
      vertex 15.5218 20 1
      vertex 13.6444 20.7321 1
      vertex 13.7119 20.5562 1
    endloop
  endfacet
  facet normal 0 0 1
    outer loop
      vertex 15.5218 20 1
      vertex 13.5588 20.9 1
      vertex 13.6444 20.7321 1
    endloop
  endfacet
  facet normal 0 0 1
    outer loop
      vertex 13.7898 23 1
      vertex 13.4562 21.058 1
      vertex 13.5588 20.9 1
    endloop
  endfacet
  facet normal 0 0 1
    outer loop
      vertex 13.7898 23 1
      vertex 13.3377 21.2044 1
      vertex 13.4562 21.058 1
    endloop
  endfacet
  facet normal 0 0 1
    outer loop
      vertex 13.7898 23 1
      vertex 13.2044 21.3377 1
      vertex 13.3377 21.2044 1
    endloop
  endfacet
  facet normal 0 0 1
    outer loop
      vertex 13.7898 23 1
      vertex 13.058 21.4562 1
      vertex 13.2044 21.3377 1
    endloop
  endfacet
  facet normal 0 0 1
    outer loop
      vertex 13.7898 23 1
      vertex 12.9 21.5588 1
      vertex 13.058 21.4562 1
    endloop
  endfacet
  facet normal 0 0 1
    outer loop
      vertex 13.7898 23 1
      vertex 12.7321 21.6444 1
      vertex 12.9 21.5588 1
    endloop
  endfacet
  facet normal 0 0 1
    outer loop
      vertex 13.7898 23 1
      vertex 12.5562 21.7119 1
      vertex 12.7321 21.6444 1
    endloop
  endfacet
  facet normal 0 0 1
    outer loop
      vertex 13.7898 23 1
      vertex 12.3742 21.7607 1
      vertex 12.5562 21.7119 1
    endloop
  endfacet
  facet normal 0 0 1
    outer loop
      vertex 13.7898 23 1
      vertex 12.1882 21.7901 1
      vertex 12.3742 21.7607 1
    endloop
  endfacet
  facet normal 0 0 1
    outer loop
      vertex 13.7898 23 1
      vertex 12 21.8 1
      vertex 12.1882 21.7901 1
    endloop
  endfacet
  facet normal -0 0 1
    outer loop
      vertex 10.2102 23 1
      vertex 12 21.8 1
      vertex 13.7898 23 1
    endloop
  endfacet
  facet normal 0 0 1
    outer loop
      vertex 12 21.8 1
      vertex 10.2102 23 1
      vertex 11.8118 21.7901 1
    endloop
  endfacet
  facet normal 0 0 1
    outer loop
      vertex 11.8118 21.7901 1
      vertex 10.2102 23 1
      vertex 11.6258 21.7607 1
    endloop
  endfacet
  facet normal 0 0 1
    outer loop
      vertex 11.6258 21.7607 1
      vertex 10.2102 23 1
      vertex 11.4438 21.7119 1
    endloop
  endfacet
  facet normal 0 0 1
    outer loop
      vertex 11.4438 21.7119 1
      vertex 10.2102 23 1
      vertex 11.2679 21.6444 1
    endloop
  endfacet
  facet normal 0 0 1
    outer loop
      vertex 11.2679 21.6444 1
      vertex 10.2102 23 1
      vertex 11.1 21.5588 1
    endloop
  endfacet
  facet normal 0 0 1
    outer loop
      vertex 10.2102 23 1
      vertex 10.942 21.4562 1
      vertex 11.1 21.5588 1
    endloop
  endfacet
  facet normal 0 0 1
    outer loop
      vertex 10.2102 23 1
      vertex 10.7956 21.3377 1
      vertex 10.942 21.4562 1
    endloop
  endfacet
  facet normal 0 0 1
    outer loop
      vertex 10.2102 23 1
      vertex 10.6623 21.2044 1
      vertex 10.7956 21.3377 1
    endloop
  endfacet
  facet normal 0 0 1
    outer loop
      vertex 10.2102 23 1
      vertex 10.5438 21.058 1
      vertex 10.6623 21.2044 1
    endloop
  endfacet
  facet normal 0 0 1
    outer loop
      vertex 10.2102 23 1
      vertex 10.4412 20.9 1
      vertex 10.5438 21.058 1
    endloop
  endfacet
  facet normal 0 0 1
    outer loop
      vertex 8.47816 20 1
      vertex 10.4412 20.9 1
      vertex 10.2102 23 1
    endloop
  endfacet
  facet normal 0 0 1
    outer loop
      vertex 10.4412 20.9 1
      vertex 8.47816 20 1
      vertex 10.3556 20.7321 1
    endloop
  endfacet
  facet normal 0 0 1
    outer loop
      vertex 10.3556 20.7321 1
      vertex 8.47816 20 1
      vertex 10.2881 20.5562 1
    endloop
  endfacet
  facet normal 0 0 1
    outer loop
      vertex 10.2881 20.5562 1
      vertex 8.47816 20 1
      vertex 10.2393 20.3742 1
    endloop
  endfacet
  facet normal 0 0 1
    outer loop
      vertex 10.2393 20.3742 1
      vertex 8.47816 20 1
      vertex 10.2099 20.1882 1
    endloop
  endfacet
  facet normal 0 0 1
    outer loop
      vertex 10.2099 20.1882 1
      vertex 8.47816 20 1
      vertex 10.2 20 1
    endloop
  endfacet
  facet normal 0 0 1
    outer loop
      vertex 13.7901 19.8118 1
      vertex 15.5218 20 1
      vertex 13.8 20 1
    endloop
  endfacet
  facet normal 0 0 1
    outer loop
      vertex 13.7607 19.6258 1
      vertex 15.5218 20 1
      vertex 13.7901 19.8118 1
    endloop
  endfacet
  facet normal 0 0 1
    outer loop
      vertex 13.7119 19.4438 1
      vertex 15.5218 20 1
      vertex 13.7607 19.6258 1
    endloop
  endfacet
  facet normal 0 0 1
    outer loop
      vertex 13.6444 19.2679 1
      vertex 15.5218 20 1
      vertex 13.7119 19.4438 1
    endloop
  endfacet
  facet normal 0 0 1
    outer loop
      vertex 13.5588 19.1 1
      vertex 15.5218 20 1
      vertex 13.6444 19.2679 1
    endloop
  endfacet
  facet normal 0 0 1
    outer loop
      vertex 15.5218 20 1
      vertex 13.5588 19.1 1
      vertex 13.7898 17 1
    endloop
  endfacet
  facet normal -0 0 1
    outer loop
      vertex 13.4562 18.942 1
      vertex 13.7898 17 1
      vertex 13.5588 19.1 1
    endloop
  endfacet
  facet normal -0 0 1
    outer loop
      vertex 13.3377 18.7956 1
      vertex 13.7898 17 1
      vertex 13.4562 18.942 1
    endloop
  endfacet
  facet normal -0 0 1
    outer loop
      vertex 13.2044 18.6623 1
      vertex 13.7898 17 1
      vertex 13.3377 18.7956 1
    endloop
  endfacet
  facet normal -0 0 1
    outer loop
      vertex 13.058 18.5438 1
      vertex 13.7898 17 1
      vertex 13.2044 18.6623 1
    endloop
  endfacet
  facet normal -0 0 1
    outer loop
      vertex 12.9 18.4412 1
      vertex 13.7898 17 1
      vertex 13.058 18.5438 1
    endloop
  endfacet
  facet normal -0 0 1
    outer loop
      vertex 12.7321 18.3556 1
      vertex 13.7898 17 1
      vertex 12.9 18.4412 1
    endloop
  endfacet
  facet normal -0 0 1
    outer loop
      vertex 12.5562 18.2881 1
      vertex 13.7898 17 1
      vertex 12.7321 18.3556 1
    endloop
  endfacet
  facet normal -0 0 1
    outer loop
      vertex 12.3742 18.2393 1
      vertex 13.7898 17 1
      vertex 12.5562 18.2881 1
    endloop
  endfacet
  facet normal -0 0 1
    outer loop
      vertex 12.1882 18.2099 1
      vertex 13.7898 17 1
      vertex 12.3742 18.2393 1
    endloop
  endfacet
  facet normal -0 0 1
    outer loop
      vertex 12 18.2 1
      vertex 13.7898 17 1
      vertex 12.1882 18.2099 1
    endloop
  endfacet
  facet normal 0 0 1
    outer loop
      vertex 10.2102 17 1
      vertex 12 18.2 1
      vertex 11.8118 18.2099 1
    endloop
  endfacet
  facet normal 0 0 1
    outer loop
      vertex 10.2102 17 1
      vertex 11.8118 18.2099 1
      vertex 11.6258 18.2393 1
    endloop
  endfacet
  facet normal 0 0 1
    outer loop
      vertex 10.2102 17 1
      vertex 11.6258 18.2393 1
      vertex 11.4438 18.2881 1
    endloop
  endfacet
  facet normal 0 0 1
    outer loop
      vertex 10.2102 17 1
      vertex 11.4438 18.2881 1
      vertex 11.2679 18.3556 1
    endloop
  endfacet
  facet normal 0 0 1
    outer loop
      vertex 10.2102 17 1
      vertex 11.2679 18.3556 1
      vertex 11.1 18.4412 1
    endloop
  endfacet
  facet normal 0 0 1
    outer loop
      vertex 12 18.2 1
      vertex 10.2102 17 1
      vertex 13.7898 17 1
    endloop
  endfacet
  facet normal 0 0 1
    outer loop
      vertex 10.942 18.5438 1
      vertex 10.2102 17 1
      vertex 11.1 18.4412 1
    endloop
  endfacet
  facet normal 0 0 1
    outer loop
      vertex 10.7956 18.6623 1
      vertex 10.2102 17 1
      vertex 10.942 18.5438 1
    endloop
  endfacet
  facet normal 0 0 1
    outer loop
      vertex 10.6623 18.7956 1
      vertex 10.2102 17 1
      vertex 10.7956 18.6623 1
    endloop
  endfacet
  facet normal 0 0 1
    outer loop
      vertex 10.5438 18.942 1
      vertex 10.2102 17 1
      vertex 10.6623 18.7956 1
    endloop
  endfacet
  facet normal 0 0 1
    outer loop
      vertex 10.4412 19.1 1
      vertex 10.2102 17 1
      vertex 10.5438 18.942 1
    endloop
  endfacet
  facet normal 0 0 1
    outer loop
      vertex 8.47816 20 1
      vertex 10.4412 19.1 1
      vertex 10.3556 19.2679 1
    endloop
  endfacet
  facet normal 0 0 1
    outer loop
      vertex 8.47816 20 1
      vertex 10.3556 19.2679 1
      vertex 10.2881 19.4438 1
    endloop
  endfacet
  facet normal 0 0 1
    outer loop
      vertex 8.47816 20 1
      vertex 10.2881 19.4438 1
      vertex 10.2393 19.6258 1
    endloop
  endfacet
  facet normal 0 0 1
    outer loop
      vertex 8.47816 20 1
      vertex 10.2393 19.6258 1
      vertex 10.2099 19.8118 1
    endloop
  endfacet
  facet normal -0 0 1
    outer loop
      vertex 8.47816 20 1
      vertex 10.2099 19.8118 1
      vertex 10.2 20 1
    endloop
  endfacet
  facet normal 0 0 1
    outer loop
      vertex 10.4412 19.1 1
      vertex 8.47816 20 1
      vertex 10.2102 17 1
    endloop
  endfacet
  facet normal 0.866027 0.499998 0
    outer loop
      vertex 10.2102 17 3
      vertex 8.47816 20 1
      vertex 8.47816 20 3
    endloop
  endfacet
  facet normal 0.866027 0.499998 0
    outer loop
      vertex 8.47816 20 1
      vertex 10.2102 17 3
      vertex 10.2102 17 1
    endloop
  endfacet
  facet normal -0.866032 0.499989 0
    outer loop
      vertex 13.7898 17 1
      vertex 15.5218 20 3
      vertex 15.5218 20 1
    endloop
  endfacet
  facet normal -0.866032 0.499989 0
    outer loop
      vertex 15.5218 20 3
      vertex 13.7898 17 1
      vertex 13.7898 17 3
    endloop
  endfacet
  facet normal -0.987687 0 -0.156445
    outer loop
      vertex 25.1614 -10.3 58.6446
      vertex 24.7471 10.3 61.2602
      vertex 25.1614 10.3 58.6446
    endloop
  endfacet
  facet normal -0.987687 -0 -0.156445
    outer loop
      vertex 24.7471 10.3 61.2602
      vertex 25.1614 -10.3 58.6446
      vertex 24.7471 -10.3 61.2602
    endloop
  endfacet
  facet normal -0.838676 0 -0.54463
    outer loop
      vertex 21.9104 -10.3 68.65
      vertex 20.4681 10.3 70.871
      vertex 21.9104 10.3 68.65
    endloop
  endfacet
  facet normal -0.838676 -0 -0.54463
    outer loop
      vertex 20.4681 10.3 70.871
      vertex 21.9104 -10.3 68.65
      vertex 20.4681 -10.3 70.871
    endloop
  endfacet
  facet normal -0.933584 0 -0.358359
    outer loop
      vertex 24.0617 -10.3 63.8181
      vertex 23.1127 10.3 66.2904
      vertex 24.0617 10.3 63.8181
    endloop
  endfacet
  facet normal -0.933584 -0 -0.358359
    outer loop
      vertex 23.1127 10.3 66.2904
      vertex 24.0617 -10.3 63.8181
      vertex 23.1127 -10.3 66.2904
    endloop
  endfacet
  facet normal -0.707107 0 0.707107
    outer loop
      vertex 16.929 -10.3 37.1984
      vertex 18.8016 10.3 39.071
      vertex 16.929 10.3 37.1984
    endloop
  endfacet
  facet normal -0.707107 0 0.707107
    outer loop
      vertex 18.8016 10.3 39.071
      vertex 16.929 -10.3 37.1984
      vertex 18.8016 -10.3 39.071
    endloop
  endfacet
  facet normal -0.777153 0 0.629312
    outer loop
      vertex 18.8016 -10.3 39.071
      vertex 20.4681 10.3 41.129
      vertex 18.8016 10.3 39.071
    endloop
  endfacet
  facet normal -0.777153 0 0.629312
    outer loop
      vertex 20.4681 10.3 41.129
      vertex 18.8016 -10.3 39.071
      vertex 20.4681 -10.3 41.129
    endloop
  endfacet
  facet normal -0.707107 0 -0.707107
    outer loop
      vertex 18.8016 -10.3 72.929
      vertex 16.929 10.3 74.8016
      vertex 18.8016 10.3 72.929
    endloop
  endfacet
  facet normal -0.707107 -0 -0.707107
    outer loop
      vertex 16.929 10.3 74.8016
      vertex 18.8016 -10.3 72.929
      vertex 16.929 -10.3 74.8016
    endloop
  endfacet
  facet normal 0.707107 -3.75594e-19 -0.707107
    outer loop
      vertex -17.441 -7.8 74.2896
      vertex -16.9814 7.8 74.7492
      vertex -16.9814 -7.8 74.7492
    endloop
  endfacet
  facet normal 0.707107 -3.75594e-19 -0.707107
    outer loop
      vertex -16.9814 7.8 74.7492
      vertex -17.441 -7.8 74.2896
      vertex -17.441 7.8 74.2896
    endloop
  endfacet
  facet normal 0.70703 -1.04112e-18 -0.707184
    outer loop
      vertex -18.7492 -7.8 72.9814
      vertex -18.2895 7.8 73.441
      vertex -18.2895 -7.8 73.441
    endloop
  endfacet
  facet normal 0.70703 -1.04112e-18 -0.707184
    outer loop
      vertex -18.2895 7.8 73.441
      vertex -18.7492 -7.8 72.9814
      vertex -18.7492 7.8 72.9814
    endloop
  endfacet
  facet normal -0.0523374 -2.90826e-19 0.998629
    outer loop
      vertex 0 10.3 30.7
      vertex 2.64457 -10.3 30.8386
      vertex 2.64457 10.3 30.8386
    endloop
  endfacet
  facet normal -0.0523374 -2.90826e-19 0.998629
    outer loop
      vertex 2.64457 -10.3 30.8386
      vertex 0 10.3 30.7
      vertex 0 -10.3 30.7
    endloop
  endfacet
  facet normal -0.54463 -1.99377e-18 -0.838676
    outer loop
      vertex 12.65 -10.3 77.9104
      vertex 14.871 10.3 76.4681
      vertex 14.871 -10.3 76.4681
    endloop
  endfacet
  facet normal -0.54463 -1.99377e-18 -0.838676
    outer loop
      vertex 14.871 10.3 76.4681
      vertex 12.65 -10.3 77.9104
      vertex 12.65 10.3 77.9104
    endloop
  endfacet
  facet normal -0.998629 0 -0.0523369
    outer loop
      vertex 25.3 -10.3 56
      vertex 25.1614 10.3 58.6446
      vertex 25.3 10.3 56
    endloop
  endfacet
  facet normal -0.998629 -0 -0.0523369
    outer loop
      vertex 25.1614 10.3 58.6446
      vertex 25.3 -10.3 56
      vertex 25.1614 -10.3 58.6446
    endloop
  endfacet
  facet normal -0.258818 1.75603e-18 -0.965926
    outer loop
      vertex 5.26017 -10.3 80.7471
      vertex 7.81813 10.3 80.0617
      vertex 7.81813 -10.3 80.0617
    endloop
  endfacet
  facet normal -0.258818 1.75603e-18 -0.965926
    outer loop
      vertex 7.81813 10.3 80.0617
      vertex 5.26017 -10.3 80.7471
      vertex 5.26017 10.3 80.7471
    endloop
  endfacet
  facet normal -0.156445 -1.44995e-18 -0.987687
    outer loop
      vertex 2.64457 -10.3 81.1614
      vertex 5.26017 10.3 80.7471
      vertex 5.26017 -10.3 80.7471
    endloop
  endfacet
  facet normal -0.156445 -1.44995e-18 -0.987687
    outer loop
      vertex 5.26017 10.3 80.7471
      vertex 2.64457 -10.3 81.1614
      vertex 2.64457 10.3 81.1614
    endloop
  endfacet
  facet normal -0.965925 0 -0.258824
    outer loop
      vertex 24.7471 -10.3 61.2602
      vertex 24.0617 10.3 63.8181
      vertex 24.7471 10.3 61.2602
    endloop
  endfacet
  facet normal -0.965925 -0 -0.258824
    outer loop
      vertex 24.0617 10.3 63.8181
      vertex 24.7471 -10.3 61.2602
      vertex 24.0617 -10.3 63.8181
    endloop
  endfacet
  facet normal -0.629312 -3.20693e-18 0.777153
    outer loop
      vertex 14.871 10.3 35.5319
      vertex 16.929 -10.3 37.1984
      vertex 16.929 10.3 37.1984
    endloop
  endfacet
  facet normal -0.629312 -3.20693e-18 0.777153
    outer loop
      vertex 16.929 -10.3 37.1984
      vertex 14.871 10.3 35.5319
      vertex 14.871 -10.3 35.5319
    endloop
  endfacet
  facet normal -0.156445 8.37789e-19 0.987687
    outer loop
      vertex 2.64457 10.3 30.8386
      vertex 5.26017 -10.3 31.2529
      vertex 5.26017 10.3 31.2529
    endloop
  endfacet
  facet normal -0.156445 8.37789e-19 0.987687
    outer loop
      vertex 5.26017 -10.3 31.2529
      vertex 2.64457 10.3 30.8386
      vertex 2.64457 -10.3 30.8386
    endloop
  endfacet
  facet normal -0.891003 0 0.453998
    outer loop
      vertex 21.9104 -10.3 43.35
      vertex 23.1127 10.3 45.7096
      vertex 21.9104 10.3 43.35
    endloop
  endfacet
  facet normal -0.891003 0 0.453998
    outer loop
      vertex 23.1127 10.3 45.7096
      vertex 21.9104 -10.3 43.35
      vertex 23.1127 -10.3 45.7096
    endloop
  endfacet
  facet normal -0.998629 0 0.0523369
    outer loop
      vertex 25.1614 -10.3 53.3554
      vertex 25.3 10.3 56
      vertex 25.1614 10.3 53.3554
    endloop
  endfacet
  facet normal -0.998629 0 0.0523369
    outer loop
      vertex 25.3 10.3 56
      vertex 25.1614 -10.3 53.3554
      vertex 25.3 -10.3 56
    endloop
  endfacet
  facet normal -0.891003 0 -0.453998
    outer loop
      vertex 23.1127 -10.3 66.2904
      vertex 21.9104 10.3 68.65
      vertex 23.1127 10.3 66.2904
    endloop
  endfacet
  facet normal -0.891003 -0 -0.453998
    outer loop
      vertex 21.9104 10.3 68.65
      vertex 23.1127 -10.3 66.2904
      vertex 21.9104 -10.3 68.65
    endloop
  endfacet
  facet normal -0.0523374 -4.69825e-19 -0.998629
    outer loop
      vertex 0 -10.3 81.3
      vertex 2.64457 10.3 81.1614
      vertex 2.64457 -10.3 81.1614
    endloop
  endfacet
  facet normal -0.0523374 -4.69825e-19 -0.998629
    outer loop
      vertex 2.64457 10.3 81.1614
      vertex 0 -10.3 81.3
      vertex 0 10.3 81.3
    endloop
  endfacet
  facet normal -0.838676 0 0.54463
    outer loop
      vertex 20.4681 -10.3 41.129
      vertex 21.9104 10.3 43.35
      vertex 20.4681 10.3 41.129
    endloop
  endfacet
  facet normal -0.838676 0 0.54463
    outer loop
      vertex 21.9104 10.3 43.35
      vertex 20.4681 -10.3 41.129
      vertex 21.9104 -10.3 43.35
    endloop
  endfacet
  facet normal -0.358363 -1.73136e-18 -0.933582
    outer loop
      vertex 7.81813 -10.3 80.0617
      vertex 10.2904 10.3 79.1127
      vertex 10.2904 -10.3 79.1127
    endloop
  endfacet
  facet normal -0.358363 -1.73136e-18 -0.933582
    outer loop
      vertex 10.2904 10.3 79.1127
      vertex 7.81813 -10.3 80.0617
      vertex 7.81813 10.3 80.0617
    endloop
  endfacet
  facet normal -0.987687 0 0.156445
    outer loop
      vertex 24.7471 -10.3 50.7398
      vertex 25.1614 10.3 53.3554
      vertex 24.7471 10.3 50.7398
    endloop
  endfacet
  facet normal -0.987687 0 0.156445
    outer loop
      vertex 25.1614 10.3 53.3554
      vertex 24.7471 -10.3 50.7398
      vertex 25.1614 -10.3 53.3554
    endloop
  endfacet
  facet normal 0.707107 -0 0.707107
    outer loop
      vertex -18.7492 -7.8 39.0186
      vertex -16.9814 7.8 37.2508
      vertex -18.7492 7.8 39.0186
    endloop
  endfacet
  facet normal 0.707107 0 0.707107
    outer loop
      vertex -16.9814 7.8 37.2508
      vertex -18.7492 -7.8 39.0186
      vertex -16.9814 -7.8 37.2508
    endloop
  endfacet
  facet normal -0.777153 0 -0.629312
    outer loop
      vertex 20.4681 -10.3 70.871
      vertex 18.8016 10.3 72.929
      vertex 20.4681 10.3 70.871
    endloop
  endfacet
  facet normal -0.777153 -0 -0.629312
    outer loop
      vertex 18.8016 10.3 72.929
      vertex 20.4681 -10.3 70.871
      vertex 18.8016 -10.3 72.929
    endloop
  endfacet
  facet normal -0.965925 0 0.258824
    outer loop
      vertex 24.0617 -10.3 48.1819
      vertex 24.7471 10.3 50.7398
      vertex 24.0617 10.3 48.1819
    endloop
  endfacet
  facet normal -0.965925 0 0.258824
    outer loop
      vertex 24.7471 10.3 50.7398
      vertex 24.0617 -10.3 48.1819
      vertex 24.7471 -10.3 50.7398
    endloop
  endfacet
  facet normal -0.258818 -1.75603e-18 0.965926
    outer loop
      vertex 5.26017 10.3 31.2529
      vertex 7.81813 -10.3 31.9383
      vertex 7.81813 10.3 31.9383
    endloop
  endfacet
  facet normal -0.258818 -1.75603e-18 0.965926
    outer loop
      vertex 7.81813 -10.3 31.9383
      vertex 5.26017 10.3 31.2529
      vertex 5.26017 -10.3 31.2529
    endloop
  endfacet
  facet normal -0.933584 0 0.358359
    outer loop
      vertex 23.1127 -10.3 45.7096
      vertex 24.0617 10.3 48.1819
      vertex 23.1127 10.3 45.7096
    endloop
  endfacet
  facet normal -0.933584 0 0.358359
    outer loop
      vertex 24.0617 10.3 48.1819
      vertex 23.1127 -10.3 45.7096
      vertex 24.0617 -10.3 48.1819
    endloop
  endfacet
  facet normal -0.54463 2.57989e-18 0.838676
    outer loop
      vertex 12.65 10.3 34.0896
      vertex 14.871 -10.3 35.5319
      vertex 14.871 10.3 35.5319
    endloop
  endfacet
  facet normal -0.54463 2.57989e-18 0.838676
    outer loop
      vertex 14.871 -10.3 35.5319
      vertex 12.65 10.3 34.0896
      vertex 12.65 -10.3 34.0896
    endloop
  endfacet
  facet normal 0.0519307 0 -0.998651
    outer loop
      vertex 0 -10.3 81.3
      vertex -0.0499992 -7.8 81.2974
      vertex 0 10.3 81.3
    endloop
  endfacet
  facet normal 0.0523374 8.15756e-06 -0.998629
    outer loop
      vertex -2.64457 -10.3 81.1614
      vertex -0.0499992 -7.8 81.2974
      vertex 0 -10.3 81.3
    endloop
  endfacet
  facet normal 0.0523453 3.07772e-18 -0.998629
    outer loop
      vertex -0.0499992 -7.8 81.2974
      vertex -2.64457 -10.3 81.1614
      vertex -2.64457 -7.8 81.1614
    endloop
  endfacet
  facet normal 0.0519307 0 -0.998651
    outer loop
      vertex -0.0499992 7.8 81.2974
      vertex 0 10.3 81.3
      vertex -0.0499992 -7.8 81.2974
    endloop
  endfacet
  facet normal 0.0523453 0 -0.998629
    outer loop
      vertex -2.64457 10.3 81.1614
      vertex -0.0499992 7.8 81.2974
      vertex -2.64457 7.8 81.1614
    endloop
  endfacet
  facet normal 0.0523374 -8.15756e-06 -0.998629
    outer loop
      vertex -0.0499992 7.8 81.2974
      vertex -2.64457 10.3 81.1614
      vertex 0 10.3 81.3
    endloop
  endfacet
  facet normal 0.0519307 0 0.998651
    outer loop
      vertex 0 10.3 30.7
      vertex -0.0499992 7.8 30.7026
      vertex 0 -10.3 30.7
    endloop
  endfacet
  facet normal 0.0523374 -8.15756e-06 0.998629
    outer loop
      vertex -2.64457 10.3 30.8386
      vertex -0.0499992 7.8 30.7026
      vertex 0 10.3 30.7
    endloop
  endfacet
  facet normal 0.0523453 -3.52666e-18 0.998629
    outer loop
      vertex -0.0499992 7.8 30.7026
      vertex -2.64457 10.3 30.8386
      vertex -2.64457 7.8 30.8386
    endloop
  endfacet
  facet normal 0.0519307 -0 0.998651
    outer loop
      vertex -0.0499992 -7.8 30.7026
      vertex 0 -10.3 30.7
      vertex -0.0499992 7.8 30.7026
    endloop
  endfacet
  facet normal 0.0523453 -0 0.998629
    outer loop
      vertex -2.64457 -10.3 30.8386
      vertex -0.0499992 -7.8 30.7026
      vertex -2.64457 -7.8 30.8386
    endloop
  endfacet
  facet normal 0.0523374 8.15756e-06 0.998629
    outer loop
      vertex -0.0499992 -7.8 30.7026
      vertex -2.64457 -10.3 30.8386
      vertex 0 -10.3 30.7
    endloop
  endfacet
  facet normal -0.453998 3.35282e-18 -0.891003
    outer loop
      vertex 10.2904 -10.3 79.1127
      vertex 12.65 10.3 77.9104
      vertex 12.65 -10.3 77.9104
    endloop
  endfacet
  facet normal -0.453998 3.35282e-18 -0.891003
    outer loop
      vertex 12.65 10.3 77.9104
      vertex 10.2904 -10.3 79.1127
      vertex 10.2904 10.3 79.1127
    endloop
  endfacet
  facet normal -0.629312 -3.76154e-18 -0.777153
    outer loop
      vertex 14.871 -10.3 76.4681
      vertex 16.929 10.3 74.8016
      vertex 16.929 -10.3 74.8016
    endloop
  endfacet
  facet normal -0.629312 -3.76154e-18 -0.777153
    outer loop
      vertex 16.929 10.3 74.8016
      vertex 14.871 -10.3 76.4681
      vertex 14.871 10.3 76.4681
    endloop
  endfacet
  facet normal -0.358363 -7.45607e-20 0.933582
    outer loop
      vertex 7.81813 10.3 31.9383
      vertex 10.2904 -10.3 32.8873
      vertex 10.2904 10.3 32.8873
    endloop
  endfacet
  facet normal -0.358363 -7.45607e-20 0.933582
    outer loop
      vertex 10.2904 -10.3 32.8873
      vertex 7.81813 10.3 31.9383
      vertex 7.81813 -10.3 31.9383
    endloop
  endfacet
  facet normal 0.156449 2.42407e-18 -0.987686
    outer loop
      vertex -5 -10.3 80.7883
      vertex -2.64457 -7.8 81.1614
      vertex -2.64457 -10.3 81.1614
    endloop
  endfacet
  facet normal 0.156449 2.42407e-18 -0.987686
    outer loop
      vertex -2.64457 -7.8 81.1614
      vertex -5 -10.3 80.7883
      vertex -5 -7.8 80.7883
    endloop
  endfacet
  facet normal 0.156449 2.42407e-18 -0.987686
    outer loop
      vertex -5 7.8 80.7883
      vertex -2.64457 10.3 81.1614
      vertex -2.64457 7.8 81.1614
    endloop
  endfacet
  facet normal 0.156449 2.42407e-18 -0.987686
    outer loop
      vertex -2.64457 10.3 81.1614
      vertex -5 7.8 80.7883
      vertex -5 10.3 80.7883
    endloop
  endfacet
  facet normal -0.453998 6.58752e-19 0.891003
    outer loop
      vertex 10.2904 10.3 32.8873
      vertex 12.65 -10.3 34.0896
      vertex 12.65 10.3 34.0896
    endloop
  endfacet
  facet normal -0.453998 6.58752e-19 0.891003
    outer loop
      vertex 12.65 -10.3 34.0896
      vertex 10.2904 10.3 32.8873
      vertex 10.2904 -10.3 32.8873
    endloop
  endfacet
  facet normal 0.156449 2.27753e-18 0.987686
    outer loop
      vertex -5 -7.8 31.2117
      vertex -2.64457 -10.3 30.8386
      vertex -2.64457 -7.8 30.8386
    endloop
  endfacet
  facet normal 0.156449 2.27753e-18 0.987686
    outer loop
      vertex -2.64457 -10.3 30.8386
      vertex -5 -7.8 31.2117
      vertex -5 -10.3 31.2117
    endloop
  endfacet
  facet normal 0.156449 2.27753e-18 0.987686
    outer loop
      vertex -5 10.3 31.2117
      vertex -2.64457 7.8 30.8386
      vertex -2.64457 10.3 30.8386
    endloop
  endfacet
  facet normal 0.156449 2.27753e-18 0.987686
    outer loop
      vertex -2.64457 7.8 30.8386
      vertex -5 10.3 31.2117
      vertex -5 7.8 31.2117
    endloop
  endfacet
  facet normal 0.707107 3.46173e-19 -0.707107
    outer loop
      vertex -22.5567 -7.8 77.7082
      vertex -21.7082 7.8 78.5567
      vertex -21.7082 -7.8 78.5567
    endloop
  endfacet
  facet normal 0.707107 3.46173e-19 -0.707107
    outer loop
      vertex -21.7082 7.8 78.5567
      vertex -22.5567 -7.8 77.7082
      vertex -22.5567 7.8 77.7082
    endloop
  endfacet
  facet normal 0.707107 -0 0.707107
    outer loop
      vertex -22.5567 -7.8 77.7082
      vertex -18.2895 7.8 73.441
      vertex -22.5567 7.8 77.7082
    endloop
  endfacet
  facet normal 0.707107 0 0.707107
    outer loop
      vertex -18.2895 7.8 73.441
      vertex -22.5567 -7.8 77.7082
      vertex -18.2895 -7.8 73.441
    endloop
  endfacet
  facet normal -0.707098 -8.131e-18 -0.707115
    outer loop
      vertex -21.7082 -7.8 78.5567
      vertex -17.441 7.8 74.2896
      vertex -17.441 -7.8 74.2896
    endloop
  endfacet
  facet normal -0.707098 -8.131e-18 -0.707115
    outer loop
      vertex -17.441 7.8 74.2896
      vertex -21.7082 -7.8 78.5567
      vertex -21.7082 7.8 78.5567
    endloop
  endfacet
  facet normal -1 0 0
    outer loop
      vertex -29 -3 4.95
      vertex -29 3 83.3
      vertex -29 3 4.95
    endloop
  endfacet
  facet normal -1 -0 0
    outer loop
      vertex -29 3 83.3
      vertex -29 -3 4.95
      vertex -29 -3 83.3
    endloop
  endfacet
  facet normal 1 -0 0
    outer loop
      vertex -35 -3 83.3
      vertex -35 3 4.95
      vertex -35 3 83.3
    endloop
  endfacet
  facet normal 1 0 0
    outer loop
      vertex -35 3 4.95
      vertex -35 -3 83.3
      vertex -35 -3 4.95
    endloop
  endfacet
  facet normal 0 -1 0
    outer loop
      vertex -35 3 4.95
      vertex -29 3 83.3
      vertex -35 3 83.3
    endloop
  endfacet
  facet normal 0 -1 -0
    outer loop
      vertex -29 3 83.3
      vertex -35 3 4.95
      vertex -29 3 4.95
    endloop
  endfacet
  facet normal 0 1 -0
    outer loop
      vertex -29 -3 4.95
      vertex -35 -3 83.3
      vertex -29 -3 83.3
    endloop
  endfacet
  facet normal 0 1 0
    outer loop
      vertex -35 -3 83.3
      vertex -29 -3 4.95
      vertex -35 -3 4.95
    endloop
  endfacet
endsolid OpenSCAD_Model
