solid OpenSCAD_Model
  facet normal 1 -0 0
    outer loop
      vertex 10 -8 3
      vertex 10 0 0
      vertex 10 0 3
    endloop
  endfacet
  facet normal 1 0 0
    outer loop
      vertex 10 0 0
      vertex 10 -8 3
      vertex 10 -8 0
    endloop
  endfacet
  facet normal 0 0 1
    outer loop
      vertex 10 0 3
      vertex 9.17543 -4 3
      vertex 10 -8 3
    endloop
  endfacet
  facet normal 0 0 1
    outer loop
      vertex 10 0 3
      vertex 7.58771 -1.25 3
      vertex 9.17543 -4 3
    endloop
  endfacet
  facet normal 0 0 1
    outer loop
      vertex 10 0 3
      vertex 4.41229 -1.25 3
      vertex 7.58771 -1.25 3
    endloop
  endfacet
  facet normal 0 0 1
    outer loop
      vertex 4.41229 -1.25 3
      vertex 2 0 3
      vertex 2.82457 -4 3
    endloop
  endfacet
  facet normal -0 0 1
    outer loop
      vertex 2 0 3
      vertex 4.41229 -1.25 3
      vertex 10 0 3
    endloop
  endfacet
  facet normal -0 0 1
    outer loop
      vertex 7.58771 -6.75 3
      vertex 10 -8 3
      vertex 9.17543 -4 3
    endloop
  endfacet
  facet normal -0 0 1
    outer loop
      vertex 4.41229 -6.75 3
      vertex 10 -8 3
      vertex 7.58771 -6.75 3
    endloop
  endfacet
  facet normal 0 0 1
    outer loop
      vertex 4.41229 -6.75 3
      vertex 2 -8 3
      vertex 10 -8 3
    endloop
  endfacet
  facet normal 0 0 1
    outer loop
      vertex 2.82457 -4 3
      vertex 2 -8 3
      vertex 4.41229 -6.75 3
    endloop
  endfacet
  facet normal 0 0 1
    outer loop
      vertex 2 -8 3
      vertex 2.82457 -4 3
      vertex 2 0 3
    endloop
  endfacet
  facet normal 0 0 -1
    outer loop
      vertex 0 0 0
      vertex 2 40 0
      vertex 2 0 0
    endloop
  endfacet
  facet normal -0 0 -1
    outer loop
      vertex 2 40 0
      vertex 0 0 0
      vertex 0 40 0
    endloop
  endfacet
  facet normal 0 0 -1
    outer loop
      vertex 7.7119 -3.44377 0
      vertex 10 0 0
      vertex 7.76066 -3.62576 0
    endloop
  endfacet
  facet normal 0 0 -1
    outer loop
      vertex 10 40 0
      vertex 7.79014 43.8118 0
      vertex 7.8 44 0
    endloop
  endfacet
  facet normal 0 0 -1
    outer loop
      vertex 7.64438 -3.26787 0
      vertex 10 0 0
      vertex 7.7119 -3.44377 0
    endloop
  endfacet
  facet normal 0 0 -1
    outer loop
      vertex 10 40 0
      vertex 7.76066 43.6258 0
      vertex 7.79014 43.8118 0
    endloop
  endfacet
  facet normal 0 0 -1
    outer loop
      vertex 7.55885 -3.1 0
      vertex 10 0 0
      vertex 7.64438 -3.26787 0
    endloop
  endfacet
  facet normal 0 0 -1
    outer loop
      vertex 10 40 0
      vertex 7.7119 43.4438 0
      vertex 7.76066 43.6258 0
    endloop
  endfacet
  facet normal 0 0 -1
    outer loop
      vertex 7.45623 -2.94199 0
      vertex 10 0 0
      vertex 7.55885 -3.1 0
    endloop
  endfacet
  facet normal 0 0 -1
    outer loop
      vertex 10 40 0
      vertex 7.64438 43.2679 0
      vertex 7.7119 43.4438 0
    endloop
  endfacet
  facet normal 0 0 -1
    outer loop
      vertex 7.33766 -2.79556 0
      vertex 10 0 0
      vertex 7.45623 -2.94199 0
    endloop
  endfacet
  facet normal 0 0 -1
    outer loop
      vertex 10 40 0
      vertex 7.55885 43.1 0
      vertex 7.64438 43.2679 0
    endloop
  endfacet
  facet normal 0 0 -1
    outer loop
      vertex 7.20443 -2.66234 0
      vertex 10 0 0
      vertex 7.33766 -2.79556 0
    endloop
  endfacet
  facet normal 0 0 -1
    outer loop
      vertex 10 40 0
      vertex 7.45623 42.942 0
      vertex 7.55885 43.1 0
    endloop
  endfacet
  facet normal 0 0 -1
    outer loop
      vertex 7.05801 -2.54377 0
      vertex 10 0 0
      vertex 7.20443 -2.66234 0
    endloop
  endfacet
  facet normal 0 0 -1
    outer loop
      vertex 10 40 0
      vertex 7.33766 42.7956 0
      vertex 7.45623 42.942 0
    endloop
  endfacet
  facet normal 0 0 -1
    outer loop
      vertex 6.9 -2.44115 0
      vertex 10 0 0
      vertex 7.05801 -2.54377 0
    endloop
  endfacet
  facet normal 0 0 -1
    outer loop
      vertex 10 40 0
      vertex 7.20443 42.6623 0
      vertex 7.33766 42.7956 0
    endloop
  endfacet
  facet normal 0 0 -1
    outer loop
      vertex 6.73213 -2.35562 0
      vertex 10 0 0
      vertex 6.9 -2.44115 0
    endloop
  endfacet
  facet normal 0 0 -1
    outer loop
      vertex 10 40 0
      vertex 7.05801 42.5438 0
      vertex 7.20443 42.6623 0
    endloop
  endfacet
  facet normal 0 0 -1
    outer loop
      vertex 6.55623 -2.2881 0
      vertex 10 0 0
      vertex 6.73213 -2.35562 0
    endloop
  endfacet
  facet normal 0 0 -1
    outer loop
      vertex 10 40 0
      vertex 6.9 42.4412 0
      vertex 7.05801 42.5438 0
    endloop
  endfacet
  facet normal 0 0 -1
    outer loop
      vertex 6.37424 -2.23933 0
      vertex 10 0 0
      vertex 6.55623 -2.2881 0
    endloop
  endfacet
  facet normal 0 0 -1
    outer loop
      vertex 10 40 0
      vertex 6.73213 42.3556 0
      vertex 6.9 42.4412 0
    endloop
  endfacet
  facet normal 0 0 -1
    outer loop
      vertex 10 0 0
      vertex 2 0 0
      vertex 10 40 0
    endloop
  endfacet
  facet normal 0 0 -1
    outer loop
      vertex 10 40 0
      vertex 6.55623 42.2881 0
      vertex 6.73213 42.3556 0
    endloop
  endfacet
  facet normal 0 0 -1
    outer loop
      vertex 6.18815 -2.20986 0
      vertex 10 0 0
      vertex 6.37424 -2.23933 0
    endloop
  endfacet
  facet normal 0 0 -1
    outer loop
      vertex 2 40 0
      vertex 10 40 0
      vertex 2 0 0
    endloop
  endfacet
  facet normal 0 0 -1
    outer loop
      vertex 6 -2.2 0
      vertex 10 0 0
      vertex 6.18815 -2.20986 0
    endloop
  endfacet
  facet normal 0 -0 -1
    outer loop
      vertex 6 42.2 0
      vertex 10 40 0
      vertex 2 40 0
    endloop
  endfacet
  facet normal -0 0 -1
    outer loop
      vertex 10 0 0
      vertex 6 -2.2 0
      vertex 2 0 0
    endloop
  endfacet
  facet normal 0 0 -1
    outer loop
      vertex 10 40 0
      vertex 6.37424 42.2393 0
      vertex 6.55623 42.2881 0
    endloop
  endfacet
  facet normal 0 0 -1
    outer loop
      vertex 2 0 0
      vertex 6 -2.2 0
      vertex 5.81185 -2.20986 0
    endloop
  endfacet
  facet normal 0 0 -1
    outer loop
      vertex 10 40 0
      vertex 6.18815 42.2099 0
      vertex 6.37424 42.2393 0
    endloop
  endfacet
  facet normal 0 0 -1
    outer loop
      vertex 2 0 0
      vertex 5.81185 -2.20986 0
      vertex 5.62576 -2.23933 0
    endloop
  endfacet
  facet normal 0 0 -1
    outer loop
      vertex 10 40 0
      vertex 6 42.2 0
      vertex 6.18815 42.2099 0
    endloop
  endfacet
  facet normal 0 0 -1
    outer loop
      vertex 2 0 0
      vertex 5.62576 -2.23933 0
      vertex 5.44377 -2.2881 0
    endloop
  endfacet
  facet normal -0 0 -1
    outer loop
      vertex 6 42.2 0
      vertex 2 40 0
      vertex 5.81185 42.2099 0
    endloop
  endfacet
  facet normal 0 0 -1
    outer loop
      vertex 2 0 0
      vertex 5.44377 -2.2881 0
      vertex 5.26787 -2.35562 0
    endloop
  endfacet
  facet normal -0 0 -1
    outer loop
      vertex 5.81185 42.2099 0
      vertex 2 40 0
      vertex 5.62576 42.2393 0
    endloop
  endfacet
  facet normal 0 0 -1
    outer loop
      vertex 2 0 0
      vertex 5.26787 -2.35562 0
      vertex 5.1 -2.44115 0
    endloop
  endfacet
  facet normal -0 0 -1
    outer loop
      vertex 5.62576 42.2393 0
      vertex 2 40 0
      vertex 5.44377 42.2881 0
    endloop
  endfacet
  facet normal 0 0 -1
    outer loop
      vertex 2 0 0
      vertex 5.1 -2.44115 0
      vertex 4.94199 -2.54377 0
    endloop
  endfacet
  facet normal -0 0 -1
    outer loop
      vertex 5.44377 42.2881 0
      vertex 2 40 0
      vertex 5.26787 42.3556 0
    endloop
  endfacet
  facet normal 0 0 -1
    outer loop
      vertex 2 0 0
      vertex 4.94199 -2.54377 0
      vertex 4.79556 -2.66234 0
    endloop
  endfacet
  facet normal -0 0 -1
    outer loop
      vertex 5.26787 42.3556 0
      vertex 2 40 0
      vertex 5.1 42.4412 0
    endloop
  endfacet
  facet normal 0 0 -1
    outer loop
      vertex 2 0 0
      vertex 4.79556 -2.66234 0
      vertex 4.66234 -2.79556 0
    endloop
  endfacet
  facet normal -0 0 -1
    outer loop
      vertex 5.1 42.4412 0
      vertex 2 40 0
      vertex 4.94199 42.5438 0
    endloop
  endfacet
  facet normal 0 0 -1
    outer loop
      vertex 2 0 0
      vertex 4.66234 -2.79556 0
      vertex 4.54377 -2.94199 0
    endloop
  endfacet
  facet normal -0 0 -1
    outer loop
      vertex 4.94199 42.5438 0
      vertex 2 40 0
      vertex 4.79556 42.6623 0
    endloop
  endfacet
  facet normal 0 0 -1
    outer loop
      vertex 2 0 0
      vertex 4.54377 -2.94199 0
      vertex 4.44115 -3.1 0
    endloop
  endfacet
  facet normal -0 0 -1
    outer loop
      vertex 4.79556 42.6623 0
      vertex 2 40 0
      vertex 4.66234 42.7956 0
    endloop
  endfacet
  facet normal 0 0 -1
    outer loop
      vertex 2 0 0
      vertex 4.44115 -3.1 0
      vertex 4.35562 -3.26787 0
    endloop
  endfacet
  facet normal -0 0 -1
    outer loop
      vertex 4.66234 42.7956 0
      vertex 2 40 0
      vertex 4.54377 42.942 0
    endloop
  endfacet
  facet normal 0 0 -1
    outer loop
      vertex 2 0 0
      vertex 4.35562 -3.26787 0
      vertex 4.2881 -3.44377 0
    endloop
  endfacet
  facet normal -0 0 -1
    outer loop
      vertex 4.54377 42.942 0
      vertex 2 40 0
      vertex 4.44115 43.1 0
    endloop
  endfacet
  facet normal 0 0 -1
    outer loop
      vertex 2 0 0
      vertex 4.2881 -3.44377 0
      vertex 4.23933 -3.62576 0
    endloop
  endfacet
  facet normal -0 0 -1
    outer loop
      vertex 4.44115 43.1 0
      vertex 2 40 0
      vertex 4.35562 43.2679 0
    endloop
  endfacet
  facet normal 0 0 -1
    outer loop
      vertex 2 0 0
      vertex 4.23933 -3.62576 0
      vertex 4.20986 -3.81185 0
    endloop
  endfacet
  facet normal -0 0 -1
    outer loop
      vertex 4.35562 43.2679 0
      vertex 2 40 0
      vertex 4.2881 43.4438 0
    endloop
  endfacet
  facet normal 0 0 -1
    outer loop
      vertex 2 0 0
      vertex 4.20986 -3.81185 0
      vertex 4.2 -4 0
    endloop
  endfacet
  facet normal -0 0 -1
    outer loop
      vertex 4.2881 43.4438 0
      vertex 2 40 0
      vertex 4.23933 43.6258 0
    endloop
  endfacet
  facet normal 0 0 -1
    outer loop
      vertex 7.8 -4 0
      vertex 10 0 0
      vertex 10 -8 0
    endloop
  endfacet
  facet normal 0 0 -1
    outer loop
      vertex 7.79014 -3.81185 0
      vertex 10 0 0
      vertex 7.8 -4 0
    endloop
  endfacet
  facet normal 0 0 -1
    outer loop
      vertex 7.76066 -3.62576 0
      vertex 10 0 0
      vertex 7.79014 -3.81185 0
    endloop
  endfacet
  facet normal 0 0 -1
    outer loop
      vertex 10 -8 0
      vertex 7.79014 -4.18815 0
      vertex 7.8 -4 0
    endloop
  endfacet
  facet normal 0 0 -1
    outer loop
      vertex 10 -8 0
      vertex 7.76066 -4.37424 0
      vertex 7.79014 -4.18815 0
    endloop
  endfacet
  facet normal 0 0 -1
    outer loop
      vertex 10 -8 0
      vertex 7.7119 -4.55623 0
      vertex 7.76066 -4.37424 0
    endloop
  endfacet
  facet normal 0 0 -1
    outer loop
      vertex 10 -8 0
      vertex 7.64438 -4.73213 0
      vertex 7.7119 -4.55623 0
    endloop
  endfacet
  facet normal 0 0 -1
    outer loop
      vertex 10 -8 0
      vertex 7.55885 -4.9 0
      vertex 7.64438 -4.73213 0
    endloop
  endfacet
  facet normal 0 0 -1
    outer loop
      vertex 10 -8 0
      vertex 7.45623 -5.05801 0
      vertex 7.55885 -4.9 0
    endloop
  endfacet
  facet normal 0 0 -1
    outer loop
      vertex 10 -8 0
      vertex 7.33766 -5.20443 0
      vertex 7.45623 -5.05801 0
    endloop
  endfacet
  facet normal 0 0 -1
    outer loop
      vertex 10 -8 0
      vertex 7.20443 -5.33766 0
      vertex 7.33766 -5.20443 0
    endloop
  endfacet
  facet normal 0 0 -1
    outer loop
      vertex 10 -8 0
      vertex 7.05801 -5.45623 0
      vertex 7.20443 -5.33766 0
    endloop
  endfacet
  facet normal 0 0 -1
    outer loop
      vertex 10 -8 0
      vertex 6.9 -5.55885 0
      vertex 7.05801 -5.45623 0
    endloop
  endfacet
  facet normal 0 0 -1
    outer loop
      vertex 10 -8 0
      vertex 6.73213 -5.64438 0
      vertex 6.9 -5.55885 0
    endloop
  endfacet
  facet normal 0 0 -1
    outer loop
      vertex 10 -8 0
      vertex 6.55623 -5.7119 0
      vertex 6.73213 -5.64438 0
    endloop
  endfacet
  facet normal 0 0 -1
    outer loop
      vertex 10 -8 0
      vertex 6.37424 -5.76066 0
      vertex 6.55623 -5.7119 0
    endloop
  endfacet
  facet normal 0 0 -1
    outer loop
      vertex 10 -8 0
      vertex 6.18815 -5.79014 0
      vertex 6.37424 -5.76066 0
    endloop
  endfacet
  facet normal 0 0 -1
    outer loop
      vertex 10 -8 0
      vertex 6 -5.8 0
      vertex 6.18815 -5.79014 0
    endloop
  endfacet
  facet normal 0 0 -1
    outer loop
      vertex 2 -8 0
      vertex 6 -5.8 0
      vertex 10 -8 0
    endloop
  endfacet
  facet normal -0 0 -1
    outer loop
      vertex 6 -5.8 0
      vertex 2 -8 0
      vertex 5.81185 -5.79014 0
    endloop
  endfacet
  facet normal -0 0 -1
    outer loop
      vertex 5.81185 -5.79014 0
      vertex 2 -8 0
      vertex 5.62576 -5.76066 0
    endloop
  endfacet
  facet normal -0 0 -1
    outer loop
      vertex 5.62576 -5.76066 0
      vertex 2 -8 0
      vertex 5.44377 -5.7119 0
    endloop
  endfacet
  facet normal 0 0 -1
    outer loop
      vertex 2 0 0
      vertex 4.2 -4 0
      vertex 2 -8 0
    endloop
  endfacet
  facet normal -0 0 -1
    outer loop
      vertex 4.20986 -4.18815 0
      vertex 2 -8 0
      vertex 4.2 -4 0
    endloop
  endfacet
  facet normal -0 0 -1
    outer loop
      vertex 4.23933 -4.37424 0
      vertex 2 -8 0
      vertex 4.20986 -4.18815 0
    endloop
  endfacet
  facet normal -0 0 -1
    outer loop
      vertex 4.2881 -4.55623 0
      vertex 2 -8 0
      vertex 4.23933 -4.37424 0
    endloop
  endfacet
  facet normal -0 0 -1
    outer loop
      vertex 4.35562 -4.73213 0
      vertex 2 -8 0
      vertex 4.2881 -4.55623 0
    endloop
  endfacet
  facet normal -0 0 -1
    outer loop
      vertex 4.44115 -4.9 0
      vertex 2 -8 0
      vertex 4.35562 -4.73213 0
    endloop
  endfacet
  facet normal -0 0 -1
    outer loop
      vertex 4.54377 -5.05801 0
      vertex 2 -8 0
      vertex 4.44115 -4.9 0
    endloop
  endfacet
  facet normal -0 0 -1
    outer loop
      vertex 4.66234 -5.20443 0
      vertex 2 -8 0
      vertex 4.54377 -5.05801 0
    endloop
  endfacet
  facet normal -0 0 -1
    outer loop
      vertex 4.79556 -5.33766 0
      vertex 2 -8 0
      vertex 4.66234 -5.20443 0
    endloop
  endfacet
  facet normal -0 0 -1
    outer loop
      vertex 4.94199 -5.45623 0
      vertex 2 -8 0
      vertex 4.79556 -5.33766 0
    endloop
  endfacet
  facet normal -0 0 -1
    outer loop
      vertex 5.1 -5.55885 0
      vertex 2 -8 0
      vertex 4.94199 -5.45623 0
    endloop
  endfacet
  facet normal -0 0 -1
    outer loop
      vertex 5.26787 -5.64438 0
      vertex 2 -8 0
      vertex 5.1 -5.55885 0
    endloop
  endfacet
  facet normal -0 0 -1
    outer loop
      vertex 5.44377 -5.7119 0
      vertex 2 -8 0
      vertex 5.26787 -5.64438 0
    endloop
  endfacet
  facet normal 0 0 -1
    outer loop
      vertex 10 0 0
      vertex 23 40 0
      vertex 23 0 0
    endloop
  endfacet
  facet normal -0 0 -1
    outer loop
      vertex 23 40 0
      vertex 10 0 0
      vertex 10 40 0
    endloop
  endfacet
  facet normal 0 0 -1
    outer loop
      vertex 10 40 0
      vertex 7.8 44 0
      vertex 10 48 0
    endloop
  endfacet
  facet normal 0 0 -1
    outer loop
      vertex 7.79014 44.1881 0
      vertex 10 48 0
      vertex 7.8 44 0
    endloop
  endfacet
  facet normal 0 0 -1
    outer loop
      vertex 7.76066 44.3742 0
      vertex 10 48 0
      vertex 7.79014 44.1881 0
    endloop
  endfacet
  facet normal 0 0 -1
    outer loop
      vertex 7.7119 44.5562 0
      vertex 10 48 0
      vertex 7.76066 44.3742 0
    endloop
  endfacet
  facet normal 0 0 -1
    outer loop
      vertex 7.64438 44.7321 0
      vertex 10 48 0
      vertex 7.7119 44.5562 0
    endloop
  endfacet
  facet normal 0 0 -1
    outer loop
      vertex 7.55885 44.9 0
      vertex 10 48 0
      vertex 7.64438 44.7321 0
    endloop
  endfacet
  facet normal 0 0 -1
    outer loop
      vertex 7.45623 45.058 0
      vertex 10 48 0
      vertex 7.55885 44.9 0
    endloop
  endfacet
  facet normal 0 0 -1
    outer loop
      vertex 7.33766 45.2044 0
      vertex 10 48 0
      vertex 7.45623 45.058 0
    endloop
  endfacet
  facet normal 0 0 -1
    outer loop
      vertex 7.20443 45.3377 0
      vertex 10 48 0
      vertex 7.33766 45.2044 0
    endloop
  endfacet
  facet normal 0 0 -1
    outer loop
      vertex 7.05801 45.4562 0
      vertex 10 48 0
      vertex 7.20443 45.3377 0
    endloop
  endfacet
  facet normal 0 0 -1
    outer loop
      vertex 6.9 45.5588 0
      vertex 10 48 0
      vertex 7.05801 45.4562 0
    endloop
  endfacet
  facet normal 0 0 -1
    outer loop
      vertex 6.73213 45.6444 0
      vertex 10 48 0
      vertex 6.9 45.5588 0
    endloop
  endfacet
  facet normal 0 0 -1
    outer loop
      vertex 6.55623 45.7119 0
      vertex 10 48 0
      vertex 6.73213 45.6444 0
    endloop
  endfacet
  facet normal 0 0 -1
    outer loop
      vertex 6.37424 45.7607 0
      vertex 10 48 0
      vertex 6.55623 45.7119 0
    endloop
  endfacet
  facet normal 0 0 -1
    outer loop
      vertex 6.18815 45.7901 0
      vertex 10 48 0
      vertex 6.37424 45.7607 0
    endloop
  endfacet
  facet normal 0 0 -1
    outer loop
      vertex 6 45.8 0
      vertex 10 48 0
      vertex 6.18815 45.7901 0
    endloop
  endfacet
  facet normal 0 0 -1
    outer loop
      vertex 2 48 0
      vertex 6 45.8 0
      vertex 5.81185 45.7901 0
    endloop
  endfacet
  facet normal 0 0 -1
    outer loop
      vertex 2 48 0
      vertex 5.81185 45.7901 0
      vertex 5.62576 45.7607 0
    endloop
  endfacet
  facet normal 0 0 -1
    outer loop
      vertex 2 48 0
      vertex 5.62576 45.7607 0
      vertex 5.44377 45.7119 0
    endloop
  endfacet
  facet normal 0 0 -1
    outer loop
      vertex 2 48 0
      vertex 5.44377 45.7119 0
      vertex 5.26787 45.6444 0
    endloop
  endfacet
  facet normal -0 0 -1
    outer loop
      vertex 4.23933 43.6258 0
      vertex 2 40 0
      vertex 4.20986 43.8118 0
    endloop
  endfacet
  facet normal -0 0 -1
    outer loop
      vertex 4.20986 43.8118 0
      vertex 2 40 0
      vertex 4.2 44 0
    endloop
  endfacet
  facet normal 0 0 -1
    outer loop
      vertex 2 48 0
      vertex 4.2 44 0
      vertex 2 40 0
    endloop
  endfacet
  facet normal 0 0 -1
    outer loop
      vertex 4.2 44 0
      vertex 2 48 0
      vertex 4.20986 44.1881 0
    endloop
  endfacet
  facet normal 0 0 -1
    outer loop
      vertex 4.20986 44.1881 0
      vertex 2 48 0
      vertex 4.23933 44.3742 0
    endloop
  endfacet
  facet normal 0 0 -1
    outer loop
      vertex 4.23933 44.3742 0
      vertex 2 48 0
      vertex 4.2881 44.5562 0
    endloop
  endfacet
  facet normal 0 0 -1
    outer loop
      vertex 6 45.8 0
      vertex 2 48 0
      vertex 10 48 0
    endloop
  endfacet
  facet normal 0 0 -1
    outer loop
      vertex 5.1 45.5588 0
      vertex 2 48 0
      vertex 5.26787 45.6444 0
    endloop
  endfacet
  facet normal 0 0 -1
    outer loop
      vertex 4.94199 45.4562 0
      vertex 2 48 0
      vertex 5.1 45.5588 0
    endloop
  endfacet
  facet normal 0 0 -1
    outer loop
      vertex 4.79556 45.3377 0
      vertex 2 48 0
      vertex 4.94199 45.4562 0
    endloop
  endfacet
  facet normal 0 0 -1
    outer loop
      vertex 4.66234 45.2044 0
      vertex 2 48 0
      vertex 4.79556 45.3377 0
    endloop
  endfacet
  facet normal 0 0 -1
    outer loop
      vertex 4.54377 45.058 0
      vertex 2 48 0
      vertex 4.66234 45.2044 0
    endloop
  endfacet
  facet normal 0 0 -1
    outer loop
      vertex 4.44115 44.9 0
      vertex 2 48 0
      vertex 4.54377 45.058 0
    endloop
  endfacet
  facet normal 0 0 -1
    outer loop
      vertex 4.35562 44.7321 0
      vertex 2 48 0
      vertex 4.44115 44.9 0
    endloop
  endfacet
  facet normal 0 0 -1
    outer loop
      vertex 4.2881 44.5562 0
      vertex 2 48 0
      vertex 4.35562 44.7321 0
    endloop
  endfacet
  facet normal 0 0 -1
    outer loop
      vertex 28.7119 -3.44377 0
      vertex 31 0 0
      vertex 28.7607 -3.62576 0
    endloop
  endfacet
  facet normal 0 0 -1
    outer loop
      vertex 31 40 0
      vertex 28.7901 43.8118 0
      vertex 28.8 44 0
    endloop
  endfacet
  facet normal 0 0 -1
    outer loop
      vertex 28.6444 -3.26787 0
      vertex 31 0 0
      vertex 28.7119 -3.44377 0
    endloop
  endfacet
  facet normal 0 0 -1
    outer loop
      vertex 31 40 0
      vertex 28.7607 43.6258 0
      vertex 28.7901 43.8118 0
    endloop
  endfacet
  facet normal 0 0 -1
    outer loop
      vertex 28.5588 -3.1 0
      vertex 31 0 0
      vertex 28.6444 -3.26787 0
    endloop
  endfacet
  facet normal 0 0 -1
    outer loop
      vertex 31 40 0
      vertex 28.7119 43.4438 0
      vertex 28.7607 43.6258 0
    endloop
  endfacet
  facet normal 0 0 -1
    outer loop
      vertex 28.4562 -2.94199 0
      vertex 31 0 0
      vertex 28.5588 -3.1 0
    endloop
  endfacet
  facet normal 0 0 -1
    outer loop
      vertex 31 40 0
      vertex 28.6444 43.2679 0
      vertex 28.7119 43.4438 0
    endloop
  endfacet
  facet normal 0 0 -1
    outer loop
      vertex 28.3377 -2.79556 0
      vertex 31 0 0
      vertex 28.4562 -2.94199 0
    endloop
  endfacet
  facet normal 0 0 -1
    outer loop
      vertex 31 40 0
      vertex 28.5588 43.1 0
      vertex 28.6444 43.2679 0
    endloop
  endfacet
  facet normal 0 0 -1
    outer loop
      vertex 28.2044 -2.66234 0
      vertex 31 0 0
      vertex 28.3377 -2.79556 0
    endloop
  endfacet
  facet normal 0 0 -1
    outer loop
      vertex 31 40 0
      vertex 28.4562 42.942 0
      vertex 28.5588 43.1 0
    endloop
  endfacet
  facet normal 0 0 -1
    outer loop
      vertex 28.058 -2.54377 0
      vertex 31 0 0
      vertex 28.2044 -2.66234 0
    endloop
  endfacet
  facet normal 0 0 -1
    outer loop
      vertex 31 40 0
      vertex 28.3377 42.7956 0
      vertex 28.4562 42.942 0
    endloop
  endfacet
  facet normal 0 0 -1
    outer loop
      vertex 27.9 -2.44115 0
      vertex 31 0 0
      vertex 28.058 -2.54377 0
    endloop
  endfacet
  facet normal 0 0 -1
    outer loop
      vertex 31 40 0
      vertex 28.2044 42.6623 0
      vertex 28.3377 42.7956 0
    endloop
  endfacet
  facet normal 0 0 -1
    outer loop
      vertex 27.7321 -2.35562 0
      vertex 31 0 0
      vertex 27.9 -2.44115 0
    endloop
  endfacet
  facet normal 0 0 -1
    outer loop
      vertex 31 40 0
      vertex 28.058 42.5438 0
      vertex 28.2044 42.6623 0
    endloop
  endfacet
  facet normal 0 0 -1
    outer loop
      vertex 27.5562 -2.2881 0
      vertex 31 0 0
      vertex 27.7321 -2.35562 0
    endloop
  endfacet
  facet normal 0 0 -1
    outer loop
      vertex 31 40 0
      vertex 27.9 42.4412 0
      vertex 28.058 42.5438 0
    endloop
  endfacet
  facet normal 0 0 -1
    outer loop
      vertex 27.3742 -2.23933 0
      vertex 31 0 0
      vertex 27.5562 -2.2881 0
    endloop
  endfacet
  facet normal 0 0 -1
    outer loop
      vertex 31 40 0
      vertex 27.7321 42.3556 0
      vertex 27.9 42.4412 0
    endloop
  endfacet
  facet normal 0 0 -1
    outer loop
      vertex 31 0 0
      vertex 23 0 0
      vertex 31 40 0
    endloop
  endfacet
  facet normal 0 0 -1
    outer loop
      vertex 31 40 0
      vertex 27.5562 42.2881 0
      vertex 27.7321 42.3556 0
    endloop
  endfacet
  facet normal 0 0 -1
    outer loop
      vertex 27.1882 -2.20986 0
      vertex 31 0 0
      vertex 27.3742 -2.23933 0
    endloop
  endfacet
  facet normal 0 0 -1
    outer loop
      vertex 23 40 0
      vertex 31 40 0
      vertex 23 0 0
    endloop
  endfacet
  facet normal 0 0 -1
    outer loop
      vertex 27 -2.2 0
      vertex 31 0 0
      vertex 27.1882 -2.20986 0
    endloop
  endfacet
  facet normal 0 -0 -1
    outer loop
      vertex 27 42.2 0
      vertex 31 40 0
      vertex 23 40 0
    endloop
  endfacet
  facet normal -0 0 -1
    outer loop
      vertex 31 0 0
      vertex 27 -2.2 0
      vertex 23 0 0
    endloop
  endfacet
  facet normal 0 0 -1
    outer loop
      vertex 31 40 0
      vertex 27.3742 42.2393 0
      vertex 27.5562 42.2881 0
    endloop
  endfacet
  facet normal 0 0 -1
    outer loop
      vertex 23 0 0
      vertex 27 -2.2 0
      vertex 26.8118 -2.20986 0
    endloop
  endfacet
  facet normal 0 0 -1
    outer loop
      vertex 31 40 0
      vertex 27.1882 42.2099 0
      vertex 27.3742 42.2393 0
    endloop
  endfacet
  facet normal 0 0 -1
    outer loop
      vertex 23 0 0
      vertex 26.8118 -2.20986 0
      vertex 26.6258 -2.23933 0
    endloop
  endfacet
  facet normal 0 0 -1
    outer loop
      vertex 31 40 0
      vertex 27 42.2 0
      vertex 27.1882 42.2099 0
    endloop
  endfacet
  facet normal 0 0 -1
    outer loop
      vertex 23 0 0
      vertex 26.6258 -2.23933 0
      vertex 26.4438 -2.2881 0
    endloop
  endfacet
  facet normal -0 0 -1
    outer loop
      vertex 27 42.2 0
      vertex 23 40 0
      vertex 26.8118 42.2099 0
    endloop
  endfacet
  facet normal 0 0 -1
    outer loop
      vertex 23 0 0
      vertex 26.4438 -2.2881 0
      vertex 26.2679 -2.35562 0
    endloop
  endfacet
  facet normal -0 0 -1
    outer loop
      vertex 26.8118 42.2099 0
      vertex 23 40 0
      vertex 26.6258 42.2393 0
    endloop
  endfacet
  facet normal 0 0 -1
    outer loop
      vertex 23 0 0
      vertex 26.2679 -2.35562 0
      vertex 26.1 -2.44115 0
    endloop
  endfacet
  facet normal -0 0 -1
    outer loop
      vertex 26.6258 42.2393 0
      vertex 23 40 0
      vertex 26.4438 42.2881 0
    endloop
  endfacet
  facet normal 0 0 -1
    outer loop
      vertex 23 0 0
      vertex 26.1 -2.44115 0
      vertex 25.942 -2.54377 0
    endloop
  endfacet
  facet normal -0 0 -1
    outer loop
      vertex 26.4438 42.2881 0
      vertex 23 40 0
      vertex 26.2679 42.3556 0
    endloop
  endfacet
  facet normal 0 0 -1
    outer loop
      vertex 23 0 0
      vertex 25.942 -2.54377 0
      vertex 25.7956 -2.66234 0
    endloop
  endfacet
  facet normal -0 0 -1
    outer loop
      vertex 26.2679 42.3556 0
      vertex 23 40 0
      vertex 26.1 42.4412 0
    endloop
  endfacet
  facet normal 0 0 -1
    outer loop
      vertex 23 0 0
      vertex 25.7956 -2.66234 0
      vertex 25.6623 -2.79556 0
    endloop
  endfacet
  facet normal -0 0 -1
    outer loop
      vertex 26.1 42.4412 0
      vertex 23 40 0
      vertex 25.942 42.5438 0
    endloop
  endfacet
  facet normal 0 0 -1
    outer loop
      vertex 23 0 0
      vertex 25.6623 -2.79556 0
      vertex 25.5438 -2.94199 0
    endloop
  endfacet
  facet normal -0 0 -1
    outer loop
      vertex 25.942 42.5438 0
      vertex 23 40 0
      vertex 25.7956 42.6623 0
    endloop
  endfacet
  facet normal 0 0 -1
    outer loop
      vertex 23 0 0
      vertex 25.5438 -2.94199 0
      vertex 25.4412 -3.1 0
    endloop
  endfacet
  facet normal -0 0 -1
    outer loop
      vertex 25.7956 42.6623 0
      vertex 23 40 0
      vertex 25.6623 42.7956 0
    endloop
  endfacet
  facet normal 0 0 -1
    outer loop
      vertex 23 0 0
      vertex 25.4412 -3.1 0
      vertex 25.3556 -3.26787 0
    endloop
  endfacet
  facet normal -0 0 -1
    outer loop
      vertex 25.6623 42.7956 0
      vertex 23 40 0
      vertex 25.5438 42.942 0
    endloop
  endfacet
  facet normal 0 0 -1
    outer loop
      vertex 23 0 0
      vertex 25.3556 -3.26787 0
      vertex 25.2881 -3.44377 0
    endloop
  endfacet
  facet normal -0 0 -1
    outer loop
      vertex 25.5438 42.942 0
      vertex 23 40 0
      vertex 25.4412 43.1 0
    endloop
  endfacet
  facet normal 0 0 -1
    outer loop
      vertex 23 0 0
      vertex 25.2881 -3.44377 0
      vertex 25.2393 -3.62576 0
    endloop
  endfacet
  facet normal -0 0 -1
    outer loop
      vertex 25.4412 43.1 0
      vertex 23 40 0
      vertex 25.3556 43.2679 0
    endloop
  endfacet
  facet normal 0 0 -1
    outer loop
      vertex 23 0 0
      vertex 25.2393 -3.62576 0
      vertex 25.2099 -3.81185 0
    endloop
  endfacet
  facet normal -0 0 -1
    outer loop
      vertex 25.3556 43.2679 0
      vertex 23 40 0
      vertex 25.2881 43.4438 0
    endloop
  endfacet
  facet normal 0 0 -1
    outer loop
      vertex 23 0 0
      vertex 25.2099 -3.81185 0
      vertex 25.2 -4 0
    endloop
  endfacet
  facet normal -0 0 -1
    outer loop
      vertex 25.2881 43.4438 0
      vertex 23 40 0
      vertex 25.2393 43.6258 0
    endloop
  endfacet
  facet normal 0 0 -1
    outer loop
      vertex 28.8 -4 0
      vertex 31 0 0
      vertex 31 -8 0
    endloop
  endfacet
  facet normal 0 0 -1
    outer loop
      vertex 28.7901 -3.81185 0
      vertex 31 0 0
      vertex 28.8 -4 0
    endloop
  endfacet
  facet normal 0 0 -1
    outer loop
      vertex 28.7607 -3.62576 0
      vertex 31 0 0
      vertex 28.7901 -3.81185 0
    endloop
  endfacet
  facet normal 0 0 -1
    outer loop
      vertex 31 -8 0
      vertex 28.7901 -4.18815 0
      vertex 28.8 -4 0
    endloop
  endfacet
  facet normal 0 0 -1
    outer loop
      vertex 31 -8 0
      vertex 28.7607 -4.37424 0
      vertex 28.7901 -4.18815 0
    endloop
  endfacet
  facet normal 0 0 -1
    outer loop
      vertex 31 -8 0
      vertex 28.7119 -4.55623 0
      vertex 28.7607 -4.37424 0
    endloop
  endfacet
  facet normal 0 0 -1
    outer loop
      vertex 31 -8 0
      vertex 28.6444 -4.73213 0
      vertex 28.7119 -4.55623 0
    endloop
  endfacet
  facet normal 0 0 -1
    outer loop
      vertex 31 -8 0
      vertex 28.5588 -4.9 0
      vertex 28.6444 -4.73213 0
    endloop
  endfacet
  facet normal 0 0 -1
    outer loop
      vertex 31 -8 0
      vertex 28.4562 -5.05801 0
      vertex 28.5588 -4.9 0
    endloop
  endfacet
  facet normal 0 0 -1
    outer loop
      vertex 31 -8 0
      vertex 28.3377 -5.20443 0
      vertex 28.4562 -5.05801 0
    endloop
  endfacet
  facet normal 0 0 -1
    outer loop
      vertex 31 -8 0
      vertex 28.2044 -5.33766 0
      vertex 28.3377 -5.20443 0
    endloop
  endfacet
  facet normal 0 0 -1
    outer loop
      vertex 31 -8 0
      vertex 28.058 -5.45623 0
      vertex 28.2044 -5.33766 0
    endloop
  endfacet
  facet normal 0 0 -1
    outer loop
      vertex 31 -8 0
      vertex 27.9 -5.55885 0
      vertex 28.058 -5.45623 0
    endloop
  endfacet
  facet normal 0 0 -1
    outer loop
      vertex 31 -8 0
      vertex 27.7321 -5.64438 0
      vertex 27.9 -5.55885 0
    endloop
  endfacet
  facet normal 0 0 -1
    outer loop
      vertex 31 -8 0
      vertex 27.5562 -5.7119 0
      vertex 27.7321 -5.64438 0
    endloop
  endfacet
  facet normal 0 0 -1
    outer loop
      vertex 31 -8 0
      vertex 27.3742 -5.76066 0
      vertex 27.5562 -5.7119 0
    endloop
  endfacet
  facet normal 0 0 -1
    outer loop
      vertex 31 -8 0
      vertex 27.1882 -5.79014 0
      vertex 27.3742 -5.76066 0
    endloop
  endfacet
  facet normal 0 0 -1
    outer loop
      vertex 31 -8 0
      vertex 27 -5.8 0
      vertex 27.1882 -5.79014 0
    endloop
  endfacet
  facet normal 0 0 -1
    outer loop
      vertex 23 -8 0
      vertex 27 -5.8 0
      vertex 31 -8 0
    endloop
  endfacet
  facet normal -0 0 -1
    outer loop
      vertex 27 -5.8 0
      vertex 23 -8 0
      vertex 26.8118 -5.79014 0
    endloop
  endfacet
  facet normal -0 0 -1
    outer loop
      vertex 26.8118 -5.79014 0
      vertex 23 -8 0
      vertex 26.6258 -5.76066 0
    endloop
  endfacet
  facet normal -0 0 -1
    outer loop
      vertex 26.6258 -5.76066 0
      vertex 23 -8 0
      vertex 26.4438 -5.7119 0
    endloop
  endfacet
  facet normal 0 0 -1
    outer loop
      vertex 23 0 0
      vertex 25.2 -4 0
      vertex 23 -8 0
    endloop
  endfacet
  facet normal -0 0 -1
    outer loop
      vertex 25.2099 -4.18815 0
      vertex 23 -8 0
      vertex 25.2 -4 0
    endloop
  endfacet
  facet normal -0 0 -1
    outer loop
      vertex 25.2393 -4.37424 0
      vertex 23 -8 0
      vertex 25.2099 -4.18815 0
    endloop
  endfacet
  facet normal -0 0 -1
    outer loop
      vertex 25.2881 -4.55623 0
      vertex 23 -8 0
      vertex 25.2393 -4.37424 0
    endloop
  endfacet
  facet normal -0 0 -1
    outer loop
      vertex 25.3556 -4.73213 0
      vertex 23 -8 0
      vertex 25.2881 -4.55623 0
    endloop
  endfacet
  facet normal -0 0 -1
    outer loop
      vertex 25.4412 -4.9 0
      vertex 23 -8 0
      vertex 25.3556 -4.73213 0
    endloop
  endfacet
  facet normal -0 0 -1
    outer loop
      vertex 25.5438 -5.05801 0
      vertex 23 -8 0
      vertex 25.4412 -4.9 0
    endloop
  endfacet
  facet normal -0 0 -1
    outer loop
      vertex 25.6623 -5.20443 0
      vertex 23 -8 0
      vertex 25.5438 -5.05801 0
    endloop
  endfacet
  facet normal -0 0 -1
    outer loop
      vertex 25.7956 -5.33766 0
      vertex 23 -8 0
      vertex 25.6623 -5.20443 0
    endloop
  endfacet
  facet normal -0 0 -1
    outer loop
      vertex 25.942 -5.45623 0
      vertex 23 -8 0
      vertex 25.7956 -5.33766 0
    endloop
  endfacet
  facet normal -0 0 -1
    outer loop
      vertex 26.1 -5.55885 0
      vertex 23 -8 0
      vertex 25.942 -5.45623 0
    endloop
  endfacet
  facet normal -0 0 -1
    outer loop
      vertex 26.2679 -5.64438 0
      vertex 23 -8 0
      vertex 26.1 -5.55885 0
    endloop
  endfacet
  facet normal -0 0 -1
    outer loop
      vertex 26.4438 -5.7119 0
      vertex 23 -8 0
      vertex 26.2679 -5.64438 0
    endloop
  endfacet
  facet normal 0 0 -1
    outer loop
      vertex 31 0 0
      vertex 33 40 0
      vertex 33 0 0
    endloop
  endfacet
  facet normal -0 0 -1
    outer loop
      vertex 33 40 0
      vertex 31 0 0
      vertex 31 40 0
    endloop
  endfacet
  facet normal 0 0 -1
    outer loop
      vertex 31 40 0
      vertex 28.8 44 0
      vertex 31 48 0
    endloop
  endfacet
  facet normal 0 0 -1
    outer loop
      vertex 28.7901 44.1881 0
      vertex 31 48 0
      vertex 28.8 44 0
    endloop
  endfacet
  facet normal 0 0 -1
    outer loop
      vertex 28.7607 44.3742 0
      vertex 31 48 0
      vertex 28.7901 44.1881 0
    endloop
  endfacet
  facet normal 0 0 -1
    outer loop
      vertex 28.7119 44.5562 0
      vertex 31 48 0
      vertex 28.7607 44.3742 0
    endloop
  endfacet
  facet normal 0 0 -1
    outer loop
      vertex 28.6444 44.7321 0
      vertex 31 48 0
      vertex 28.7119 44.5562 0
    endloop
  endfacet
  facet normal 0 0 -1
    outer loop
      vertex 28.5588 44.9 0
      vertex 31 48 0
      vertex 28.6444 44.7321 0
    endloop
  endfacet
  facet normal 0 0 -1
    outer loop
      vertex 28.4562 45.058 0
      vertex 31 48 0
      vertex 28.5588 44.9 0
    endloop
  endfacet
  facet normal 0 0 -1
    outer loop
      vertex 28.3377 45.2044 0
      vertex 31 48 0
      vertex 28.4562 45.058 0
    endloop
  endfacet
  facet normal 0 0 -1
    outer loop
      vertex 28.2044 45.3377 0
      vertex 31 48 0
      vertex 28.3377 45.2044 0
    endloop
  endfacet
  facet normal 0 0 -1
    outer loop
      vertex 28.058 45.4562 0
      vertex 31 48 0
      vertex 28.2044 45.3377 0
    endloop
  endfacet
  facet normal 0 0 -1
    outer loop
      vertex 27.9 45.5588 0
      vertex 31 48 0
      vertex 28.058 45.4562 0
    endloop
  endfacet
  facet normal 0 0 -1
    outer loop
      vertex 27.7321 45.6444 0
      vertex 31 48 0
      vertex 27.9 45.5588 0
    endloop
  endfacet
  facet normal 0 0 -1
    outer loop
      vertex 27.5562 45.7119 0
      vertex 31 48 0
      vertex 27.7321 45.6444 0
    endloop
  endfacet
  facet normal 0 0 -1
    outer loop
      vertex 27.3742 45.7607 0
      vertex 31 48 0
      vertex 27.5562 45.7119 0
    endloop
  endfacet
  facet normal 0 0 -1
    outer loop
      vertex 27.1882 45.7901 0
      vertex 31 48 0
      vertex 27.3742 45.7607 0
    endloop
  endfacet
  facet normal 0 0 -1
    outer loop
      vertex 27 45.8 0
      vertex 31 48 0
      vertex 27.1882 45.7901 0
    endloop
  endfacet
  facet normal 0 0 -1
    outer loop
      vertex 23 48 0
      vertex 27 45.8 0
      vertex 26.8118 45.7901 0
    endloop
  endfacet
  facet normal 0 0 -1
    outer loop
      vertex 23 48 0
      vertex 26.8118 45.7901 0
      vertex 26.6258 45.7607 0
    endloop
  endfacet
  facet normal 0 0 -1
    outer loop
      vertex 23 48 0
      vertex 26.6258 45.7607 0
      vertex 26.4438 45.7119 0
    endloop
  endfacet
  facet normal 0 0 -1
    outer loop
      vertex 23 48 0
      vertex 26.4438 45.7119 0
      vertex 26.2679 45.6444 0
    endloop
  endfacet
  facet normal -0 0 -1
    outer loop
      vertex 25.2393 43.6258 0
      vertex 23 40 0
      vertex 25.2099 43.8118 0
    endloop
  endfacet
  facet normal -0 0 -1
    outer loop
      vertex 25.2099 43.8118 0
      vertex 23 40 0
      vertex 25.2 44 0
    endloop
  endfacet
  facet normal 0 0 -1
    outer loop
      vertex 23 48 0
      vertex 25.2 44 0
      vertex 23 40 0
    endloop
  endfacet
  facet normal 0 0 -1
    outer loop
      vertex 25.2 44 0
      vertex 23 48 0
      vertex 25.2099 44.1881 0
    endloop
  endfacet
  facet normal 0 0 -1
    outer loop
      vertex 25.2099 44.1881 0
      vertex 23 48 0
      vertex 25.2393 44.3742 0
    endloop
  endfacet
  facet normal 0 0 -1
    outer loop
      vertex 25.2393 44.3742 0
      vertex 23 48 0
      vertex 25.2881 44.5562 0
    endloop
  endfacet
  facet normal 0 0 -1
    outer loop
      vertex 27 45.8 0
      vertex 23 48 0
      vertex 31 48 0
    endloop
  endfacet
  facet normal 0 0 -1
    outer loop
      vertex 26.1 45.5588 0
      vertex 23 48 0
      vertex 26.2679 45.6444 0
    endloop
  endfacet
  facet normal 0 0 -1
    outer loop
      vertex 25.942 45.4562 0
      vertex 23 48 0
      vertex 26.1 45.5588 0
    endloop
  endfacet
  facet normal 0 0 -1
    outer loop
      vertex 25.7956 45.3377 0
      vertex 23 48 0
      vertex 25.942 45.4562 0
    endloop
  endfacet
  facet normal 0 0 -1
    outer loop
      vertex 25.6623 45.2044 0
      vertex 23 48 0
      vertex 25.7956 45.3377 0
    endloop
  endfacet
  facet normal 0 0 -1
    outer loop
      vertex 25.5438 45.058 0
      vertex 23 48 0
      vertex 25.6623 45.2044 0
    endloop
  endfacet
  facet normal 0 0 -1
    outer loop
      vertex 25.4412 44.9 0
      vertex 23 48 0
      vertex 25.5438 45.058 0
    endloop
  endfacet
  facet normal 0 0 -1
    outer loop
      vertex 25.3556 44.7321 0
      vertex 23 48 0
      vertex 25.4412 44.9 0
    endloop
  endfacet
  facet normal 0 0 -1
    outer loop
      vertex 25.2881 44.5562 0
      vertex 23 48 0
      vertex 25.3556 44.7321 0
    endloop
  endfacet
  facet normal -1 0 0
    outer loop
      vertex 2 -8 0
      vertex 2 0 3
      vertex 2 0 0
    endloop
  endfacet
  facet normal -1 -0 0
    outer loop
      vertex 2 0 3
      vertex 2 -8 0
      vertex 2 -8 3
    endloop
  endfacet
  facet normal 0 -1 0
    outer loop
      vertex 2 -8 0
      vertex 10 -8 3
      vertex 2 -8 3
    endloop
  endfacet
  facet normal 0 -1 -0
    outer loop
      vertex 10 -8 3
      vertex 2 -8 0
      vertex 10 -8 0
    endloop
  endfacet
  facet normal 1 -0 0
    outer loop
      vertex 10 40 3
      vertex 10 48 0
      vertex 10 48 3
    endloop
  endfacet
  facet normal 1 0 0
    outer loop
      vertex 10 48 0
      vertex 10 40 3
      vertex 10 40 0
    endloop
  endfacet
  facet normal 0 0 1
    outer loop
      vertex 10 48 3
      vertex 9.17543 44 3
      vertex 10 40 3
    endloop
  endfacet
  facet normal 0 0 1
    outer loop
      vertex 10 48 3
      vertex 7.58771 46.75 3
      vertex 9.17543 44 3
    endloop
  endfacet
  facet normal 0 0 1
    outer loop
      vertex 10 48 3
      vertex 4.41229 46.75 3
      vertex 7.58771 46.75 3
    endloop
  endfacet
  facet normal 0 0 1
    outer loop
      vertex 4.41229 46.75 3
      vertex 2 48 3
      vertex 2.82457 44 3
    endloop
  endfacet
  facet normal -0 0 1
    outer loop
      vertex 2 48 3
      vertex 4.41229 46.75 3
      vertex 10 48 3
    endloop
  endfacet
  facet normal -0 0 1
    outer loop
      vertex 7.58771 41.25 3
      vertex 10 40 3
      vertex 9.17543 44 3
    endloop
  endfacet
  facet normal -0 0 1
    outer loop
      vertex 4.41229 41.25 3
      vertex 10 40 3
      vertex 7.58771 41.25 3
    endloop
  endfacet
  facet normal 0 0 1
    outer loop
      vertex 4.41229 41.25 3
      vertex 2 40 3
      vertex 10 40 3
    endloop
  endfacet
  facet normal 0 0 1
    outer loop
      vertex 2.82457 44 3
      vertex 2 40 3
      vertex 4.41229 41.25 3
    endloop
  endfacet
  facet normal 0 0 1
    outer loop
      vertex 2 40 3
      vertex 2.82457 44 3
      vertex 2 48 3
    endloop
  endfacet
  facet normal -1 0 0
    outer loop
      vertex 2 40 0
      vertex 2 48 3
      vertex 2 48 0
    endloop
  endfacet
  facet normal -1 -0 0
    outer loop
      vertex 2 48 3
      vertex 2 40 0
      vertex 2 40 3
    endloop
  endfacet
  facet normal 0 1 -0
    outer loop
      vertex 10 48 0
      vertex 2 48 3
      vertex 10 48 3
    endloop
  endfacet
  facet normal 0 1 0
    outer loop
      vertex 2 48 3
      vertex 10 48 0
      vertex 2 48 0
    endloop
  endfacet
  facet normal 1 -0 0
    outer loop
      vertex 31 -8 3
      vertex 31 0 0
      vertex 31 0 3
    endloop
  endfacet
  facet normal 1 0 0
    outer loop
      vertex 31 0 0
      vertex 31 -8 3
      vertex 31 -8 0
    endloop
  endfacet
  facet normal 0 0 1
    outer loop
      vertex 31 0 3
      vertex 30.1754 -4 3
      vertex 31 -8 3
    endloop
  endfacet
  facet normal 0 0 1
    outer loop
      vertex 31 0 3
      vertex 28.5877 -1.25 3
      vertex 30.1754 -4 3
    endloop
  endfacet
  facet normal 0 0 1
    outer loop
      vertex 31 0 3
      vertex 25.4123 -1.25 3
      vertex 28.5877 -1.25 3
    endloop
  endfacet
  facet normal 0 0 1
    outer loop
      vertex 25.4123 -1.25 3
      vertex 23 0 3
      vertex 23.8246 -4 3
    endloop
  endfacet
  facet normal -0 0 1
    outer loop
      vertex 23 0 3
      vertex 25.4123 -1.25 3
      vertex 31 0 3
    endloop
  endfacet
  facet normal -0 0 1
    outer loop
      vertex 28.5877 -6.75 3
      vertex 31 -8 3
      vertex 30.1754 -4 3
    endloop
  endfacet
  facet normal -0 0 1
    outer loop
      vertex 25.4123 -6.75 3
      vertex 31 -8 3
      vertex 28.5877 -6.75 3
    endloop
  endfacet
  facet normal 0 0 1
    outer loop
      vertex 25.4123 -6.75 3
      vertex 23 -8 3
      vertex 31 -8 3
    endloop
  endfacet
  facet normal 0 0 1
    outer loop
      vertex 23.8246 -4 3
      vertex 23 -8 3
      vertex 25.4123 -6.75 3
    endloop
  endfacet
  facet normal 0 0 1
    outer loop
      vertex 23 -8 3
      vertex 23.8246 -4 3
      vertex 23 0 3
    endloop
  endfacet
  facet normal -1 0 0
    outer loop
      vertex 23 -8 0
      vertex 23 0 3
      vertex 23 0 0
    endloop
  endfacet
  facet normal -1 -0 0
    outer loop
      vertex 23 0 3
      vertex 23 -8 0
      vertex 23 -8 3
    endloop
  endfacet
  facet normal 0 -1 0
    outer loop
      vertex 23 -8 0
      vertex 31 -8 3
      vertex 23 -8 3
    endloop
  endfacet
  facet normal 0 -1 -0
    outer loop
      vertex 31 -8 3
      vertex 23 -8 0
      vertex 31 -8 0
    endloop
  endfacet
  facet normal 1 -0 0
    outer loop
      vertex 31 40 3
      vertex 31 48 0
      vertex 31 48 3
    endloop
  endfacet
  facet normal 1 0 0
    outer loop
      vertex 31 48 0
      vertex 31 40 3
      vertex 31 40 0
    endloop
  endfacet
  facet normal 0 0 1
    outer loop
      vertex 31 48 3
      vertex 30.1754 44 3
      vertex 31 40 3
    endloop
  endfacet
  facet normal 0 0 1
    outer loop
      vertex 31 48 3
      vertex 28.5877 46.75 3
      vertex 30.1754 44 3
    endloop
  endfacet
  facet normal 0 0 1
    outer loop
      vertex 31 48 3
      vertex 25.4123 46.75 3
      vertex 28.5877 46.75 3
    endloop
  endfacet
  facet normal 0 0 1
    outer loop
      vertex 25.4123 46.75 3
      vertex 23 48 3
      vertex 23.8246 44 3
    endloop
  endfacet
  facet normal -0 0 1
    outer loop
      vertex 23 48 3
      vertex 25.4123 46.75 3
      vertex 31 48 3
    endloop
  endfacet
  facet normal -0 0 1
    outer loop
      vertex 28.5877 41.25 3
      vertex 31 40 3
      vertex 30.1754 44 3
    endloop
  endfacet
  facet normal -0 0 1
    outer loop
      vertex 25.4123 41.25 3
      vertex 31 40 3
      vertex 28.5877 41.25 3
    endloop
  endfacet
  facet normal 0 0 1
    outer loop
      vertex 25.4123 41.25 3
      vertex 23 40 3
      vertex 31 40 3
    endloop
  endfacet
  facet normal 0 0 1
    outer loop
      vertex 23.8246 44 3
      vertex 23 40 3
      vertex 25.4123 41.25 3
    endloop
  endfacet
  facet normal 0 0 1
    outer loop
      vertex 23 40 3
      vertex 23.8246 44 3
      vertex 23 48 3
    endloop
  endfacet
  facet normal -1 0 0
    outer loop
      vertex 23 40 0
      vertex 23 48 3
      vertex 23 48 0
    endloop
  endfacet
  facet normal -1 -0 0
    outer loop
      vertex 23 48 3
      vertex 23 40 0
      vertex 23 40 3
    endloop
  endfacet
  facet normal 0 1 -0
    outer loop
      vertex 31 48 0
      vertex 23 48 3
      vertex 31 48 3
    endloop
  endfacet
  facet normal 0 1 0
    outer loop
      vertex 23 48 3
      vertex 31 48 0
      vertex 23 48 0
    endloop
  endfacet
  facet normal 0 -1 0
    outer loop
      vertex 4.41229 -6.75 3
      vertex 7.58771 -6.75 5.45
      vertex 4.41229 -6.75 5.45
    endloop
  endfacet
  facet normal 0 -1 -0
    outer loop
      vertex 7.58771 -6.75 5.45
      vertex 4.41229 -6.75 3
      vertex 7.58771 -6.75 3
    endloop
  endfacet
  facet normal 0.866024 -0.500002 2.85412e-17
    outer loop
      vertex 7.58771 -6.75 5.45
      vertex 9.17543 -4 3
      vertex 9.17543 -4 5.45
    endloop
  endfacet
  facet normal 0.866024 -0.500002 2.85412e-17
    outer loop
      vertex 9.17543 -4 3
      vertex 7.58771 -6.75 5.45
      vertex 7.58771 -6.75 3
    endloop
  endfacet
  facet normal 0 1 -0
    outer loop
      vertex 7.58771 -1.25 3
      vertex 4.41229 -1.25 5.45
      vertex 7.58771 -1.25 5.45
    endloop
  endfacet
  facet normal 0 1 0
    outer loop
      vertex 4.41229 -1.25 5.45
      vertex 7.58771 -1.25 3
      vertex 4.41229 -1.25 3
    endloop
  endfacet
  facet normal 0.866024 0.500002 -2.85412e-17
    outer loop
      vertex 9.17543 -4 5.45
      vertex 7.58771 -1.25 3
      vertex 7.58771 -1.25 5.45
    endloop
  endfacet
  facet normal 0.866024 0.500002 -2.85412e-17
    outer loop
      vertex 7.58771 -1.25 3
      vertex 9.17543 -4 5.45
      vertex 9.17543 -4 3
    endloop
  endfacet
  facet normal -0.866024 0.500002 -1.42706e-17
    outer loop
      vertex 2.82457 -4 3
      vertex 4.41229 -1.25 5.45
      vertex 4.41229 -1.25 3
    endloop
  endfacet
  facet normal -0.866024 0.500002 -1.42706e-17
    outer loop
      vertex 4.41229 -1.25 5.45
      vertex 2.82457 -4 3
      vertex 2.82457 -4 5.45
    endloop
  endfacet
  facet normal -0.866024 -0.500002 1.42706e-17
    outer loop
      vertex 4.41229 -6.75 3
      vertex 2.82457 -4 5.45
      vertex 2.82457 -4 3
    endloop
  endfacet
  facet normal -0.866024 -0.500002 1.42706e-17
    outer loop
      vertex 2.82457 -4 5.45
      vertex 4.41229 -6.75 3
      vertex 4.41229 -6.75 5.45
    endloop
  endfacet
  facet normal 0 0 1
    outer loop
      vertex 7.58771 -1.25 5.45
      vertex 7.58771 -6.75 5.45
      vertex 9.17543 -4 5.45
    endloop
  endfacet
  facet normal -0 0 1
    outer loop
      vertex 4.41229 -1.25 5.45
      vertex 7.58771 -6.75 5.45
      vertex 7.58771 -1.25 5.45
    endloop
  endfacet
  facet normal 0 0 1
    outer loop
      vertex 4.41229 -1.25 5.45
      vertex 4.41229 -6.75 5.45
      vertex 7.58771 -6.75 5.45
    endloop
  endfacet
  facet normal 0 -0 1
    outer loop
      vertex 4.41229 -6.75 5.45
      vertex 4.41229 -1.25 5.45
      vertex 2.82457 -4 5.45
    endloop
  endfacet
  facet normal 0 -1 0
    outer loop
      vertex 4.41229 41.25 3
      vertex 7.58771 41.25 5.45
      vertex 4.41229 41.25 5.45
    endloop
  endfacet
  facet normal 0 -1 -0
    outer loop
      vertex 7.58771 41.25 5.45
      vertex 4.41229 41.25 3
      vertex 7.58771 41.25 3
    endloop
  endfacet
  facet normal 0.866024 -0.500002 2.85412e-17
    outer loop
      vertex 7.58771 41.25 5.45
      vertex 9.17543 44 3
      vertex 9.17543 44 5.45
    endloop
  endfacet
  facet normal 0.866024 -0.500002 2.85412e-17
    outer loop
      vertex 9.17543 44 3
      vertex 7.58771 41.25 5.45
      vertex 7.58771 41.25 3
    endloop
  endfacet
  facet normal 0 1 -0
    outer loop
      vertex 7.58771 46.75 3
      vertex 4.41229 46.75 5.45
      vertex 7.58771 46.75 5.45
    endloop
  endfacet
  facet normal 0 1 0
    outer loop
      vertex 4.41229 46.75 5.45
      vertex 7.58771 46.75 3
      vertex 4.41229 46.75 3
    endloop
  endfacet
  facet normal 0.866024 0.500002 -2.85412e-17
    outer loop
      vertex 9.17543 44 5.45
      vertex 7.58771 46.75 3
      vertex 7.58771 46.75 5.45
    endloop
  endfacet
  facet normal 0.866024 0.500002 -2.85412e-17
    outer loop
      vertex 7.58771 46.75 3
      vertex 9.17543 44 5.45
      vertex 9.17543 44 3
    endloop
  endfacet
  facet normal -0.866024 0.500002 -1.42706e-17
    outer loop
      vertex 2.82457 44 3
      vertex 4.41229 46.75 5.45
      vertex 4.41229 46.75 3
    endloop
  endfacet
  facet normal -0.866024 0.500002 -1.42706e-17
    outer loop
      vertex 4.41229 46.75 5.45
      vertex 2.82457 44 3
      vertex 2.82457 44 5.45
    endloop
  endfacet
  facet normal -0.866024 -0.500002 1.42706e-17
    outer loop
      vertex 4.41229 41.25 3
      vertex 2.82457 44 5.45
      vertex 2.82457 44 3
    endloop
  endfacet
  facet normal -0.866024 -0.500002 1.42706e-17
    outer loop
      vertex 2.82457 44 5.45
      vertex 4.41229 41.25 3
      vertex 4.41229 41.25 5.45
    endloop
  endfacet
  facet normal 0 0 1
    outer loop
      vertex 7.58771 46.75 5.45
      vertex 7.58771 41.25 5.45
      vertex 9.17543 44 5.45
    endloop
  endfacet
  facet normal -0 0 1
    outer loop
      vertex 4.41229 46.75 5.45
      vertex 7.58771 41.25 5.45
      vertex 7.58771 46.75 5.45
    endloop
  endfacet
  facet normal 0 0 1
    outer loop
      vertex 4.41229 46.75 5.45
      vertex 4.41229 41.25 5.45
      vertex 7.58771 41.25 5.45
    endloop
  endfacet
  facet normal 0 -0 1
    outer loop
      vertex 4.41229 41.25 5.45
      vertex 4.41229 46.75 5.45
      vertex 2.82457 44 5.45
    endloop
  endfacet
  facet normal 0 -1 0
    outer loop
      vertex 25.4123 -6.75 3
      vertex 28.5877 -6.75 5.45
      vertex 25.4123 -6.75 5.45
    endloop
  endfacet
  facet normal 0 -1 -0
    outer loop
      vertex 28.5877 -6.75 5.45
      vertex 25.4123 -6.75 3
      vertex 28.5877 -6.75 3
    endloop
  endfacet
  facet normal 0.866027 -0.499997 0
    outer loop
      vertex 28.5877 -6.75 5.45
      vertex 30.1754 -4 3
      vertex 30.1754 -4 5.45
    endloop
  endfacet
  facet normal 0.866027 -0.499997 0
    outer loop
      vertex 30.1754 -4 3
      vertex 28.5877 -6.75 5.45
      vertex 28.5877 -6.75 3
    endloop
  endfacet
  facet normal 0 1 -0
    outer loop
      vertex 28.5877 -1.25 3
      vertex 25.4123 -1.25 5.45
      vertex 28.5877 -1.25 5.45
    endloop
  endfacet
  facet normal 0 1 0
    outer loop
      vertex 25.4123 -1.25 5.45
      vertex 28.5877 -1.25 3
      vertex 25.4123 -1.25 3
    endloop
  endfacet
  facet normal 0.866027 0.499997 0
    outer loop
      vertex 30.1754 -4 5.45
      vertex 28.5877 -1.25 3
      vertex 28.5877 -1.25 5.45
    endloop
  endfacet
  facet normal 0.866027 0.499997 0
    outer loop
      vertex 28.5877 -1.25 3
      vertex 30.1754 -4 5.45
      vertex 30.1754 -4 3
    endloop
  endfacet
  facet normal -0.866027 0.499997 0
    outer loop
      vertex 23.8246 -4 3
      vertex 25.4123 -1.25 5.45
      vertex 25.4123 -1.25 3
    endloop
  endfacet
  facet normal -0.866027 0.499997 0
    outer loop
      vertex 25.4123 -1.25 5.45
      vertex 23.8246 -4 3
      vertex 23.8246 -4 5.45
    endloop
  endfacet
  facet normal -0.866027 -0.499997 0
    outer loop
      vertex 25.4123 -6.75 3
      vertex 23.8246 -4 5.45
      vertex 23.8246 -4 3
    endloop
  endfacet
  facet normal -0.866027 -0.499997 0
    outer loop
      vertex 23.8246 -4 5.45
      vertex 25.4123 -6.75 3
      vertex 25.4123 -6.75 5.45
    endloop
  endfacet
  facet normal 0 0 1
    outer loop
      vertex 28.5877 -1.25 5.45
      vertex 28.5877 -6.75 5.45
      vertex 30.1754 -4 5.45
    endloop
  endfacet
  facet normal -0 0 1
    outer loop
      vertex 25.4123 -1.25 5.45
      vertex 28.5877 -6.75 5.45
      vertex 28.5877 -1.25 5.45
    endloop
  endfacet
  facet normal 0 0 1
    outer loop
      vertex 25.4123 -1.25 5.45
      vertex 25.4123 -6.75 5.45
      vertex 28.5877 -6.75 5.45
    endloop
  endfacet
  facet normal 0 -0 1
    outer loop
      vertex 25.4123 -6.75 5.45
      vertex 25.4123 -1.25 5.45
      vertex 23.8246 -4 5.45
    endloop
  endfacet
  facet normal 0 -1 0
    outer loop
      vertex 25.4123 41.25 3
      vertex 28.5877 41.25 5.45
      vertex 25.4123 41.25 5.45
    endloop
  endfacet
  facet normal 0 -1 -0
    outer loop
      vertex 28.5877 41.25 5.45
      vertex 25.4123 41.25 3
      vertex 28.5877 41.25 3
    endloop
  endfacet
  facet normal 0.866027 -0.499997 0
    outer loop
      vertex 28.5877 41.25 5.45
      vertex 30.1754 44 3
      vertex 30.1754 44 5.45
    endloop
  endfacet
  facet normal 0.866027 -0.499997 0
    outer loop
      vertex 30.1754 44 3
      vertex 28.5877 41.25 5.45
      vertex 28.5877 41.25 3
    endloop
  endfacet
  facet normal 0 1 -0
    outer loop
      vertex 28.5877 46.75 3
      vertex 25.4123 46.75 5.45
      vertex 28.5877 46.75 5.45
    endloop
  endfacet
  facet normal 0 1 0
    outer loop
      vertex 25.4123 46.75 5.45
      vertex 28.5877 46.75 3
      vertex 25.4123 46.75 3
    endloop
  endfacet
  facet normal 0.866027 0.499997 0
    outer loop
      vertex 30.1754 44 5.45
      vertex 28.5877 46.75 3
      vertex 28.5877 46.75 5.45
    endloop
  endfacet
  facet normal 0.866027 0.499997 0
    outer loop
      vertex 28.5877 46.75 3
      vertex 30.1754 44 5.45
      vertex 30.1754 44 3
    endloop
  endfacet
  facet normal -0.866027 0.499997 0
    outer loop
      vertex 23.8246 44 3
      vertex 25.4123 46.75 5.45
      vertex 25.4123 46.75 3
    endloop
  endfacet
  facet normal -0.866027 0.499997 0
    outer loop
      vertex 25.4123 46.75 5.45
      vertex 23.8246 44 3
      vertex 23.8246 44 5.45
    endloop
  endfacet
  facet normal -0.866027 -0.499997 0
    outer loop
      vertex 25.4123 41.25 3
      vertex 23.8246 44 5.45
      vertex 23.8246 44 3
    endloop
  endfacet
  facet normal -0.866027 -0.499997 0
    outer loop
      vertex 23.8246 44 5.45
      vertex 25.4123 41.25 3
      vertex 25.4123 41.25 5.45
    endloop
  endfacet
  facet normal 0 0 1
    outer loop
      vertex 28.5877 46.75 5.45
      vertex 28.5877 41.25 5.45
      vertex 30.1754 44 5.45
    endloop
  endfacet
  facet normal -0 0 1
    outer loop
      vertex 25.4123 46.75 5.45
      vertex 28.5877 41.25 5.45
      vertex 28.5877 46.75 5.45
    endloop
  endfacet
  facet normal 0 0 1
    outer loop
      vertex 25.4123 46.75 5.45
      vertex 25.4123 41.25 5.45
      vertex 28.5877 41.25 5.45
    endloop
  endfacet
  facet normal 0 -0 1
    outer loop
      vertex 25.4123 41.25 5.45
      vertex 25.4123 46.75 5.45
      vertex 23.8246 44 5.45
    endloop
  endfacet
  facet normal 1 -0 0
    outer loop
      vertex 33 0 4
      vertex 33 40 0
      vertex 33 40 4
    endloop
  endfacet
  facet normal 1 0 0
    outer loop
      vertex 33 40 0
      vertex 33 0 4
      vertex 33 0 0
    endloop
  endfacet
  facet normal 0 0 1
    outer loop
      vertex 16.5 13.769 4
      vertex 2.89013 9.78689 4
      vertex 14.8437 9.78689 4
    endloop
  endfacet
  facet normal -0 0 1
    outer loop
      vertex 0 13.769 4
      vertex 2.89013 9.78689 4
      vertex 16.5 13.769 4
    endloop
  endfacet
  facet normal 0 0 1
    outer loop
      vertex 2.89013 9.78689 4
      vertex 0 13.769 4
      vertex 1.61328 9.78689 4
    endloop
  endfacet
  facet normal 0 0 1
    outer loop
      vertex 1.61328 9.78689 4
      vertex 0 13.769 4
      vertex 0 9.40792 4
    endloop
  endfacet
  facet normal 0 0 1
    outer loop
      vertex 33 40 4
      vertex 16.5 26.231 4
      vertex 33 0 4
    endloop
  endfacet
  facet normal 0 0 1
    outer loop
      vertex 33 40 4
      vertex 14.8437 32.7131 4
      vertex 16.5 26.231 4
    endloop
  endfacet
  facet normal -0 0 1
    outer loop
      vertex 0 40 4
      vertex 14.8437 32.7131 4
      vertex 33 40 4
    endloop
  endfacet
  facet normal 0 0 1
    outer loop
      vertex 14.8437 32.7131 4
      vertex 0 40 4
      vertex 0 36.2 4
    endloop
  endfacet
  facet normal -0 0 1
    outer loop
      vertex 16.5 13.769 4
      vertex 33 0 4
      vertex 16.5 26.231 4
    endloop
  endfacet
  facet normal -0 0 1
    outer loop
      vertex 14.8437 9.78689 4
      vertex 33 0 4
      vertex 16.5 13.769 4
    endloop
  endfacet
  facet normal 0 0 1
    outer loop
      vertex 0 0 4
      vertex 14.8437 9.78689 4
      vertex 0 6.3 4
    endloop
  endfacet
  facet normal 0 0 1
    outer loop
      vertex 14.8437 9.78689 4
      vertex 0 0 4
      vertex 33 0 4
    endloop
  endfacet
  facet normal -0 0 1
    outer loop
      vertex 2.89013 32.7131 4
      vertex 16.5 26.231 4
      vertex 14.8437 32.7131 4
    endloop
  endfacet
  facet normal 0 0 1
    outer loop
      vertex 0 26.231 4
      vertex 2.89013 32.7131 4
      vertex 1.61328 32.7131 4
    endloop
  endfacet
  facet normal 0 0 1
    outer loop
      vertex 0 26.231 4
      vertex 1.61328 32.7131 4
      vertex 0 33.0921 4
    endloop
  endfacet
  facet normal 0 0 1
    outer loop
      vertex 2.89013 32.7131 4
      vertex 0 26.231 4
      vertex 16.5 26.231 4
    endloop
  endfacet
  facet normal -1 0 0
    outer loop
      vertex 0 40 0
      vertex 0 36.2 4
      vertex 0 40 4
    endloop
  endfacet
  facet normal -1 0 0
    outer loop
      vertex 0 40 0
      vertex 0 35.0528 2.3617
      vertex 0 36.2 4
    endloop
  endfacet
  facet normal -1 0 0
    outer loop
      vertex 0 25.353 3.05484
      vertex 0 32.9674 3.82194
      vertex 0 32.9957 3.80214
    endloop
  endfacet
  facet normal -1 0 0
    outer loop
      vertex 0 25.353 3.05484
      vertex 0 32.9957 3.80214
      vertex 0 35.0528 2.3617
    endloop
  endfacet
  facet normal -1 0 0
    outer loop
      vertex 0 23.2539 1.69164
      vertex 0 35.0528 2.3617
      vertex 0 40 0
    endloop
  endfacet
  facet normal -1 -0 0
    outer loop
      vertex 0 32.9674 3.82194
      vertex 0 25.9452 3.64695
      vertex 0 26.231 4
    endloop
  endfacet
  facet normal -1 0 0
    outer loop
      vertex 0 32.9674 3.82194
      vertex 0 25.353 3.05484
      vertex 0 25.9452 3.64695
    endloop
  endfacet
  facet normal -1 0 0
    outer loop
      vertex 0 35.0528 2.3617
      vertex 0 24.7023 2.52786
      vertex 0 25.353 3.05484
    endloop
  endfacet
  facet normal -1 -0 0
    outer loop
      vertex 0 35.0528 2.3617
      vertex 0 24 2.0718
      vertex 0 24.7023 2.52786
    endloop
  endfacet
  facet normal -1 0 0
    outer loop
      vertex 0 35.0528 2.3617
      vertex 0 23.2539 1.69164
      vertex 0 24 2.0718
    endloop
  endfacet
  facet normal -1 0 0
    outer loop
      vertex 0 40 0
      vertex 0 22.4721 1.39155
      vertex 0 23.2539 1.69164
    endloop
  endfacet
  facet normal -1 0 0
    outer loop
      vertex 0 40 0
      vertex 0 21.6633 1.17482
      vertex 0 22.4721 1.39155
    endloop
  endfacet
  facet normal -1 0 0
    outer loop
      vertex 0 40 0
      vertex 0 20.8362 1.04382
      vertex 0 21.6633 1.17482
    endloop
  endfacet
  facet normal -1 0 0
    outer loop
      vertex 0 40 0
      vertex 0 20 1
      vertex 0 20.8362 1.04382
    endloop
  endfacet
  facet normal -1 0 0
    outer loop
      vertex 0 14.0548 3.64695
      vertex 0 9.5326 3.82194
      vertex 0 13.769 4
    endloop
  endfacet
  facet normal -1 0 0
    outer loop
      vertex 0 14.647 3.05484
      vertex 0 9.5326 3.82194
      vertex 0 14.0548 3.64695
    endloop
  endfacet
  facet normal -1 0 0
    outer loop
      vertex 0 7.44715 2.3617
      vertex 0 14.647 3.05484
      vertex 0 15.2977 2.52786
    endloop
  endfacet
  facet normal -1 0 0
    outer loop
      vertex 0 7.44715 2.3617
      vertex 0 15.2977 2.52786
      vertex 0 16 2.0718
    endloop
  endfacet
  facet normal -1 0 0
    outer loop
      vertex 0 7.44715 2.3617
      vertex 0 16 2.0718
      vertex 0 16.7461 1.69164
    endloop
  endfacet
  facet normal -1 0 0
    outer loop
      vertex 0 7.44715 2.3617
      vertex 0 16.7461 1.69164
      vertex 0 17.5279 1.39155
    endloop
  endfacet
  facet normal -1 0 0
    outer loop
      vertex 0 14.647 3.05484
      vertex 0 9.50433 3.80214
      vertex 0 9.5326 3.82194
    endloop
  endfacet
  facet normal -1 -0 0
    outer loop
      vertex 0 14.647 3.05484
      vertex 0 7.44715 2.3617
      vertex 0 9.50433 3.80214
    endloop
  endfacet
  facet normal -1 0 0
    outer loop
      vertex 0 0 0
      vertex 0 17.5279 1.39155
      vertex 0 18.3367 1.17482
    endloop
  endfacet
  facet normal -1 0 0
    outer loop
      vertex 0 0 0
      vertex 0 18.3367 1.17482
      vertex 0 19.1638 1.04382
    endloop
  endfacet
  facet normal -1 0 0
    outer loop
      vertex 0 0 0
      vertex 0 20 1
      vertex 0 40 0
    endloop
  endfacet
  facet normal -1 0 0
    outer loop
      vertex 0 0 0
      vertex 0 19.1638 1.04382
      vertex 0 20 1
    endloop
  endfacet
  facet normal -1 -0 0
    outer loop
      vertex 0 17.5279 1.39155
      vertex 0 0 0
      vertex 0 7.44715 2.3617
    endloop
  endfacet
  facet normal -1 0 0
    outer loop
      vertex 0 0 0
      vertex 0 6.3 4
      vertex 0 7.44715 2.3617
    endloop
  endfacet
  facet normal -1 -0 0
    outer loop
      vertex 0 6.3 4
      vertex 0 0 0
      vertex 0 0 4
    endloop
  endfacet
  facet normal -1 -0 0
    outer loop
      vertex 0 33.0921 4
      vertex 0 32.9674 3.82194
      vertex 0 26.231 4
    endloop
  endfacet
  facet normal -1 -0 0
    outer loop
      vertex 0 13.769 4
      vertex 0 9.5326 3.82194
      vertex 0 9.40792 4
    endloop
  endfacet
  facet normal 0 1 -0
    outer loop
      vertex 23 40 0
      vertex 10 40 3
      vertex 23 40 3
    endloop
  endfacet
  facet normal 0 1 0
    outer loop
      vertex 10 40 3
      vertex 23 40 0
      vertex 10 40 0
    endloop
  endfacet
  facet normal 0 1 0
    outer loop
      vertex 23 40 3
      vertex 33 40 4
      vertex 31 40 3
    endloop
  endfacet
  facet normal 0 1 -0
    outer loop
      vertex 33 40 0
      vertex 31 40 3
      vertex 33 40 4
    endloop
  endfacet
  facet normal 0 1 0
    outer loop
      vertex 31 40 3
      vertex 33 40 0
      vertex 31 40 0
    endloop
  endfacet
  facet normal 0 1 0
    outer loop
      vertex 33 40 4
      vertex 23 40 3
      vertex 0 40 4
    endloop
  endfacet
  facet normal 0 1 -0
    outer loop
      vertex 10 40 3
      vertex 0 40 4
      vertex 23 40 3
    endloop
  endfacet
  facet normal 0 1 -0
    outer loop
      vertex 2 40 3
      vertex 0 40 4
      vertex 10 40 3
    endloop
  endfacet
  facet normal 0 1 0
    outer loop
      vertex 0 40 0
      vertex 2 40 3
      vertex 2 40 0
    endloop
  endfacet
  facet normal 0 1 0
    outer loop
      vertex 2 40 3
      vertex 0 40 0
      vertex 0 40 4
    endloop
  endfacet
  facet normal 0 -1 0
    outer loop
      vertex 10 0 0
      vertex 23 0 3
      vertex 10 0 3
    endloop
  endfacet
  facet normal 0 -1 -0
    outer loop
      vertex 23 0 3
      vertex 10 0 0
      vertex 23 0 0
    endloop
  endfacet
  facet normal 0 -1 0
    outer loop
      vertex 10 0 3
      vertex 0 0 4
      vertex 2 0 3
    endloop
  endfacet
  facet normal 0 -1 0
    outer loop
      vertex 0 0 0
      vertex 2 0 3
      vertex 0 0 4
    endloop
  endfacet
  facet normal 0 -1 -0
    outer loop
      vertex 2 0 3
      vertex 0 0 0
      vertex 2 0 0
    endloop
  endfacet
  facet normal 0 -1 0
    outer loop
      vertex 0 0 4
      vertex 10 0 3
      vertex 33 0 4
    endloop
  endfacet
  facet normal 0 -1 0
    outer loop
      vertex 23 0 3
      vertex 33 0 4
      vertex 10 0 3
    endloop
  endfacet
  facet normal 0 -1 0
    outer loop
      vertex 31 0 3
      vertex 33 0 4
      vertex 23 0 3
    endloop
  endfacet
  facet normal 0 -1 0
    outer loop
      vertex 33 0 0
      vertex 31 0 3
      vertex 31 0 0
    endloop
  endfacet
  facet normal 0 -1 0
    outer loop
      vertex 31 0 3
      vertex 33 0 0
      vertex 33 0 4
    endloop
  endfacet
  facet normal -1.0389e-06 -0.573576 0.819153
    outer loop
      vertex 33.8971 7.9927 17.393
      vertex 0 0.564235 12.1915
      vertex 34.3695 5.98172 15.9849
    endloop
  endfacet
  facet normal -0.981985 -0.154785 -0.108382
    outer loop
      vertex 0 6.3 4
      vertex -0.472394 9.45814 3.7698
      vertex 0 7.44715 2.3617
    endloop
  endfacet
  facet normal -0.981985 -0.154785 -0.108382
    outer loop
      vertex 0 6.3 4
      vertex -0.472394 2.57522 13.5996
      vertex -0.472394 9.45814 3.7698
    endloop
  endfacet
  facet normal -0.981985 -0.154785 -0.108382
    outer loop
      vertex -0.472394 2.57522 13.5996
      vertex 0 6.3 4
      vertex 0 0.564235 12.1915
    endloop
  endfacet
  facet normal -1.33613e-06 -0.573575 0.819153
    outer loop
      vertex 33.8971 7.9927 17.393
      vertex -0.472394 2.57522 13.5996
      vertex 0 0.564235 12.1915
    endloop
  endfacet
  facet normal 1.29287e-06 0.573572 -0.819155
    outer loop
      vertex 2.89013 9.78689 4
      vertex 33.8971 14.8756 7.56316
      vertex 34.3695 12.8646 6.15506
    endloop
  endfacet
  facet normal 1.54513e-16 0.573577 -0.819152
    outer loop
      vertex 33.8971 14.8756 7.56316
      vertex 2.89013 9.78689 4
      vertex 1.61328 9.78689 4
    endloop
  endfacet
  facet normal -1.90256e-05 0.573676 -0.819082
    outer loop
      vertex 0 9.50433 3.80214
      vertex -0.472394 9.45814 3.7698
      vertex 0 9.5326 3.82194
    endloop
  endfacet
  facet normal -0.188958 0.804396 0.563242
    outer loop
      vertex 33.8971 14.8756 7.56316
      vertex -0.472394 2.57522 13.5996
      vertex 33.8971 7.9927 17.393
    endloop
  endfacet
  facet normal -0.188957 0.804394 0.563245
    outer loop
      vertex 1.61328 9.78689 4
      vertex -0.472394 2.57522 13.5996
      vertex 33.8971 14.8756 7.56316
    endloop
  endfacet
  facet normal -0.188958 0.804394 0.563245
    outer loop
      vertex 0 9.40792 4
      vertex -0.472394 2.57522 13.5996
      vertex 1.61328 9.78689 4
    endloop
  endfacet
  facet normal -0.188958 0.804393 0.563247
    outer loop
      vertex -0.472394 9.45814 3.7698
      vertex 0 9.40792 4
      vertex 0 9.5326 3.82194
    endloop
  endfacet
  facet normal -0.188957 0.804395 0.563245
    outer loop
      vertex 0 9.40792 4
      vertex -0.472394 9.45814 3.7698
      vertex -0.472394 2.57522 13.5996
    endloop
  endfacet
  facet normal -3.98063e-06 0.573573 -0.819154
    outer loop
      vertex 0 7.44715 2.3617
      vertex -0.472394 9.45814 3.7698
      vertex 0 9.50433 3.80214
    endloop
  endfacet
  facet normal 0 0.573581 -0.819149
    outer loop
      vertex 14.8437 9.78689 4
      vertex 2.89013 9.78689 4
      vertex 34.3695 12.8646 6.15506
    endloop
  endfacet
  facet normal 0.188958 -0.804395 -0.563244
    outer loop
      vertex 14.8437 9.78689 4
      vertex 34.3695 5.98172 15.9849
      vertex 0 0.564235 12.1915
    endloop
  endfacet
  facet normal 0.188958 -0.804394 -0.563245
    outer loop
      vertex 14.8437 9.78689 4
      vertex 0 0.564235 12.1915
      vertex 0 6.3 4
    endloop
  endfacet
  facet normal 0.188956 -0.804397 -0.563241
    outer loop
      vertex 34.3695 5.98172 15.9849
      vertex 14.8437 9.78689 4
      vertex 34.3695 12.8646 6.15506
    endloop
  endfacet
  facet normal 0.981985 0.154787 0.108382
    outer loop
      vertex 33.8971 7.9927 17.393
      vertex 34.3695 12.8646 6.15506
      vertex 33.8971 14.8756 7.56316
    endloop
  endfacet
  facet normal 0.981985 0.154788 0.108383
    outer loop
      vertex 34.3695 12.8646 6.15506
      vertex 33.8971 7.9927 17.393
      vertex 34.3695 5.98172 15.9849
    endloop
  endfacet
  facet normal -1.66457e-06 0.573572 0.819155
    outer loop
      vertex 0 41.9358 12.1915
      vertex -0.472394 39.9248 13.5996
      vertex 33.8971 34.5073 17.393
    endloop
  endfacet
  facet normal 0.188956 0.804397 -0.563242
    outer loop
      vertex 14.8437 32.7131 4
      vertex 34.3695 36.5183 15.9849
      vertex 34.3695 29.6354 6.15506
    endloop
  endfacet
  facet normal 0.188959 0.804393 -0.563246
    outer loop
      vertex 34.3695 36.5183 15.9849
      vertex 14.8437 32.7131 4
      vertex 0 41.9358 12.1915
    endloop
  endfacet
  facet normal 0.188958 0.804393 -0.563247
    outer loop
      vertex 0 41.9358 12.1915
      vertex 14.8437 32.7131 4
      vertex 0 36.2 4
    endloop
  endfacet
  facet normal 0.981985 -0.154787 0.108382
    outer loop
      vertex 33.8971 34.5073 17.393
      vertex 34.3695 29.6354 6.15506
      vertex 34.3695 36.5183 15.9849
    endloop
  endfacet
  facet normal 0.981985 -0.154787 0.108382
    outer loop
      vertex 34.3695 29.6354 6.15506
      vertex 33.8971 34.5073 17.393
      vertex 33.8971 27.6244 7.56316
    endloop
  endfacet
  facet normal -1.66457e-06 0.573572 0.819155
    outer loop
      vertex 34.3695 36.5183 15.9849
      vertex 0 41.9358 12.1915
      vertex 33.8971 34.5073 17.393
    endloop
  endfacet
  facet normal -1.83038e-05 -0.573588 -0.819144
    outer loop
      vertex 0 32.9957 3.80214
      vertex -0.472394 33.0419 3.7698
      vertex 0 35.0528 2.3617
    endloop
  endfacet
  facet normal -4.32151e-18 -0.573582 -0.819148
    outer loop
      vertex 34.3695 29.6354 6.15506
      vertex 2.89013 32.7131 4
      vertex 14.8437 32.7131 4
    endloop
  endfacet
  facet normal -1.58854e-05 -0.573645 -0.819104
    outer loop
      vertex 20.5 29.8568 6
      vertex 33.8971 27.6244 7.56316
      vertex 20.5 29.7361 6.08453
    endloop
  endfacet
  facet normal 2.11605e-06 -0.573572 -0.819155
    outer loop
      vertex 33.8971 27.6244 7.56316
      vertex 20.5 29.8568 6
      vertex 34.3695 29.6354 6.15506
    endloop
  endfacet
  facet normal 2.24483e-06 -0.573567 -0.819159
    outer loop
      vertex 20.5 29.8568 6
      vertex 2.89013 32.7131 4
      vertex 34.3695 29.6354 6.15506
    endloop
  endfacet
  facet normal 0 -0.573576 -0.819152
    outer loop
      vertex 19.7341 29.8568 6
      vertex 2.89013 32.7131 4
      vertex 20.5 29.8568 6
    endloop
  endfacet
  facet normal -0 -0.573576 -0.819152
    outer loop
      vertex 2.89013 32.7131 4
      vertex 19.7341 29.8568 6
      vertex 1.61328 32.7131 4
    endloop
  endfacet
  facet normal 2.83159e-05 -0.573268 -0.819368
    outer loop
      vertex 0 32.9674 3.82194
      vertex -0.472394 33.0419 3.7698
      vertex 0 32.9957 3.80214
    endloop
  endfacet
  facet normal -0.981985 0.154784 -0.108382
    outer loop
      vertex 0 36.2 4
      vertex -0.472394 39.9248 13.5996
      vertex 0 41.9358 12.1915
    endloop
  endfacet
  facet normal -0.981984 0.154787 -0.108388
    outer loop
      vertex -0.472394 33.0419 3.7698
      vertex 0 36.2 4
      vertex 0 35.0528 2.3617
    endloop
  endfacet
  facet normal -0.981985 0.154787 -0.108383
    outer loop
      vertex 0 36.2 4
      vertex -0.472394 33.0419 3.7698
      vertex -0.472394 39.9248 13.5996
    endloop
  endfacet
  facet normal -0.188956 -0.804391 0.56325
    outer loop
      vertex -0.472394 39.9248 13.5996
      vertex 16.5 32.7 8.9755
      vertex 20.5 32.7 10.3174
    endloop
  endfacet
  facet normal -0.188958 -0.804393 0.563246
    outer loop
      vertex 1.61328 32.7131 4
      vertex 16.5 32.7 8.9755
      vertex -0.472394 39.9248 13.5996
    endloop
  endfacet
  facet normal -0.188959 -0.804391 0.563249
    outer loop
      vertex 16.5 32.7 8.9755
      vertex 1.61328 32.7131 4
      vertex 16.5 30.6165 6
    endloop
  endfacet
  facet normal -0.188972 -0.804393 0.563243
    outer loop
      vertex 1.61328 32.7131 4
      vertex -0.472394 39.9248 13.5996
      vertex 0 33.0921 4
    endloop
  endfacet
  facet normal -0.188989 -0.80439 0.56324
    outer loop
      vertex -0.472394 33.0419 3.7698
      vertex 0 33.0921 4
      vertex -0.472394 39.9248 13.5996
    endloop
  endfacet
  facet normal -0.189024 -0.80434 0.5633
    outer loop
      vertex 0 33.0921 4
      vertex -0.472394 33.0419 3.7698
      vertex 0 32.9674 3.82194
    endloop
  endfacet
  facet normal -0.188959 -0.804395 0.563243
    outer loop
      vertex 20.5 32.7 10.3174
      vertex 33.8971 34.5073 17.393
      vertex -0.472394 39.9248 13.5996
    endloop
  endfacet
  facet normal -0.188958 -0.804396 0.563242
    outer loop
      vertex 20.5 32.7 10.3174
      vertex 33.8971 27.6244 7.56316
      vertex 33.8971 34.5073 17.393
    endloop
  endfacet
  facet normal -0.188957 -0.804394 0.563245
    outer loop
      vertex 33.8971 27.6244 7.56316
      vertex 20.5 32.7 10.3174
      vertex 20.5 29.7361 6.08453
    endloop
  endfacet
  facet normal -0.188958 -0.80441 0.563222
    outer loop
      vertex 16.5 30.6165 6
      vertex 1.61328 32.7131 4
      vertex 19.7341 29.8568 6
    endloop
  endfacet
  facet normal -0.35836 -0.933583 0
    outer loop
      vertex 6.55623 -2.2881 0
      vertex 6.73213 -2.35562 3.05
      vertex 6.55623 -2.2881 3.05
    endloop
  endfacet
  facet normal -0.35836 -0.933583 -0
    outer loop
      vertex 6.73213 -2.35562 3.05
      vertex 6.55623 -2.2881 0
      vertex 6.73213 -2.35562 0
    endloop
  endfacet
  facet normal -0.987683 -0.156467 -7.32469e-19
    outer loop
      vertex 7.79014 -3.81185 0
      vertex 7.76066 -3.62576 3.05
      vertex 7.76066 -3.62576 0
    endloop
  endfacet
  facet normal -0.987683 -0.156467 -7.32469e-19
    outer loop
      vertex 7.76066 -3.62576 3.05
      vertex 7.79014 -3.81185 0
      vertex 7.79014 -3.81185 3.05
    endloop
  endfacet
  facet normal -0.99863 -0.0523332 -3.76303e-20
    outer loop
      vertex 7.8 -4 0
      vertex 7.79014 -3.81185 3.05
      vertex 7.79014 -3.81185 0
    endloop
  endfacet
  facet normal -0.99863 -0.0523332 -3.76303e-20
    outer loop
      vertex 7.79014 -3.81185 3.05
      vertex 7.8 -4 0
      vertex 7.8 -4 3.05
    endloop
  endfacet
  facet normal -0.965931 -0.258799 -5.35603e-19
    outer loop
      vertex 7.76066 -3.62576 0
      vertex 7.7119 -3.44377 3.05
      vertex 7.7119 -3.44377 0
    endloop
  endfacet
  facet normal -0.965931 -0.258799 -5.35603e-19
    outer loop
      vertex 7.7119 -3.44377 3.05
      vertex 7.76066 -3.62576 0
      vertex 7.76066 -3.62576 3.05
    endloop
  endfacet
  facet normal 0.965918 -0.258848 -1.08849e-18
    outer loop
      vertex 4.23933 -3.62576 3.05
      vertex 4.2881 -3.44377 0
      vertex 4.2881 -3.44377 3.05
    endloop
  endfacet
  facet normal 0.965918 -0.258848 -1.08849e-18
    outer loop
      vertex 4.2881 -3.44377 0
      vertex 4.23933 -3.62576 3.05
      vertex 4.23933 -3.62576 0
    endloop
  endfacet
  facet normal 0.891015 0.453973 -1.48929e-18
    outer loop
      vertex 4.44115 -4.9 3.05
      vertex 4.35562 -4.73213 0
      vertex 4.35562 -4.73213 3.05
    endloop
  endfacet
  facet normal 0.891015 0.453973 -1.48929e-18
    outer loop
      vertex 4.35562 -4.73213 0
      vertex 4.44115 -4.9 3.05
      vertex 4.44115 -4.9 0
    endloop
  endfacet
  facet normal 0.707133 0.70708 2.78662e-18
    outer loop
      vertex 4.79556 -5.33766 3.05
      vertex 4.66234 -5.20443 0
      vertex 4.66234 -5.20443 3.05
    endloop
  endfacet
  facet normal 0.707133 0.70708 2.78662e-18
    outer loop
      vertex 4.66234 -5.20443 0
      vertex 4.79556 -5.33766 3.05
      vertex 4.79556 -5.33766 0
    endloop
  endfacet
  facet normal -0.838653 -0.544666 2.8544e-18
    outer loop
      vertex 7.55885 -3.1 0
      vertex 7.45623 -2.94199 3.05
      vertex 7.45623 -2.94199 0
    endloop
  endfacet
  facet normal -0.838653 -0.544666 2.8544e-18
    outer loop
      vertex 7.45623 -2.94199 3.05
      vertex 7.55885 -3.1 0
      vertex 7.55885 -3.1 3.05
    endloop
  endfacet
  facet normal 0.258848 -0.965918 0
    outer loop
      vertex 5.44377 -2.2881 0
      vertex 5.62576 -2.23933 3.05
      vertex 5.44377 -2.2881 3.05
    endloop
  endfacet
  facet normal 0.258848 -0.965918 0
    outer loop
      vertex 5.62576 -2.23933 3.05
      vertex 5.44377 -2.2881 0
      vertex 5.62576 -2.23933 0
    endloop
  endfacet
  facet normal 0.35836 -0.933583 0
    outer loop
      vertex 5.26787 -2.35562 0
      vertex 5.44377 -2.2881 3.05
      vertex 5.26787 -2.35562 3.05
    endloop
  endfacet
  facet normal 0.35836 -0.933583 0
    outer loop
      vertex 5.44377 -2.2881 3.05
      vertex 5.26787 -2.35562 0
      vertex 5.44377 -2.2881 0
    endloop
  endfacet
  facet normal -0.99863 0.0523332 1.10564e-19
    outer loop
      vertex 7.79014 -4.18815 0
      vertex 7.8 -4 3.05
      vertex 7.8 -4 0
    endloop
  endfacet
  facet normal -0.99863 0.0523332 1.10564e-19
    outer loop
      vertex 7.8 -4 3.05
      vertex 7.79014 -4.18815 0
      vertex 7.79014 -4.18815 3.05
    endloop
  endfacet
  facet normal -0.35836 0.933583 0
    outer loop
      vertex 6.73213 -5.64438 0
      vertex 6.55623 -5.7119 3.05
      vertex 6.73213 -5.64438 3.05
    endloop
  endfacet
  facet normal -0.35836 0.933583 0
    outer loop
      vertex 6.55623 -5.7119 3.05
      vertex 6.73213 -5.64438 0
      vertex 6.55623 -5.7119 0
    endloop
  endfacet
  facet normal -0.629325 -0.777142 0
    outer loop
      vertex 7.05801 -2.54377 0
      vertex 7.20443 -2.66234 3.05
      vertex 7.05801 -2.54377 3.05
    endloop
  endfacet
  facet normal -0.629325 -0.777142 -0
    outer loop
      vertex 7.20443 -2.66234 3.05
      vertex 7.05801 -2.54377 0
      vertex 7.20443 -2.66234 0
    endloop
  endfacet
  facet normal -0.933583 -0.35836 -2.05066e-20
    outer loop
      vertex 7.7119 -3.44377 0
      vertex 7.64438 -3.26787 3.05
      vertex 7.64438 -3.26787 0
    endloop
  endfacet
  facet normal -0.933583 -0.35836 -2.05066e-20
    outer loop
      vertex 7.64438 -3.26787 3.05
      vertex 7.7119 -3.44377 0
      vertex 7.7119 -3.44377 3.05
    endloop
  endfacet
  facet normal -0.891015 -0.453973 8.99712e-19
    outer loop
      vertex 7.64438 -3.26787 0
      vertex 7.55885 -3.1 3.05
      vertex 7.55885 -3.1 0
    endloop
  endfacet
  facet normal -0.891015 -0.453973 8.99712e-19
    outer loop
      vertex 7.55885 -3.1 3.05
      vertex 7.64438 -3.26787 0
      vertex 7.64438 -3.26787 3.05
    endloop
  endfacet
  facet normal -0.933583 0.35836 1.31782e-18
    outer loop
      vertex 7.64438 -4.73213 0
      vertex 7.7119 -4.55623 3.05
      vertex 7.7119 -4.55623 0
    endloop
  endfacet
  facet normal -0.933583 0.35836 1.31782e-18
    outer loop
      vertex 7.7119 -4.55623 3.05
      vertex 7.64438 -4.73213 0
      vertex 7.64438 -4.73213 3.05
    endloop
  endfacet
  facet normal 0.629299 -0.777163 0
    outer loop
      vertex 4.79556 -2.66234 0
      vertex 4.94199 -2.54377 3.05
      vertex 4.79556 -2.66234 3.05
    endloop
  endfacet
  facet normal 0.629299 -0.777163 0
    outer loop
      vertex 4.94199 -2.54377 3.05
      vertex 4.79556 -2.66234 0
      vertex 4.94199 -2.54377 0
    endloop
  endfacet
  facet normal 0.156467 0.987683 -0
    outer loop
      vertex 5.81185 -5.79014 0
      vertex 5.62576 -5.76066 3.05
      vertex 5.81185 -5.79014 3.05
    endloop
  endfacet
  facet normal 0.156467 0.987683 0
    outer loop
      vertex 5.62576 -5.76066 3.05
      vertex 5.81185 -5.79014 0
      vertex 5.62576 -5.76066 0
    endloop
  endfacet
  facet normal 0.258799 0.965931 -0
    outer loop
      vertex 5.62576 -5.76066 0
      vertex 5.44377 -5.7119 3.05
      vertex 5.62576 -5.76066 3.05
    endloop
  endfacet
  facet normal 0.258799 0.965931 0
    outer loop
      vertex 5.44377 -5.7119 3.05
      vertex 5.62576 -5.76066 0
      vertex 5.44377 -5.7119 0
    endloop
  endfacet
  facet normal -0.777142 0.629325 2.75945e-18
    outer loop
      vertex 7.33766 -5.20443 0
      vertex 7.45623 -5.05801 3.05
      vertex 7.45623 -5.05801 0
    endloop
  endfacet
  facet normal -0.777142 0.629325 2.75945e-18
    outer loop
      vertex 7.45623 -5.05801 3.05
      vertex 7.33766 -5.20443 0
      vertex 7.33766 -5.20443 3.05
    endloop
  endfacet
  facet normal -0.629325 0.777142 0
    outer loop
      vertex 7.20443 -5.33766 0
      vertex 7.05801 -5.45623 3.05
      vertex 7.20443 -5.33766 3.05
    endloop
  endfacet
  facet normal -0.629325 0.777142 0
    outer loop
      vertex 7.05801 -5.45623 3.05
      vertex 7.20443 -5.33766 0
      vertex 7.05801 -5.45623 0
    endloop
  endfacet
  facet normal -0.891015 0.453973 1.48929e-18
    outer loop
      vertex 7.55885 -4.9 0
      vertex 7.64438 -4.73213 3.05
      vertex 7.64438 -4.73213 0
    endloop
  endfacet
  facet normal -0.891015 0.453973 1.48929e-18
    outer loop
      vertex 7.64438 -4.73213 3.05
      vertex 7.55885 -4.9 0
      vertex 7.55885 -4.9 3.05
    endloop
  endfacet
  facet normal 0.891015 -0.453973 -8.99712e-19
    outer loop
      vertex 4.35562 -3.26787 3.05
      vertex 4.44115 -3.1 0
      vertex 4.44115 -3.1 3.05
    endloop
  endfacet
  facet normal 0.891015 -0.453973 -8.99712e-19
    outer loop
      vertex 4.44115 -3.1 0
      vertex 4.35562 -3.26787 3.05
      vertex 4.35562 -3.26787 0
    endloop
  endfacet
  facet normal 0.0523332 0.99863 -0
    outer loop
      vertex 6 -5.8 0
      vertex 5.81185 -5.79014 3.05
      vertex 6 -5.8 3.05
    endloop
  endfacet
  facet normal 0.0523332 0.99863 0
    outer loop
      vertex 5.81185 -5.79014 3.05
      vertex 6 -5.8 0
      vertex 5.81185 -5.79014 0
    endloop
  endfacet
  facet normal -0.544666 0.838653 0
    outer loop
      vertex 7.05801 -5.45623 0
      vertex 6.9 -5.55885 3.05
      vertex 7.05801 -5.45623 3.05
    endloop
  endfacet
  facet normal -0.544666 0.838653 0
    outer loop
      vertex 6.9 -5.55885 3.05
      vertex 7.05801 -5.45623 0
      vertex 6.9 -5.55885 0
    endloop
  endfacet
  facet normal -0.0523332 -0.99863 0
    outer loop
      vertex 6 -2.2 0
      vertex 6.18815 -2.20986 3.05
      vertex 6 -2.2 3.05
    endloop
  endfacet
  facet normal -0.0523332 -0.99863 -0
    outer loop
      vertex 6.18815 -2.20986 3.05
      vertex 6 -2.2 0
      vertex 6.18815 -2.20986 0
    endloop
  endfacet
  facet normal -0.544666 -0.838653 0
    outer loop
      vertex 6.9 -2.44115 0
      vertex 7.05801 -2.54377 3.05
      vertex 6.9 -2.44115 3.05
    endloop
  endfacet
  facet normal -0.544666 -0.838653 -0
    outer loop
      vertex 7.05801 -2.54377 3.05
      vertex 6.9 -2.44115 0
      vertex 7.05801 -2.54377 0
    endloop
  endfacet
  facet normal -0.70708 -0.707133 2.46397e-18
    outer loop
      vertex 7.33766 -2.79556 0
      vertex 7.20443 -2.66234 3.05
      vertex 7.20443 -2.66234 0
    endloop
  endfacet
  facet normal -0.70708 -0.707133 2.46397e-18
    outer loop
      vertex 7.20443 -2.66234 3.05
      vertex 7.33766 -2.79556 0
      vertex 7.33766 -2.79556 3.05
    endloop
  endfacet
  facet normal -0.453973 0.891015 0
    outer loop
      vertex 6.9 -5.55885 0
      vertex 6.73213 -5.64438 3.05
      vertex 6.9 -5.55885 3.05
    endloop
  endfacet
  facet normal -0.453973 0.891015 0
    outer loop
      vertex 6.73213 -5.64438 3.05
      vertex 6.9 -5.55885 0
      vertex 6.73213 -5.64438 0
    endloop
  endfacet
  facet normal -0.777163 -0.629299 1.32366e-18
    outer loop
      vertex 7.45623 -2.94199 0
      vertex 7.33766 -2.79556 3.05
      vertex 7.33766 -2.79556 0
    endloop
  endfacet
  facet normal -0.777163 -0.629299 1.32366e-18
    outer loop
      vertex 7.33766 -2.79556 3.05
      vertex 7.45623 -2.94199 0
      vertex 7.45623 -2.94199 3.05
    endloop
  endfacet
  facet normal 0.99863 -0.0523332 3.76303e-20
    outer loop
      vertex 4.2 -4 3.05
      vertex 4.20986 -3.81185 0
      vertex 4.20986 -3.81185 3.05
    endloop
  endfacet
  facet normal 0.99863 -0.0523332 3.76303e-20
    outer loop
      vertex 4.20986 -3.81185 0
      vertex 4.2 -4 3.05
      vertex 4.2 -4 0
    endloop
  endfacet
  facet normal 0.544666 -0.838653 0
    outer loop
      vertex 4.94199 -2.54377 0
      vertex 5.1 -2.44115 3.05
      vertex 4.94199 -2.54377 3.05
    endloop
  endfacet
  facet normal 0.544666 -0.838653 0
    outer loop
      vertex 5.1 -2.44115 3.05
      vertex 4.94199 -2.54377 0
      vertex 5.1 -2.44115 0
    endloop
  endfacet
  facet normal -0.965931 0.258799 5.35603e-19
    outer loop
      vertex 7.7119 -4.55623 0
      vertex 7.76066 -4.37424 3.05
      vertex 7.76066 -4.37424 0
    endloop
  endfacet
  facet normal -0.965931 0.258799 5.35603e-19
    outer loop
      vertex 7.76066 -4.37424 3.05
      vertex 7.7119 -4.55623 0
      vertex 7.7119 -4.55623 3.05
    endloop
  endfacet
  facet normal -0.453973 -0.891015 0
    outer loop
      vertex 6.73213 -2.35562 0
      vertex 6.9 -2.44115 3.05
      vertex 6.73213 -2.35562 3.05
    endloop
  endfacet
  facet normal -0.453973 -0.891015 -0
    outer loop
      vertex 6.9 -2.44115 3.05
      vertex 6.73213 -2.35562 0
      vertex 6.9 -2.44115 0
    endloop
  endfacet
  facet normal -0.156467 0.987683 0
    outer loop
      vertex 6.37424 -5.76066 0
      vertex 6.18815 -5.79014 3.05
      vertex 6.37424 -5.76066 3.05
    endloop
  endfacet
  facet normal -0.156467 0.987683 0
    outer loop
      vertex 6.18815 -5.79014 3.05
      vertex 6.37424 -5.76066 0
      vertex 6.18815 -5.79014 0
    endloop
  endfacet
  facet normal 0.838653 -0.544666 -2.8544e-18
    outer loop
      vertex 4.44115 -3.1 3.05
      vertex 4.54377 -2.94199 0
      vertex 4.54377 -2.94199 3.05
    endloop
  endfacet
  facet normal 0.838653 -0.544666 -2.8544e-18
    outer loop
      vertex 4.54377 -2.94199 0
      vertex 4.44115 -3.1 3.05
      vertex 4.44115 -3.1 0
    endloop
  endfacet
  facet normal 0.0523332 -0.99863 0
    outer loop
      vertex 5.81185 -2.20986 0
      vertex 6 -2.2 3.05
      vertex 5.81185 -2.20986 3.05
    endloop
  endfacet
  facet normal 0.0523332 -0.99863 0
    outer loop
      vertex 6 -2.2 3.05
      vertex 5.81185 -2.20986 0
      vertex 6 -2.2 0
    endloop
  endfacet
  facet normal -0.258799 0.965931 0
    outer loop
      vertex 6.55623 -5.7119 0
      vertex 6.37424 -5.76066 3.05
      vertex 6.55623 -5.7119 3.05
    endloop
  endfacet
  facet normal -0.258799 0.965931 0
    outer loop
      vertex 6.37424 -5.76066 3.05
      vertex 6.55623 -5.7119 0
      vertex 6.37424 -5.76066 0
    endloop
  endfacet
  facet normal 0.629299 0.777163 -0
    outer loop
      vertex 4.94199 -5.45623 0
      vertex 4.79556 -5.33766 3.05
      vertex 4.94199 -5.45623 3.05
    endloop
  endfacet
  facet normal 0.629299 0.777163 0
    outer loop
      vertex 4.79556 -5.33766 3.05
      vertex 4.94199 -5.45623 0
      vertex 4.79556 -5.33766 0
    endloop
  endfacet
  facet normal 0.838653 0.544666 2.8544e-18
    outer loop
      vertex 4.54377 -5.05801 3.05
      vertex 4.44115 -4.9 0
      vertex 4.44115 -4.9 3.05
    endloop
  endfacet
  facet normal 0.838653 0.544666 2.8544e-18
    outer loop
      vertex 4.44115 -4.9 0
      vertex 4.54377 -5.05801 3.05
      vertex 4.54377 -5.05801 0
    endloop
  endfacet
  facet normal -0.838653 0.544666 -2.8544e-18
    outer loop
      vertex 7.45623 -5.05801 0
      vertex 7.55885 -4.9 3.05
      vertex 7.55885 -4.9 0
    endloop
  endfacet
  facet normal -0.838653 0.544666 -2.8544e-18
    outer loop
      vertex 7.55885 -4.9 3.05
      vertex 7.45623 -5.05801 0
      vertex 7.45623 -5.05801 3.05
    endloop
  endfacet
  facet normal -0.707107 0.707107 -4.57297e-19
    outer loop
      vertex 7.20443 -5.33766 0
      vertex 7.33766 -5.20443 3.05
      vertex 7.33766 -5.20443 0
    endloop
  endfacet
  facet normal -0.707107 0.707107 -4.57297e-19
    outer loop
      vertex 7.33766 -5.20443 3.05
      vertex 7.20443 -5.33766 0
      vertex 7.20443 -5.33766 3.05
    endloop
  endfacet
  facet normal 0.35836 0.933583 -0
    outer loop
      vertex 5.44377 -5.7119 0
      vertex 5.26787 -5.64438 3.05
      vertex 5.44377 -5.7119 3.05
    endloop
  endfacet
  facet normal 0.35836 0.933583 0
    outer loop
      vertex 5.26787 -5.64438 3.05
      vertex 5.44377 -5.7119 0
      vertex 5.26787 -5.64438 0
    endloop
  endfacet
  facet normal -0.156415 -0.987691 0
    outer loop
      vertex 6.18815 -2.20986 0
      vertex 6.37424 -2.23933 3.05
      vertex 6.18815 -2.20986 3.05
    endloop
  endfacet
  facet normal -0.156415 -0.987691 -0
    outer loop
      vertex 6.37424 -2.23933 3.05
      vertex 6.18815 -2.20986 0
      vertex 6.37424 -2.23933 0
    endloop
  endfacet
  facet normal 0.933583 0.35836 -1.31782e-18
    outer loop
      vertex 4.35562 -4.73213 3.05
      vertex 4.2881 -4.55623 0
      vertex 4.2881 -4.55623 3.05
    endloop
  endfacet
  facet normal 0.933583 0.35836 -1.31782e-18
    outer loop
      vertex 4.2881 -4.55623 0
      vertex 4.35562 -4.73213 3.05
      vertex 4.35562 -4.73213 0
    endloop
  endfacet
  facet normal 0 0 -1
    outer loop
      vertex 7.79014 -4.18815 3.05
      vertex 7.79014 -3.81185 3.05
      vertex 7.8 -4 3.05
    endloop
  endfacet
  facet normal 0 0 -1
    outer loop
      vertex 7.76066 -4.37424 3.05
      vertex 7.79014 -3.81185 3.05
      vertex 7.79014 -4.18815 3.05
    endloop
  endfacet
  facet normal 0 0 -1
    outer loop
      vertex 7.76066 -4.37424 3.05
      vertex 7.76066 -3.62576 3.05
      vertex 7.79014 -3.81185 3.05
    endloop
  endfacet
  facet normal 0 0 -1
    outer loop
      vertex 7.7119 -4.55623 3.05
      vertex 7.76066 -3.62576 3.05
      vertex 7.76066 -4.37424 3.05
    endloop
  endfacet
  facet normal 0 0 -1
    outer loop
      vertex 7.7119 -4.55623 3.05
      vertex 7.7119 -3.44377 3.05
      vertex 7.76066 -3.62576 3.05
    endloop
  endfacet
  facet normal 0 0 -1
    outer loop
      vertex 7.64438 -4.73213 3.05
      vertex 7.7119 -3.44377 3.05
      vertex 7.7119 -4.55623 3.05
    endloop
  endfacet
  facet normal 0 0 -1
    outer loop
      vertex 7.64438 -4.73213 3.05
      vertex 7.64438 -3.26787 3.05
      vertex 7.7119 -3.44377 3.05
    endloop
  endfacet
  facet normal 0 0 -1
    outer loop
      vertex 7.55885 -4.9 3.05
      vertex 7.64438 -3.26787 3.05
      vertex 7.64438 -4.73213 3.05
    endloop
  endfacet
  facet normal 0 0 -1
    outer loop
      vertex 7.55885 -4.9 3.05
      vertex 7.55885 -3.1 3.05
      vertex 7.64438 -3.26787 3.05
    endloop
  endfacet
  facet normal 0 0 -1
    outer loop
      vertex 7.45623 -5.05801 3.05
      vertex 7.55885 -3.1 3.05
      vertex 7.55885 -4.9 3.05
    endloop
  endfacet
  facet normal 0 0 -1
    outer loop
      vertex 7.45623 -5.05801 3.05
      vertex 7.45623 -2.94199 3.05
      vertex 7.55885 -3.1 3.05
    endloop
  endfacet
  facet normal 0 0 -1
    outer loop
      vertex 7.33766 -5.20443 3.05
      vertex 7.45623 -2.94199 3.05
      vertex 7.45623 -5.05801 3.05
    endloop
  endfacet
  facet normal 0 0 -1
    outer loop
      vertex 7.33766 -5.20443 3.05
      vertex 7.33766 -2.79556 3.05
      vertex 7.45623 -2.94199 3.05
    endloop
  endfacet
  facet normal 0 0 -1
    outer loop
      vertex 7.20443 -5.33766 3.05
      vertex 7.33766 -2.79556 3.05
      vertex 7.33766 -5.20443 3.05
    endloop
  endfacet
  facet normal 0 0 -1
    outer loop
      vertex 7.20443 -5.33766 3.05
      vertex 7.20443 -2.66234 3.05
      vertex 7.33766 -2.79556 3.05
    endloop
  endfacet
  facet normal 0 0 -1
    outer loop
      vertex 7.05801 -5.45623 3.05
      vertex 7.20443 -2.66234 3.05
      vertex 7.20443 -5.33766 3.05
    endloop
  endfacet
  facet normal 0 0 -1
    outer loop
      vertex 7.05801 -5.45623 3.05
      vertex 7.05801 -2.54377 3.05
      vertex 7.20443 -2.66234 3.05
    endloop
  endfacet
  facet normal 0 0 -1
    outer loop
      vertex 6.9 -5.55885 3.05
      vertex 7.05801 -2.54377 3.05
      vertex 7.05801 -5.45623 3.05
    endloop
  endfacet
  facet normal 0 0 -1
    outer loop
      vertex 6.9 -5.55885 3.05
      vertex 6.9 -2.44115 3.05
      vertex 7.05801 -2.54377 3.05
    endloop
  endfacet
  facet normal 0 0 -1
    outer loop
      vertex 6.73213 -5.64438 3.05
      vertex 6.9 -2.44115 3.05
      vertex 6.9 -5.55885 3.05
    endloop
  endfacet
  facet normal 0 0 -1
    outer loop
      vertex 6.73213 -5.64438 3.05
      vertex 6.73213 -2.35562 3.05
      vertex 6.9 -2.44115 3.05
    endloop
  endfacet
  facet normal 0 0 -1
    outer loop
      vertex 6.55623 -5.7119 3.05
      vertex 6.73213 -2.35562 3.05
      vertex 6.73213 -5.64438 3.05
    endloop
  endfacet
  facet normal 0 0 -1
    outer loop
      vertex 6.55623 -5.7119 3.05
      vertex 6.55623 -2.2881 3.05
      vertex 6.73213 -2.35562 3.05
    endloop
  endfacet
  facet normal 0 0 -1
    outer loop
      vertex 6.37424 -5.76066 3.05
      vertex 6.55623 -2.2881 3.05
      vertex 6.55623 -5.7119 3.05
    endloop
  endfacet
  facet normal 0 0 -1
    outer loop
      vertex 6.37424 -5.76066 3.05
      vertex 6.37424 -2.23933 3.05
      vertex 6.55623 -2.2881 3.05
    endloop
  endfacet
  facet normal 0 0 -1
    outer loop
      vertex 6.18815 -5.79014 3.05
      vertex 6.37424 -2.23933 3.05
      vertex 6.37424 -5.76066 3.05
    endloop
  endfacet
  facet normal 0 0 -1
    outer loop
      vertex 6.18815 -5.79014 3.05
      vertex 6.18815 -2.20986 3.05
      vertex 6.37424 -2.23933 3.05
    endloop
  endfacet
  facet normal 0 0 -1
    outer loop
      vertex 6 -5.8 3.05
      vertex 6.18815 -2.20986 3.05
      vertex 6.18815 -5.79014 3.05
    endloop
  endfacet
  facet normal 0 0 -1
    outer loop
      vertex 6 -5.8 3.05
      vertex 6 -2.2 3.05
      vertex 6.18815 -2.20986 3.05
    endloop
  endfacet
  facet normal 0 0 -1
    outer loop
      vertex 5.81185 -5.79014 3.05
      vertex 6 -2.2 3.05
      vertex 6 -5.8 3.05
    endloop
  endfacet
  facet normal 0 0 -1
    outer loop
      vertex 5.81185 -5.79014 3.05
      vertex 5.81185 -2.20986 3.05
      vertex 6 -2.2 3.05
    endloop
  endfacet
  facet normal 0 0 -1
    outer loop
      vertex 5.62576 -5.76066 3.05
      vertex 5.81185 -2.20986 3.05
      vertex 5.81185 -5.79014 3.05
    endloop
  endfacet
  facet normal 0 0 -1
    outer loop
      vertex 5.62576 -5.76066 3.05
      vertex 5.62576 -2.23933 3.05
      vertex 5.81185 -2.20986 3.05
    endloop
  endfacet
  facet normal 0 0 -1
    outer loop
      vertex 5.44377 -5.7119 3.05
      vertex 5.62576 -2.23933 3.05
      vertex 5.62576 -5.76066 3.05
    endloop
  endfacet
  facet normal 0 0 -1
    outer loop
      vertex 5.44377 -5.7119 3.05
      vertex 5.44377 -2.2881 3.05
      vertex 5.62576 -2.23933 3.05
    endloop
  endfacet
  facet normal 0 0 -1
    outer loop
      vertex 5.26787 -5.64438 3.05
      vertex 5.44377 -2.2881 3.05
      vertex 5.44377 -5.7119 3.05
    endloop
  endfacet
  facet normal 0 0 -1
    outer loop
      vertex 5.26787 -5.64438 3.05
      vertex 5.26787 -2.35562 3.05
      vertex 5.44377 -2.2881 3.05
    endloop
  endfacet
  facet normal 0 0 -1
    outer loop
      vertex 5.1 -5.55885 3.05
      vertex 5.26787 -2.35562 3.05
      vertex 5.26787 -5.64438 3.05
    endloop
  endfacet
  facet normal 0 0 -1
    outer loop
      vertex 5.1 -5.55885 3.05
      vertex 5.1 -2.44115 3.05
      vertex 5.26787 -2.35562 3.05
    endloop
  endfacet
  facet normal 0 0 -1
    outer loop
      vertex 4.94199 -5.45623 3.05
      vertex 5.1 -2.44115 3.05
      vertex 5.1 -5.55885 3.05
    endloop
  endfacet
  facet normal 0 0 -1
    outer loop
      vertex 4.94199 -5.45623 3.05
      vertex 4.94199 -2.54377 3.05
      vertex 5.1 -2.44115 3.05
    endloop
  endfacet
  facet normal 0 0 -1
    outer loop
      vertex 4.79556 -5.33766 3.05
      vertex 4.94199 -2.54377 3.05
      vertex 4.94199 -5.45623 3.05
    endloop
  endfacet
  facet normal 0 0 -1
    outer loop
      vertex 4.79556 -5.33766 3.05
      vertex 4.79556 -2.66234 3.05
      vertex 4.94199 -2.54377 3.05
    endloop
  endfacet
  facet normal 0 0 -1
    outer loop
      vertex 4.66234 -5.20443 3.05
      vertex 4.79556 -2.66234 3.05
      vertex 4.79556 -5.33766 3.05
    endloop
  endfacet
  facet normal 0 0 -1
    outer loop
      vertex 4.66234 -5.20443 3.05
      vertex 4.66234 -2.79556 3.05
      vertex 4.79556 -2.66234 3.05
    endloop
  endfacet
  facet normal 0 0 -1
    outer loop
      vertex 4.54377 -5.05801 3.05
      vertex 4.66234 -2.79556 3.05
      vertex 4.66234 -5.20443 3.05
    endloop
  endfacet
  facet normal 0 0 -1
    outer loop
      vertex 4.54377 -5.05801 3.05
      vertex 4.54377 -2.94199 3.05
      vertex 4.66234 -2.79556 3.05
    endloop
  endfacet
  facet normal 0 0 -1
    outer loop
      vertex 4.44115 -4.9 3.05
      vertex 4.54377 -2.94199 3.05
      vertex 4.54377 -5.05801 3.05
    endloop
  endfacet
  facet normal 0 0 -1
    outer loop
      vertex 4.44115 -4.9 3.05
      vertex 4.44115 -3.1 3.05
      vertex 4.54377 -2.94199 3.05
    endloop
  endfacet
  facet normal 0 0 -1
    outer loop
      vertex 4.35562 -4.73213 3.05
      vertex 4.44115 -3.1 3.05
      vertex 4.44115 -4.9 3.05
    endloop
  endfacet
  facet normal 0 0 -1
    outer loop
      vertex 4.35562 -4.73213 3.05
      vertex 4.35562 -3.26787 3.05
      vertex 4.44115 -3.1 3.05
    endloop
  endfacet
  facet normal 0 0 -1
    outer loop
      vertex 4.2881 -4.55623 3.05
      vertex 4.35562 -3.26787 3.05
      vertex 4.35562 -4.73213 3.05
    endloop
  endfacet
  facet normal 0 0 -1
    outer loop
      vertex 4.2881 -4.55623 3.05
      vertex 4.2881 -3.44377 3.05
      vertex 4.35562 -3.26787 3.05
    endloop
  endfacet
  facet normal 0 0 -1
    outer loop
      vertex 4.23933 -4.37424 3.05
      vertex 4.2881 -3.44377 3.05
      vertex 4.2881 -4.55623 3.05
    endloop
  endfacet
  facet normal 0 0 -1
    outer loop
      vertex 4.23933 -4.37424 3.05
      vertex 4.23933 -3.62576 3.05
      vertex 4.2881 -3.44377 3.05
    endloop
  endfacet
  facet normal 0 0 -1
    outer loop
      vertex 4.20986 -4.18815 3.05
      vertex 4.23933 -3.62576 3.05
      vertex 4.23933 -4.37424 3.05
    endloop
  endfacet
  facet normal 0 0 -1
    outer loop
      vertex 4.20986 -4.18815 3.05
      vertex 4.20986 -3.81185 3.05
      vertex 4.23933 -3.62576 3.05
    endloop
  endfacet
  facet normal 0 -0 -1
    outer loop
      vertex 4.20986 -3.81185 3.05
      vertex 4.20986 -4.18815 3.05
      vertex 4.2 -4 3.05
    endloop
  endfacet
  facet normal -0.987683 0.156467 7.32469e-19
    outer loop
      vertex 7.76066 -4.37424 0
      vertex 7.79014 -4.18815 3.05
      vertex 7.79014 -4.18815 0
    endloop
  endfacet
  facet normal -0.987683 0.156467 7.32469e-19
    outer loop
      vertex 7.79014 -4.18815 3.05
      vertex 7.76066 -4.37424 0
      vertex 7.76066 -4.37424 3.05
    endloop
  endfacet
  facet normal 0.453973 -0.891015 0
    outer loop
      vertex 5.1 -2.44115 0
      vertex 5.26787 -2.35562 3.05
      vertex 5.1 -2.44115 3.05
    endloop
  endfacet
  facet normal 0.453973 -0.891015 0
    outer loop
      vertex 5.26787 -2.35562 3.05
      vertex 5.1 -2.44115 0
      vertex 5.26787 -2.35562 0
    endloop
  endfacet
  facet normal 0.453973 0.891015 -0
    outer loop
      vertex 5.26787 -5.64438 0
      vertex 5.1 -5.55885 3.05
      vertex 5.26787 -5.64438 3.05
    endloop
  endfacet
  facet normal 0.453973 0.891015 0
    outer loop
      vertex 5.1 -5.55885 3.05
      vertex 5.26787 -5.64438 0
      vertex 5.1 -5.55885 0
    endloop
  endfacet
  facet normal 0.156415 -0.987691 0
    outer loop
      vertex 5.62576 -2.23933 0
      vertex 5.81185 -2.20986 3.05
      vertex 5.62576 -2.23933 3.05
    endloop
  endfacet
  facet normal 0.156415 -0.987691 0
    outer loop
      vertex 5.81185 -2.20986 3.05
      vertex 5.62576 -2.23933 0
      vertex 5.81185 -2.20986 0
    endloop
  endfacet
  facet normal 0.544666 0.838653 -0
    outer loop
      vertex 5.1 -5.55885 0
      vertex 4.94199 -5.45623 3.05
      vertex 5.1 -5.55885 3.05
    endloop
  endfacet
  facet normal 0.544666 0.838653 0
    outer loop
      vertex 4.94199 -5.45623 3.05
      vertex 5.1 -5.55885 0
      vertex 4.94199 -5.45623 0
    endloop
  endfacet
  facet normal -0.0523332 0.99863 0
    outer loop
      vertex 6.18815 -5.79014 0
      vertex 6 -5.8 3.05
      vertex 6.18815 -5.79014 3.05
    endloop
  endfacet
  facet normal -0.0523332 0.99863 0
    outer loop
      vertex 6 -5.8 3.05
      vertex 6.18815 -5.79014 0
      vertex 6 -5.8 0
    endloop
  endfacet
  facet normal 0.707107 -0.707107 -1.1001e-18
    outer loop
      vertex 4.66234 -2.79556 3.05
      vertex 4.79556 -2.66234 0
      vertex 4.79556 -2.66234 3.05
    endloop
  endfacet
  facet normal 0.707107 -0.707107 -1.1001e-18
    outer loop
      vertex 4.79556 -2.66234 0
      vertex 4.66234 -2.79556 3.05
      vertex 4.66234 -2.79556 0
    endloop
  endfacet
  facet normal 0.99863 0.0523332 -1.10564e-19
    outer loop
      vertex 4.20986 -4.18815 3.05
      vertex 4.2 -4 0
      vertex 4.2 -4 3.05
    endloop
  endfacet
  facet normal 0.99863 0.0523332 -1.10564e-19
    outer loop
      vertex 4.2 -4 0
      vertex 4.20986 -4.18815 3.05
      vertex 4.20986 -4.18815 0
    endloop
  endfacet
  facet normal 0.965918 0.258848 1.08849e-18
    outer loop
      vertex 4.2881 -4.55623 3.05
      vertex 4.23933 -4.37424 0
      vertex 4.23933 -4.37424 3.05
    endloop
  endfacet
  facet normal 0.965918 0.258848 1.08849e-18
    outer loop
      vertex 4.23933 -4.37424 0
      vertex 4.2881 -4.55623 3.05
      vertex 4.2881 -4.55623 0
    endloop
  endfacet
  facet normal 0.777142 0.629325 -2.75945e-18
    outer loop
      vertex 4.66234 -5.20443 3.05
      vertex 4.54377 -5.05801 0
      vertex 4.54377 -5.05801 3.05
    endloop
  endfacet
  facet normal 0.777142 0.629325 -2.75945e-18
    outer loop
      vertex 4.54377 -5.05801 0
      vertex 4.66234 -5.20443 3.05
      vertex 4.66234 -5.20443 0
    endloop
  endfacet
  facet normal 0.987691 -0.156415 4.06355e-19
    outer loop
      vertex 4.20986 -3.81185 3.05
      vertex 4.23933 -3.62576 0
      vertex 4.23933 -3.62576 3.05
    endloop
  endfacet
  facet normal 0.987691 -0.156415 4.06355e-19
    outer loop
      vertex 4.23933 -3.62576 0
      vertex 4.20986 -3.81185 3.05
      vertex 4.20986 -3.81185 0
    endloop
  endfacet
  facet normal 0.987691 0.156415 -4.06355e-19
    outer loop
      vertex 4.23933 -4.37424 3.05
      vertex 4.20986 -4.18815 0
      vertex 4.20986 -4.18815 3.05
    endloop
  endfacet
  facet normal 0.987691 0.156415 -4.06355e-19
    outer loop
      vertex 4.20986 -4.18815 0
      vertex 4.23933 -4.37424 3.05
      vertex 4.23933 -4.37424 0
    endloop
  endfacet
  facet normal -0.258848 -0.965918 0
    outer loop
      vertex 6.37424 -2.23933 0
      vertex 6.55623 -2.2881 3.05
      vertex 6.37424 -2.23933 3.05
    endloop
  endfacet
  facet normal -0.258848 -0.965918 -0
    outer loop
      vertex 6.55623 -2.2881 3.05
      vertex 6.37424 -2.23933 0
      vertex 6.55623 -2.2881 0
    endloop
  endfacet
  facet normal 0.777163 -0.629299 -1.32366e-18
    outer loop
      vertex 4.54377 -2.94199 3.05
      vertex 4.66234 -2.79556 0
      vertex 4.66234 -2.79556 3.05
    endloop
  endfacet
  facet normal 0.777163 -0.629299 -1.32366e-18
    outer loop
      vertex 4.66234 -2.79556 0
      vertex 4.54377 -2.94199 3.05
      vertex 4.54377 -2.94199 0
    endloop
  endfacet
  facet normal 0.933583 -0.35836 2.05066e-20
    outer loop
      vertex 4.2881 -3.44377 3.05
      vertex 4.35562 -3.26787 0
      vertex 4.35562 -3.26787 3.05
    endloop
  endfacet
  facet normal 0.933583 -0.35836 2.05066e-20
    outer loop
      vertex 4.35562 -3.26787 0
      vertex 4.2881 -3.44377 3.05
      vertex 4.2881 -3.44377 0
    endloop
  endfacet
  facet normal -0.987685 -0.156459 -7.11288e-19
    outer loop
      vertex 7.79014 44.1881 0
      vertex 7.76066 44.3742 3.05
      vertex 7.76066 44.3742 0
    endloop
  endfacet
  facet normal -0.987685 -0.156459 -7.11288e-19
    outer loop
      vertex 7.76066 44.3742 3.05
      vertex 7.79014 44.1881 0
      vertex 7.79014 44.1881 3.05
    endloop
  endfacet
  facet normal -0.998629 -0.0523471 -6.49963e-20
    outer loop
      vertex 7.8 44 0
      vertex 7.79014 44.1881 3.05
      vertex 7.79014 44.1881 0
    endloop
  endfacet
  facet normal -0.998629 -0.0523471 -6.49963e-20
    outer loop
      vertex 7.79014 44.1881 3.05
      vertex 7.8 44 0
      vertex 7.8 44 3.05
    endloop
  endfacet
  facet normal -0.965935 -0.258786 4.28003e-19
    outer loop
      vertex 7.76066 44.3742 0
      vertex 7.7119 44.5562 3.05
      vertex 7.7119 44.5562 0
    endloop
  endfacet
  facet normal -0.965935 -0.258786 4.28003e-19
    outer loop
      vertex 7.7119 44.5562 3.05
      vertex 7.76066 44.3742 0
      vertex 7.76066 44.3742 3.05
    endloop
  endfacet
  facet normal 0.891048 0.453909 9.3269e-19
    outer loop
      vertex 4.44115 43.1 3.05
      vertex 4.35562 43.2679 0
      vertex 4.35562 43.2679 3.05
    endloop
  endfacet
  facet normal 0.891048 0.453909 9.3269e-19
    outer loop
      vertex 4.35562 43.2679 0
      vertex 4.44115 43.1 3.05
      vertex 4.44115 43.1 0
    endloop
  endfacet
  facet normal 0.933583 0.35836 -1.2927e-18
    outer loop
      vertex 4.35562 43.2679 3.05
      vertex 4.2881 43.4438 0
      vertex 4.2881 43.4438 3.05
    endloop
  endfacet
  facet normal 0.933583 0.35836 -1.2927e-18
    outer loop
      vertex 4.2881 43.4438 0
      vertex 4.35562 43.2679 3.05
      vertex 4.35562 43.2679 0
    endloop
  endfacet
  facet normal -0.454268 -0.890865 0
    outer loop
      vertex 6.73213 45.6444 0
      vertex 6.9 45.5588 3.05
      vertex 6.73213 45.6444 3.05
    endloop
  endfacet
  facet normal -0.454268 -0.890865 -0
    outer loop
      vertex 6.9 45.5588 3.05
      vertex 6.73213 45.6444 0
      vertex 6.9 45.5588 0
    endloop
  endfacet
  facet normal -0.0525449 0.998619 0
    outer loop
      vertex 6.18815 42.2099 0
      vertex 6 42.2 3.05
      vertex 6.18815 42.2099 3.05
    endloop
  endfacet
  facet normal -0.0525449 0.998619 0
    outer loop
      vertex 6 42.2 3.05
      vertex 6.18815 42.2099 0
      vertex 6 42.2 0
    endloop
  endfacet
  facet normal -0.358268 0.933619 0
    outer loop
      vertex 6.73213 42.3556 0
      vertex 6.55623 42.2881 3.05
      vertex 6.73213 42.3556 3.05
    endloop
  endfacet
  facet normal -0.358268 0.933619 0
    outer loop
      vertex 6.55623 42.2881 3.05
      vertex 6.73213 42.3556 0
      vertex 6.55623 42.2881 0
    endloop
  endfacet
  facet normal 0.7771 0.629377 1.14942e-18
    outer loop
      vertex 4.66234 42.7956 3.05
      vertex 4.54377 42.942 0
      vertex 4.54377 42.942 3.05
    endloop
  endfacet
  facet normal 0.7771 0.629377 1.14942e-18
    outer loop
      vertex 4.54377 42.942 0
      vertex 4.66234 42.7956 3.05
      vertex 4.66234 42.7956 0
    endloop
  endfacet
  facet normal 0.891048 -0.453909 -9.3269e-19
    outer loop
      vertex 4.35562 44.7321 3.05
      vertex 4.44115 44.9 0
      vertex 4.44115 44.9 3.05
    endloop
  endfacet
  facet normal 0.891048 -0.453909 -9.3269e-19
    outer loop
      vertex 4.44115 44.9 0
      vertex 4.35562 44.7321 3.05
      vertex 4.35562 44.7321 0
    endloop
  endfacet
  facet normal -0.7771 -0.629377 1.14942e-18
    outer loop
      vertex 7.45623 45.058 0
      vertex 7.33766 45.2044 3.05
      vertex 7.33766 45.2044 0
    endloop
  endfacet
  facet normal -0.7771 -0.629377 1.14942e-18
    outer loop
      vertex 7.33766 45.2044 3.05
      vertex 7.45623 45.058 0
      vertex 7.45623 45.058 3.05
    endloop
  endfacet
  facet normal -0.838638 0.54469 6.59168e-19
    outer loop
      vertex 7.45623 42.942 0
      vertex 7.55885 43.1 3.05
      vertex 7.55885 43.1 0
    endloop
  endfacet
  facet normal -0.838638 0.54469 6.59168e-19
    outer loop
      vertex 7.55885 43.1 3.05
      vertex 7.45623 42.942 0
      vertex 7.45623 42.942 3.05
    endloop
  endfacet
  facet normal 0.965922 0.258835 1.4317e-18
    outer loop
      vertex 4.2881 43.4438 3.05
      vertex 4.23933 43.6258 0
      vertex 4.23933 43.6258 3.05
    endloop
  endfacet
  facet normal 0.965922 0.258835 1.4317e-18
    outer loop
      vertex 4.23933 43.6258 0
      vertex 4.2881 43.4438 3.05
      vertex 4.2881 43.4438 0
    endloop
  endfacet
  facet normal 0.987693 -0.156407 -3.74222e-19
    outer loop
      vertex 4.20986 44.1881 3.05
      vertex 4.23933 44.3742 0
      vertex 4.23933 44.3742 3.05
    endloop
  endfacet
  facet normal 0.987693 -0.156407 -3.74222e-19
    outer loop
      vertex 4.23933 44.3742 0
      vertex 4.20986 44.1881 3.05
      vertex 4.20986 44.1881 0
    endloop
  endfacet
  facet normal -0.707292 -0.706921 9.7393e-19
    outer loop
      vertex 7.33766 45.2044 0
      vertex 7.20443 45.3377 3.05
      vertex 7.20443 45.3377 0
    endloop
  endfacet
  facet normal -0.707292 -0.706921 9.7393e-19
    outer loop
      vertex 7.20443 45.3377 3.05
      vertex 7.33766 45.2044 0
      vertex 7.33766 45.2044 3.05
    endloop
  endfacet
  facet normal -0.544591 0.838702 0
    outer loop
      vertex 7.05801 42.5438 0
      vertex 6.9 42.4412 3.05
      vertex 7.05801 42.5438 3.05
    endloop
  endfacet
  facet normal -0.544591 0.838702 0
    outer loop
      vertex 6.9 42.4412 3.05
      vertex 7.05801 42.5438 0
      vertex 6.9 42.4412 0
    endloop
  endfacet
  facet normal 0.0525449 0.998619 -0
    outer loop
      vertex 6 42.2 0
      vertex 5.81185 42.2099 3.05
      vertex 6 42.2 3.05
    endloop
  endfacet
  facet normal 0.0525449 0.998619 0
    outer loop
      vertex 5.81185 42.2099 3.05
      vertex 6 42.2 0
      vertex 5.81185 42.2099 0
    endloop
  endfacet
  facet normal 0.838638 -0.54469 6.59168e-19
    outer loop
      vertex 4.44115 44.9 3.05
      vertex 4.54377 45.058 0
      vertex 4.54377 45.058 3.05
    endloop
  endfacet
  facet normal 0.838638 -0.54469 6.59168e-19
    outer loop
      vertex 4.54377 45.058 0
      vertex 4.44115 44.9 3.05
      vertex 4.44115 44.9 0
    endloop
  endfacet
  facet normal 0.258997 -0.965878 0
    outer loop
      vertex 5.44377 45.7119 0
      vertex 5.62576 45.7607 3.05
      vertex 5.44377 45.7119 3.05
    endloop
  endfacet
  facet normal 0.258997 -0.965878 0
    outer loop
      vertex 5.62576 45.7607 3.05
      vertex 5.44377 45.7119 0
      vertex 5.62576 45.7607 0
    endloop
  endfacet
  facet normal -0.99863 0.0523193 1.56107e-19
    outer loop
      vertex 7.79014 43.8118 0
      vertex 7.8 44 3.05
      vertex 7.8 44 0
    endloop
  endfacet
  facet normal -0.99863 0.0523193 1.56107e-19
    outer loop
      vertex 7.8 44 3.05
      vertex 7.79014 43.8118 0
      vertex 7.79014 43.8118 3.05
    endloop
  endfacet
  facet normal -0.544591 -0.838702 0
    outer loop
      vertex 6.9 45.5588 0
      vertex 7.05801 45.4562 3.05
      vertex 6.9 45.5588 3.05
    endloop
  endfacet
  facet normal -0.544591 -0.838702 -0
    outer loop
      vertex 7.05801 45.4562 3.05
      vertex 6.9 45.5588 0
      vertex 7.05801 45.4562 0
    endloop
  endfacet
  facet normal 0.358268 -0.933619 0
    outer loop
      vertex 5.26787 45.6444 0
      vertex 5.44377 45.7119 3.05
      vertex 5.26787 45.6444 3.05
    endloop
  endfacet
  facet normal 0.358268 -0.933619 0
    outer loop
      vertex 5.44377 45.7119 3.05
      vertex 5.26787 45.6444 0
      vertex 5.44377 45.7119 0
    endloop
  endfacet
  facet normal -0.454268 0.890865 0
    outer loop
      vertex 6.9 42.4412 0
      vertex 6.73213 42.3556 3.05
      vertex 6.9 42.4412 3.05
    endloop
  endfacet
  facet normal -0.454268 0.890865 0
    outer loop
      vertex 6.73213 42.3556 3.05
      vertex 6.9 42.4412 0
      vertex 6.73213 42.3556 0
    endloop
  endfacet
  facet normal 0.0525449 -0.998619 0
    outer loop
      vertex 5.81185 45.7901 0
      vertex 6 45.8 3.05
      vertex 5.81185 45.7901 3.05
    endloop
  endfacet
  facet normal 0.0525449 -0.998619 0
    outer loop
      vertex 6 45.8 3.05
      vertex 5.81185 45.7901 0
      vertex 6 45.8 0
    endloop
  endfacet
  facet normal -0.156053 0.987749 0
    outer loop
      vertex 6.37424 42.2393 0
      vertex 6.18815 42.2099 3.05
      vertex 6.37424 42.2393 3.05
    endloop
  endfacet
  facet normal -0.156053 0.987749 0
    outer loop
      vertex 6.18815 42.2099 3.05
      vertex 6.37424 42.2393 0
      vertex 6.18815 42.2099 0
    endloop
  endfacet
  facet normal 0.707319 -0.706895 9.464e-19
    outer loop
      vertex 4.66234 45.2044 3.05
      vertex 4.79556 45.3377 0
      vertex 4.79556 45.3377 3.05
    endloop
  endfacet
  facet normal 0.707319 -0.706895 9.464e-19
    outer loop
      vertex 4.79556 45.3377 0
      vertex 4.66234 45.2044 3.05
      vertex 4.66234 45.2044 0
    endloop
  endfacet
  facet normal 0.544591 -0.838702 0
    outer loop
      vertex 4.94199 45.4562 0
      vertex 5.1 45.5588 3.05
      vertex 4.94199 45.4562 3.05
    endloop
  endfacet
  facet normal 0.544591 -0.838702 0
    outer loop
      vertex 5.1 45.5588 3.05
      vertex 4.94199 45.4562 0
      vertex 5.1 45.5588 0
    endloop
  endfacet
  facet normal -0.891048 -0.453909 9.3269e-19
    outer loop
      vertex 7.64438 44.7321 0
      vertex 7.55885 44.9 3.05
      vertex 7.55885 44.9 0
    endloop
  endfacet
  facet normal -0.891048 -0.453909 9.3269e-19
    outer loop
      vertex 7.55885 44.9 3.05
      vertex 7.64438 44.7321 0
      vertex 7.64438 44.7321 3.05
    endloop
  endfacet
  facet normal -0.965935 0.258786 -4.28003e-19
    outer loop
      vertex 7.7119 43.4438 0
      vertex 7.76066 43.6258 3.05
      vertex 7.76066 43.6258 0
    endloop
  endfacet
  facet normal -0.965935 0.258786 -4.28003e-19
    outer loop
      vertex 7.76066 43.6258 3.05
      vertex 7.7119 43.4438 0
      vertex 7.7119 43.4438 3.05
    endloop
  endfacet
  facet normal 0.454268 0.890865 -0
    outer loop
      vertex 5.26787 42.3556 0
      vertex 5.1 42.4412 3.05
      vertex 5.26787 42.3556 3.05
    endloop
  endfacet
  facet normal 0.454268 0.890865 0
    outer loop
      vertex 5.1 42.4412 3.05
      vertex 5.26787 42.3556 0
      vertex 5.1 42.4412 0
    endloop
  endfacet
  facet normal -0.891048 0.453909 -9.3269e-19
    outer loop
      vertex 7.55885 43.1 0
      vertex 7.64438 43.2679 3.05
      vertex 7.64438 43.2679 0
    endloop
  endfacet
  facet normal -0.891048 0.453909 -9.3269e-19
    outer loop
      vertex 7.64438 43.2679 3.05
      vertex 7.55885 43.1 0
      vertex 7.55885 43.1 3.05
    endloop
  endfacet
  facet normal 0.838638 0.54469 -6.59168e-19
    outer loop
      vertex 4.54377 42.942 3.05
      vertex 4.44115 43.1 0
      vertex 4.44115 43.1 3.05
    endloop
  endfacet
  facet normal 0.838638 0.54469 -6.59168e-19
    outer loop
      vertex 4.44115 43.1 0
      vertex 4.54377 42.942 3.05
      vertex 4.54377 42.942 0
    endloop
  endfacet
  facet normal 0.358268 0.933619 -0
    outer loop
      vertex 5.44377 42.2881 0
      vertex 5.26787 42.3556 3.05
      vertex 5.44377 42.2881 3.05
    endloop
  endfacet
  facet normal 0.358268 0.933619 0
    outer loop
      vertex 5.26787 42.3556 3.05
      vertex 5.44377 42.2881 0
      vertex 5.26787 42.3556 0
    endloop
  endfacet
  facet normal -0.933583 -0.35836 -1.2927e-18
    outer loop
      vertex 7.7119 44.5562 0
      vertex 7.64438 44.7321 3.05
      vertex 7.64438 44.7321 0
    endloop
  endfacet
  facet normal -0.933583 -0.35836 -1.2927e-18
    outer loop
      vertex 7.64438 44.7321 3.05
      vertex 7.7119 44.5562 0
      vertex 7.7119 44.5562 3.05
    endloop
  endfacet
  facet normal -0.358268 -0.933619 0
    outer loop
      vertex 6.55623 45.7119 0
      vertex 6.73213 45.6444 3.05
      vertex 6.55623 45.7119 3.05
    endloop
  endfacet
  facet normal -0.358268 -0.933619 -0
    outer loop
      vertex 6.73213 45.6444 3.05
      vertex 6.55623 45.7119 0
      vertex 6.73213 45.6444 0
    endloop
  endfacet
  facet normal -0.258997 0.965878 0
    outer loop
      vertex 6.55623 42.2881 0
      vertex 6.37424 42.2393 3.05
      vertex 6.55623 42.2881 3.05
    endloop
  endfacet
  facet normal -0.258997 0.965878 0
    outer loop
      vertex 6.37424 42.2393 3.05
      vertex 6.55623 42.2881 0
      vertex 6.37424 42.2393 0
    endloop
  endfacet
  facet normal -0.987672 0.156541 -5.85913e-19
    outer loop
      vertex 7.76066 43.6258 0
      vertex 7.79014 43.8118 3.05
      vertex 7.79014 43.8118 0
    endloop
  endfacet
  facet normal -0.987672 0.156541 -5.85913e-19
    outer loop
      vertex 7.79014 43.8118 3.05
      vertex 7.76066 43.6258 0
      vertex 7.76066 43.6258 3.05
    endloop
  endfacet
  facet normal -0.258997 -0.965878 0
    outer loop
      vertex 6.37424 45.7607 0
      vertex 6.55623 45.7119 3.05
      vertex 6.37424 45.7607 3.05
    endloop
  endfacet
  facet normal -0.258997 -0.965878 -0
    outer loop
      vertex 6.55623 45.7119 3.05
      vertex 6.37424 45.7607 0
      vertex 6.55623 45.7119 0
    endloop
  endfacet
  facet normal 0.933583 -0.35836 1.2927e-18
    outer loop
      vertex 4.2881 44.5562 3.05
      vertex 4.35562 44.7321 0
      vertex 4.35562 44.7321 3.05
    endloop
  endfacet
  facet normal 0.933583 -0.35836 1.2927e-18
    outer loop
      vertex 4.35562 44.7321 0
      vertex 4.2881 44.5562 3.05
      vertex 4.2881 44.5562 0
    endloop
  endfacet
  facet normal -0.933583 0.35836 1.2927e-18
    outer loop
      vertex 7.64438 43.2679 0
      vertex 7.7119 43.4438 3.05
      vertex 7.7119 43.4438 0
    endloop
  endfacet
  facet normal -0.933583 0.35836 1.2927e-18
    outer loop
      vertex 7.7119 43.4438 3.05
      vertex 7.64438 43.2679 0
      vertex 7.64438 43.2679 3.05
    endloop
  endfacet
  facet normal -0.838638 -0.54469 -6.59168e-19
    outer loop
      vertex 7.55885 44.9 0
      vertex 7.45623 45.058 3.05
      vertex 7.45623 45.058 0
    endloop
  endfacet
  facet normal -0.838638 -0.54469 -6.59168e-19
    outer loop
      vertex 7.45623 45.058 3.05
      vertex 7.55885 44.9 0
      vertex 7.55885 44.9 3.05
    endloop
  endfacet
  facet normal 0 0 -1
    outer loop
      vertex 7.79014 43.8118 3.05
      vertex 7.79014 44.1881 3.05
      vertex 7.8 44 3.05
    endloop
  endfacet
  facet normal 0 0 -1
    outer loop
      vertex 7.76066 43.6258 3.05
      vertex 7.79014 44.1881 3.05
      vertex 7.79014 43.8118 3.05
    endloop
  endfacet
  facet normal 0 0 -1
    outer loop
      vertex 7.76066 43.6258 3.05
      vertex 7.76066 44.3742 3.05
      vertex 7.79014 44.1881 3.05
    endloop
  endfacet
  facet normal 0 0 -1
    outer loop
      vertex 7.7119 43.4438 3.05
      vertex 7.76066 44.3742 3.05
      vertex 7.76066 43.6258 3.05
    endloop
  endfacet
  facet normal 0 0 -1
    outer loop
      vertex 7.7119 43.4438 3.05
      vertex 7.7119 44.5562 3.05
      vertex 7.76066 44.3742 3.05
    endloop
  endfacet
  facet normal 0 0 -1
    outer loop
      vertex 7.64438 43.2679 3.05
      vertex 7.7119 44.5562 3.05
      vertex 7.7119 43.4438 3.05
    endloop
  endfacet
  facet normal 0 0 -1
    outer loop
      vertex 7.64438 43.2679 3.05
      vertex 7.64438 44.7321 3.05
      vertex 7.7119 44.5562 3.05
    endloop
  endfacet
  facet normal 0 0 -1
    outer loop
      vertex 7.55885 43.1 3.05
      vertex 7.64438 44.7321 3.05
      vertex 7.64438 43.2679 3.05
    endloop
  endfacet
  facet normal 0 0 -1
    outer loop
      vertex 7.55885 43.1 3.05
      vertex 7.55885 44.9 3.05
      vertex 7.64438 44.7321 3.05
    endloop
  endfacet
  facet normal 0 0 -1
    outer loop
      vertex 7.45623 42.942 3.05
      vertex 7.55885 44.9 3.05
      vertex 7.55885 43.1 3.05
    endloop
  endfacet
  facet normal 0 0 -1
    outer loop
      vertex 7.45623 42.942 3.05
      vertex 7.45623 45.058 3.05
      vertex 7.55885 44.9 3.05
    endloop
  endfacet
  facet normal 0 0 -1
    outer loop
      vertex 7.33766 42.7956 3.05
      vertex 7.45623 45.058 3.05
      vertex 7.45623 42.942 3.05
    endloop
  endfacet
  facet normal 0 0 -1
    outer loop
      vertex 7.33766 42.7956 3.05
      vertex 7.33766 45.2044 3.05
      vertex 7.45623 45.058 3.05
    endloop
  endfacet
  facet normal 0 0 -1
    outer loop
      vertex 7.20443 42.6623 3.05
      vertex 7.33766 45.2044 3.05
      vertex 7.33766 42.7956 3.05
    endloop
  endfacet
  facet normal 0 0 -1
    outer loop
      vertex 7.20443 42.6623 3.05
      vertex 7.20443 45.3377 3.05
      vertex 7.33766 45.2044 3.05
    endloop
  endfacet
  facet normal 0 0 -1
    outer loop
      vertex 7.05801 42.5438 3.05
      vertex 7.20443 45.3377 3.05
      vertex 7.20443 42.6623 3.05
    endloop
  endfacet
  facet normal 0 0 -1
    outer loop
      vertex 7.05801 42.5438 3.05
      vertex 7.05801 45.4562 3.05
      vertex 7.20443 45.3377 3.05
    endloop
  endfacet
  facet normal 0 0 -1
    outer loop
      vertex 6.9 42.4412 3.05
      vertex 7.05801 45.4562 3.05
      vertex 7.05801 42.5438 3.05
    endloop
  endfacet
  facet normal 0 0 -1
    outer loop
      vertex 6.9 42.4412 3.05
      vertex 6.9 45.5588 3.05
      vertex 7.05801 45.4562 3.05
    endloop
  endfacet
  facet normal 0 0 -1
    outer loop
      vertex 6.73213 42.3556 3.05
      vertex 6.9 45.5588 3.05
      vertex 6.9 42.4412 3.05
    endloop
  endfacet
  facet normal 0 0 -1
    outer loop
      vertex 6.73213 42.3556 3.05
      vertex 6.73213 45.6444 3.05
      vertex 6.9 45.5588 3.05
    endloop
  endfacet
  facet normal 0 0 -1
    outer loop
      vertex 6.55623 42.2881 3.05
      vertex 6.73213 45.6444 3.05
      vertex 6.73213 42.3556 3.05
    endloop
  endfacet
  facet normal 0 0 -1
    outer loop
      vertex 6.55623 42.2881 3.05
      vertex 6.55623 45.7119 3.05
      vertex 6.73213 45.6444 3.05
    endloop
  endfacet
  facet normal 0 0 -1
    outer loop
      vertex 6.37424 42.2393 3.05
      vertex 6.55623 45.7119 3.05
      vertex 6.55623 42.2881 3.05
    endloop
  endfacet
  facet normal 0 0 -1
    outer loop
      vertex 6.37424 42.2393 3.05
      vertex 6.37424 45.7607 3.05
      vertex 6.55623 45.7119 3.05
    endloop
  endfacet
  facet normal 0 0 -1
    outer loop
      vertex 6.18815 42.2099 3.05
      vertex 6.37424 45.7607 3.05
      vertex 6.37424 42.2393 3.05
    endloop
  endfacet
  facet normal 0 0 -1
    outer loop
      vertex 6.18815 42.2099 3.05
      vertex 6.18815 45.7901 3.05
      vertex 6.37424 45.7607 3.05
    endloop
  endfacet
  facet normal 0 0 -1
    outer loop
      vertex 6 42.2 3.05
      vertex 6.18815 45.7901 3.05
      vertex 6.18815 42.2099 3.05
    endloop
  endfacet
  facet normal 0 0 -1
    outer loop
      vertex 6 42.2 3.05
      vertex 6 45.8 3.05
      vertex 6.18815 45.7901 3.05
    endloop
  endfacet
  facet normal 0 0 -1
    outer loop
      vertex 5.81185 42.2099 3.05
      vertex 6 45.8 3.05
      vertex 6 42.2 3.05
    endloop
  endfacet
  facet normal 0 0 -1
    outer loop
      vertex 5.81185 42.2099 3.05
      vertex 5.81185 45.7901 3.05
      vertex 6 45.8 3.05
    endloop
  endfacet
  facet normal 0 0 -1
    outer loop
      vertex 5.62576 42.2393 3.05
      vertex 5.81185 45.7901 3.05
      vertex 5.81185 42.2099 3.05
    endloop
  endfacet
  facet normal 0 0 -1
    outer loop
      vertex 5.62576 42.2393 3.05
      vertex 5.62576 45.7607 3.05
      vertex 5.81185 45.7901 3.05
    endloop
  endfacet
  facet normal 0 0 -1
    outer loop
      vertex 5.44377 42.2881 3.05
      vertex 5.62576 45.7607 3.05
      vertex 5.62576 42.2393 3.05
    endloop
  endfacet
  facet normal 0 0 -1
    outer loop
      vertex 5.44377 42.2881 3.05
      vertex 5.44377 45.7119 3.05
      vertex 5.62576 45.7607 3.05
    endloop
  endfacet
  facet normal 0 0 -1
    outer loop
      vertex 5.26787 42.3556 3.05
      vertex 5.44377 45.7119 3.05
      vertex 5.44377 42.2881 3.05
    endloop
  endfacet
  facet normal 0 0 -1
    outer loop
      vertex 5.26787 42.3556 3.05
      vertex 5.26787 45.6444 3.05
      vertex 5.44377 45.7119 3.05
    endloop
  endfacet
  facet normal 0 0 -1
    outer loop
      vertex 5.1 42.4412 3.05
      vertex 5.26787 45.6444 3.05
      vertex 5.26787 42.3556 3.05
    endloop
  endfacet
  facet normal 0 0 -1
    outer loop
      vertex 5.1 42.4412 3.05
      vertex 5.1 45.5588 3.05
      vertex 5.26787 45.6444 3.05
    endloop
  endfacet
  facet normal 0 0 -1
    outer loop
      vertex 4.94199 42.5438 3.05
      vertex 5.1 45.5588 3.05
      vertex 5.1 42.4412 3.05
    endloop
  endfacet
  facet normal 0 0 -1
    outer loop
      vertex 4.94199 42.5438 3.05
      vertex 4.94199 45.4562 3.05
      vertex 5.1 45.5588 3.05
    endloop
  endfacet
  facet normal 0 0 -1
    outer loop
      vertex 4.79556 42.6623 3.05
      vertex 4.94199 45.4562 3.05
      vertex 4.94199 42.5438 3.05
    endloop
  endfacet
  facet normal 0 0 -1
    outer loop
      vertex 4.79556 42.6623 3.05
      vertex 4.79556 45.3377 3.05
      vertex 4.94199 45.4562 3.05
    endloop
  endfacet
  facet normal 0 0 -1
    outer loop
      vertex 4.66234 42.7956 3.05
      vertex 4.79556 45.3377 3.05
      vertex 4.79556 42.6623 3.05
    endloop
  endfacet
  facet normal 0 0 -1
    outer loop
      vertex 4.66234 42.7956 3.05
      vertex 4.66234 45.2044 3.05
      vertex 4.79556 45.3377 3.05
    endloop
  endfacet
  facet normal 0 0 -1
    outer loop
      vertex 4.54377 42.942 3.05
      vertex 4.66234 45.2044 3.05
      vertex 4.66234 42.7956 3.05
    endloop
  endfacet
  facet normal 0 0 -1
    outer loop
      vertex 4.54377 42.942 3.05
      vertex 4.54377 45.058 3.05
      vertex 4.66234 45.2044 3.05
    endloop
  endfacet
  facet normal 0 0 -1
    outer loop
      vertex 4.44115 43.1 3.05
      vertex 4.54377 45.058 3.05
      vertex 4.54377 42.942 3.05
    endloop
  endfacet
  facet normal 0 0 -1
    outer loop
      vertex 4.44115 43.1 3.05
      vertex 4.44115 44.9 3.05
      vertex 4.54377 45.058 3.05
    endloop
  endfacet
  facet normal 0 0 -1
    outer loop
      vertex 4.35562 43.2679 3.05
      vertex 4.44115 44.9 3.05
      vertex 4.44115 43.1 3.05
    endloop
  endfacet
  facet normal 0 0 -1
    outer loop
      vertex 4.35562 43.2679 3.05
      vertex 4.35562 44.7321 3.05
      vertex 4.44115 44.9 3.05
    endloop
  endfacet
  facet normal 0 0 -1
    outer loop
      vertex 4.2881 43.4438 3.05
      vertex 4.35562 44.7321 3.05
      vertex 4.35562 43.2679 3.05
    endloop
  endfacet
  facet normal 0 0 -1
    outer loop
      vertex 4.2881 43.4438 3.05
      vertex 4.2881 44.5562 3.05
      vertex 4.35562 44.7321 3.05
    endloop
  endfacet
  facet normal 0 0 -1
    outer loop
      vertex 4.23933 43.6258 3.05
      vertex 4.2881 44.5562 3.05
      vertex 4.2881 43.4438 3.05
    endloop
  endfacet
  facet normal 0 0 -1
    outer loop
      vertex 4.23933 43.6258 3.05
      vertex 4.23933 44.3742 3.05
      vertex 4.2881 44.5562 3.05
    endloop
  endfacet
  facet normal 0 0 -1
    outer loop
      vertex 4.20986 43.8118 3.05
      vertex 4.23933 44.3742 3.05
      vertex 4.23933 43.6258 3.05
    endloop
  endfacet
  facet normal 0 0 -1
    outer loop
      vertex 4.20986 43.8118 3.05
      vertex 4.20986 44.1881 3.05
      vertex 4.23933 44.3742 3.05
    endloop
  endfacet
  facet normal 0 -0 -1
    outer loop
      vertex 4.20986 44.1881 3.05
      vertex 4.20986 43.8118 3.05
      vertex 4.2 44 3.05
    endloop
  endfacet
  facet normal 0.7771 -0.629377 -1.14942e-18
    outer loop
      vertex 4.54377 45.058 3.05
      vertex 4.66234 45.2044 0
      vertex 4.66234 45.2044 3.05
    endloop
  endfacet
  facet normal 0.7771 -0.629377 -1.14942e-18
    outer loop
      vertex 4.66234 45.2044 0
      vertex 4.54377 45.058 3.05
      vertex 4.54377 45.058 0
    endloop
  endfacet
  facet normal -0.6291 -0.777324 0
    outer loop
      vertex 7.05801 45.4562 0
      vertex 7.20443 45.3377 3.05
      vertex 7.05801 45.4562 3.05
    endloop
  endfacet
  facet normal -0.6291 -0.777324 -0
    outer loop
      vertex 7.20443 45.3377 3.05
      vertex 7.05801 45.4562 0
      vertex 7.20443 45.3377 0
    endloop
  endfacet
  facet normal 0.454268 -0.890865 0
    outer loop
      vertex 5.1 45.5588 0
      vertex 5.26787 45.6444 3.05
      vertex 5.1 45.5588 3.05
    endloop
  endfacet
  facet normal 0.454268 -0.890865 0
    outer loop
      vertex 5.26787 45.6444 3.05
      vertex 5.1 45.5588 0
      vertex 5.26787 45.6444 0
    endloop
  endfacet
  facet normal 0.156053 0.987749 -0
    outer loop
      vertex 5.81185 42.2099 0
      vertex 5.62576 42.2393 3.05
      vertex 5.81185 42.2099 3.05
    endloop
  endfacet
  facet normal 0.156053 0.987749 0
    outer loop
      vertex 5.62576 42.2393 3.05
      vertex 5.81185 42.2099 0
      vertex 5.62576 42.2393 0
    endloop
  endfacet
  facet normal -0.707292 0.706921 0
    outer loop
      vertex 7.33766 42.7956 0
      vertex 7.20443 42.6623 3.05
      vertex 7.33766 42.7956 3.05
    endloop
  endfacet
  facet normal -0.707292 0.706921 0
    outer loop
      vertex 7.20443 42.6623 3.05
      vertex 7.33766 42.7956 0
      vertex 7.20443 42.6623 0
    endloop
  endfacet
  facet normal 0.156053 -0.987749 0
    outer loop
      vertex 5.62576 45.7607 0
      vertex 5.81185 45.7901 3.05
      vertex 5.62576 45.7607 3.05
    endloop
  endfacet
  facet normal 0.156053 -0.987749 0
    outer loop
      vertex 5.81185 45.7901 3.05
      vertex 5.62576 45.7607 0
      vertex 5.81185 45.7901 0
    endloop
  endfacet
  facet normal 0.707319 0.706895 -0
    outer loop
      vertex 4.79556 42.6623 0
      vertex 4.66234 42.7956 3.05
      vertex 4.79556 42.6623 3.05
    endloop
  endfacet
  facet normal 0.707319 0.706895 0
    outer loop
      vertex 4.66234 42.7956 3.05
      vertex 4.79556 42.6623 0
      vertex 4.66234 42.7956 0
    endloop
  endfacet
  facet normal -0.0525449 -0.998619 0
    outer loop
      vertex 6 45.8 0
      vertex 6.18815 45.7901 3.05
      vertex 6 45.8 3.05
    endloop
  endfacet
  facet normal -0.0525449 -0.998619 -0
    outer loop
      vertex 6.18815 45.7901 3.05
      vertex 6 45.8 0
      vertex 6.18815 45.7901 0
    endloop
  endfacet
  facet normal 0.629075 0.777345 -0
    outer loop
      vertex 4.94199 42.5438 0
      vertex 4.79556 42.6623 3.05
      vertex 4.94199 42.5438 3.05
    endloop
  endfacet
  facet normal 0.629075 0.777345 0
    outer loop
      vertex 4.79556 42.6623 3.05
      vertex 4.94199 42.5438 0
      vertex 4.79556 42.6623 0
    endloop
  endfacet
  facet normal 0.98768 0.156489 6.0909e-19
    outer loop
      vertex 4.23933 43.6258 3.05
      vertex 4.20986 43.8118 0
      vertex 4.20986 43.8118 3.05
    endloop
  endfacet
  facet normal 0.98768 0.156489 6.0909e-19
    outer loop
      vertex 4.20986 43.8118 0
      vertex 4.23933 43.6258 3.05
      vertex 4.23933 43.6258 0
    endloop
  endfacet
  facet normal 0.629075 -0.777345 0
    outer loop
      vertex 4.79556 45.3377 0
      vertex 4.94199 45.4562 3.05
      vertex 4.79556 45.3377 3.05
    endloop
  endfacet
  facet normal 0.629075 -0.777345 0
    outer loop
      vertex 4.94199 45.4562 3.05
      vertex 4.79556 45.3377 0
      vertex 4.94199 45.4562 0
    endloop
  endfacet
  facet normal 0.544591 0.838702 -0
    outer loop
      vertex 5.1 42.4412 0
      vertex 4.94199 42.5438 3.05
      vertex 5.1 42.4412 3.05
    endloop
  endfacet
  facet normal 0.544591 0.838702 0
    outer loop
      vertex 4.94199 42.5438 3.05
      vertex 5.1 42.4412 0
      vertex 4.94199 42.5438 0
    endloop
  endfacet
  facet normal 0.258997 0.965878 -0
    outer loop
      vertex 5.62576 42.2393 0
      vertex 5.44377 42.2881 3.05
      vertex 5.62576 42.2393 3.05
    endloop
  endfacet
  facet normal 0.258997 0.965878 0
    outer loop
      vertex 5.44377 42.2881 3.05
      vertex 5.62576 42.2393 0
      vertex 5.44377 42.2881 0
    endloop
  endfacet
  facet normal -0.6291 0.777324 0
    outer loop
      vertex 7.20443 42.6623 0
      vertex 7.05801 42.5438 3.05
      vertex 7.20443 42.6623 3.05
    endloop
  endfacet
  facet normal -0.6291 0.777324 0
    outer loop
      vertex 7.05801 42.5438 3.05
      vertex 7.20443 42.6623 0
      vertex 7.05801 42.5438 0
    endloop
  endfacet
  facet normal -0.156053 -0.987749 0
    outer loop
      vertex 6.18815 45.7901 0
      vertex 6.37424 45.7607 3.05
      vertex 6.18815 45.7901 3.05
    endloop
  endfacet
  facet normal -0.156053 -0.987749 -0
    outer loop
      vertex 6.37424 45.7607 3.05
      vertex 6.18815 45.7901 0
      vertex 6.37424 45.7607 0
    endloop
  endfacet
  facet normal 0.965922 -0.258835 -1.4317e-18
    outer loop
      vertex 4.23933 44.3742 3.05
      vertex 4.2881 44.5562 0
      vertex 4.2881 44.5562 3.05
    endloop
  endfacet
  facet normal 0.965922 -0.258835 -1.4317e-18
    outer loop
      vertex 4.2881 44.5562 0
      vertex 4.23933 44.3742 3.05
      vertex 4.23933 44.3742 0
    endloop
  endfacet
  facet normal 0.998629 -0.0523471 6.49963e-20
    outer loop
      vertex 4.2 44 3.05
      vertex 4.20986 44.1881 0
      vertex 4.20986 44.1881 3.05
    endloop
  endfacet
  facet normal 0.998629 -0.0523471 6.49963e-20
    outer loop
      vertex 4.20986 44.1881 0
      vertex 4.2 44 3.05
      vertex 4.2 44 0
    endloop
  endfacet
  facet normal 0.99863 0.0523193 -1.56107e-19
    outer loop
      vertex 4.20986 43.8118 3.05
      vertex 4.2 44 0
      vertex 4.2 44 3.05
    endloop
  endfacet
  facet normal 0.99863 0.0523193 -1.56107e-19
    outer loop
      vertex 4.2 44 0
      vertex 4.20986 43.8118 3.05
      vertex 4.20986 43.8118 0
    endloop
  endfacet
  facet normal -0.7771 0.629377 -1.14942e-18
    outer loop
      vertex 7.33766 42.7956 0
      vertex 7.45623 42.942 3.05
      vertex 7.45623 42.942 0
    endloop
  endfacet
  facet normal -0.7771 0.629377 -1.14942e-18
    outer loop
      vertex 7.45623 42.942 3.05
      vertex 7.33766 42.7956 0
      vertex 7.33766 42.7956 3.05
    endloop
  endfacet
  facet normal -0.35836 -0.933583 0
    outer loop
      vertex 27.5562 -2.2881 0
      vertex 27.7321 -2.35562 3.05
      vertex 27.5562 -2.2881 3.05
    endloop
  endfacet
  facet normal -0.35836 -0.933583 -0
    outer loop
      vertex 27.7321 -2.35562 3.05
      vertex 27.5562 -2.2881 0
      vertex 27.7321 -2.35562 0
    endloop
  endfacet
  facet normal -0.987749 -0.156053 -6.41921e-19
    outer loop
      vertex 28.7901 -3.81185 0
      vertex 28.7607 -3.62576 3.05
      vertex 28.7607 -3.62576 0
    endloop
  endfacet
  facet normal -0.987749 -0.156053 -6.41921e-19
    outer loop
      vertex 28.7607 -3.62576 3.05
      vertex 28.7901 -3.81185 0
      vertex 28.7901 -3.81185 3.05
    endloop
  endfacet
  facet normal -0.998619 -0.0525449 -1.0884e-19
    outer loop
      vertex 28.8 -4 0
      vertex 28.7901 -3.81185 3.05
      vertex 28.7901 -3.81185 0
    endloop
  endfacet
  facet normal -0.998619 -0.0525449 -1.0884e-19
    outer loop
      vertex 28.7901 -3.81185 3.05
      vertex 28.8 -4 0
      vertex 28.8 -4 3.05
    endloop
  endfacet
  facet normal -0.965878 -0.258997 1.00326e-18
    outer loop
      vertex 28.7607 -3.62576 0
      vertex 28.7119 -3.44377 3.05
      vertex 28.7119 -3.44377 0
    endloop
  endfacet
  facet normal -0.965878 -0.258997 1.00326e-18
    outer loop
      vertex 28.7119 -3.44377 3.05
      vertex 28.7607 -3.62576 0
      vertex 28.7607 -3.62576 3.05
    endloop
  endfacet
  facet normal 0.965878 -0.258997 -1.00326e-18
    outer loop
      vertex 25.2393 -3.62576 3.05
      vertex 25.2881 -3.44377 0
      vertex 25.2881 -3.44377 3.05
    endloop
  endfacet
  facet normal 0.965878 -0.258997 -1.00326e-18
    outer loop
      vertex 25.2881 -3.44377 0
      vertex 25.2393 -3.62576 3.05
      vertex 25.2393 -3.62576 0
    endloop
  endfacet
  facet normal 0.890865 0.454268 -8.18165e-19
    outer loop
      vertex 25.4412 -4.9 3.05
      vertex 25.3556 -4.73213 0
      vertex 25.3556 -4.73213 3.05
    endloop
  endfacet
  facet normal 0.890865 0.454268 -8.18165e-19
    outer loop
      vertex 25.3556 -4.73213 0
      vertex 25.4412 -4.9 3.05
      vertex 25.4412 -4.9 0
    endloop
  endfacet
  facet normal 0.706921 0.707292 -0
    outer loop
      vertex 25.7956 -5.33766 0
      vertex 25.6623 -5.20443 3.05
      vertex 25.7956 -5.33766 3.05
    endloop
  endfacet
  facet normal 0.706921 0.707292 0
    outer loop
      vertex 25.6623 -5.20443 3.05
      vertex 25.7956 -5.33766 0
      vertex 25.6623 -5.20443 0
    endloop
  endfacet
  facet normal -0.838702 -0.544591 -1.64396e-18
    outer loop
      vertex 28.5588 -3.1 0
      vertex 28.4562 -2.94199 3.05
      vertex 28.4562 -2.94199 0
    endloop
  endfacet
  facet normal -0.838702 -0.544591 -1.64396e-18
    outer loop
      vertex 28.4562 -2.94199 3.05
      vertex 28.5588 -3.1 0
      vertex 28.5588 -3.1 3.05
    endloop
  endfacet
  facet normal 0.258835 -0.965922 0
    outer loop
      vertex 26.4438 -2.2881 0
      vertex 26.6258 -2.23933 3.05
      vertex 26.4438 -2.2881 3.05
    endloop
  endfacet
  facet normal 0.258835 -0.965922 0
    outer loop
      vertex 26.6258 -2.23933 3.05
      vertex 26.4438 -2.2881 0
      vertex 26.6258 -2.23933 0
    endloop
  endfacet
  facet normal 0.35836 -0.933583 0
    outer loop
      vertex 26.2679 -2.35562 0
      vertex 26.4438 -2.2881 3.05
      vertex 26.2679 -2.35562 3.05
    endloop
  endfacet
  facet normal 0.35836 -0.933583 0
    outer loop
      vertex 26.4438 -2.2881 3.05
      vertex 26.2679 -2.35562 0
      vertex 26.4438 -2.2881 0
    endloop
  endfacet
  facet normal -0.998619 0.0525449 -1.64658e-19
    outer loop
      vertex 28.7901 -4.18815 0
      vertex 28.8 -4 3.05
      vertex 28.8 -4 0
    endloop
  endfacet
  facet normal -0.998619 0.0525449 -1.64658e-19
    outer loop
      vertex 28.8 -4 3.05
      vertex 28.7901 -4.18815 0
      vertex 28.7901 -4.18815 3.05
    endloop
  endfacet
  facet normal -0.35836 0.933583 0
    outer loop
      vertex 27.7321 -5.64438 0
      vertex 27.5562 -5.7119 3.05
      vertex 27.7321 -5.64438 3.05
    endloop
  endfacet
  facet normal -0.35836 0.933583 0
    outer loop
      vertex 27.5562 -5.7119 3.05
      vertex 27.7321 -5.64438 0
      vertex 27.5562 -5.7119 0
    endloop
  endfacet
  facet normal -0.629377 -0.7771 0
    outer loop
      vertex 28.058 -2.54377 0
      vertex 28.2044 -2.66234 3.05
      vertex 28.058 -2.54377 3.05
    endloop
  endfacet
  facet normal -0.629377 -0.7771 -0
    outer loop
      vertex 28.2044 -2.66234 3.05
      vertex 28.058 -2.54377 0
      vertex 28.2044 -2.66234 0
    endloop
  endfacet
  facet normal -0.933619 -0.358268 -6.39696e-19
    outer loop
      vertex 28.7119 -3.44377 0
      vertex 28.6444 -3.26787 3.05
      vertex 28.6444 -3.26787 0
    endloop
  endfacet
  facet normal -0.933619 -0.358268 -6.39696e-19
    outer loop
      vertex 28.6444 -3.26787 3.05
      vertex 28.7119 -3.44377 0
      vertex 28.7119 -3.44377 3.05
    endloop
  endfacet
  facet normal -0.890865 -0.454268 -1.33974e-18
    outer loop
      vertex 28.6444 -3.26787 0
      vertex 28.5588 -3.1 3.05
      vertex 28.5588 -3.1 0
    endloop
  endfacet
  facet normal -0.890865 -0.454268 -1.33974e-18
    outer loop
      vertex 28.5588 -3.1 3.05
      vertex 28.6444 -3.26787 0
      vertex 28.6444 -3.26787 3.05
    endloop
  endfacet
  facet normal -0.933619 0.358268 -1.05083e-18
    outer loop
      vertex 28.6444 -4.73213 0
      vertex 28.7119 -4.55623 3.05
      vertex 28.7119 -4.55623 0
    endloop
  endfacet
  facet normal -0.933619 0.358268 -1.05083e-18
    outer loop
      vertex 28.7119 -4.55623 3.05
      vertex 28.6444 -4.73213 0
      vertex 28.6444 -4.73213 3.05
    endloop
  endfacet
  facet normal 0.156541 0.987672 -0
    outer loop
      vertex 26.8118 -5.79014 0
      vertex 26.6258 -5.76066 3.05
      vertex 26.8118 -5.79014 3.05
    endloop
  endfacet
  facet normal 0.156541 0.987672 0
    outer loop
      vertex 26.6258 -5.76066 3.05
      vertex 26.8118 -5.79014 0
      vertex 26.6258 -5.76066 0
    endloop
  endfacet
  facet normal 0.258786 0.965935 -0
    outer loop
      vertex 26.6258 -5.76066 0
      vertex 26.4438 -5.7119 3.05
      vertex 26.6258 -5.76066 3.05
    endloop
  endfacet
  facet normal 0.258786 0.965935 0
    outer loop
      vertex 26.4438 -5.7119 3.05
      vertex 26.6258 -5.76066 0
      vertex 26.4438 -5.7119 0
    endloop
  endfacet
  facet normal -0.777324 0.6291 2.44681e-19
    outer loop
      vertex 28.3377 -5.20443 0
      vertex 28.4562 -5.05801 3.05
      vertex 28.4562 -5.05801 0
    endloop
  endfacet
  facet normal -0.777324 0.6291 2.44681e-19
    outer loop
      vertex 28.4562 -5.05801 3.05
      vertex 28.3377 -5.20443 0
      vertex 28.3377 -5.20443 3.05
    endloop
  endfacet
  facet normal -0.629377 0.7771 0
    outer loop
      vertex 28.2044 -5.33766 0
      vertex 28.058 -5.45623 3.05
      vertex 28.2044 -5.33766 3.05
    endloop
  endfacet
  facet normal -0.629377 0.7771 0
    outer loop
      vertex 28.058 -5.45623 3.05
      vertex 28.2044 -5.33766 0
      vertex 28.058 -5.45623 0
    endloop
  endfacet
  facet normal -0.890865 0.454268 8.18165e-19
    outer loop
      vertex 28.5588 -4.9 0
      vertex 28.6444 -4.73213 3.05
      vertex 28.6444 -4.73213 0
    endloop
  endfacet
  facet normal -0.890865 0.454268 8.18165e-19
    outer loop
      vertex 28.6444 -4.73213 3.05
      vertex 28.5588 -4.9 0
      vertex 28.5588 -4.9 3.05
    endloop
  endfacet
  facet normal 0.890865 -0.454268 1.33974e-18
    outer loop
      vertex 25.3556 -3.26787 3.05
      vertex 25.4412 -3.1 0
      vertex 25.4412 -3.1 3.05
    endloop
  endfacet
  facet normal 0.890865 -0.454268 1.33974e-18
    outer loop
      vertex 25.4412 -3.1 0
      vertex 25.3556 -3.26787 3.05
      vertex 25.3556 -3.26787 0
    endloop
  endfacet
  facet normal 0.0523193 0.99863 -0
    outer loop
      vertex 27 -5.8 0
      vertex 26.8118 -5.79014 3.05
      vertex 27 -5.8 3.05
    endloop
  endfacet
  facet normal 0.0523193 0.99863 0
    outer loop
      vertex 26.8118 -5.79014 3.05
      vertex 27 -5.8 0
      vertex 26.8118 -5.79014 0
    endloop
  endfacet
  facet normal -0.54469 0.838638 0
    outer loop
      vertex 28.058 -5.45623 0
      vertex 27.9 -5.55885 3.05
      vertex 28.058 -5.45623 3.05
    endloop
  endfacet
  facet normal -0.54469 0.838638 0
    outer loop
      vertex 27.9 -5.55885 3.05
      vertex 28.058 -5.45623 0
      vertex 27.9 -5.55885 0
    endloop
  endfacet
  facet normal -0.0523193 -0.99863 0
    outer loop
      vertex 27 -2.2 0
      vertex 27.1882 -2.20986 3.05
      vertex 27 -2.2 3.05
    endloop
  endfacet
  facet normal -0.0523193 -0.99863 -0
    outer loop
      vertex 27.1882 -2.20986 3.05
      vertex 27 -2.2 0
      vertex 27.1882 -2.20986 0
    endloop
  endfacet
  facet normal -0.54469 -0.838638 0
    outer loop
      vertex 27.9 -2.44115 0
      vertex 28.058 -2.54377 3.05
      vertex 27.9 -2.44115 3.05
    endloop
  endfacet
  facet normal -0.54469 -0.838638 -0
    outer loop
      vertex 28.058 -2.54377 3.05
      vertex 27.9 -2.44115 0
      vertex 28.058 -2.54377 0
    endloop
  endfacet
  facet normal -0.706895 -0.707319 0
    outer loop
      vertex 28.2044 -2.66234 0
      vertex 28.3377 -2.79556 3.05
      vertex 28.2044 -2.66234 3.05
    endloop
  endfacet
  facet normal -0.706895 -0.707319 -0
    outer loop
      vertex 28.3377 -2.79556 3.05
      vertex 28.2044 -2.66234 0
      vertex 28.3377 -2.79556 0
    endloop
  endfacet
  facet normal -0.453909 0.891048 0
    outer loop
      vertex 27.9 -5.55885 0
      vertex 27.7321 -5.64438 3.05
      vertex 27.9 -5.55885 3.05
    endloop
  endfacet
  facet normal -0.453909 0.891048 0
    outer loop
      vertex 27.7321 -5.64438 3.05
      vertex 27.9 -5.55885 0
      vertex 27.7321 -5.64438 0
    endloop
  endfacet
  facet normal -0.777345 -0.629075 -2.95779e-19
    outer loop
      vertex 28.4562 -2.94199 0
      vertex 28.3377 -2.79556 3.05
      vertex 28.3377 -2.79556 0
    endloop
  endfacet
  facet normal -0.777345 -0.629075 -2.95779e-19
    outer loop
      vertex 28.3377 -2.79556 3.05
      vertex 28.4562 -2.94199 0
      vertex 28.4562 -2.94199 3.05
    endloop
  endfacet
  facet normal 0.998619 -0.0525449 1.0884e-19
    outer loop
      vertex 25.2 -4 3.05
      vertex 25.2099 -3.81185 0
      vertex 25.2099 -3.81185 3.05
    endloop
  endfacet
  facet normal 0.998619 -0.0525449 1.0884e-19
    outer loop
      vertex 25.2099 -3.81185 0
      vertex 25.2 -4 3.05
      vertex 25.2 -4 0
    endloop
  endfacet
  facet normal 0.54469 -0.838638 0
    outer loop
      vertex 25.942 -2.54377 0
      vertex 26.1 -2.44115 3.05
      vertex 25.942 -2.54377 3.05
    endloop
  endfacet
  facet normal 0.54469 -0.838638 0
    outer loop
      vertex 26.1 -2.44115 3.05
      vertex 25.942 -2.54377 0
      vertex 26.1 -2.44115 0
    endloop
  endfacet
  facet normal -0.965878 0.258997 -1.00326e-18
    outer loop
      vertex 28.7119 -4.55623 0
      vertex 28.7607 -4.37424 3.05
      vertex 28.7607 -4.37424 0
    endloop
  endfacet
  facet normal -0.965878 0.258997 -1.00326e-18
    outer loop
      vertex 28.7607 -4.37424 3.05
      vertex 28.7119 -4.55623 0
      vertex 28.7119 -4.55623 3.05
    endloop
  endfacet
  facet normal -0.453909 -0.891048 0
    outer loop
      vertex 27.7321 -2.35562 0
      vertex 27.9 -2.44115 3.05
      vertex 27.7321 -2.35562 3.05
    endloop
  endfacet
  facet normal -0.453909 -0.891048 -0
    outer loop
      vertex 27.9 -2.44115 3.05
      vertex 27.7321 -2.35562 0
      vertex 27.9 -2.44115 0
    endloop
  endfacet
  facet normal -0.156541 0.987672 0
    outer loop
      vertex 27.3742 -5.76066 0
      vertex 27.1882 -5.79014 3.05
      vertex 27.3742 -5.76066 3.05
    endloop
  endfacet
  facet normal -0.156541 0.987672 0
    outer loop
      vertex 27.1882 -5.79014 3.05
      vertex 27.3742 -5.76066 0
      vertex 27.1882 -5.79014 0
    endloop
  endfacet
  facet normal 0.838702 -0.544591 1.64396e-18
    outer loop
      vertex 25.4412 -3.1 3.05
      vertex 25.5438 -2.94199 0
      vertex 25.5438 -2.94199 3.05
    endloop
  endfacet
  facet normal 0.838702 -0.544591 1.64396e-18
    outer loop
      vertex 25.5438 -2.94199 0
      vertex 25.4412 -3.1 3.05
      vertex 25.4412 -3.1 0
    endloop
  endfacet
  facet normal 0.0523193 -0.99863 0
    outer loop
      vertex 26.8118 -2.20986 0
      vertex 27 -2.2 3.05
      vertex 26.8118 -2.20986 3.05
    endloop
  endfacet
  facet normal 0.0523193 -0.99863 0
    outer loop
      vertex 27 -2.2 3.05
      vertex 26.8118 -2.20986 0
      vertex 27 -2.2 0
    endloop
  endfacet
  facet normal 0.629377 -0.7771 0
    outer loop
      vertex 25.7956 -2.66234 0
      vertex 25.942 -2.54377 3.05
      vertex 25.7956 -2.66234 3.05
    endloop
  endfacet
  facet normal 0.629377 -0.7771 0
    outer loop
      vertex 25.942 -2.54377 3.05
      vertex 25.7956 -2.66234 0
      vertex 25.942 -2.54377 0
    endloop
  endfacet
  facet normal -0.258786 0.965935 0
    outer loop
      vertex 27.5562 -5.7119 0
      vertex 27.3742 -5.76066 3.05
      vertex 27.5562 -5.7119 3.05
    endloop
  endfacet
  facet normal -0.258786 0.965935 0
    outer loop
      vertex 27.3742 -5.76066 3.05
      vertex 27.5562 -5.7119 0
      vertex 27.3742 -5.76066 0
    endloop
  endfacet
  facet normal 0.629377 0.7771 -0
    outer loop
      vertex 25.942 -5.45623 0
      vertex 25.7956 -5.33766 3.05
      vertex 25.942 -5.45623 3.05
    endloop
  endfacet
  facet normal 0.629377 0.7771 0
    outer loop
      vertex 25.7956 -5.33766 3.05
      vertex 25.942 -5.45623 0
      vertex 25.7956 -5.33766 0
    endloop
  endfacet
  facet normal 0.838702 0.544591 -1.64396e-18
    outer loop
      vertex 25.5438 -5.05801 3.05
      vertex 25.4412 -4.9 0
      vertex 25.4412 -4.9 3.05
    endloop
  endfacet
  facet normal 0.838702 0.544591 -1.64396e-18
    outer loop
      vertex 25.4412 -4.9 0
      vertex 25.5438 -5.05801 3.05
      vertex 25.5438 -5.05801 0
    endloop
  endfacet
  facet normal -0.838702 0.544591 1.64396e-18
    outer loop
      vertex 28.4562 -5.05801 0
      vertex 28.5588 -4.9 3.05
      vertex 28.5588 -4.9 0
    endloop
  endfacet
  facet normal -0.838702 0.544591 1.64396e-18
    outer loop
      vertex 28.5588 -4.9 3.05
      vertex 28.4562 -5.05801 0
      vertex 28.4562 -5.05801 3.05
    endloop
  endfacet
  facet normal -0.706921 0.707292 0
    outer loop
      vertex 28.3377 -5.20443 0
      vertex 28.2044 -5.33766 3.05
      vertex 28.3377 -5.20443 3.05
    endloop
  endfacet
  facet normal -0.706921 0.707292 0
    outer loop
      vertex 28.2044 -5.33766 3.05
      vertex 28.3377 -5.20443 0
      vertex 28.2044 -5.33766 0
    endloop
  endfacet
  facet normal 0.35836 0.933583 -0
    outer loop
      vertex 26.4438 -5.7119 0
      vertex 26.2679 -5.64438 3.05
      vertex 26.4438 -5.7119 3.05
    endloop
  endfacet
  facet normal 0.35836 0.933583 0
    outer loop
      vertex 26.2679 -5.64438 3.05
      vertex 26.4438 -5.7119 0
      vertex 26.2679 -5.64438 0
    endloop
  endfacet
  facet normal -0.156489 -0.98768 0
    outer loop
      vertex 27.1882 -2.20986 0
      vertex 27.3742 -2.23933 3.05
      vertex 27.1882 -2.20986 3.05
    endloop
  endfacet
  facet normal -0.156489 -0.98768 -0
    outer loop
      vertex 27.3742 -2.23933 3.05
      vertex 27.1882 -2.20986 0
      vertex 27.3742 -2.23933 0
    endloop
  endfacet
  facet normal 0.933619 0.358268 1.05083e-18
    outer loop
      vertex 25.3556 -4.73213 3.05
      vertex 25.2881 -4.55623 0
      vertex 25.2881 -4.55623 3.05
    endloop
  endfacet
  facet normal 0.933619 0.358268 1.05083e-18
    outer loop
      vertex 25.2881 -4.55623 0
      vertex 25.3556 -4.73213 3.05
      vertex 25.3556 -4.73213 0
    endloop
  endfacet
  facet normal 0.54469 0.838638 -0
    outer loop
      vertex 26.1 -5.55885 0
      vertex 25.942 -5.45623 3.05
      vertex 26.1 -5.55885 3.05
    endloop
  endfacet
  facet normal 0.54469 0.838638 0
    outer loop
      vertex 25.942 -5.45623 3.05
      vertex 26.1 -5.55885 0
      vertex 25.942 -5.45623 0
    endloop
  endfacet
  facet normal 0 0 -1
    outer loop
      vertex 28.7901 -4.18815 3.05
      vertex 28.7901 -3.81185 3.05
      vertex 28.8 -4 3.05
    endloop
  endfacet
  facet normal 0 0 -1
    outer loop
      vertex 28.7607 -4.37424 3.05
      vertex 28.7901 -3.81185 3.05
      vertex 28.7901 -4.18815 3.05
    endloop
  endfacet
  facet normal 0 0 -1
    outer loop
      vertex 28.7607 -4.37424 3.05
      vertex 28.7607 -3.62576 3.05
      vertex 28.7901 -3.81185 3.05
    endloop
  endfacet
  facet normal 0 0 -1
    outer loop
      vertex 28.7119 -4.55623 3.05
      vertex 28.7607 -3.62576 3.05
      vertex 28.7607 -4.37424 3.05
    endloop
  endfacet
  facet normal 0 0 -1
    outer loop
      vertex 28.7119 -4.55623 3.05
      vertex 28.7119 -3.44377 3.05
      vertex 28.7607 -3.62576 3.05
    endloop
  endfacet
  facet normal 0 0 -1
    outer loop
      vertex 28.6444 -4.73213 3.05
      vertex 28.7119 -3.44377 3.05
      vertex 28.7119 -4.55623 3.05
    endloop
  endfacet
  facet normal 0 0 -1
    outer loop
      vertex 28.6444 -4.73213 3.05
      vertex 28.6444 -3.26787 3.05
      vertex 28.7119 -3.44377 3.05
    endloop
  endfacet
  facet normal 0 0 -1
    outer loop
      vertex 28.5588 -4.9 3.05
      vertex 28.6444 -3.26787 3.05
      vertex 28.6444 -4.73213 3.05
    endloop
  endfacet
  facet normal 0 0 -1
    outer loop
      vertex 28.5588 -4.9 3.05
      vertex 28.5588 -3.1 3.05
      vertex 28.6444 -3.26787 3.05
    endloop
  endfacet
  facet normal 0 0 -1
    outer loop
      vertex 28.4562 -5.05801 3.05
      vertex 28.5588 -3.1 3.05
      vertex 28.5588 -4.9 3.05
    endloop
  endfacet
  facet normal 0 0 -1
    outer loop
      vertex 28.4562 -5.05801 3.05
      vertex 28.4562 -2.94199 3.05
      vertex 28.5588 -3.1 3.05
    endloop
  endfacet
  facet normal 0 0 -1
    outer loop
      vertex 28.3377 -5.20443 3.05
      vertex 28.4562 -2.94199 3.05
      vertex 28.4562 -5.05801 3.05
    endloop
  endfacet
  facet normal 0 0 -1
    outer loop
      vertex 28.3377 -5.20443 3.05
      vertex 28.3377 -2.79556 3.05
      vertex 28.4562 -2.94199 3.05
    endloop
  endfacet
  facet normal 0 0 -1
    outer loop
      vertex 28.2044 -5.33766 3.05
      vertex 28.3377 -2.79556 3.05
      vertex 28.3377 -5.20443 3.05
    endloop
  endfacet
  facet normal 0 0 -1
    outer loop
      vertex 28.2044 -5.33766 3.05
      vertex 28.2044 -2.66234 3.05
      vertex 28.3377 -2.79556 3.05
    endloop
  endfacet
  facet normal 0 0 -1
    outer loop
      vertex 28.058 -5.45623 3.05
      vertex 28.2044 -2.66234 3.05
      vertex 28.2044 -5.33766 3.05
    endloop
  endfacet
  facet normal 0 0 -1
    outer loop
      vertex 28.058 -5.45623 3.05
      vertex 28.058 -2.54377 3.05
      vertex 28.2044 -2.66234 3.05
    endloop
  endfacet
  facet normal 0 0 -1
    outer loop
      vertex 27.9 -5.55885 3.05
      vertex 28.058 -2.54377 3.05
      vertex 28.058 -5.45623 3.05
    endloop
  endfacet
  facet normal 0 0 -1
    outer loop
      vertex 27.9 -5.55885 3.05
      vertex 27.9 -2.44115 3.05
      vertex 28.058 -2.54377 3.05
    endloop
  endfacet
  facet normal 0 0 -1
    outer loop
      vertex 27.7321 -5.64438 3.05
      vertex 27.9 -2.44115 3.05
      vertex 27.9 -5.55885 3.05
    endloop
  endfacet
  facet normal 0 0 -1
    outer loop
      vertex 27.7321 -5.64438 3.05
      vertex 27.7321 -2.35562 3.05
      vertex 27.9 -2.44115 3.05
    endloop
  endfacet
  facet normal 0 0 -1
    outer loop
      vertex 27.5562 -5.7119 3.05
      vertex 27.7321 -2.35562 3.05
      vertex 27.7321 -5.64438 3.05
    endloop
  endfacet
  facet normal 0 0 -1
    outer loop
      vertex 27.5562 -5.7119 3.05
      vertex 27.5562 -2.2881 3.05
      vertex 27.7321 -2.35562 3.05
    endloop
  endfacet
  facet normal 0 0 -1
    outer loop
      vertex 27.3742 -5.76066 3.05
      vertex 27.5562 -2.2881 3.05
      vertex 27.5562 -5.7119 3.05
    endloop
  endfacet
  facet normal 0 0 -1
    outer loop
      vertex 27.3742 -5.76066 3.05
      vertex 27.3742 -2.23933 3.05
      vertex 27.5562 -2.2881 3.05
    endloop
  endfacet
  facet normal 0 0 -1
    outer loop
      vertex 27.1882 -5.79014 3.05
      vertex 27.3742 -2.23933 3.05
      vertex 27.3742 -5.76066 3.05
    endloop
  endfacet
  facet normal 0 0 -1
    outer loop
      vertex 27.1882 -5.79014 3.05
      vertex 27.1882 -2.20986 3.05
      vertex 27.3742 -2.23933 3.05
    endloop
  endfacet
  facet normal 0 0 -1
    outer loop
      vertex 27 -5.8 3.05
      vertex 27.1882 -2.20986 3.05
      vertex 27.1882 -5.79014 3.05
    endloop
  endfacet
  facet normal 0 0 -1
    outer loop
      vertex 27 -5.8 3.05
      vertex 27 -2.2 3.05
      vertex 27.1882 -2.20986 3.05
    endloop
  endfacet
  facet normal 0 0 -1
    outer loop
      vertex 26.8118 -5.79014 3.05
      vertex 27 -2.2 3.05
      vertex 27 -5.8 3.05
    endloop
  endfacet
  facet normal 0 0 -1
    outer loop
      vertex 26.8118 -5.79014 3.05
      vertex 26.8118 -2.20986 3.05
      vertex 27 -2.2 3.05
    endloop
  endfacet
  facet normal 0 0 -1
    outer loop
      vertex 26.6258 -5.76066 3.05
      vertex 26.8118 -2.20986 3.05
      vertex 26.8118 -5.79014 3.05
    endloop
  endfacet
  facet normal 0 0 -1
    outer loop
      vertex 26.6258 -5.76066 3.05
      vertex 26.6258 -2.23933 3.05
      vertex 26.8118 -2.20986 3.05
    endloop
  endfacet
  facet normal 0 0 -1
    outer loop
      vertex 26.4438 -5.7119 3.05
      vertex 26.6258 -2.23933 3.05
      vertex 26.6258 -5.76066 3.05
    endloop
  endfacet
  facet normal 0 0 -1
    outer loop
      vertex 26.4438 -5.7119 3.05
      vertex 26.4438 -2.2881 3.05
      vertex 26.6258 -2.23933 3.05
    endloop
  endfacet
  facet normal 0 0 -1
    outer loop
      vertex 26.2679 -5.64438 3.05
      vertex 26.4438 -2.2881 3.05
      vertex 26.4438 -5.7119 3.05
    endloop
  endfacet
  facet normal 0 0 -1
    outer loop
      vertex 26.2679 -5.64438 3.05
      vertex 26.2679 -2.35562 3.05
      vertex 26.4438 -2.2881 3.05
    endloop
  endfacet
  facet normal 0 0 -1
    outer loop
      vertex 26.1 -5.55885 3.05
      vertex 26.2679 -2.35562 3.05
      vertex 26.2679 -5.64438 3.05
    endloop
  endfacet
  facet normal 0 0 -1
    outer loop
      vertex 26.1 -5.55885 3.05
      vertex 26.1 -2.44115 3.05
      vertex 26.2679 -2.35562 3.05
    endloop
  endfacet
  facet normal 0 0 -1
    outer loop
      vertex 25.942 -5.45623 3.05
      vertex 26.1 -2.44115 3.05
      vertex 26.1 -5.55885 3.05
    endloop
  endfacet
  facet normal 0 0 -1
    outer loop
      vertex 25.942 -5.45623 3.05
      vertex 25.942 -2.54377 3.05
      vertex 26.1 -2.44115 3.05
    endloop
  endfacet
  facet normal 0 0 -1
    outer loop
      vertex 25.7956 -5.33766 3.05
      vertex 25.942 -2.54377 3.05
      vertex 25.942 -5.45623 3.05
    endloop
  endfacet
  facet normal 0 0 -1
    outer loop
      vertex 25.7956 -5.33766 3.05
      vertex 25.7956 -2.66234 3.05
      vertex 25.942 -2.54377 3.05
    endloop
  endfacet
  facet normal 0 0 -1
    outer loop
      vertex 25.6623 -5.20443 3.05
      vertex 25.7956 -2.66234 3.05
      vertex 25.7956 -5.33766 3.05
    endloop
  endfacet
  facet normal 0 0 -1
    outer loop
      vertex 25.6623 -5.20443 3.05
      vertex 25.6623 -2.79556 3.05
      vertex 25.7956 -2.66234 3.05
    endloop
  endfacet
  facet normal 0 0 -1
    outer loop
      vertex 25.5438 -5.05801 3.05
      vertex 25.6623 -2.79556 3.05
      vertex 25.6623 -5.20443 3.05
    endloop
  endfacet
  facet normal 0 0 -1
    outer loop
      vertex 25.5438 -5.05801 3.05
      vertex 25.5438 -2.94199 3.05
      vertex 25.6623 -2.79556 3.05
    endloop
  endfacet
  facet normal 0 0 -1
    outer loop
      vertex 25.4412 -4.9 3.05
      vertex 25.5438 -2.94199 3.05
      vertex 25.5438 -5.05801 3.05
    endloop
  endfacet
  facet normal 0 0 -1
    outer loop
      vertex 25.4412 -4.9 3.05
      vertex 25.4412 -3.1 3.05
      vertex 25.5438 -2.94199 3.05
    endloop
  endfacet
  facet normal 0 0 -1
    outer loop
      vertex 25.3556 -4.73213 3.05
      vertex 25.4412 -3.1 3.05
      vertex 25.4412 -4.9 3.05
    endloop
  endfacet
  facet normal 0 0 -1
    outer loop
      vertex 25.3556 -4.73213 3.05
      vertex 25.3556 -3.26787 3.05
      vertex 25.4412 -3.1 3.05
    endloop
  endfacet
  facet normal 0 0 -1
    outer loop
      vertex 25.2881 -4.55623 3.05
      vertex 25.3556 -3.26787 3.05
      vertex 25.3556 -4.73213 3.05
    endloop
  endfacet
  facet normal 0 0 -1
    outer loop
      vertex 25.2881 -4.55623 3.05
      vertex 25.2881 -3.44377 3.05
      vertex 25.3556 -3.26787 3.05
    endloop
  endfacet
  facet normal 0 0 -1
    outer loop
      vertex 25.2393 -4.37424 3.05
      vertex 25.2881 -3.44377 3.05
      vertex 25.2881 -4.55623 3.05
    endloop
  endfacet
  facet normal 0 0 -1
    outer loop
      vertex 25.2393 -4.37424 3.05
      vertex 25.2393 -3.62576 3.05
      vertex 25.2881 -3.44377 3.05
    endloop
  endfacet
  facet normal 0 0 -1
    outer loop
      vertex 25.2099 -4.18815 3.05
      vertex 25.2393 -3.62576 3.05
      vertex 25.2393 -4.37424 3.05
    endloop
  endfacet
  facet normal 0 0 -1
    outer loop
      vertex 25.2099 -4.18815 3.05
      vertex 25.2099 -3.81185 3.05
      vertex 25.2393 -3.62576 3.05
    endloop
  endfacet
  facet normal 0 -0 -1
    outer loop
      vertex 25.2099 -3.81185 3.05
      vertex 25.2099 -4.18815 3.05
      vertex 25.2 -4 3.05
    endloop
  endfacet
  facet normal -0.987749 0.156053 6.41921e-19
    outer loop
      vertex 28.7607 -4.37424 0
      vertex 28.7901 -4.18815 3.05
      vertex 28.7901 -4.18815 0
    endloop
  endfacet
  facet normal -0.987749 0.156053 6.41921e-19
    outer loop
      vertex 28.7901 -4.18815 3.05
      vertex 28.7607 -4.37424 0
      vertex 28.7607 -4.37424 3.05
    endloop
  endfacet
  facet normal 0.453909 -0.891048 0
    outer loop
      vertex 26.1 -2.44115 0
      vertex 26.2679 -2.35562 3.05
      vertex 26.1 -2.44115 3.05
    endloop
  endfacet
  facet normal 0.453909 -0.891048 0
    outer loop
      vertex 26.2679 -2.35562 3.05
      vertex 26.1 -2.44115 0
      vertex 26.2679 -2.35562 0
    endloop
  endfacet
  facet normal 0.453909 0.891048 -0
    outer loop
      vertex 26.2679 -5.64438 0
      vertex 26.1 -5.55885 3.05
      vertex 26.2679 -5.64438 3.05
    endloop
  endfacet
  facet normal 0.453909 0.891048 0
    outer loop
      vertex 26.1 -5.55885 3.05
      vertex 26.2679 -5.64438 0
      vertex 26.1 -5.55885 0
    endloop
  endfacet
  facet normal 0.156489 -0.98768 0
    outer loop
      vertex 26.6258 -2.23933 0
      vertex 26.8118 -2.20986 3.05
      vertex 26.6258 -2.23933 3.05
    endloop
  endfacet
  facet normal 0.156489 -0.98768 0
    outer loop
      vertex 26.8118 -2.20986 3.05
      vertex 26.6258 -2.23933 0
      vertex 26.8118 -2.20986 0
    endloop
  endfacet
  facet normal -0.0523193 0.99863 0
    outer loop
      vertex 27.1882 -5.79014 0
      vertex 27 -5.8 3.05
      vertex 27.1882 -5.79014 3.05
    endloop
  endfacet
  facet normal -0.0523193 0.99863 0
    outer loop
      vertex 27 -5.8 3.05
      vertex 27.1882 -5.79014 0
      vertex 27 -5.8 0
    endloop
  endfacet
  facet normal 0.706895 -0.707319 0
    outer loop
      vertex 25.6623 -2.79556 0
      vertex 25.7956 -2.66234 3.05
      vertex 25.6623 -2.79556 3.05
    endloop
  endfacet
  facet normal 0.706895 -0.707319 0
    outer loop
      vertex 25.7956 -2.66234 3.05
      vertex 25.6623 -2.79556 0
      vertex 25.7956 -2.66234 0
    endloop
  endfacet
  facet normal 0.998619 0.0525449 1.64658e-19
    outer loop
      vertex 25.2099 -4.18815 3.05
      vertex 25.2 -4 0
      vertex 25.2 -4 3.05
    endloop
  endfacet
  facet normal 0.998619 0.0525449 1.64658e-19
    outer loop
      vertex 25.2 -4 0
      vertex 25.2099 -4.18815 3.05
      vertex 25.2099 -4.18815 0
    endloop
  endfacet
  facet normal 0.965878 0.258997 1.00326e-18
    outer loop
      vertex 25.2881 -4.55623 3.05
      vertex 25.2393 -4.37424 0
      vertex 25.2393 -4.37424 3.05
    endloop
  endfacet
  facet normal 0.965878 0.258997 1.00326e-18
    outer loop
      vertex 25.2393 -4.37424 0
      vertex 25.2881 -4.55623 3.05
      vertex 25.2881 -4.55623 0
    endloop
  endfacet
  facet normal 0.777324 0.6291 -2.44681e-19
    outer loop
      vertex 25.6623 -5.20443 3.05
      vertex 25.5438 -5.05801 0
      vertex 25.5438 -5.05801 3.05
    endloop
  endfacet
  facet normal 0.777324 0.6291 -2.44681e-19
    outer loop
      vertex 25.5438 -5.05801 0
      vertex 25.6623 -5.20443 3.05
      vertex 25.6623 -5.20443 0
    endloop
  endfacet
  facet normal 0.987749 -0.156053 6.41921e-19
    outer loop
      vertex 25.2099 -3.81185 3.05
      vertex 25.2393 -3.62576 0
      vertex 25.2393 -3.62576 3.05
    endloop
  endfacet
  facet normal 0.987749 -0.156053 6.41921e-19
    outer loop
      vertex 25.2393 -3.62576 0
      vertex 25.2099 -3.81185 3.05
      vertex 25.2099 -3.81185 0
    endloop
  endfacet
  facet normal 0.987749 0.156053 -6.41921e-19
    outer loop
      vertex 25.2393 -4.37424 3.05
      vertex 25.2099 -4.18815 0
      vertex 25.2099 -4.18815 3.05
    endloop
  endfacet
  facet normal 0.987749 0.156053 -6.41921e-19
    outer loop
      vertex 25.2099 -4.18815 0
      vertex 25.2393 -4.37424 3.05
      vertex 25.2393 -4.37424 0
    endloop
  endfacet
  facet normal -0.258835 -0.965922 0
    outer loop
      vertex 27.3742 -2.23933 0
      vertex 27.5562 -2.2881 3.05
      vertex 27.3742 -2.23933 3.05
    endloop
  endfacet
  facet normal -0.258835 -0.965922 -0
    outer loop
      vertex 27.5562 -2.2881 3.05
      vertex 27.3742 -2.23933 0
      vertex 27.5562 -2.2881 0
    endloop
  endfacet
  facet normal 0.777345 -0.629075 2.95779e-19
    outer loop
      vertex 25.5438 -2.94199 3.05
      vertex 25.6623 -2.79556 0
      vertex 25.6623 -2.79556 3.05
    endloop
  endfacet
  facet normal 0.777345 -0.629075 2.95779e-19
    outer loop
      vertex 25.6623 -2.79556 0
      vertex 25.5438 -2.94199 3.05
      vertex 25.5438 -2.94199 0
    endloop
  endfacet
  facet normal 0.933619 -0.358268 6.39696e-19
    outer loop
      vertex 25.2881 -3.44377 3.05
      vertex 25.3556 -3.26787 0
      vertex 25.3556 -3.26787 3.05
    endloop
  endfacet
  facet normal 0.933619 -0.358268 6.39696e-19
    outer loop
      vertex 25.3556 -3.26787 0
      vertex 25.2881 -3.44377 3.05
      vertex 25.2881 -3.44377 0
    endloop
  endfacet
  facet normal -0.98775 -0.156044 -6.29011e-19
    outer loop
      vertex 28.7901 44.1881 0
      vertex 28.7607 44.3742 3.05
      vertex 28.7607 44.3742 0
    endloop
  endfacet
  facet normal -0.98775 -0.156044 -6.29011e-19
    outer loop
      vertex 28.7607 44.3742 3.05
      vertex 28.7901 44.1881 0
      vertex 28.7901 44.1881 3.05
    endloop
  endfacet
  facet normal -0.998618 -0.0525588 7.10157e-20
    outer loop
      vertex 28.8 44 0
      vertex 28.7901 44.1881 3.05
      vertex 28.7901 44.1881 0
    endloop
  endfacet
  facet normal -0.998618 -0.0525588 7.10157e-20
    outer loop
      vertex 28.7901 44.1881 3.05
      vertex 28.8 44 0
      vertex 28.8 44 3.05
    endloop
  endfacet
  facet normal -0.965882 -0.258984 -4.83492e-19
    outer loop
      vertex 28.7607 44.3742 0
      vertex 28.7119 44.5562 3.05
      vertex 28.7119 44.5562 0
    endloop
  endfacet
  facet normal -0.965882 -0.258984 -4.83492e-19
    outer loop
      vertex 28.7119 44.5562 3.05
      vertex 28.7607 44.3742 0
      vertex 28.7607 44.3742 3.05
    endloop
  endfacet
  facet normal 0.890898 0.454204 -3.06702e-19
    outer loop
      vertex 25.4412 43.1 3.05
      vertex 25.3556 43.2679 0
      vertex 25.3556 43.2679 3.05
    endloop
  endfacet
  facet normal 0.890898 0.454204 -3.06702e-19
    outer loop
      vertex 25.3556 43.2679 0
      vertex 25.4412 43.1 3.05
      vertex 25.4412 43.1 0
    endloop
  endfacet
  facet normal 0.933619 0.358268 1.29234e-18
    outer loop
      vertex 25.3556 43.2679 3.05
      vertex 25.2881 43.4438 0
      vertex 25.2881 43.4438 3.05
    endloop
  endfacet
  facet normal 0.933619 0.358268 1.29234e-18
    outer loop
      vertex 25.2881 43.4438 0
      vertex 25.3556 43.2679 3.05
      vertex 25.3556 43.2679 0
    endloop
  endfacet
  facet normal -0.454204 -0.890898 0
    outer loop
      vertex 27.7321 45.6444 0
      vertex 27.9 45.5588 3.05
      vertex 27.7321 45.6444 3.05
    endloop
  endfacet
  facet normal -0.454204 -0.890898 -0
    outer loop
      vertex 27.9 45.5588 3.05
      vertex 27.7321 45.6444 0
      vertex 27.9 45.5588 0
    endloop
  endfacet
  facet normal -0.052531 0.998619 0
    outer loop
      vertex 27.1882 42.2099 0
      vertex 27 42.2 3.05
      vertex 27.1882 42.2099 3.05
    endloop
  endfacet
  facet normal -0.052531 0.998619 0
    outer loop
      vertex 27 42.2 3.05
      vertex 27.1882 42.2099 0
      vertex 27 42.2 0
    endloop
  endfacet
  facet normal -0.358268 0.933619 0
    outer loop
      vertex 27.7321 42.3556 0
      vertex 27.5562 42.2881 3.05
      vertex 27.7321 42.3556 3.05
    endloop
  endfacet
  facet normal -0.358268 0.933619 0
    outer loop
      vertex 27.5562 42.2881 3.05
      vertex 27.7321 42.3556 0
      vertex 27.5562 42.2881 0
    endloop
  endfacet
  facet normal 0.777282 0.629152 -1.42473e-19
    outer loop
      vertex 25.6623 42.7956 3.05
      vertex 25.5438 42.942 0
      vertex 25.5438 42.942 3.05
    endloop
  endfacet
  facet normal 0.777282 0.629152 -1.42473e-19
    outer loop
      vertex 25.5438 42.942 0
      vertex 25.6623 42.7956 3.05
      vertex 25.6623 42.7956 0
    endloop
  endfacet
  facet normal 0.890898 -0.454204 3.06702e-19
    outer loop
      vertex 25.3556 44.7321 3.05
      vertex 25.4412 44.9 0
      vertex 25.4412 44.9 3.05
    endloop
  endfacet
  facet normal 0.890898 -0.454204 3.06702e-19
    outer loop
      vertex 25.4412 44.9 0
      vertex 25.3556 44.7321 3.05
      vertex 25.3556 44.7321 0
    endloop
  endfacet
  facet normal -0.777282 -0.629152 -1.42473e-19
    outer loop
      vertex 28.4562 45.058 0
      vertex 28.3377 45.2044 3.05
      vertex 28.3377 45.2044 0
    endloop
  endfacet
  facet normal -0.777282 -0.629152 -1.42473e-19
    outer loop
      vertex 28.3377 45.2044 3.05
      vertex 28.4562 45.058 0
      vertex 28.4562 45.058 3.05
    endloop
  endfacet
  facet normal -0.838686 0.544615 4.22457e-19
    outer loop
      vertex 28.4562 42.942 0
      vertex 28.5588 43.1 3.05
      vertex 28.5588 43.1 0
    endloop
  endfacet
  facet normal -0.838686 0.544615 4.22457e-19
    outer loop
      vertex 28.5588 43.1 3.05
      vertex 28.4562 42.942 0
      vertex 28.4562 42.942 3.05
    endloop
  endfacet
  facet normal 0.965882 0.258984 -4.83492e-19
    outer loop
      vertex 25.2881 43.4438 3.05
      vertex 25.2393 43.6258 0
      vertex 25.2393 43.6258 3.05
    endloop
  endfacet
  facet normal 0.965882 0.258984 -4.83492e-19
    outer loop
      vertex 25.2393 43.6258 0
      vertex 25.2881 43.4438 3.05
      vertex 25.2881 43.4438 0
    endloop
  endfacet
  facet normal 0.98775 -0.156044 6.29011e-19
    outer loop
      vertex 25.2099 44.1881 3.05
      vertex 25.2393 44.3742 0
      vertex 25.2393 44.3742 3.05
    endloop
  endfacet
  facet normal 0.98775 -0.156044 6.29011e-19
    outer loop
      vertex 25.2393 44.3742 0
      vertex 25.2099 44.1881 3.05
      vertex 25.2099 44.1881 0
    endloop
  endfacet
  facet normal -0.707107 -0.707107 -2.17444e-18
    outer loop
      vertex 28.3377 45.2044 0
      vertex 28.2044 45.3377 3.05
      vertex 28.2044 45.3377 0
    endloop
  endfacet
  facet normal -0.707107 -0.707107 -2.17444e-18
    outer loop
      vertex 28.2044 45.3377 3.05
      vertex 28.3377 45.2044 0
      vertex 28.3377 45.2044 3.05
    endloop
  endfacet
  facet normal -0.544615 0.838686 0
    outer loop
      vertex 28.058 42.5438 0
      vertex 27.9 42.4412 3.05
      vertex 28.058 42.5438 3.05
    endloop
  endfacet
  facet normal -0.544615 0.838686 0
    outer loop
      vertex 27.9 42.4412 3.05
      vertex 28.058 42.5438 0
      vertex 27.9 42.4412 0
    endloop
  endfacet
  facet normal 0.838686 -0.544615 4.22457e-19
    outer loop
      vertex 25.4412 44.9 3.05
      vertex 25.5438 45.058 0
      vertex 25.5438 45.058 3.05
    endloop
  endfacet
  facet normal 0.838686 -0.544615 4.22457e-19
    outer loop
      vertex 25.5438 45.058 0
      vertex 25.4412 44.9 3.05
      vertex 25.4412 44.9 0
    endloop
  endfacet
  facet normal 0.258984 -0.965882 0
    outer loop
      vertex 26.4438 45.7119 0
      vertex 26.6258 45.7607 3.05
      vertex 26.4438 45.7119 3.05
    endloop
  endfacet
  facet normal 0.258984 -0.965882 0
    outer loop
      vertex 26.6258 45.7607 3.05
      vertex 26.4438 45.7119 0
      vertex 26.6258 45.7607 0
    endloop
  endfacet
  facet normal -0.998619 0.052531 1.18992e-19
    outer loop
      vertex 28.7901 43.8118 0
      vertex 28.8 44 3.05
      vertex 28.8 44 0
    endloop
  endfacet
  facet normal -0.998619 0.052531 1.18992e-19
    outer loop
      vertex 28.8 44 3.05
      vertex 28.7901 43.8118 0
      vertex 28.7901 43.8118 3.05
    endloop
  endfacet
  facet normal -0.544615 -0.838686 0
    outer loop
      vertex 27.9 45.5588 0
      vertex 28.058 45.4562 3.05
      vertex 27.9 45.5588 3.05
    endloop
  endfacet
  facet normal -0.544615 -0.838686 -0
    outer loop
      vertex 28.058 45.4562 3.05
      vertex 27.9 45.5588 0
      vertex 28.058 45.4562 0
    endloop
  endfacet
  facet normal 0.358268 -0.933619 0
    outer loop
      vertex 26.2679 45.6444 0
      vertex 26.4438 45.7119 3.05
      vertex 26.2679 45.6444 3.05
    endloop
  endfacet
  facet normal 0.358268 -0.933619 0
    outer loop
      vertex 26.4438 45.7119 3.05
      vertex 26.2679 45.6444 0
      vertex 26.4438 45.7119 0
    endloop
  endfacet
  facet normal -0.454204 0.890898 0
    outer loop
      vertex 27.9 42.4412 0
      vertex 27.7321 42.3556 3.05
      vertex 27.9 42.4412 3.05
    endloop
  endfacet
  facet normal -0.454204 0.890898 0
    outer loop
      vertex 27.7321 42.3556 3.05
      vertex 27.9 42.4412 0
      vertex 27.7321 42.3556 0
    endloop
  endfacet
  facet normal 0.052531 -0.998619 0
    outer loop
      vertex 26.8118 45.7901 0
      vertex 27 45.8 3.05
      vertex 26.8118 45.7901 3.05
    endloop
  endfacet
  facet normal 0.052531 -0.998619 0
    outer loop
      vertex 27 45.8 3.05
      vertex 26.8118 45.7901 0
      vertex 27 45.8 0
    endloop
  endfacet
  facet normal -0.156126 0.987737 0
    outer loop
      vertex 27.3742 42.2393 0
      vertex 27.1882 42.2099 3.05
      vertex 27.3742 42.2393 3.05
    endloop
  endfacet
  facet normal -0.156126 0.987737 0
    outer loop
      vertex 27.1882 42.2099 3.05
      vertex 27.3742 42.2393 0
      vertex 27.1882 42.2099 0
    endloop
  endfacet
  facet normal 0.707107 -0.707107 2.17444e-18
    outer loop
      vertex 25.6623 45.2044 3.05
      vertex 25.7956 45.3377 0
      vertex 25.7956 45.3377 3.05
    endloop
  endfacet
  facet normal 0.707107 -0.707107 2.17444e-18
    outer loop
      vertex 25.7956 45.3377 0
      vertex 25.6623 45.2044 3.05
      vertex 25.6623 45.2044 0
    endloop
  endfacet
  facet normal 0.544615 -0.838686 0
    outer loop
      vertex 25.942 45.4562 0
      vertex 26.1 45.5588 3.05
      vertex 25.942 45.4562 3.05
    endloop
  endfacet
  facet normal 0.544615 -0.838686 0
    outer loop
      vertex 26.1 45.5588 3.05
      vertex 25.942 45.4562 0
      vertex 26.1 45.5588 0
    endloop
  endfacet
  facet normal -0.890898 -0.454204 -3.06702e-19
    outer loop
      vertex 28.6444 44.7321 0
      vertex 28.5588 44.9 3.05
      vertex 28.5588 44.9 0
    endloop
  endfacet
  facet normal -0.890898 -0.454204 -3.06702e-19
    outer loop
      vertex 28.5588 44.9 3.05
      vertex 28.6444 44.7321 0
      vertex 28.6444 44.7321 3.05
    endloop
  endfacet
  facet normal -0.965882 0.258984 4.83492e-19
    outer loop
      vertex 28.7119 43.4438 0
      vertex 28.7607 43.6258 3.05
      vertex 28.7607 43.6258 0
    endloop
  endfacet
  facet normal -0.965882 0.258984 4.83492e-19
    outer loop
      vertex 28.7607 43.6258 3.05
      vertex 28.7119 43.4438 0
      vertex 28.7119 43.4438 3.05
    endloop
  endfacet
  facet normal 0.454204 0.890898 -0
    outer loop
      vertex 26.2679 42.3556 0
      vertex 26.1 42.4412 3.05
      vertex 26.2679 42.3556 3.05
    endloop
  endfacet
  facet normal 0.454204 0.890898 0
    outer loop
      vertex 26.1 42.4412 3.05
      vertex 26.2679 42.3556 0
      vertex 26.1 42.4412 0
    endloop
  endfacet
  facet normal -0.890898 0.454204 3.06702e-19
    outer loop
      vertex 28.5588 43.1 0
      vertex 28.6444 43.2679 3.05
      vertex 28.6444 43.2679 0
    endloop
  endfacet
  facet normal -0.890898 0.454204 3.06702e-19
    outer loop
      vertex 28.6444 43.2679 3.05
      vertex 28.5588 43.1 0
      vertex 28.5588 43.1 3.05
    endloop
  endfacet
  facet normal 0.838686 0.544615 -4.22457e-19
    outer loop
      vertex 25.5438 42.942 3.05
      vertex 25.4412 43.1 0
      vertex 25.4412 43.1 3.05
    endloop
  endfacet
  facet normal 0.838686 0.544615 -4.22457e-19
    outer loop
      vertex 25.4412 43.1 0
      vertex 25.5438 42.942 3.05
      vertex 25.5438 42.942 0
    endloop
  endfacet
  facet normal 0.358268 0.933619 -0
    outer loop
      vertex 26.4438 42.2881 0
      vertex 26.2679 42.3556 3.05
      vertex 26.4438 42.2881 3.05
    endloop
  endfacet
  facet normal 0.358268 0.933619 0
    outer loop
      vertex 26.2679 42.3556 3.05
      vertex 26.4438 42.2881 0
      vertex 26.2679 42.3556 0
    endloop
  endfacet
  facet normal -0.933619 -0.358268 1.29234e-18
    outer loop
      vertex 28.7119 44.5562 0
      vertex 28.6444 44.7321 3.05
      vertex 28.6444 44.7321 0
    endloop
  endfacet
  facet normal -0.933619 -0.358268 1.29234e-18
    outer loop
      vertex 28.6444 44.7321 3.05
      vertex 28.7119 44.5562 0
      vertex 28.7119 44.5562 3.05
    endloop
  endfacet
  facet normal -0.358268 -0.933619 0
    outer loop
      vertex 27.5562 45.7119 0
      vertex 27.7321 45.6444 3.05
      vertex 27.5562 45.7119 3.05
    endloop
  endfacet
  facet normal -0.358268 -0.933619 -0
    outer loop
      vertex 27.7321 45.6444 3.05
      vertex 27.5562 45.7119 0
      vertex 27.7321 45.6444 0
    endloop
  endfacet
  facet normal -0.258984 0.965882 0
    outer loop
      vertex 27.5562 42.2881 0
      vertex 27.3742 42.2393 3.05
      vertex 27.5562 42.2881 3.05
    endloop
  endfacet
  facet normal -0.258984 0.965882 0
    outer loop
      vertex 27.3742 42.2393 3.05
      vertex 27.5562 42.2881 0
      vertex 27.3742 42.2393 0
    endloop
  endfacet
  facet normal -0.987737 0.156126 -1.79347e-19
    outer loop
      vertex 28.7607 43.6258 0
      vertex 28.7901 43.8118 3.05
      vertex 28.7901 43.8118 0
    endloop
  endfacet
  facet normal -0.987737 0.156126 -1.79347e-19
    outer loop
      vertex 28.7901 43.8118 3.05
      vertex 28.7607 43.6258 0
      vertex 28.7607 43.6258 3.05
    endloop
  endfacet
  facet normal -0.258984 -0.965882 0
    outer loop
      vertex 27.3742 45.7607 0
      vertex 27.5562 45.7119 3.05
      vertex 27.3742 45.7607 3.05
    endloop
  endfacet
  facet normal -0.258984 -0.965882 -0
    outer loop
      vertex 27.5562 45.7119 3.05
      vertex 27.3742 45.7607 0
      vertex 27.5562 45.7119 0
    endloop
  endfacet
  facet normal 0.933619 -0.358268 -1.29234e-18
    outer loop
      vertex 25.2881 44.5562 3.05
      vertex 25.3556 44.7321 0
      vertex 25.3556 44.7321 3.05
    endloop
  endfacet
  facet normal 0.933619 -0.358268 -1.29234e-18
    outer loop
      vertex 25.3556 44.7321 0
      vertex 25.2881 44.5562 3.05
      vertex 25.2881 44.5562 0
    endloop
  endfacet
  facet normal -0.933619 0.358268 -1.29234e-18
    outer loop
      vertex 28.6444 43.2679 0
      vertex 28.7119 43.4438 3.05
      vertex 28.7119 43.4438 0
    endloop
  endfacet
  facet normal -0.933619 0.358268 -1.29234e-18
    outer loop
      vertex 28.7119 43.4438 3.05
      vertex 28.6444 43.2679 0
      vertex 28.6444 43.2679 3.05
    endloop
  endfacet
  facet normal -0.838686 -0.544615 -4.22457e-19
    outer loop
      vertex 28.5588 44.9 0
      vertex 28.4562 45.058 3.05
      vertex 28.4562 45.058 0
    endloop
  endfacet
  facet normal -0.838686 -0.544615 -4.22457e-19
    outer loop
      vertex 28.4562 45.058 3.05
      vertex 28.5588 44.9 0
      vertex 28.5588 44.9 3.05
    endloop
  endfacet
  facet normal 0 0 -1
    outer loop
      vertex 28.7901 43.8118 3.05
      vertex 28.7901 44.1881 3.05
      vertex 28.8 44 3.05
    endloop
  endfacet
  facet normal 0 0 -1
    outer loop
      vertex 28.7607 43.6258 3.05
      vertex 28.7901 44.1881 3.05
      vertex 28.7901 43.8118 3.05
    endloop
  endfacet
  facet normal 0 0 -1
    outer loop
      vertex 28.7607 43.6258 3.05
      vertex 28.7607 44.3742 3.05
      vertex 28.7901 44.1881 3.05
    endloop
  endfacet
  facet normal 0 0 -1
    outer loop
      vertex 28.7119 43.4438 3.05
      vertex 28.7607 44.3742 3.05
      vertex 28.7607 43.6258 3.05
    endloop
  endfacet
  facet normal 0 0 -1
    outer loop
      vertex 28.7119 43.4438 3.05
      vertex 28.7119 44.5562 3.05
      vertex 28.7607 44.3742 3.05
    endloop
  endfacet
  facet normal 0 0 -1
    outer loop
      vertex 28.6444 43.2679 3.05
      vertex 28.7119 44.5562 3.05
      vertex 28.7119 43.4438 3.05
    endloop
  endfacet
  facet normal 0 0 -1
    outer loop
      vertex 28.6444 43.2679 3.05
      vertex 28.6444 44.7321 3.05
      vertex 28.7119 44.5562 3.05
    endloop
  endfacet
  facet normal 0 0 -1
    outer loop
      vertex 28.5588 43.1 3.05
      vertex 28.6444 44.7321 3.05
      vertex 28.6444 43.2679 3.05
    endloop
  endfacet
  facet normal 0 0 -1
    outer loop
      vertex 28.5588 43.1 3.05
      vertex 28.5588 44.9 3.05
      vertex 28.6444 44.7321 3.05
    endloop
  endfacet
  facet normal 0 0 -1
    outer loop
      vertex 28.4562 42.942 3.05
      vertex 28.5588 44.9 3.05
      vertex 28.5588 43.1 3.05
    endloop
  endfacet
  facet normal 0 0 -1
    outer loop
      vertex 28.4562 42.942 3.05
      vertex 28.4562 45.058 3.05
      vertex 28.5588 44.9 3.05
    endloop
  endfacet
  facet normal 0 0 -1
    outer loop
      vertex 28.3377 42.7956 3.05
      vertex 28.4562 45.058 3.05
      vertex 28.4562 42.942 3.05
    endloop
  endfacet
  facet normal 0 0 -1
    outer loop
      vertex 28.3377 42.7956 3.05
      vertex 28.3377 45.2044 3.05
      vertex 28.4562 45.058 3.05
    endloop
  endfacet
  facet normal 0 0 -1
    outer loop
      vertex 28.2044 42.6623 3.05
      vertex 28.3377 45.2044 3.05
      vertex 28.3377 42.7956 3.05
    endloop
  endfacet
  facet normal 0 0 -1
    outer loop
      vertex 28.2044 42.6623 3.05
      vertex 28.2044 45.3377 3.05
      vertex 28.3377 45.2044 3.05
    endloop
  endfacet
  facet normal 0 0 -1
    outer loop
      vertex 28.058 42.5438 3.05
      vertex 28.2044 45.3377 3.05
      vertex 28.2044 42.6623 3.05
    endloop
  endfacet
  facet normal 0 0 -1
    outer loop
      vertex 28.058 42.5438 3.05
      vertex 28.058 45.4562 3.05
      vertex 28.2044 45.3377 3.05
    endloop
  endfacet
  facet normal 0 0 -1
    outer loop
      vertex 27.9 42.4412 3.05
      vertex 28.058 45.4562 3.05
      vertex 28.058 42.5438 3.05
    endloop
  endfacet
  facet normal 0 0 -1
    outer loop
      vertex 27.9 42.4412 3.05
      vertex 27.9 45.5588 3.05
      vertex 28.058 45.4562 3.05
    endloop
  endfacet
  facet normal 0 0 -1
    outer loop
      vertex 27.7321 42.3556 3.05
      vertex 27.9 45.5588 3.05
      vertex 27.9 42.4412 3.05
    endloop
  endfacet
  facet normal 0 0 -1
    outer loop
      vertex 27.7321 42.3556 3.05
      vertex 27.7321 45.6444 3.05
      vertex 27.9 45.5588 3.05
    endloop
  endfacet
  facet normal 0 0 -1
    outer loop
      vertex 27.5562 42.2881 3.05
      vertex 27.7321 45.6444 3.05
      vertex 27.7321 42.3556 3.05
    endloop
  endfacet
  facet normal 0 0 -1
    outer loop
      vertex 27.5562 42.2881 3.05
      vertex 27.5562 45.7119 3.05
      vertex 27.7321 45.6444 3.05
    endloop
  endfacet
  facet normal 0 0 -1
    outer loop
      vertex 27.3742 42.2393 3.05
      vertex 27.5562 45.7119 3.05
      vertex 27.5562 42.2881 3.05
    endloop
  endfacet
  facet normal 0 0 -1
    outer loop
      vertex 27.3742 42.2393 3.05
      vertex 27.3742 45.7607 3.05
      vertex 27.5562 45.7119 3.05
    endloop
  endfacet
  facet normal 0 0 -1
    outer loop
      vertex 27.1882 42.2099 3.05
      vertex 27.3742 45.7607 3.05
      vertex 27.3742 42.2393 3.05
    endloop
  endfacet
  facet normal 0 0 -1
    outer loop
      vertex 27.1882 42.2099 3.05
      vertex 27.1882 45.7901 3.05
      vertex 27.3742 45.7607 3.05
    endloop
  endfacet
  facet normal 0 0 -1
    outer loop
      vertex 27 42.2 3.05
      vertex 27.1882 45.7901 3.05
      vertex 27.1882 42.2099 3.05
    endloop
  endfacet
  facet normal 0 0 -1
    outer loop
      vertex 27 42.2 3.05
      vertex 27 45.8 3.05
      vertex 27.1882 45.7901 3.05
    endloop
  endfacet
  facet normal 0 0 -1
    outer loop
      vertex 26.8118 42.2099 3.05
      vertex 27 45.8 3.05
      vertex 27 42.2 3.05
    endloop
  endfacet
  facet normal 0 0 -1
    outer loop
      vertex 26.8118 42.2099 3.05
      vertex 26.8118 45.7901 3.05
      vertex 27 45.8 3.05
    endloop
  endfacet
  facet normal 0 0 -1
    outer loop
      vertex 26.6258 42.2393 3.05
      vertex 26.8118 45.7901 3.05
      vertex 26.8118 42.2099 3.05
    endloop
  endfacet
  facet normal 0 0 -1
    outer loop
      vertex 26.6258 42.2393 3.05
      vertex 26.6258 45.7607 3.05
      vertex 26.8118 45.7901 3.05
    endloop
  endfacet
  facet normal 0 0 -1
    outer loop
      vertex 26.4438 42.2881 3.05
      vertex 26.6258 45.7607 3.05
      vertex 26.6258 42.2393 3.05
    endloop
  endfacet
  facet normal 0 0 -1
    outer loop
      vertex 26.4438 42.2881 3.05
      vertex 26.4438 45.7119 3.05
      vertex 26.6258 45.7607 3.05
    endloop
  endfacet
  facet normal 0 0 -1
    outer loop
      vertex 26.2679 42.3556 3.05
      vertex 26.4438 45.7119 3.05
      vertex 26.4438 42.2881 3.05
    endloop
  endfacet
  facet normal 0 0 -1
    outer loop
      vertex 26.2679 42.3556 3.05
      vertex 26.2679 45.6444 3.05
      vertex 26.4438 45.7119 3.05
    endloop
  endfacet
  facet normal 0 0 -1
    outer loop
      vertex 26.1 42.4412 3.05
      vertex 26.2679 45.6444 3.05
      vertex 26.2679 42.3556 3.05
    endloop
  endfacet
  facet normal 0 0 -1
    outer loop
      vertex 26.1 42.4412 3.05
      vertex 26.1 45.5588 3.05
      vertex 26.2679 45.6444 3.05
    endloop
  endfacet
  facet normal 0 0 -1
    outer loop
      vertex 25.942 42.5438 3.05
      vertex 26.1 45.5588 3.05
      vertex 26.1 42.4412 3.05
    endloop
  endfacet
  facet normal 0 0 -1
    outer loop
      vertex 25.942 42.5438 3.05
      vertex 25.942 45.4562 3.05
      vertex 26.1 45.5588 3.05
    endloop
  endfacet
  facet normal 0 0 -1
    outer loop
      vertex 25.7956 42.6623 3.05
      vertex 25.942 45.4562 3.05
      vertex 25.942 42.5438 3.05
    endloop
  endfacet
  facet normal 0 0 -1
    outer loop
      vertex 25.7956 42.6623 3.05
      vertex 25.7956 45.3377 3.05
      vertex 25.942 45.4562 3.05
    endloop
  endfacet
  facet normal 0 0 -1
    outer loop
      vertex 25.6623 42.7956 3.05
      vertex 25.7956 45.3377 3.05
      vertex 25.7956 42.6623 3.05
    endloop
  endfacet
  facet normal 0 0 -1
    outer loop
      vertex 25.6623 42.7956 3.05
      vertex 25.6623 45.2044 3.05
      vertex 25.7956 45.3377 3.05
    endloop
  endfacet
  facet normal 0 0 -1
    outer loop
      vertex 25.5438 42.942 3.05
      vertex 25.6623 45.2044 3.05
      vertex 25.6623 42.7956 3.05
    endloop
  endfacet
  facet normal 0 0 -1
    outer loop
      vertex 25.5438 42.942 3.05
      vertex 25.5438 45.058 3.05
      vertex 25.6623 45.2044 3.05
    endloop
  endfacet
  facet normal 0 0 -1
    outer loop
      vertex 25.4412 43.1 3.05
      vertex 25.5438 45.058 3.05
      vertex 25.5438 42.942 3.05
    endloop
  endfacet
  facet normal 0 0 -1
    outer loop
      vertex 25.4412 43.1 3.05
      vertex 25.4412 44.9 3.05
      vertex 25.5438 45.058 3.05
    endloop
  endfacet
  facet normal 0 0 -1
    outer loop
      vertex 25.3556 43.2679 3.05
      vertex 25.4412 44.9 3.05
      vertex 25.4412 43.1 3.05
    endloop
  endfacet
  facet normal 0 0 -1
    outer loop
      vertex 25.3556 43.2679 3.05
      vertex 25.3556 44.7321 3.05
      vertex 25.4412 44.9 3.05
    endloop
  endfacet
  facet normal 0 0 -1
    outer loop
      vertex 25.2881 43.4438 3.05
      vertex 25.3556 44.7321 3.05
      vertex 25.3556 43.2679 3.05
    endloop
  endfacet
  facet normal 0 0 -1
    outer loop
      vertex 25.2881 43.4438 3.05
      vertex 25.2881 44.5562 3.05
      vertex 25.3556 44.7321 3.05
    endloop
  endfacet
  facet normal 0 0 -1
    outer loop
      vertex 25.2393 43.6258 3.05
      vertex 25.2881 44.5562 3.05
      vertex 25.2881 43.4438 3.05
    endloop
  endfacet
  facet normal 0 0 -1
    outer loop
      vertex 25.2393 43.6258 3.05
      vertex 25.2393 44.3742 3.05
      vertex 25.2881 44.5562 3.05
    endloop
  endfacet
  facet normal 0 0 -1
    outer loop
      vertex 25.2099 43.8118 3.05
      vertex 25.2393 44.3742 3.05
      vertex 25.2393 43.6258 3.05
    endloop
  endfacet
  facet normal 0 0 -1
    outer loop
      vertex 25.2099 43.8118 3.05
      vertex 25.2099 44.1881 3.05
      vertex 25.2393 44.3742 3.05
    endloop
  endfacet
  facet normal 0 -0 -1
    outer loop
      vertex 25.2099 44.1881 3.05
      vertex 25.2099 43.8118 3.05
      vertex 25.2 44 3.05
    endloop
  endfacet
  facet normal 0.777282 -0.629152 1.42473e-19
    outer loop
      vertex 25.5438 45.058 3.05
      vertex 25.6623 45.2044 0
      vertex 25.6623 45.2044 3.05
    endloop
  endfacet
  facet normal 0.777282 -0.629152 1.42473e-19
    outer loop
      vertex 25.6623 45.2044 0
      vertex 25.5438 45.058 3.05
      vertex 25.5438 45.058 0
    endloop
  endfacet
  facet normal -0.629152 -0.777282 0
    outer loop
      vertex 28.058 45.4562 0
      vertex 28.2044 45.3377 3.05
      vertex 28.058 45.4562 3.05
    endloop
  endfacet
  facet normal -0.629152 -0.777282 -0
    outer loop
      vertex 28.2044 45.3377 3.05
      vertex 28.058 45.4562 0
      vertex 28.2044 45.3377 0
    endloop
  endfacet
  facet normal 0.454204 -0.890898 0
    outer loop
      vertex 26.1 45.5588 0
      vertex 26.2679 45.6444 3.05
      vertex 26.1 45.5588 3.05
    endloop
  endfacet
  facet normal 0.454204 -0.890898 0
    outer loop
      vertex 26.2679 45.6444 3.05
      vertex 26.1 45.5588 0
      vertex 26.2679 45.6444 0
    endloop
  endfacet
  facet normal 0.156126 0.987737 -0
    outer loop
      vertex 26.8118 42.2099 0
      vertex 26.6258 42.2393 3.05
      vertex 26.8118 42.2099 3.05
    endloop
  endfacet
  facet normal 0.156126 0.987737 0
    outer loop
      vertex 26.6258 42.2393 3.05
      vertex 26.8118 42.2099 0
      vertex 26.6258 42.2393 0
    endloop
  endfacet
  facet normal 0.156126 -0.987737 0
    outer loop
      vertex 26.6258 45.7607 0
      vertex 26.8118 45.7901 3.05
      vertex 26.6258 45.7607 3.05
    endloop
  endfacet
  facet normal 0.156126 -0.987737 0
    outer loop
      vertex 26.8118 45.7901 3.05
      vertex 26.6258 45.7607 0
      vertex 26.8118 45.7901 0
    endloop
  endfacet
  facet normal 0.707107 0.707107 -0
    outer loop
      vertex 25.7956 42.6623 0
      vertex 25.6623 42.7956 3.05
      vertex 25.7956 42.6623 3.05
    endloop
  endfacet
  facet normal 0.707107 0.707107 0
    outer loop
      vertex 25.6623 42.7956 3.05
      vertex 25.7956 42.6623 0
      vertex 25.6623 42.7956 0
    endloop
  endfacet
  facet normal -0.052531 -0.998619 0
    outer loop
      vertex 27 45.8 0
      vertex 27.1882 45.7901 3.05
      vertex 27 45.8 3.05
    endloop
  endfacet
  facet normal -0.052531 -0.998619 -0
    outer loop
      vertex 27.1882 45.7901 3.05
      vertex 27 45.8 0
      vertex 27.1882 45.7901 0
    endloop
  endfacet
  facet normal 0.629152 0.777282 -0
    outer loop
      vertex 25.942 42.5438 0
      vertex 25.7956 42.6623 3.05
      vertex 25.942 42.5438 3.05
    endloop
  endfacet
  facet normal 0.629152 0.777282 0
    outer loop
      vertex 25.7956 42.6623 3.05
      vertex 25.942 42.5438 0
      vertex 25.7956 42.6623 0
    endloop
  endfacet
  facet normal 0.987737 0.156126 1.79347e-19
    outer loop
      vertex 25.2393 43.6258 3.05
      vertex 25.2099 43.8118 0
      vertex 25.2099 43.8118 3.05
    endloop
  endfacet
  facet normal 0.987737 0.156126 1.79347e-19
    outer loop
      vertex 25.2099 43.8118 0
      vertex 25.2393 43.6258 3.05
      vertex 25.2393 43.6258 0
    endloop
  endfacet
  facet normal 0.629152 -0.777282 0
    outer loop
      vertex 25.7956 45.3377 0
      vertex 25.942 45.4562 3.05
      vertex 25.7956 45.3377 3.05
    endloop
  endfacet
  facet normal 0.629152 -0.777282 0
    outer loop
      vertex 25.942 45.4562 3.05
      vertex 25.7956 45.3377 0
      vertex 25.942 45.4562 0
    endloop
  endfacet
  facet normal 0.544615 0.838686 -0
    outer loop
      vertex 26.1 42.4412 0
      vertex 25.942 42.5438 3.05
      vertex 26.1 42.4412 3.05
    endloop
  endfacet
  facet normal 0.544615 0.838686 0
    outer loop
      vertex 25.942 42.5438 3.05
      vertex 26.1 42.4412 0
      vertex 25.942 42.5438 0
    endloop
  endfacet
  facet normal 0.258984 0.965882 -0
    outer loop
      vertex 26.6258 42.2393 0
      vertex 26.4438 42.2881 3.05
      vertex 26.6258 42.2393 3.05
    endloop
  endfacet
  facet normal 0.258984 0.965882 0
    outer loop
      vertex 26.4438 42.2881 3.05
      vertex 26.6258 42.2393 0
      vertex 26.4438 42.2881 0
    endloop
  endfacet
  facet normal -0.629152 0.777282 0
    outer loop
      vertex 28.2044 42.6623 0
      vertex 28.058 42.5438 3.05
      vertex 28.2044 42.6623 3.05
    endloop
  endfacet
  facet normal -0.629152 0.777282 0
    outer loop
      vertex 28.058 42.5438 3.05
      vertex 28.2044 42.6623 0
      vertex 28.058 42.5438 0
    endloop
  endfacet
  facet normal -0.156126 -0.987737 0
    outer loop
      vertex 27.1882 45.7901 0
      vertex 27.3742 45.7607 3.05
      vertex 27.1882 45.7901 3.05
    endloop
  endfacet
  facet normal -0.156126 -0.987737 -0
    outer loop
      vertex 27.3742 45.7607 3.05
      vertex 27.1882 45.7901 0
      vertex 27.3742 45.7607 0
    endloop
  endfacet
  facet normal 0.965882 -0.258984 4.83492e-19
    outer loop
      vertex 25.2393 44.3742 3.05
      vertex 25.2881 44.5562 0
      vertex 25.2881 44.5562 3.05
    endloop
  endfacet
  facet normal 0.965882 -0.258984 4.83492e-19
    outer loop
      vertex 25.2881 44.5562 0
      vertex 25.2393 44.3742 3.05
      vertex 25.2393 44.3742 0
    endloop
  endfacet
  facet normal 0.998618 -0.0525588 -7.10157e-20
    outer loop
      vertex 25.2 44 3.05
      vertex 25.2099 44.1881 0
      vertex 25.2099 44.1881 3.05
    endloop
  endfacet
  facet normal 0.998618 -0.0525588 -7.10157e-20
    outer loop
      vertex 25.2099 44.1881 0
      vertex 25.2 44 3.05
      vertex 25.2 44 0
    endloop
  endfacet
  facet normal 0.998619 0.052531 -1.18992e-19
    outer loop
      vertex 25.2099 43.8118 3.05
      vertex 25.2 44 0
      vertex 25.2 44 3.05
    endloop
  endfacet
  facet normal 0.998619 0.052531 -1.18992e-19
    outer loop
      vertex 25.2 44 0
      vertex 25.2099 43.8118 3.05
      vertex 25.2099 43.8118 0
    endloop
  endfacet
  facet normal 0.052531 0.998619 -0
    outer loop
      vertex 27 42.2 0
      vertex 26.8118 42.2099 3.05
      vertex 27 42.2 3.05
    endloop
  endfacet
  facet normal 0.052531 0.998619 0
    outer loop
      vertex 26.8118 42.2099 3.05
      vertex 27 42.2 0
      vertex 26.8118 42.2099 0
    endloop
  endfacet
  facet normal -0.777282 0.629152 1.42473e-19
    outer loop
      vertex 28.3377 42.7956 0
      vertex 28.4562 42.942 3.05
      vertex 28.4562 42.942 0
    endloop
  endfacet
  facet normal -0.777282 0.629152 1.42473e-19
    outer loop
      vertex 28.4562 42.942 3.05
      vertex 28.3377 42.7956 0
      vertex 28.3377 42.7956 3.05
    endloop
  endfacet
  facet normal -0.707107 0.707107 0
    outer loop
      vertex 28.3377 42.7956 0
      vertex 28.2044 42.6623 3.05
      vertex 28.3377 42.7956 3.05
    endloop
  endfacet
  facet normal -0.707107 0.707107 0
    outer loop
      vertex 28.2044 42.6623 3.05
      vertex 28.3377 42.7956 0
      vertex 28.2044 42.6623 0
    endloop
  endfacet
  facet normal 0 -0.258833 0.965922
    outer loop
      vertex 0 22.4721 1.39155
      vertex 16.5 21.6633 1.17482
      vertex 16.5 22.4721 1.39155
    endloop
  endfacet
  facet normal 0 -0.258833 0.965922
    outer loop
      vertex 16.5 21.6633 1.17482
      vertex 0 22.4721 1.39155
      vertex 0 21.6633 1.17482
    endloop
  endfacet
  facet normal 0 -0.544623 0.838681
    outer loop
      vertex 0 24.7023 2.52786
      vertex 16.5 24 2.0718
      vertex 16.5 24.7023 2.52786
    endloop
  endfacet
  facet normal 0 -0.544623 0.838681
    outer loop
      vertex 16.5 24 2.0718
      vertex 0 24.7023 2.52786
      vertex 0 24 2.0718
    endloop
  endfacet
  facet normal 2.77967e-20 0.777247 0.629195
    outer loop
      vertex 16.5 14.0548 3.64695
      vertex 0 13.769 4
      vertex 16.5 13.769 4
    endloop
  endfacet
  facet normal 2.77967e-20 0.777247 0.629195
    outer loop
      vertex 0 13.769 4
      vertex 16.5 14.0548 3.64695
      vertex 0 14.0548 3.64695
    endloop
  endfacet
  facet normal 3.24758e-19 -0.777247 0.629195
    outer loop
      vertex 0 25.9452 3.64695
      vertex 16.5 26.231 4
      vertex 0 26.231 4
    endloop
  endfacet
  facet normal 3.24758e-19 -0.777247 0.629195
    outer loop
      vertex 16.5 26.231 4
      vertex 0 25.9452 3.64695
      vertex 16.5 25.9452 3.64695
    endloop
  endfacet
  facet normal 6.27988e-19 -0.707053 0.707161
    outer loop
      vertex 0 25.353 3.05484
      vertex 16.5 25.9452 3.64695
      vertex 0 25.9452 3.64695
    endloop
  endfacet
  facet normal 6.27988e-19 -0.707053 0.707161
    outer loop
      vertex 16.5 25.9452 3.64695
      vertex 0 25.353 3.05484
      vertex 16.5 25.353 3.05484
    endloop
  endfacet
  facet normal 0 -0.0523319 0.99863
    outer loop
      vertex 0 20.8362 1.04382
      vertex 16.5 20 1
      vertex 16.5 20.8362 1.04382
    endloop
  endfacet
  facet normal 0 -0.0523319 0.99863
    outer loop
      vertex 16.5 20 1
      vertex 0 20.8362 1.04382
      vertex 0 20 1
    endloop
  endfacet
  facet normal -0 0.156435 0.987688
    outer loop
      vertex 0 19.1638 1.04382
      vertex 16.5 18.3367 1.17482
      vertex 16.5 19.1638 1.04382
    endloop
  endfacet
  facet normal 0 0.156435 0.987688
    outer loop
      vertex 16.5 18.3367 1.17482
      vertex 0 19.1638 1.04382
      vertex 0 18.3367 1.17482
    endloop
  endfacet
  facet normal -0 0.629359 0.777115
    outer loop
      vertex 0 15.2977 2.52786
      vertex 16.5 14.647 3.05484
      vertex 16.5 15.2977 2.52786
    endloop
  endfacet
  facet normal 0 0.629359 0.777115
    outer loop
      vertex 16.5 14.647 3.05484
      vertex 0 15.2977 2.52786
      vertex 0 14.647 3.05484
    endloop
  endfacet
  facet normal -0 0.453993 0.891005
    outer loop
      vertex 0 16.7461 1.69164
      vertex 16.5 16 2.0718
      vertex 16.5 16.7461 1.69164
    endloop
  endfacet
  facet normal 0 0.453993 0.891005
    outer loop
      vertex 16.5 16 2.0718
      vertex 0 16.7461 1.69164
      vertex 0 16 2.0718
    endloop
  endfacet
  facet normal 0 -0.453993 0.891005
    outer loop
      vertex 0 24 2.0718
      vertex 16.5 23.2539 1.69164
      vertex 16.5 24 2.0718
    endloop
  endfacet
  facet normal 0 -0.453993 0.891005
    outer loop
      vertex 16.5 23.2539 1.69164
      vertex 0 24 2.0718
      vertex 0 23.2539 1.69164
    endloop
  endfacet
  facet normal -0 0.258833 0.965922
    outer loop
      vertex 0 18.3367 1.17482
      vertex 16.5 17.5279 1.39155
      vertex 16.5 18.3367 1.17482
    endloop
  endfacet
  facet normal 0 0.258833 0.965922
    outer loop
      vertex 16.5 17.5279 1.39155
      vertex 0 18.3367 1.17482
      vertex 0 17.5279 1.39155
    endloop
  endfacet
  facet normal 0 -0.156435 0.987688
    outer loop
      vertex 0 21.6633 1.17482
      vertex 16.5 20.8362 1.04382
      vertex 16.5 21.6633 1.17482
    endloop
  endfacet
  facet normal 0 -0.156435 0.987688
    outer loop
      vertex 16.5 20.8362 1.04382
      vertex 0 21.6633 1.17482
      vertex 0 20.8362 1.04382
    endloop
  endfacet
  facet normal -0 0.358352 0.933586
    outer loop
      vertex 0 17.5279 1.39155
      vertex 16.5 16.7461 1.69164
      vertex 16.5 17.5279 1.39155
    endloop
  endfacet
  facet normal 0 0.358352 0.933586
    outer loop
      vertex 16.5 16.7461 1.69164
      vertex 0 17.5279 1.39155
      vertex 0 16.7461 1.69164
    endloop
  endfacet
  facet normal 0 -0.629359 0.777115
    outer loop
      vertex 0 25.353 3.05484
      vertex 16.5 24.7023 2.52786
      vertex 16.5 25.353 3.05484
    endloop
  endfacet
  facet normal 0 -0.629359 0.777115
    outer loop
      vertex 16.5 24.7023 2.52786
      vertex 0 25.353 3.05484
      vertex 0 24.7023 2.52786
    endloop
  endfacet
  facet normal -0 0.0523319 0.99863
    outer loop
      vertex 0 20 1
      vertex 16.5 19.1638 1.04382
      vertex 16.5 20 1
    endloop
  endfacet
  facet normal 0 0.0523319 0.99863
    outer loop
      vertex 16.5 19.1638 1.04382
      vertex 0 20 1
      vertex 0 19.1638 1.04382
    endloop
  endfacet
  facet normal 0 -0.358352 0.933586
    outer loop
      vertex 0 23.2539 1.69164
      vertex 16.5 22.4721 1.39155
      vertex 16.5 23.2539 1.69164
    endloop
  endfacet
  facet normal 0 -0.358352 0.933586
    outer loop
      vertex 16.5 22.4721 1.39155
      vertex 0 23.2539 1.69164
      vertex 0 22.4721 1.39155
    endloop
  endfacet
  facet normal -4.17154e-19 0.707053 0.707161
    outer loop
      vertex 16.5 14.647 3.05484
      vertex 0 14.0548 3.64695
      vertex 16.5 14.0548 3.64695
    endloop
  endfacet
  facet normal -4.17154e-19 0.707053 0.707161
    outer loop
      vertex 0 14.0548 3.64695
      vertex 16.5 14.647 3.05484
      vertex 0 14.647 3.05484
    endloop
  endfacet
  facet normal -0 0.544623 0.838681
    outer loop
      vertex 0 16 2.0718
      vertex 16.5 15.2977 2.52786
      vertex 16.5 16 2.0718
    endloop
  endfacet
  facet normal 0 0.544623 0.838681
    outer loop
      vertex 16.5 15.2977 2.52786
      vertex 0 16 2.0718
      vertex 0 15.2977 2.52786
    endloop
  endfacet
  facet normal -1 0 0
    outer loop
      vertex 16.5 25.353 3.05484
      vertex 16.5 26.231 4
      vertex 16.5 25.9452 3.64695
    endloop
  endfacet
  facet normal -1 0 0
    outer loop
      vertex 16.5 24.7023 2.52786
      vertex 16.5 26.231 4
      vertex 16.5 25.353 3.05484
    endloop
  endfacet
  facet normal -1 0 0
    outer loop
      vertex 16.5 24 2.0718
      vertex 16.5 26.231 4
      vertex 16.5 24.7023 2.52786
    endloop
  endfacet
  facet normal -1 0 0
    outer loop
      vertex 16.5 23.2539 1.69164
      vertex 16.5 26.231 4
      vertex 16.5 24 2.0718
    endloop
  endfacet
  facet normal -1 0 0
    outer loop
      vertex 16.5 22.4721 1.39155
      vertex 16.5 26.231 4
      vertex 16.5 23.2539 1.69164
    endloop
  endfacet
  facet normal -1 0 0
    outer loop
      vertex 16.5 21.6633 1.17482
      vertex 16.5 26.231 4
      vertex 16.5 22.4721 1.39155
    endloop
  endfacet
  facet normal -1 0 0
    outer loop
      vertex 16.5 20.8362 1.04382
      vertex 16.5 26.231 4
      vertex 16.5 21.6633 1.17482
    endloop
  endfacet
  facet normal -1 0 0
    outer loop
      vertex 16.5 20 1
      vertex 16.5 26.231 4
      vertex 16.5 20.8362 1.04382
    endloop
  endfacet
  facet normal -1 0 0
    outer loop
      vertex 16.5 19.1638 1.04382
      vertex 16.5 26.231 4
      vertex 16.5 20 1
    endloop
  endfacet
  facet normal -1 0 0
    outer loop
      vertex 16.5 18.3367 1.17482
      vertex 16.5 26.231 4
      vertex 16.5 19.1638 1.04382
    endloop
  endfacet
  facet normal -1 0 0
    outer loop
      vertex 16.5 17.5279 1.39155
      vertex 16.5 26.231 4
      vertex 16.5 18.3367 1.17482
    endloop
  endfacet
  facet normal -1 0 0
    outer loop
      vertex 16.5 16.7461 1.69164
      vertex 16.5 26.231 4
      vertex 16.5 17.5279 1.39155
    endloop
  endfacet
  facet normal -1 0 0
    outer loop
      vertex 16.5 16 2.0718
      vertex 16.5 26.231 4
      vertex 16.5 16.7461 1.69164
    endloop
  endfacet
  facet normal -1 0 0
    outer loop
      vertex 16.5 15.2977 2.52786
      vertex 16.5 26.231 4
      vertex 16.5 16 2.0718
    endloop
  endfacet
  facet normal -1 0 0
    outer loop
      vertex 16.5 14.647 3.05484
      vertex 16.5 26.231 4
      vertex 16.5 15.2977 2.52786
    endloop
  endfacet
  facet normal -1 0 0
    outer loop
      vertex 16.5 13.769 4
      vertex 16.5 14.647 3.05484
      vertex 16.5 14.0548 3.64695
    endloop
  endfacet
  facet normal -1 0 0
    outer loop
      vertex 16.5 14.647 3.05484
      vertex 16.5 13.769 4
      vertex 16.5 26.231 4
    endloop
  endfacet
  facet normal -1 0 0
    outer loop
      vertex 20.5 29.8568 6
      vertex 20.5 32.7 10.3174
      vertex 20.5 32.7 6
    endloop
  endfacet
  facet normal -1 0 0
    outer loop
      vertex 20.5 32.7 10.3174
      vertex 20.5 29.8568 6
      vertex 20.5 29.7361 6.08453
    endloop
  endfacet
  facet normal 0 0 1
    outer loop
      vertex 20.5 32.7 6
      vertex 19.7341 29.8568 6
      vertex 20.5 29.8568 6
    endloop
  endfacet
  facet normal -0 0 1
    outer loop
      vertex 16.5 32.7 6
      vertex 19.7341 29.8568 6
      vertex 20.5 32.7 6
    endloop
  endfacet
  facet normal 0 0 1
    outer loop
      vertex 19.7341 29.8568 6
      vertex 16.5 32.7 6
      vertex 16.5 30.6165 6
    endloop
  endfacet
  facet normal 1 0 -0
    outer loop
      vertex 16.5 32.7 6
      vertex 16.5 32.7 8.9755
      vertex 16.5 30.6165 6
    endloop
  endfacet
  facet normal 0 -1 0
    outer loop
      vertex 20.5 32.7 6
      vertex 16.5 32.7 8.9755
      vertex 16.5 32.7 6
    endloop
  endfacet
  facet normal 0 -1 0
    outer loop
      vertex 16.5 32.7 8.9755
      vertex 20.5 32.7 6
      vertex 20.5 32.7 10.3174
    endloop
  endfacet
endsolid OpenSCAD_Model
