solid OpenSCAD_Model
  facet normal 1 -0 0
    outer loop
      vertex 10 -8 3
      vertex 10 0 0
      vertex 10 0 3
    endloop
  endfacet
  facet normal 1 0 0
    outer loop
      vertex 10 0 0
      vertex 10 -8 3
      vertex 10 -8 0
    endloop
  endfacet
  facet normal 0 0 1
    outer loop
      vertex 10 0 3
      vertex 9.17543 -4 3
      vertex 10 -8 3
    endloop
  endfacet
  facet normal 0 0 1
    outer loop
      vertex 10 0 3
      vertex 7.58771 -1.25 3
      vertex 9.17543 -4 3
    endloop
  endfacet
  facet normal 0 0 1
    outer loop
      vertex 10 0 3
      vertex 4.41229 -1.25 3
      vertex 7.58771 -1.25 3
    endloop
  endfacet
  facet normal 0 0 1
    outer loop
      vertex 4.41229 -1.25 3
      vertex 2 0 3
      vertex 2.82457 -4 3
    endloop
  endfacet
  facet normal -0 0 1
    outer loop
      vertex 2 0 3
      vertex 4.41229 -1.25 3
      vertex 10 0 3
    endloop
  endfacet
  facet normal -0 0 1
    outer loop
      vertex 7.58771 -6.75 3
      vertex 10 -8 3
      vertex 9.17543 -4 3
    endloop
  endfacet
  facet normal -0 0 1
    outer loop
      vertex 4.41229 -6.75 3
      vertex 10 -8 3
      vertex 7.58771 -6.75 3
    endloop
  endfacet
  facet normal 0 0 1
    outer loop
      vertex 4.41229 -6.75 3
      vertex 2 -8 3
      vertex 10 -8 3
    endloop
  endfacet
  facet normal 0 0 1
    outer loop
      vertex 2.82457 -4 3
      vertex 2 -8 3
      vertex 4.41229 -6.75 3
    endloop
  endfacet
  facet normal 0 0 1
    outer loop
      vertex 2 -8 3
      vertex 2.82457 -4 3
      vertex 2 0 3
    endloop
  endfacet
  facet normal 0 0 -1
    outer loop
      vertex 0 0 0
      vertex 2 40 0
      vertex 2 0 0
    endloop
  endfacet
  facet normal -0 0 -1
    outer loop
      vertex 2 40 0
      vertex 0 0 0
      vertex 0 40 0
    endloop
  endfacet
  facet normal 0 0 -1
    outer loop
      vertex 7.6168 -3.47467 0
      vertex 10 0 0
      vertex 7.66285 -3.64655 0
    endloop
  endfacet
  facet normal 0 0 -1
    outer loop
      vertex 10 40 0
      vertex 7.69069 43.8223 0
      vertex 7.7 44 0
    endloop
  endfacet
  facet normal 0 0 -1
    outer loop
      vertex 7.55303 -3.30855 0
      vertex 10 0 0
      vertex 7.6168 -3.47467 0
    endloop
  endfacet
  facet normal 0 0 -1
    outer loop
      vertex 10 40 0
      vertex 7.66285 43.6465 0
      vertex 7.69069 43.8223 0
    endloop
  endfacet
  facet normal 0 0 -1
    outer loop
      vertex 7.47224 -3.15 0
      vertex 10 0 0
      vertex 7.55303 -3.30855 0
    endloop
  endfacet
  facet normal 0 0 -1
    outer loop
      vertex 10 40 0
      vertex 7.6168 43.4747 0
      vertex 7.66285 43.6465 0
    endloop
  endfacet
  facet normal 0 0 -1
    outer loop
      vertex 7.37533 -3.00076 0
      vertex 10 0 0
      vertex 7.47224 -3.15 0
    endloop
  endfacet
  facet normal 0 0 -1
    outer loop
      vertex 10 40 0
      vertex 7.55303 43.3085 0
      vertex 7.6168 43.4747 0
    endloop
  endfacet
  facet normal 0 0 -1
    outer loop
      vertex 7.26335 -2.86248 0
      vertex 10 0 0
      vertex 7.37533 -3.00076 0
    endloop
  endfacet
  facet normal 0 0 -1
    outer loop
      vertex 10 40 0
      vertex 7.47224 43.15 0
      vertex 7.55303 43.3085 0
    endloop
  endfacet
  facet normal 0 0 -1
    outer loop
      vertex 7.13752 -2.73665 0
      vertex 10 0 0
      vertex 7.26335 -2.86248 0
    endloop
  endfacet
  facet normal 0 0 -1
    outer loop
      vertex 10 40 0
      vertex 7.37533 43.0008 0
      vertex 7.47224 43.15 0
    endloop
  endfacet
  facet normal 0 0 -1
    outer loop
      vertex 6.99923 -2.62467 0
      vertex 10 0 0
      vertex 7.13752 -2.73665 0
    endloop
  endfacet
  facet normal 0 0 -1
    outer loop
      vertex 10 40 0
      vertex 7.26335 42.8625 0
      vertex 7.37533 43.0008 0
    endloop
  endfacet
  facet normal 0 0 -1
    outer loop
      vertex 6.85 -2.52776 0
      vertex 10 0 0
      vertex 6.99923 -2.62467 0
    endloop
  endfacet
  facet normal 0 0 -1
    outer loop
      vertex 10 40 0
      vertex 7.13752 42.7367 0
      vertex 7.26335 42.8625 0
    endloop
  endfacet
  facet normal 0 0 -1
    outer loop
      vertex 6.69145 -2.44697 0
      vertex 10 0 0
      vertex 6.85 -2.52776 0
    endloop
  endfacet
  facet normal 0 0 -1
    outer loop
      vertex 10 40 0
      vertex 6.99923 42.6247 0
      vertex 7.13752 42.7367 0
    endloop
  endfacet
  facet normal 0 0 -1
    outer loop
      vertex 6.52533 -2.3832 0
      vertex 10 0 0
      vertex 6.69145 -2.44697 0
    endloop
  endfacet
  facet normal 0 0 -1
    outer loop
      vertex 10 40 0
      vertex 6.85 42.5278 0
      vertex 6.99923 42.6247 0
    endloop
  endfacet
  facet normal 0 0 -1
    outer loop
      vertex 6.35345 -2.33715 0
      vertex 10 0 0
      vertex 6.52533 -2.3832 0
    endloop
  endfacet
  facet normal 0 0 -1
    outer loop
      vertex 10 40 0
      vertex 6.69145 42.447 0
      vertex 6.85 42.5278 0
    endloop
  endfacet
  facet normal 0 0 -1
    outer loop
      vertex 10 0 0
      vertex 2 0 0
      vertex 10 40 0
    endloop
  endfacet
  facet normal 0 0 -1
    outer loop
      vertex 10 40 0
      vertex 6.52533 42.3832 0
      vertex 6.69145 42.447 0
    endloop
  endfacet
  facet normal 0 0 -1
    outer loop
      vertex 6.1777 -2.30931 0
      vertex 10 0 0
      vertex 6.35345 -2.33715 0
    endloop
  endfacet
  facet normal 0 0 -1
    outer loop
      vertex 2 40 0
      vertex 10 40 0
      vertex 2 0 0
    endloop
  endfacet
  facet normal 0 0 -1
    outer loop
      vertex 6 -2.3 0
      vertex 10 0 0
      vertex 6.1777 -2.30931 0
    endloop
  endfacet
  facet normal 0 -0 -1
    outer loop
      vertex 6 42.3 0
      vertex 10 40 0
      vertex 2 40 0
    endloop
  endfacet
  facet normal -0 0 -1
    outer loop
      vertex 10 0 0
      vertex 6 -2.3 0
      vertex 2 0 0
    endloop
  endfacet
  facet normal 0 0 -1
    outer loop
      vertex 10 40 0
      vertex 6.35345 42.3372 0
      vertex 6.52533 42.3832 0
    endloop
  endfacet
  facet normal 0 0 -1
    outer loop
      vertex 2 0 0
      vertex 6 -2.3 0
      vertex 5.8223 -2.30931 0
    endloop
  endfacet
  facet normal 0 0 -1
    outer loop
      vertex 10 40 0
      vertex 6.1777 42.3093 0
      vertex 6.35345 42.3372 0
    endloop
  endfacet
  facet normal 0 0 -1
    outer loop
      vertex 2 0 0
      vertex 5.8223 -2.30931 0
      vertex 5.64655 -2.33715 0
    endloop
  endfacet
  facet normal 0 0 -1
    outer loop
      vertex 10 40 0
      vertex 6 42.3 0
      vertex 6.1777 42.3093 0
    endloop
  endfacet
  facet normal 0 0 -1
    outer loop
      vertex 2 0 0
      vertex 5.64655 -2.33715 0
      vertex 5.47467 -2.3832 0
    endloop
  endfacet
  facet normal -0 0 -1
    outer loop
      vertex 6 42.3 0
      vertex 2 40 0
      vertex 5.8223 42.3093 0
    endloop
  endfacet
  facet normal 0 0 -1
    outer loop
      vertex 2 0 0
      vertex 5.47467 -2.3832 0
      vertex 5.30855 -2.44697 0
    endloop
  endfacet
  facet normal -0 0 -1
    outer loop
      vertex 5.8223 42.3093 0
      vertex 2 40 0
      vertex 5.64655 42.3372 0
    endloop
  endfacet
  facet normal 0 0 -1
    outer loop
      vertex 2 0 0
      vertex 5.30855 -2.44697 0
      vertex 5.15 -2.52776 0
    endloop
  endfacet
  facet normal -0 0 -1
    outer loop
      vertex 5.64655 42.3372 0
      vertex 2 40 0
      vertex 5.47467 42.3832 0
    endloop
  endfacet
  facet normal 0 0 -1
    outer loop
      vertex 2 0 0
      vertex 5.15 -2.52776 0
      vertex 5.00076 -2.62467 0
    endloop
  endfacet
  facet normal -0 0 -1
    outer loop
      vertex 5.47467 42.3832 0
      vertex 2 40 0
      vertex 5.30855 42.447 0
    endloop
  endfacet
  facet normal 0 0 -1
    outer loop
      vertex 2 0 0
      vertex 5.00076 -2.62467 0
      vertex 4.86248 -2.73665 0
    endloop
  endfacet
  facet normal -0 0 -1
    outer loop
      vertex 5.30855 42.447 0
      vertex 2 40 0
      vertex 5.15 42.5278 0
    endloop
  endfacet
  facet normal 0 0 -1
    outer loop
      vertex 2 0 0
      vertex 4.86248 -2.73665 0
      vertex 4.73665 -2.86248 0
    endloop
  endfacet
  facet normal -0 0 -1
    outer loop
      vertex 5.15 42.5278 0
      vertex 2 40 0
      vertex 5.00076 42.6247 0
    endloop
  endfacet
  facet normal 0 0 -1
    outer loop
      vertex 2 0 0
      vertex 4.73665 -2.86248 0
      vertex 4.62467 -3.00076 0
    endloop
  endfacet
  facet normal -0 0 -1
    outer loop
      vertex 5.00076 42.6247 0
      vertex 2 40 0
      vertex 4.86248 42.7367 0
    endloop
  endfacet
  facet normal 0 0 -1
    outer loop
      vertex 2 0 0
      vertex 4.62467 -3.00076 0
      vertex 4.52776 -3.15 0
    endloop
  endfacet
  facet normal -0 0 -1
    outer loop
      vertex 4.86248 42.7367 0
      vertex 2 40 0
      vertex 4.73665 42.8625 0
    endloop
  endfacet
  facet normal 0 0 -1
    outer loop
      vertex 2 0 0
      vertex 4.52776 -3.15 0
      vertex 4.44697 -3.30855 0
    endloop
  endfacet
  facet normal -0 0 -1
    outer loop
      vertex 4.73665 42.8625 0
      vertex 2 40 0
      vertex 4.62467 43.0008 0
    endloop
  endfacet
  facet normal 0 0 -1
    outer loop
      vertex 2 0 0
      vertex 4.44697 -3.30855 0
      vertex 4.3832 -3.47467 0
    endloop
  endfacet
  facet normal -0 0 -1
    outer loop
      vertex 4.62467 43.0008 0
      vertex 2 40 0
      vertex 4.52776 43.15 0
    endloop
  endfacet
  facet normal 0 0 -1
    outer loop
      vertex 2 0 0
      vertex 4.3832 -3.47467 0
      vertex 4.33715 -3.64655 0
    endloop
  endfacet
  facet normal -0 0 -1
    outer loop
      vertex 4.52776 43.15 0
      vertex 2 40 0
      vertex 4.44697 43.3085 0
    endloop
  endfacet
  facet normal 0 0 -1
    outer loop
      vertex 2 0 0
      vertex 4.33715 -3.64655 0
      vertex 4.30931 -3.8223 0
    endloop
  endfacet
  facet normal -0 0 -1
    outer loop
      vertex 4.44697 43.3085 0
      vertex 2 40 0
      vertex 4.3832 43.4747 0
    endloop
  endfacet
  facet normal 0 0 -1
    outer loop
      vertex 2 0 0
      vertex 4.30931 -3.8223 0
      vertex 4.3 -4 0
    endloop
  endfacet
  facet normal -0 0 -1
    outer loop
      vertex 4.3832 43.4747 0
      vertex 2 40 0
      vertex 4.33715 43.6465 0
    endloop
  endfacet
  facet normal 0 0 -1
    outer loop
      vertex 7.7 -4 0
      vertex 10 0 0
      vertex 10 -8 0
    endloop
  endfacet
  facet normal 0 0 -1
    outer loop
      vertex 7.69069 -3.8223 0
      vertex 10 0 0
      vertex 7.7 -4 0
    endloop
  endfacet
  facet normal 0 0 -1
    outer loop
      vertex 7.66285 -3.64655 0
      vertex 10 0 0
      vertex 7.69069 -3.8223 0
    endloop
  endfacet
  facet normal 0 0 -1
    outer loop
      vertex 10 -8 0
      vertex 7.69069 -4.1777 0
      vertex 7.7 -4 0
    endloop
  endfacet
  facet normal 0 0 -1
    outer loop
      vertex 10 -8 0
      vertex 7.66285 -4.35345 0
      vertex 7.69069 -4.1777 0
    endloop
  endfacet
  facet normal 0 0 -1
    outer loop
      vertex 10 -8 0
      vertex 7.6168 -4.52533 0
      vertex 7.66285 -4.35345 0
    endloop
  endfacet
  facet normal 0 0 -1
    outer loop
      vertex 10 -8 0
      vertex 7.55303 -4.69145 0
      vertex 7.6168 -4.52533 0
    endloop
  endfacet
  facet normal 0 0 -1
    outer loop
      vertex 10 -8 0
      vertex 7.47224 -4.85 0
      vertex 7.55303 -4.69145 0
    endloop
  endfacet
  facet normal 0 0 -1
    outer loop
      vertex 10 -8 0
      vertex 7.37533 -4.99923 0
      vertex 7.47224 -4.85 0
    endloop
  endfacet
  facet normal 0 0 -1
    outer loop
      vertex 10 -8 0
      vertex 7.26335 -5.13752 0
      vertex 7.37533 -4.99923 0
    endloop
  endfacet
  facet normal 0 0 -1
    outer loop
      vertex 10 -8 0
      vertex 7.13752 -5.26335 0
      vertex 7.26335 -5.13752 0
    endloop
  endfacet
  facet normal 0 0 -1
    outer loop
      vertex 10 -8 0
      vertex 6.99923 -5.37533 0
      vertex 7.13752 -5.26335 0
    endloop
  endfacet
  facet normal 0 0 -1
    outer loop
      vertex 10 -8 0
      vertex 6.85 -5.47224 0
      vertex 6.99923 -5.37533 0
    endloop
  endfacet
  facet normal 0 0 -1
    outer loop
      vertex 10 -8 0
      vertex 6.69145 -5.55303 0
      vertex 6.85 -5.47224 0
    endloop
  endfacet
  facet normal 0 0 -1
    outer loop
      vertex 10 -8 0
      vertex 6.52533 -5.6168 0
      vertex 6.69145 -5.55303 0
    endloop
  endfacet
  facet normal 0 0 -1
    outer loop
      vertex 10 -8 0
      vertex 6.35345 -5.66285 0
      vertex 6.52533 -5.6168 0
    endloop
  endfacet
  facet normal 0 0 -1
    outer loop
      vertex 10 -8 0
      vertex 6.1777 -5.69069 0
      vertex 6.35345 -5.66285 0
    endloop
  endfacet
  facet normal 0 0 -1
    outer loop
      vertex 10 -8 0
      vertex 6 -5.7 0
      vertex 6.1777 -5.69069 0
    endloop
  endfacet
  facet normal 0 0 -1
    outer loop
      vertex 2 -8 0
      vertex 6 -5.7 0
      vertex 10 -8 0
    endloop
  endfacet
  facet normal -0 0 -1
    outer loop
      vertex 6 -5.7 0
      vertex 2 -8 0
      vertex 5.8223 -5.69069 0
    endloop
  endfacet
  facet normal -0 0 -1
    outer loop
      vertex 5.8223 -5.69069 0
      vertex 2 -8 0
      vertex 5.64655 -5.66285 0
    endloop
  endfacet
  facet normal -0 0 -1
    outer loop
      vertex 5.64655 -5.66285 0
      vertex 2 -8 0
      vertex 5.47467 -5.6168 0
    endloop
  endfacet
  facet normal -0 0 -1
    outer loop
      vertex 5.47467 -5.6168 0
      vertex 2 -8 0
      vertex 5.30855 -5.55303 0
    endloop
  endfacet
  facet normal 0 0 -1
    outer loop
      vertex 2 0 0
      vertex 4.3 -4 0
      vertex 2 -8 0
    endloop
  endfacet
  facet normal -0 0 -1
    outer loop
      vertex 4.30931 -4.1777 0
      vertex 2 -8 0
      vertex 4.3 -4 0
    endloop
  endfacet
  facet normal -0 0 -1
    outer loop
      vertex 4.33715 -4.35345 0
      vertex 2 -8 0
      vertex 4.30931 -4.1777 0
    endloop
  endfacet
  facet normal -0 0 -1
    outer loop
      vertex 4.3832 -4.52533 0
      vertex 2 -8 0
      vertex 4.33715 -4.35345 0
    endloop
  endfacet
  facet normal -0 0 -1
    outer loop
      vertex 4.44697 -4.69145 0
      vertex 2 -8 0
      vertex 4.3832 -4.52533 0
    endloop
  endfacet
  facet normal -0 0 -1
    outer loop
      vertex 4.52776 -4.85 0
      vertex 2 -8 0
      vertex 4.44697 -4.69145 0
    endloop
  endfacet
  facet normal -0 0 -1
    outer loop
      vertex 4.62467 -4.99923 0
      vertex 2 -8 0
      vertex 4.52776 -4.85 0
    endloop
  endfacet
  facet normal -0 0 -1
    outer loop
      vertex 4.73665 -5.13752 0
      vertex 2 -8 0
      vertex 4.62467 -4.99923 0
    endloop
  endfacet
  facet normal -0 0 -1
    outer loop
      vertex 4.86248 -5.26335 0
      vertex 2 -8 0
      vertex 4.73665 -5.13752 0
    endloop
  endfacet
  facet normal -0 0 -1
    outer loop
      vertex 5.00076 -5.37533 0
      vertex 2 -8 0
      vertex 4.86248 -5.26335 0
    endloop
  endfacet
  facet normal -0 0 -1
    outer loop
      vertex 5.15 -5.47224 0
      vertex 2 -8 0
      vertex 5.00076 -5.37533 0
    endloop
  endfacet
  facet normal -0 0 -1
    outer loop
      vertex 5.30855 -5.55303 0
      vertex 2 -8 0
      vertex 5.15 -5.47224 0
    endloop
  endfacet
  facet normal 0 0 -1
    outer loop
      vertex 10 0 0
      vertex 14.57 40 0
      vertex 14.57 0 0
    endloop
  endfacet
  facet normal -0 0 -1
    outer loop
      vertex 14.57 40 0
      vertex 10 0 0
      vertex 10 40 0
    endloop
  endfacet
  facet normal 0 0 -1
    outer loop
      vertex 10 40 0
      vertex 7.7 44 0
      vertex 10 48 0
    endloop
  endfacet
  facet normal 0 0 -1
    outer loop
      vertex 7.69069 44.1777 0
      vertex 10 48 0
      vertex 7.7 44 0
    endloop
  endfacet
  facet normal 0 0 -1
    outer loop
      vertex 7.66285 44.3535 0
      vertex 10 48 0
      vertex 7.69069 44.1777 0
    endloop
  endfacet
  facet normal 0 0 -1
    outer loop
      vertex 7.6168 44.5253 0
      vertex 10 48 0
      vertex 7.66285 44.3535 0
    endloop
  endfacet
  facet normal 0 0 -1
    outer loop
      vertex 7.55303 44.6915 0
      vertex 10 48 0
      vertex 7.6168 44.5253 0
    endloop
  endfacet
  facet normal 0 0 -1
    outer loop
      vertex 7.47224 44.85 0
      vertex 10 48 0
      vertex 7.55303 44.6915 0
    endloop
  endfacet
  facet normal 0 0 -1
    outer loop
      vertex 7.37533 44.9992 0
      vertex 10 48 0
      vertex 7.47224 44.85 0
    endloop
  endfacet
  facet normal 0 0 -1
    outer loop
      vertex 7.26335 45.1375 0
      vertex 10 48 0
      vertex 7.37533 44.9992 0
    endloop
  endfacet
  facet normal 0 0 -1
    outer loop
      vertex 7.13752 45.2633 0
      vertex 10 48 0
      vertex 7.26335 45.1375 0
    endloop
  endfacet
  facet normal 0 0 -1
    outer loop
      vertex 6.99923 45.3753 0
      vertex 10 48 0
      vertex 7.13752 45.2633 0
    endloop
  endfacet
  facet normal 0 0 -1
    outer loop
      vertex 6.85 45.4722 0
      vertex 10 48 0
      vertex 6.99923 45.3753 0
    endloop
  endfacet
  facet normal 0 0 -1
    outer loop
      vertex 6.69145 45.553 0
      vertex 10 48 0
      vertex 6.85 45.4722 0
    endloop
  endfacet
  facet normal 0 0 -1
    outer loop
      vertex 6.52533 45.6168 0
      vertex 10 48 0
      vertex 6.69145 45.553 0
    endloop
  endfacet
  facet normal 0 0 -1
    outer loop
      vertex 6.35345 45.6628 0
      vertex 10 48 0
      vertex 6.52533 45.6168 0
    endloop
  endfacet
  facet normal 0 0 -1
    outer loop
      vertex 6.1777 45.6907 0
      vertex 10 48 0
      vertex 6.35345 45.6628 0
    endloop
  endfacet
  facet normal 0 0 -1
    outer loop
      vertex 6 45.7 0
      vertex 10 48 0
      vertex 6.1777 45.6907 0
    endloop
  endfacet
  facet normal 0 0 -1
    outer loop
      vertex 2 48 0
      vertex 6 45.7 0
      vertex 5.8223 45.6907 0
    endloop
  endfacet
  facet normal 0 0 -1
    outer loop
      vertex 2 48 0
      vertex 5.8223 45.6907 0
      vertex 5.64655 45.6628 0
    endloop
  endfacet
  facet normal 0 0 -1
    outer loop
      vertex 2 48 0
      vertex 5.64655 45.6628 0
      vertex 5.47467 45.6168 0
    endloop
  endfacet
  facet normal 0 0 -1
    outer loop
      vertex 2 48 0
      vertex 5.47467 45.6168 0
      vertex 5.30855 45.553 0
    endloop
  endfacet
  facet normal 0 0 -1
    outer loop
      vertex 2 48 0
      vertex 5.30855 45.553 0
      vertex 5.15 45.4722 0
    endloop
  endfacet
  facet normal -0 0 -1
    outer loop
      vertex 4.33715 43.6465 0
      vertex 2 40 0
      vertex 4.30931 43.8223 0
    endloop
  endfacet
  facet normal -0 0 -1
    outer loop
      vertex 4.30931 43.8223 0
      vertex 2 40 0
      vertex 4.3 44 0
    endloop
  endfacet
  facet normal 0 0 -1
    outer loop
      vertex 2 48 0
      vertex 4.3 44 0
      vertex 2 40 0
    endloop
  endfacet
  facet normal 0 0 -1
    outer loop
      vertex 4.3 44 0
      vertex 2 48 0
      vertex 4.30931 44.1777 0
    endloop
  endfacet
  facet normal 0 0 -1
    outer loop
      vertex 4.30931 44.1777 0
      vertex 2 48 0
      vertex 4.33715 44.3535 0
    endloop
  endfacet
  facet normal 0 0 -1
    outer loop
      vertex 4.33715 44.3535 0
      vertex 2 48 0
      vertex 4.3832 44.5253 0
    endloop
  endfacet
  facet normal 0 0 -1
    outer loop
      vertex 4.3832 44.5253 0
      vertex 2 48 0
      vertex 4.44697 44.6915 0
    endloop
  endfacet
  facet normal 0 0 -1
    outer loop
      vertex 6 45.7 0
      vertex 2 48 0
      vertex 10 48 0
    endloop
  endfacet
  facet normal 0 0 -1
    outer loop
      vertex 5.00076 45.3753 0
      vertex 2 48 0
      vertex 5.15 45.4722 0
    endloop
  endfacet
  facet normal 0 0 -1
    outer loop
      vertex 4.86248 45.2633 0
      vertex 2 48 0
      vertex 5.00076 45.3753 0
    endloop
  endfacet
  facet normal 0 0 -1
    outer loop
      vertex 4.73665 45.1375 0
      vertex 2 48 0
      vertex 4.86248 45.2633 0
    endloop
  endfacet
  facet normal 0 0 -1
    outer loop
      vertex 4.62467 44.9992 0
      vertex 2 48 0
      vertex 4.73665 45.1375 0
    endloop
  endfacet
  facet normal 0 0 -1
    outer loop
      vertex 4.52776 44.85 0
      vertex 2 48 0
      vertex 4.62467 44.9992 0
    endloop
  endfacet
  facet normal 0 0 -1
    outer loop
      vertex 4.44697 44.6915 0
      vertex 2 48 0
      vertex 4.52776 44.85 0
    endloop
  endfacet
  facet normal 0 0 -1
    outer loop
      vertex 20.1868 -3.47467 0
      vertex 22.57 0 0
      vertex 20.2328 -3.64655 0
    endloop
  endfacet
  facet normal 0 0 -1
    outer loop
      vertex 22.57 40 0
      vertex 20.2607 43.8223 0
      vertex 20.27 44 0
    endloop
  endfacet
  facet normal 0 0 -1
    outer loop
      vertex 20.123 -3.30855 0
      vertex 22.57 0 0
      vertex 20.1868 -3.47467 0
    endloop
  endfacet
  facet normal 0 0 -1
    outer loop
      vertex 22.57 40 0
      vertex 20.2328 43.6465 0
      vertex 20.2607 43.8223 0
    endloop
  endfacet
  facet normal 0 0 -1
    outer loop
      vertex 20.0422 -3.15 0
      vertex 22.57 0 0
      vertex 20.123 -3.30855 0
    endloop
  endfacet
  facet normal 0 0 -1
    outer loop
      vertex 22.57 40 0
      vertex 20.1868 43.4747 0
      vertex 20.2328 43.6465 0
    endloop
  endfacet
  facet normal 0 0 -1
    outer loop
      vertex 19.9453 -3.00076 0
      vertex 22.57 0 0
      vertex 20.0422 -3.15 0
    endloop
  endfacet
  facet normal 0 0 -1
    outer loop
      vertex 22.57 40 0
      vertex 20.123 43.3085 0
      vertex 20.1868 43.4747 0
    endloop
  endfacet
  facet normal 0 0 -1
    outer loop
      vertex 19.8333 -2.86248 0
      vertex 22.57 0 0
      vertex 19.9453 -3.00076 0
    endloop
  endfacet
  facet normal 0 0 -1
    outer loop
      vertex 22.57 40 0
      vertex 20.0422 43.15 0
      vertex 20.123 43.3085 0
    endloop
  endfacet
  facet normal 0 0 -1
    outer loop
      vertex 19.7075 -2.73665 0
      vertex 22.57 0 0
      vertex 19.8333 -2.86248 0
    endloop
  endfacet
  facet normal 0 0 -1
    outer loop
      vertex 22.57 40 0
      vertex 19.9453 43.0008 0
      vertex 20.0422 43.15 0
    endloop
  endfacet
  facet normal 0 0 -1
    outer loop
      vertex 19.5692 -2.62467 0
      vertex 22.57 0 0
      vertex 19.7075 -2.73665 0
    endloop
  endfacet
  facet normal 0 0 -1
    outer loop
      vertex 22.57 40 0
      vertex 19.8333 42.8625 0
      vertex 19.9453 43.0008 0
    endloop
  endfacet
  facet normal 0 0 -1
    outer loop
      vertex 19.42 -2.52776 0
      vertex 22.57 0 0
      vertex 19.5692 -2.62467 0
    endloop
  endfacet
  facet normal 0 0 -1
    outer loop
      vertex 22.57 40 0
      vertex 19.7075 42.7367 0
      vertex 19.8333 42.8625 0
    endloop
  endfacet
  facet normal 0 0 -1
    outer loop
      vertex 19.2615 -2.44697 0
      vertex 22.57 0 0
      vertex 19.42 -2.52776 0
    endloop
  endfacet
  facet normal 0 0 -1
    outer loop
      vertex 22.57 40 0
      vertex 19.5692 42.6247 0
      vertex 19.7075 42.7367 0
    endloop
  endfacet
  facet normal 0 0 -1
    outer loop
      vertex 19.0953 -2.3832 0
      vertex 22.57 0 0
      vertex 19.2615 -2.44697 0
    endloop
  endfacet
  facet normal 0 0 -1
    outer loop
      vertex 22.57 40 0
      vertex 19.42 42.5278 0
      vertex 19.5692 42.6247 0
    endloop
  endfacet
  facet normal 0 0 -1
    outer loop
      vertex 18.9235 -2.33715 0
      vertex 22.57 0 0
      vertex 19.0953 -2.3832 0
    endloop
  endfacet
  facet normal 0 0 -1
    outer loop
      vertex 22.57 40 0
      vertex 19.2615 42.447 0
      vertex 19.42 42.5278 0
    endloop
  endfacet
  facet normal 0 0 -1
    outer loop
      vertex 22.57 0 0
      vertex 14.57 0 0
      vertex 22.57 40 0
    endloop
  endfacet
  facet normal 0 0 -1
    outer loop
      vertex 22.57 40 0
      vertex 19.0953 42.3832 0
      vertex 19.2615 42.447 0
    endloop
  endfacet
  facet normal 0 0 -1
    outer loop
      vertex 18.7477 -2.30931 0
      vertex 22.57 0 0
      vertex 18.9235 -2.33715 0
    endloop
  endfacet
  facet normal 0 0 -1
    outer loop
      vertex 14.57 40 0
      vertex 22.57 40 0
      vertex 14.57 0 0
    endloop
  endfacet
  facet normal 0 0 -1
    outer loop
      vertex 18.57 -2.3 0
      vertex 22.57 0 0
      vertex 18.7477 -2.30931 0
    endloop
  endfacet
  facet normal 0 -0 -1
    outer loop
      vertex 18.57 42.3 0
      vertex 22.57 40 0
      vertex 14.57 40 0
    endloop
  endfacet
  facet normal -0 0 -1
    outer loop
      vertex 22.57 0 0
      vertex 18.57 -2.3 0
      vertex 14.57 0 0
    endloop
  endfacet
  facet normal 0 0 -1
    outer loop
      vertex 22.57 40 0
      vertex 18.9235 42.3372 0
      vertex 19.0953 42.3832 0
    endloop
  endfacet
  facet normal 0 0 -1
    outer loop
      vertex 14.57 0 0
      vertex 18.57 -2.3 0
      vertex 18.3923 -2.30931 0
    endloop
  endfacet
  facet normal 0 0 -1
    outer loop
      vertex 22.57 40 0
      vertex 18.7477 42.3093 0
      vertex 18.9235 42.3372 0
    endloop
  endfacet
  facet normal 0 0 -1
    outer loop
      vertex 14.57 0 0
      vertex 18.3923 -2.30931 0
      vertex 18.2165 -2.33715 0
    endloop
  endfacet
  facet normal 0 0 -1
    outer loop
      vertex 22.57 40 0
      vertex 18.57 42.3 0
      vertex 18.7477 42.3093 0
    endloop
  endfacet
  facet normal 0 0 -1
    outer loop
      vertex 14.57 0 0
      vertex 18.2165 -2.33715 0
      vertex 18.0447 -2.3832 0
    endloop
  endfacet
  facet normal -0 0 -1
    outer loop
      vertex 18.57 42.3 0
      vertex 14.57 40 0
      vertex 18.3923 42.3093 0
    endloop
  endfacet
  facet normal 0 0 -1
    outer loop
      vertex 14.57 0 0
      vertex 18.0447 -2.3832 0
      vertex 17.8785 -2.44697 0
    endloop
  endfacet
  facet normal -0 0 -1
    outer loop
      vertex 18.3923 42.3093 0
      vertex 14.57 40 0
      vertex 18.2165 42.3372 0
    endloop
  endfacet
  facet normal 0 0 -1
    outer loop
      vertex 14.57 0 0
      vertex 17.8785 -2.44697 0
      vertex 17.72 -2.52776 0
    endloop
  endfacet
  facet normal -0 0 -1
    outer loop
      vertex 18.2165 42.3372 0
      vertex 14.57 40 0
      vertex 18.0447 42.3832 0
    endloop
  endfacet
  facet normal 0 0 -1
    outer loop
      vertex 14.57 0 0
      vertex 17.72 -2.52776 0
      vertex 17.5708 -2.62467 0
    endloop
  endfacet
  facet normal -0 0 -1
    outer loop
      vertex 18.0447 42.3832 0
      vertex 14.57 40 0
      vertex 17.8785 42.447 0
    endloop
  endfacet
  facet normal 0 0 -1
    outer loop
      vertex 14.57 0 0
      vertex 17.5708 -2.62467 0
      vertex 17.4325 -2.73665 0
    endloop
  endfacet
  facet normal -0 0 -1
    outer loop
      vertex 17.8785 42.447 0
      vertex 14.57 40 0
      vertex 17.72 42.5278 0
    endloop
  endfacet
  facet normal 0 0 -1
    outer loop
      vertex 14.57 0 0
      vertex 17.4325 -2.73665 0
      vertex 17.3067 -2.86248 0
    endloop
  endfacet
  facet normal -0 0 -1
    outer loop
      vertex 17.72 42.5278 0
      vertex 14.57 40 0
      vertex 17.5708 42.6247 0
    endloop
  endfacet
  facet normal 0 0 -1
    outer loop
      vertex 14.57 0 0
      vertex 17.3067 -2.86248 0
      vertex 17.1947 -3.00076 0
    endloop
  endfacet
  facet normal -0 0 -1
    outer loop
      vertex 17.5708 42.6247 0
      vertex 14.57 40 0
      vertex 17.4325 42.7367 0
    endloop
  endfacet
  facet normal 0 0 -1
    outer loop
      vertex 14.57 0 0
      vertex 17.1947 -3.00076 0
      vertex 17.0978 -3.15 0
    endloop
  endfacet
  facet normal -0 0 -1
    outer loop
      vertex 17.4325 42.7367 0
      vertex 14.57 40 0
      vertex 17.3067 42.8625 0
    endloop
  endfacet
  facet normal 0 0 -1
    outer loop
      vertex 14.57 0 0
      vertex 17.0978 -3.15 0
      vertex 17.017 -3.30855 0
    endloop
  endfacet
  facet normal -0 0 -1
    outer loop
      vertex 17.3067 42.8625 0
      vertex 14.57 40 0
      vertex 17.1947 43.0008 0
    endloop
  endfacet
  facet normal 0 0 -1
    outer loop
      vertex 14.57 0 0
      vertex 17.017 -3.30855 0
      vertex 16.9532 -3.47467 0
    endloop
  endfacet
  facet normal -0 0 -1
    outer loop
      vertex 17.1947 43.0008 0
      vertex 14.57 40 0
      vertex 17.0978 43.15 0
    endloop
  endfacet
  facet normal 0 0 -1
    outer loop
      vertex 14.57 0 0
      vertex 16.9532 -3.47467 0
      vertex 16.9071 -3.64655 0
    endloop
  endfacet
  facet normal -0 0 -1
    outer loop
      vertex 17.0978 43.15 0
      vertex 14.57 40 0
      vertex 17.017 43.3085 0
    endloop
  endfacet
  facet normal 0 0 -1
    outer loop
      vertex 14.57 0 0
      vertex 16.9071 -3.64655 0
      vertex 16.8793 -3.8223 0
    endloop
  endfacet
  facet normal -0 0 -1
    outer loop
      vertex 17.017 43.3085 0
      vertex 14.57 40 0
      vertex 16.9532 43.4747 0
    endloop
  endfacet
  facet normal 0 0 -1
    outer loop
      vertex 14.57 0 0
      vertex 16.8793 -3.8223 0
      vertex 16.87 -4 0
    endloop
  endfacet
  facet normal -0 0 -1
    outer loop
      vertex 16.9532 43.4747 0
      vertex 14.57 40 0
      vertex 16.9071 43.6465 0
    endloop
  endfacet
  facet normal 0 0 -1
    outer loop
      vertex 20.27 -4 0
      vertex 22.57 0 0
      vertex 22.57 -8 0
    endloop
  endfacet
  facet normal 0 0 -1
    outer loop
      vertex 20.2607 -3.8223 0
      vertex 22.57 0 0
      vertex 20.27 -4 0
    endloop
  endfacet
  facet normal 0 0 -1
    outer loop
      vertex 20.2328 -3.64655 0
      vertex 22.57 0 0
      vertex 20.2607 -3.8223 0
    endloop
  endfacet
  facet normal 0 0 -1
    outer loop
      vertex 22.57 -8 0
      vertex 20.2607 -4.1777 0
      vertex 20.27 -4 0
    endloop
  endfacet
  facet normal 0 0 -1
    outer loop
      vertex 22.57 -8 0
      vertex 20.2328 -4.35345 0
      vertex 20.2607 -4.1777 0
    endloop
  endfacet
  facet normal 0 0 -1
    outer loop
      vertex 22.57 -8 0
      vertex 20.1868 -4.52533 0
      vertex 20.2328 -4.35345 0
    endloop
  endfacet
  facet normal 0 0 -1
    outer loop
      vertex 22.57 -8 0
      vertex 20.123 -4.69145 0
      vertex 20.1868 -4.52533 0
    endloop
  endfacet
  facet normal 0 0 -1
    outer loop
      vertex 22.57 -8 0
      vertex 20.0422 -4.85 0
      vertex 20.123 -4.69145 0
    endloop
  endfacet
  facet normal 0 0 -1
    outer loop
      vertex 22.57 -8 0
      vertex 19.9453 -4.99923 0
      vertex 20.0422 -4.85 0
    endloop
  endfacet
  facet normal 0 0 -1
    outer loop
      vertex 22.57 -8 0
      vertex 19.8333 -5.13752 0
      vertex 19.9453 -4.99923 0
    endloop
  endfacet
  facet normal 0 0 -1
    outer loop
      vertex 22.57 -8 0
      vertex 19.7075 -5.26335 0
      vertex 19.8333 -5.13752 0
    endloop
  endfacet
  facet normal 0 0 -1
    outer loop
      vertex 22.57 -8 0
      vertex 19.5692 -5.37533 0
      vertex 19.7075 -5.26335 0
    endloop
  endfacet
  facet normal 0 0 -1
    outer loop
      vertex 22.57 -8 0
      vertex 19.42 -5.47224 0
      vertex 19.5692 -5.37533 0
    endloop
  endfacet
  facet normal 0 0 -1
    outer loop
      vertex 22.57 -8 0
      vertex 19.2615 -5.55303 0
      vertex 19.42 -5.47224 0
    endloop
  endfacet
  facet normal 0 0 -1
    outer loop
      vertex 22.57 -8 0
      vertex 19.0953 -5.6168 0
      vertex 19.2615 -5.55303 0
    endloop
  endfacet
  facet normal 0 0 -1
    outer loop
      vertex 22.57 -8 0
      vertex 18.9235 -5.66285 0
      vertex 19.0953 -5.6168 0
    endloop
  endfacet
  facet normal 0 0 -1
    outer loop
      vertex 22.57 -8 0
      vertex 18.7477 -5.69069 0
      vertex 18.9235 -5.66285 0
    endloop
  endfacet
  facet normal 0 0 -1
    outer loop
      vertex 22.57 -8 0
      vertex 18.57 -5.7 0
      vertex 18.7477 -5.69069 0
    endloop
  endfacet
  facet normal 0 0 -1
    outer loop
      vertex 14.57 -8 0
      vertex 18.57 -5.7 0
      vertex 22.57 -8 0
    endloop
  endfacet
  facet normal -0 0 -1
    outer loop
      vertex 18.57 -5.7 0
      vertex 14.57 -8 0
      vertex 18.3923 -5.69069 0
    endloop
  endfacet
  facet normal -0 0 -1
    outer loop
      vertex 18.3923 -5.69069 0
      vertex 14.57 -8 0
      vertex 18.2165 -5.66285 0
    endloop
  endfacet
  facet normal -0 0 -1
    outer loop
      vertex 18.2165 -5.66285 0
      vertex 14.57 -8 0
      vertex 18.0447 -5.6168 0
    endloop
  endfacet
  facet normal -0 0 -1
    outer loop
      vertex 18.0447 -5.6168 0
      vertex 14.57 -8 0
      vertex 17.8785 -5.55303 0
    endloop
  endfacet
  facet normal 0 0 -1
    outer loop
      vertex 14.57 0 0
      vertex 16.87 -4 0
      vertex 14.57 -8 0
    endloop
  endfacet
  facet normal -0 0 -1
    outer loop
      vertex 16.8793 -4.1777 0
      vertex 14.57 -8 0
      vertex 16.87 -4 0
    endloop
  endfacet
  facet normal -0 0 -1
    outer loop
      vertex 16.9071 -4.35345 0
      vertex 14.57 -8 0
      vertex 16.8793 -4.1777 0
    endloop
  endfacet
  facet normal -0 0 -1
    outer loop
      vertex 16.9532 -4.52533 0
      vertex 14.57 -8 0
      vertex 16.9071 -4.35345 0
    endloop
  endfacet
  facet normal -0 0 -1
    outer loop
      vertex 17.017 -4.69145 0
      vertex 14.57 -8 0
      vertex 16.9532 -4.52533 0
    endloop
  endfacet
  facet normal -0 0 -1
    outer loop
      vertex 17.0978 -4.85 0
      vertex 14.57 -8 0
      vertex 17.017 -4.69145 0
    endloop
  endfacet
  facet normal -0 0 -1
    outer loop
      vertex 17.1947 -4.99923 0
      vertex 14.57 -8 0
      vertex 17.0978 -4.85 0
    endloop
  endfacet
  facet normal -0 0 -1
    outer loop
      vertex 17.3067 -5.13752 0
      vertex 14.57 -8 0
      vertex 17.1947 -4.99923 0
    endloop
  endfacet
  facet normal -0 0 -1
    outer loop
      vertex 17.4325 -5.26335 0
      vertex 14.57 -8 0
      vertex 17.3067 -5.13752 0
    endloop
  endfacet
  facet normal -0 0 -1
    outer loop
      vertex 17.5708 -5.37533 0
      vertex 14.57 -8 0
      vertex 17.4325 -5.26335 0
    endloop
  endfacet
  facet normal -0 0 -1
    outer loop
      vertex 17.72 -5.47224 0
      vertex 14.57 -8 0
      vertex 17.5708 -5.37533 0
    endloop
  endfacet
  facet normal -0 0 -1
    outer loop
      vertex 17.8785 -5.55303 0
      vertex 14.57 -8 0
      vertex 17.72 -5.47224 0
    endloop
  endfacet
  facet normal 0 0 -1
    outer loop
      vertex 22.57 0 0
      vertex 24.57 40 0
      vertex 24.57 0 0
    endloop
  endfacet
  facet normal -0 0 -1
    outer loop
      vertex 24.57 40 0
      vertex 22.57 0 0
      vertex 22.57 40 0
    endloop
  endfacet
  facet normal 0 0 -1
    outer loop
      vertex 22.57 40 0
      vertex 20.27 44 0
      vertex 22.57 48 0
    endloop
  endfacet
  facet normal 0 0 -1
    outer loop
      vertex 20.2607 44.1777 0
      vertex 22.57 48 0
      vertex 20.27 44 0
    endloop
  endfacet
  facet normal 0 0 -1
    outer loop
      vertex 20.2328 44.3535 0
      vertex 22.57 48 0
      vertex 20.2607 44.1777 0
    endloop
  endfacet
  facet normal 0 0 -1
    outer loop
      vertex 20.1868 44.5253 0
      vertex 22.57 48 0
      vertex 20.2328 44.3535 0
    endloop
  endfacet
  facet normal 0 0 -1
    outer loop
      vertex 20.123 44.6915 0
      vertex 22.57 48 0
      vertex 20.1868 44.5253 0
    endloop
  endfacet
  facet normal 0 0 -1
    outer loop
      vertex 20.0422 44.85 0
      vertex 22.57 48 0
      vertex 20.123 44.6915 0
    endloop
  endfacet
  facet normal 0 0 -1
    outer loop
      vertex 19.9453 44.9992 0
      vertex 22.57 48 0
      vertex 20.0422 44.85 0
    endloop
  endfacet
  facet normal 0 0 -1
    outer loop
      vertex 19.8333 45.1375 0
      vertex 22.57 48 0
      vertex 19.9453 44.9992 0
    endloop
  endfacet
  facet normal 0 0 -1
    outer loop
      vertex 19.7075 45.2633 0
      vertex 22.57 48 0
      vertex 19.8333 45.1375 0
    endloop
  endfacet
  facet normal 0 0 -1
    outer loop
      vertex 19.5692 45.3753 0
      vertex 22.57 48 0
      vertex 19.7075 45.2633 0
    endloop
  endfacet
  facet normal 0 0 -1
    outer loop
      vertex 19.42 45.4722 0
      vertex 22.57 48 0
      vertex 19.5692 45.3753 0
    endloop
  endfacet
  facet normal 0 0 -1
    outer loop
      vertex 19.2615 45.553 0
      vertex 22.57 48 0
      vertex 19.42 45.4722 0
    endloop
  endfacet
  facet normal 0 0 -1
    outer loop
      vertex 19.0953 45.6168 0
      vertex 22.57 48 0
      vertex 19.2615 45.553 0
    endloop
  endfacet
  facet normal 0 0 -1
    outer loop
      vertex 18.9235 45.6628 0
      vertex 22.57 48 0
      vertex 19.0953 45.6168 0
    endloop
  endfacet
  facet normal 0 0 -1
    outer loop
      vertex 18.7477 45.6907 0
      vertex 22.57 48 0
      vertex 18.9235 45.6628 0
    endloop
  endfacet
  facet normal 0 0 -1
    outer loop
      vertex 18.57 45.7 0
      vertex 22.57 48 0
      vertex 18.7477 45.6907 0
    endloop
  endfacet
  facet normal 0 0 -1
    outer loop
      vertex 14.57 48 0
      vertex 18.57 45.7 0
      vertex 18.3923 45.6907 0
    endloop
  endfacet
  facet normal 0 0 -1
    outer loop
      vertex 14.57 48 0
      vertex 18.3923 45.6907 0
      vertex 18.2165 45.6628 0
    endloop
  endfacet
  facet normal 0 0 -1
    outer loop
      vertex 14.57 48 0
      vertex 18.2165 45.6628 0
      vertex 18.0447 45.6168 0
    endloop
  endfacet
  facet normal 0 0 -1
    outer loop
      vertex 14.57 48 0
      vertex 18.0447 45.6168 0
      vertex 17.8785 45.553 0
    endloop
  endfacet
  facet normal 0 0 -1
    outer loop
      vertex 14.57 48 0
      vertex 17.8785 45.553 0
      vertex 17.72 45.4722 0
    endloop
  endfacet
  facet normal -0 0 -1
    outer loop
      vertex 16.9071 43.6465 0
      vertex 14.57 40 0
      vertex 16.8793 43.8223 0
    endloop
  endfacet
  facet normal -0 0 -1
    outer loop
      vertex 16.8793 43.8223 0
      vertex 14.57 40 0
      vertex 16.87 44 0
    endloop
  endfacet
  facet normal 0 0 -1
    outer loop
      vertex 14.57 48 0
      vertex 16.87 44 0
      vertex 14.57 40 0
    endloop
  endfacet
  facet normal 0 0 -1
    outer loop
      vertex 16.87 44 0
      vertex 14.57 48 0
      vertex 16.8793 44.1777 0
    endloop
  endfacet
  facet normal 0 0 -1
    outer loop
      vertex 16.8793 44.1777 0
      vertex 14.57 48 0
      vertex 16.9071 44.3535 0
    endloop
  endfacet
  facet normal 0 0 -1
    outer loop
      vertex 16.9071 44.3535 0
      vertex 14.57 48 0
      vertex 16.9532 44.5253 0
    endloop
  endfacet
  facet normal 0 0 -1
    outer loop
      vertex 16.9532 44.5253 0
      vertex 14.57 48 0
      vertex 17.017 44.6915 0
    endloop
  endfacet
  facet normal 0 0 -1
    outer loop
      vertex 18.57 45.7 0
      vertex 14.57 48 0
      vertex 22.57 48 0
    endloop
  endfacet
  facet normal 0 0 -1
    outer loop
      vertex 17.5708 45.3753 0
      vertex 14.57 48 0
      vertex 17.72 45.4722 0
    endloop
  endfacet
  facet normal 0 0 -1
    outer loop
      vertex 17.4325 45.2633 0
      vertex 14.57 48 0
      vertex 17.5708 45.3753 0
    endloop
  endfacet
  facet normal 0 0 -1
    outer loop
      vertex 17.3067 45.1375 0
      vertex 14.57 48 0
      vertex 17.4325 45.2633 0
    endloop
  endfacet
  facet normal 0 0 -1
    outer loop
      vertex 17.1947 44.9992 0
      vertex 14.57 48 0
      vertex 17.3067 45.1375 0
    endloop
  endfacet
  facet normal 0 0 -1
    outer loop
      vertex 17.0978 44.85 0
      vertex 14.57 48 0
      vertex 17.1947 44.9992 0
    endloop
  endfacet
  facet normal 0 0 -1
    outer loop
      vertex 17.017 44.6915 0
      vertex 14.57 48 0
      vertex 17.0978 44.85 0
    endloop
  endfacet
  facet normal -1 0 0
    outer loop
      vertex 2 -8 0
      vertex 2 0 3
      vertex 2 0 0
    endloop
  endfacet
  facet normal -1 -0 0
    outer loop
      vertex 2 0 3
      vertex 2 -8 0
      vertex 2 -8 3
    endloop
  endfacet
  facet normal 0 -1 0
    outer loop
      vertex 2 -8 0
      vertex 10 -8 3
      vertex 2 -8 3
    endloop
  endfacet
  facet normal 0 -1 -0
    outer loop
      vertex 10 -8 3
      vertex 2 -8 0
      vertex 10 -8 0
    endloop
  endfacet
  facet normal 1 -0 0
    outer loop
      vertex 10 40 3
      vertex 10 48 0
      vertex 10 48 3
    endloop
  endfacet
  facet normal 1 0 0
    outer loop
      vertex 10 48 0
      vertex 10 40 3
      vertex 10 40 0
    endloop
  endfacet
  facet normal 0 0 1
    outer loop
      vertex 10 48 3
      vertex 9.17543 44 3
      vertex 10 40 3
    endloop
  endfacet
  facet normal 0 0 1
    outer loop
      vertex 10 48 3
      vertex 7.58771 46.75 3
      vertex 9.17543 44 3
    endloop
  endfacet
  facet normal 0 0 1
    outer loop
      vertex 10 48 3
      vertex 4.41229 46.75 3
      vertex 7.58771 46.75 3
    endloop
  endfacet
  facet normal 0 0 1
    outer loop
      vertex 4.41229 46.75 3
      vertex 2 48 3
      vertex 2.82457 44 3
    endloop
  endfacet
  facet normal -0 0 1
    outer loop
      vertex 2 48 3
      vertex 4.41229 46.75 3
      vertex 10 48 3
    endloop
  endfacet
  facet normal -0 0 1
    outer loop
      vertex 7.58771 41.25 3
      vertex 10 40 3
      vertex 9.17543 44 3
    endloop
  endfacet
  facet normal -0 0 1
    outer loop
      vertex 4.41229 41.25 3
      vertex 10 40 3
      vertex 7.58771 41.25 3
    endloop
  endfacet
  facet normal 0 0 1
    outer loop
      vertex 4.41229 41.25 3
      vertex 2 40 3
      vertex 10 40 3
    endloop
  endfacet
  facet normal 0 0 1
    outer loop
      vertex 2.82457 44 3
      vertex 2 40 3
      vertex 4.41229 41.25 3
    endloop
  endfacet
  facet normal 0 0 1
    outer loop
      vertex 2 40 3
      vertex 2.82457 44 3
      vertex 2 48 3
    endloop
  endfacet
  facet normal -1 0 0
    outer loop
      vertex 2 40 0
      vertex 2 48 3
      vertex 2 48 0
    endloop
  endfacet
  facet normal -1 -0 0
    outer loop
      vertex 2 48 3
      vertex 2 40 0
      vertex 2 40 3
    endloop
  endfacet
  facet normal 0 1 -0
    outer loop
      vertex 10 48 0
      vertex 2 48 3
      vertex 10 48 3
    endloop
  endfacet
  facet normal 0 1 0
    outer loop
      vertex 2 48 3
      vertex 10 48 0
      vertex 2 48 0
    endloop
  endfacet
  facet normal 1 -0 0
    outer loop
      vertex 22.57 -8 3
      vertex 22.57 0 0
      vertex 22.57 0 3
    endloop
  endfacet
  facet normal 1 0 0
    outer loop
      vertex 22.57 0 0
      vertex 22.57 -8 3
      vertex 22.57 -8 0
    endloop
  endfacet
  facet normal 0 0 1
    outer loop
      vertex 22.57 0 3
      vertex 21.7454 -4 3
      vertex 22.57 -8 3
    endloop
  endfacet
  facet normal 0 0 1
    outer loop
      vertex 22.57 0 3
      vertex 20.1577 -1.25 3
      vertex 21.7454 -4 3
    endloop
  endfacet
  facet normal 0 0 1
    outer loop
      vertex 22.57 0 3
      vertex 16.9823 -1.25 3
      vertex 20.1577 -1.25 3
    endloop
  endfacet
  facet normal 0 0 1
    outer loop
      vertex 16.9823 -1.25 3
      vertex 14.57 0 3
      vertex 15.3946 -4 3
    endloop
  endfacet
  facet normal -0 0 1
    outer loop
      vertex 14.57 0 3
      vertex 16.9823 -1.25 3
      vertex 22.57 0 3
    endloop
  endfacet
  facet normal -0 0 1
    outer loop
      vertex 20.1577 -6.75 3
      vertex 22.57 -8 3
      vertex 21.7454 -4 3
    endloop
  endfacet
  facet normal -0 0 1
    outer loop
      vertex 16.9823 -6.75 3
      vertex 22.57 -8 3
      vertex 20.1577 -6.75 3
    endloop
  endfacet
  facet normal 0 0 1
    outer loop
      vertex 16.9823 -6.75 3
      vertex 14.57 -8 3
      vertex 22.57 -8 3
    endloop
  endfacet
  facet normal 0 0 1
    outer loop
      vertex 15.3946 -4 3
      vertex 14.57 -8 3
      vertex 16.9823 -6.75 3
    endloop
  endfacet
  facet normal 0 0 1
    outer loop
      vertex 14.57 -8 3
      vertex 15.3946 -4 3
      vertex 14.57 0 3
    endloop
  endfacet
  facet normal -1 0 0
    outer loop
      vertex 14.57 -8 0
      vertex 14.57 0 3
      vertex 14.57 0 0
    endloop
  endfacet
  facet normal -1 -0 0
    outer loop
      vertex 14.57 0 3
      vertex 14.57 -8 0
      vertex 14.57 -8 3
    endloop
  endfacet
  facet normal 0 -1 0
    outer loop
      vertex 14.57 -8 0
      vertex 22.57 -8 3
      vertex 14.57 -8 3
    endloop
  endfacet
  facet normal 0 -1 -0
    outer loop
      vertex 22.57 -8 3
      vertex 14.57 -8 0
      vertex 22.57 -8 0
    endloop
  endfacet
  facet normal 1 -0 0
    outer loop
      vertex 22.57 40 3
      vertex 22.57 48 0
      vertex 22.57 48 3
    endloop
  endfacet
  facet normal 1 0 0
    outer loop
      vertex 22.57 48 0
      vertex 22.57 40 3
      vertex 22.57 40 0
    endloop
  endfacet
  facet normal 0 0 1
    outer loop
      vertex 22.57 48 3
      vertex 21.7454 44 3
      vertex 22.57 40 3
    endloop
  endfacet
  facet normal 0 0 1
    outer loop
      vertex 22.57 48 3
      vertex 20.1577 46.75 3
      vertex 21.7454 44 3
    endloop
  endfacet
  facet normal 0 0 1
    outer loop
      vertex 22.57 48 3
      vertex 16.9823 46.75 3
      vertex 20.1577 46.75 3
    endloop
  endfacet
  facet normal 0 0 1
    outer loop
      vertex 16.9823 46.75 3
      vertex 14.57 48 3
      vertex 15.3946 44 3
    endloop
  endfacet
  facet normal -0 0 1
    outer loop
      vertex 14.57 48 3
      vertex 16.9823 46.75 3
      vertex 22.57 48 3
    endloop
  endfacet
  facet normal -0 0 1
    outer loop
      vertex 20.1577 41.25 3
      vertex 22.57 40 3
      vertex 21.7454 44 3
    endloop
  endfacet
  facet normal -0 0 1
    outer loop
      vertex 16.9823 41.25 3
      vertex 22.57 40 3
      vertex 20.1577 41.25 3
    endloop
  endfacet
  facet normal 0 0 1
    outer loop
      vertex 16.9823 41.25 3
      vertex 14.57 40 3
      vertex 22.57 40 3
    endloop
  endfacet
  facet normal 0 0 1
    outer loop
      vertex 15.3946 44 3
      vertex 14.57 40 3
      vertex 16.9823 41.25 3
    endloop
  endfacet
  facet normal 0 0 1
    outer loop
      vertex 14.57 40 3
      vertex 15.3946 44 3
      vertex 14.57 48 3
    endloop
  endfacet
  facet normal -1 0 0
    outer loop
      vertex 14.57 40 0
      vertex 14.57 48 3
      vertex 14.57 48 0
    endloop
  endfacet
  facet normal -1 -0 0
    outer loop
      vertex 14.57 48 3
      vertex 14.57 40 0
      vertex 14.57 40 3
    endloop
  endfacet
  facet normal 0 1 -0
    outer loop
      vertex 22.57 48 0
      vertex 14.57 48 3
      vertex 22.57 48 3
    endloop
  endfacet
  facet normal 0 1 0
    outer loop
      vertex 14.57 48 3
      vertex 22.57 48 0
      vertex 14.57 48 0
    endloop
  endfacet
  facet normal 0 -1 0
    outer loop
      vertex 4.41229 -6.75 3
      vertex 7.58771 -6.75 5.45
      vertex 4.41229 -6.75 5.45
    endloop
  endfacet
  facet normal 0 -1 -0
    outer loop
      vertex 7.58771 -6.75 5.45
      vertex 4.41229 -6.75 3
      vertex 7.58771 -6.75 3
    endloop
  endfacet
  facet normal 0.866024 -0.500002 2.85412e-17
    outer loop
      vertex 7.58771 -6.75 5.45
      vertex 9.17543 -4 3
      vertex 9.17543 -4 5.45
    endloop
  endfacet
  facet normal 0.866024 -0.500002 2.85412e-17
    outer loop
      vertex 9.17543 -4 3
      vertex 7.58771 -6.75 5.45
      vertex 7.58771 -6.75 3
    endloop
  endfacet
  facet normal 0 1 -0
    outer loop
      vertex 7.58771 -1.25 3
      vertex 4.41229 -1.25 5.45
      vertex 7.58771 -1.25 5.45
    endloop
  endfacet
  facet normal 0 1 0
    outer loop
      vertex 4.41229 -1.25 5.45
      vertex 7.58771 -1.25 3
      vertex 4.41229 -1.25 3
    endloop
  endfacet
  facet normal 0.866024 0.500002 -2.85412e-17
    outer loop
      vertex 9.17543 -4 5.45
      vertex 7.58771 -1.25 3
      vertex 7.58771 -1.25 5.45
    endloop
  endfacet
  facet normal 0.866024 0.500002 -2.85412e-17
    outer loop
      vertex 7.58771 -1.25 3
      vertex 9.17543 -4 5.45
      vertex 9.17543 -4 3
    endloop
  endfacet
  facet normal -0.866024 0.500002 -1.42706e-17
    outer loop
      vertex 2.82457 -4 3
      vertex 4.41229 -1.25 5.45
      vertex 4.41229 -1.25 3
    endloop
  endfacet
  facet normal -0.866024 0.500002 -1.42706e-17
    outer loop
      vertex 4.41229 -1.25 5.45
      vertex 2.82457 -4 3
      vertex 2.82457 -4 5.45
    endloop
  endfacet
  facet normal -0.866024 -0.500002 1.42706e-17
    outer loop
      vertex 4.41229 -6.75 3
      vertex 2.82457 -4 5.45
      vertex 2.82457 -4 3
    endloop
  endfacet
  facet normal -0.866024 -0.500002 1.42706e-17
    outer loop
      vertex 2.82457 -4 5.45
      vertex 4.41229 -6.75 3
      vertex 4.41229 -6.75 5.45
    endloop
  endfacet
  facet normal 0 0 1
    outer loop
      vertex 7.58771 -1.25 5.45
      vertex 7.58771 -6.75 5.45
      vertex 9.17543 -4 5.45
    endloop
  endfacet
  facet normal -0 0 1
    outer loop
      vertex 4.41229 -1.25 5.45
      vertex 7.58771 -6.75 5.45
      vertex 7.58771 -1.25 5.45
    endloop
  endfacet
  facet normal 0 0 1
    outer loop
      vertex 4.41229 -1.25 5.45
      vertex 4.41229 -6.75 5.45
      vertex 7.58771 -6.75 5.45
    endloop
  endfacet
  facet normal 0 -0 1
    outer loop
      vertex 4.41229 -6.75 5.45
      vertex 4.41229 -1.25 5.45
      vertex 2.82457 -4 5.45
    endloop
  endfacet
  facet normal 0 -1 0
    outer loop
      vertex 4.41229 41.25 3
      vertex 7.58771 41.25 5.45
      vertex 4.41229 41.25 5.45
    endloop
  endfacet
  facet normal 0 -1 -0
    outer loop
      vertex 7.58771 41.25 5.45
      vertex 4.41229 41.25 3
      vertex 7.58771 41.25 3
    endloop
  endfacet
  facet normal 0.866024 -0.500002 2.85412e-17
    outer loop
      vertex 7.58771 41.25 5.45
      vertex 9.17543 44 3
      vertex 9.17543 44 5.45
    endloop
  endfacet
  facet normal 0.866024 -0.500002 2.85412e-17
    outer loop
      vertex 9.17543 44 3
      vertex 7.58771 41.25 5.45
      vertex 7.58771 41.25 3
    endloop
  endfacet
  facet normal 0 1 -0
    outer loop
      vertex 7.58771 46.75 3
      vertex 4.41229 46.75 5.45
      vertex 7.58771 46.75 5.45
    endloop
  endfacet
  facet normal 0 1 0
    outer loop
      vertex 4.41229 46.75 5.45
      vertex 7.58771 46.75 3
      vertex 4.41229 46.75 3
    endloop
  endfacet
  facet normal 0.866024 0.500002 -2.85412e-17
    outer loop
      vertex 9.17543 44 5.45
      vertex 7.58771 46.75 3
      vertex 7.58771 46.75 5.45
    endloop
  endfacet
  facet normal 0.866024 0.500002 -2.85412e-17
    outer loop
      vertex 7.58771 46.75 3
      vertex 9.17543 44 5.45
      vertex 9.17543 44 3
    endloop
  endfacet
  facet normal -0.866024 0.500002 -1.42706e-17
    outer loop
      vertex 2.82457 44 3
      vertex 4.41229 46.75 5.45
      vertex 4.41229 46.75 3
    endloop
  endfacet
  facet normal -0.866024 0.500002 -1.42706e-17
    outer loop
      vertex 4.41229 46.75 5.45
      vertex 2.82457 44 3
      vertex 2.82457 44 5.45
    endloop
  endfacet
  facet normal -0.866024 -0.500002 1.42706e-17
    outer loop
      vertex 4.41229 41.25 3
      vertex 2.82457 44 5.45
      vertex 2.82457 44 3
    endloop
  endfacet
  facet normal -0.866024 -0.500002 1.42706e-17
    outer loop
      vertex 2.82457 44 5.45
      vertex 4.41229 41.25 3
      vertex 4.41229 41.25 5.45
    endloop
  endfacet
  facet normal 0 0 1
    outer loop
      vertex 7.58771 46.75 5.45
      vertex 7.58771 41.25 5.45
      vertex 9.17543 44 5.45
    endloop
  endfacet
  facet normal -0 0 1
    outer loop
      vertex 4.41229 46.75 5.45
      vertex 7.58771 41.25 5.45
      vertex 7.58771 46.75 5.45
    endloop
  endfacet
  facet normal 0 0 1
    outer loop
      vertex 4.41229 46.75 5.45
      vertex 4.41229 41.25 5.45
      vertex 7.58771 41.25 5.45
    endloop
  endfacet
  facet normal 0 -0 1
    outer loop
      vertex 4.41229 41.25 5.45
      vertex 4.41229 46.75 5.45
      vertex 2.82457 44 5.45
    endloop
  endfacet
  facet normal 0 -1 0
    outer loop
      vertex 16.9823 -6.75 3
      vertex 20.1577 -6.75 5.45
      vertex 16.9823 -6.75 5.45
    endloop
  endfacet
  facet normal 0 -1 -0
    outer loop
      vertex 20.1577 -6.75 5.45
      vertex 16.9823 -6.75 3
      vertex 20.1577 -6.75 3
    endloop
  endfacet
  facet normal 0.866027 -0.499997 0
    outer loop
      vertex 20.1577 -6.75 5.45
      vertex 21.7454 -4 3
      vertex 21.7454 -4 5.45
    endloop
  endfacet
  facet normal 0.866027 -0.499997 0
    outer loop
      vertex 21.7454 -4 3
      vertex 20.1577 -6.75 5.45
      vertex 20.1577 -6.75 3
    endloop
  endfacet
  facet normal 0 1 -0
    outer loop
      vertex 20.1577 -1.25 3
      vertex 16.9823 -1.25 5.45
      vertex 20.1577 -1.25 5.45
    endloop
  endfacet
  facet normal 0 1 0
    outer loop
      vertex 16.9823 -1.25 5.45
      vertex 20.1577 -1.25 3
      vertex 16.9823 -1.25 3
    endloop
  endfacet
  facet normal 0.866027 0.499997 0
    outer loop
      vertex 21.7454 -4 5.45
      vertex 20.1577 -1.25 3
      vertex 20.1577 -1.25 5.45
    endloop
  endfacet
  facet normal 0.866027 0.499997 0
    outer loop
      vertex 20.1577 -1.25 3
      vertex 21.7454 -4 5.45
      vertex 21.7454 -4 3
    endloop
  endfacet
  facet normal -0.866027 0.499997 0
    outer loop
      vertex 15.3946 -4 3
      vertex 16.9823 -1.25 5.45
      vertex 16.9823 -1.25 3
    endloop
  endfacet
  facet normal -0.866027 0.499997 0
    outer loop
      vertex 16.9823 -1.25 5.45
      vertex 15.3946 -4 3
      vertex 15.3946 -4 5.45
    endloop
  endfacet
  facet normal -0.866027 -0.499997 0
    outer loop
      vertex 16.9823 -6.75 3
      vertex 15.3946 -4 5.45
      vertex 15.3946 -4 3
    endloop
  endfacet
  facet normal -0.866027 -0.499997 0
    outer loop
      vertex 15.3946 -4 5.45
      vertex 16.9823 -6.75 3
      vertex 16.9823 -6.75 5.45
    endloop
  endfacet
  facet normal 0 0 1
    outer loop
      vertex 20.1577 -1.25 5.45
      vertex 20.1577 -6.75 5.45
      vertex 21.7454 -4 5.45
    endloop
  endfacet
  facet normal -0 0 1
    outer loop
      vertex 16.9823 -1.25 5.45
      vertex 20.1577 -6.75 5.45
      vertex 20.1577 -1.25 5.45
    endloop
  endfacet
  facet normal 0 0 1
    outer loop
      vertex 16.9823 -1.25 5.45
      vertex 16.9823 -6.75 5.45
      vertex 20.1577 -6.75 5.45
    endloop
  endfacet
  facet normal 0 -0 1
    outer loop
      vertex 16.9823 -6.75 5.45
      vertex 16.9823 -1.25 5.45
      vertex 15.3946 -4 5.45
    endloop
  endfacet
  facet normal 0 -1 0
    outer loop
      vertex 16.9823 41.25 3
      vertex 20.1577 41.25 5.45
      vertex 16.9823 41.25 5.45
    endloop
  endfacet
  facet normal 0 -1 -0
    outer loop
      vertex 20.1577 41.25 5.45
      vertex 16.9823 41.25 3
      vertex 20.1577 41.25 3
    endloop
  endfacet
  facet normal 0.866027 -0.499997 0
    outer loop
      vertex 20.1577 41.25 5.45
      vertex 21.7454 44 3
      vertex 21.7454 44 5.45
    endloop
  endfacet
  facet normal 0.866027 -0.499997 0
    outer loop
      vertex 21.7454 44 3
      vertex 20.1577 41.25 5.45
      vertex 20.1577 41.25 3
    endloop
  endfacet
  facet normal 0 1 -0
    outer loop
      vertex 20.1577 46.75 3
      vertex 16.9823 46.75 5.45
      vertex 20.1577 46.75 5.45
    endloop
  endfacet
  facet normal 0 1 0
    outer loop
      vertex 16.9823 46.75 5.45
      vertex 20.1577 46.75 3
      vertex 16.9823 46.75 3
    endloop
  endfacet
  facet normal 0.866027 0.499997 0
    outer loop
      vertex 21.7454 44 5.45
      vertex 20.1577 46.75 3
      vertex 20.1577 46.75 5.45
    endloop
  endfacet
  facet normal 0.866027 0.499997 0
    outer loop
      vertex 20.1577 46.75 3
      vertex 21.7454 44 5.45
      vertex 21.7454 44 3
    endloop
  endfacet
  facet normal -0.866027 0.499997 0
    outer loop
      vertex 15.3946 44 3
      vertex 16.9823 46.75 5.45
      vertex 16.9823 46.75 3
    endloop
  endfacet
  facet normal -0.866027 0.499997 0
    outer loop
      vertex 16.9823 46.75 5.45
      vertex 15.3946 44 3
      vertex 15.3946 44 5.45
    endloop
  endfacet
  facet normal -0.866027 -0.499997 0
    outer loop
      vertex 16.9823 41.25 3
      vertex 15.3946 44 5.45
      vertex 15.3946 44 3
    endloop
  endfacet
  facet normal -0.866027 -0.499997 0
    outer loop
      vertex 15.3946 44 5.45
      vertex 16.9823 41.25 3
      vertex 16.9823 41.25 5.45
    endloop
  endfacet
  facet normal 0 0 1
    outer loop
      vertex 20.1577 46.75 5.45
      vertex 20.1577 41.25 5.45
      vertex 21.7454 44 5.45
    endloop
  endfacet
  facet normal -0 0 1
    outer loop
      vertex 16.9823 46.75 5.45
      vertex 20.1577 41.25 5.45
      vertex 20.1577 46.75 5.45
    endloop
  endfacet
  facet normal 0 0 1
    outer loop
      vertex 16.9823 46.75 5.45
      vertex 16.9823 41.25 5.45
      vertex 20.1577 41.25 5.45
    endloop
  endfacet
  facet normal 0 -0 1
    outer loop
      vertex 16.9823 41.25 5.45
      vertex 16.9823 46.75 5.45
      vertex 15.3946 44 5.45
    endloop
  endfacet
  facet normal 1 -0 0
    outer loop
      vertex 24.57 0 4
      vertex 24.57 40 0
      vertex 24.57 40 4
    endloop
  endfacet
  facet normal 1 0 0
    outer loop
      vertex 24.57 40 0
      vertex 24.57 0 4
      vertex 24.57 0 0
    endloop
  endfacet
  facet normal 0 0 1
    outer loop
      vertex 12.285 13.769 4
      vertex 7.50143 9.33689 4
      vertex 10.3205 9.33689 4
    endloop
  endfacet
  facet normal -0 0 1
    outer loop
      vertex 0 13.769 4
      vertex 7.50143 9.33689 4
      vertex 12.285 13.769 4
    endloop
  endfacet
  facet normal 0 0 1
    outer loop
      vertex 7.50143 9.33689 4
      vertex 0 13.769 4
      vertex 0.947815 9.33689 4
    endloop
  endfacet
  facet normal 0 0 1
    outer loop
      vertex 0.947815 9.33689 4
      vertex 0 13.769 4
      vertex 0 9.01666 4
    endloop
  endfacet
  facet normal 0 0 1
    outer loop
      vertex 24.57 40 4
      vertex 12.285 26.231 4
      vertex 24.57 0 4
    endloop
  endfacet
  facet normal 0 0 1
    outer loop
      vertex 24.57 40 4
      vertex 10.3205 33.1631 4
      vertex 12.285 26.231 4
    endloop
  endfacet
  facet normal -0 0 1
    outer loop
      vertex 0 40 4
      vertex 10.3205 33.1631 4
      vertex 24.57 40 4
    endloop
  endfacet
  facet normal 0 0 1
    outer loop
      vertex 10.3205 33.1631 4
      vertex 0 40 4
      vertex 0 36.65 4
    endloop
  endfacet
  facet normal -0 0 1
    outer loop
      vertex 12.285 13.769 4
      vertex 24.57 0 4
      vertex 12.285 26.231 4
    endloop
  endfacet
  facet normal -0 0 1
    outer loop
      vertex 10.3205 9.33689 4
      vertex 24.57 0 4
      vertex 12.285 13.769 4
    endloop
  endfacet
  facet normal 0 0 1
    outer loop
      vertex 0 0 4
      vertex 10.3205 9.33689 4
      vertex 0 5.85 4
    endloop
  endfacet
  facet normal 0 0 1
    outer loop
      vertex 10.3205 9.33689 4
      vertex 0 0 4
      vertex 24.57 0 4
    endloop
  endfacet
  facet normal -0 0 1
    outer loop
      vertex 7.50143 33.1631 4
      vertex 12.285 26.231 4
      vertex 10.3205 33.1631 4
    endloop
  endfacet
  facet normal 0 0 1
    outer loop
      vertex 0 26.231 4
      vertex 7.50143 33.1631 4
      vertex 0.947815 33.1631 4
    endloop
  endfacet
  facet normal 0 0 1
    outer loop
      vertex 0 26.231 4
      vertex 0.947815 33.1631 4
      vertex 0 33.4833 4
    endloop
  endfacet
  facet normal 0 0 1
    outer loop
      vertex 7.50143 33.1631 4
      vertex 0 26.231 4
      vertex 12.285 26.231 4
    endloop
  endfacet
  facet normal -1 0 0
    outer loop
      vertex 0 40 0
      vertex 0 36.65 4
      vertex 0 40 4
    endloop
  endfacet
  facet normal -1 0 0
    outer loop
      vertex 0 40 0
      vertex 0 35.5028 2.3617
      vertex 0 36.65 4
    endloop
  endfacet
  facet normal -1 0 0
    outer loop
      vertex 0 25.353 3.05484
      vertex 0 33.378 3.84954
      vertex 0 35.5028 2.3617
    endloop
  endfacet
  facet normal -1 0 0
    outer loop
      vertex 0 23.2539 1.69164
      vertex 0 35.5028 2.3617
      vertex 0 40 0
    endloop
  endfacet
  facet normal -1 -0 0
    outer loop
      vertex 0 33.378 3.84954
      vertex 0 25.9452 3.64695
      vertex 0 26.231 4
    endloop
  endfacet
  facet normal -1 0 0
    outer loop
      vertex 0 33.378 3.84954
      vertex 0 25.353 3.05484
      vertex 0 25.9452 3.64695
    endloop
  endfacet
  facet normal -1 0 0
    outer loop
      vertex 0 35.5028 2.3617
      vertex 0 24.7023 2.52786
      vertex 0 25.353 3.05484
    endloop
  endfacet
  facet normal -1 -0 0
    outer loop
      vertex 0 35.5028 2.3617
      vertex 0 24 2.0718
      vertex 0 24.7023 2.52786
    endloop
  endfacet
  facet normal -1 0 0
    outer loop
      vertex 0 35.5028 2.3617
      vertex 0 23.2539 1.69164
      vertex 0 24 2.0718
    endloop
  endfacet
  facet normal -1 0 0
    outer loop
      vertex 0 40 0
      vertex 0 22.4721 1.39155
      vertex 0 23.2539 1.69164
    endloop
  endfacet
  facet normal -1 0 0
    outer loop
      vertex 0 40 0
      vertex 0 21.6633 1.17482
      vertex 0 22.4721 1.39155
    endloop
  endfacet
  facet normal -1 0 0
    outer loop
      vertex 0 40 0
      vertex 0 20.8362 1.04382
      vertex 0 21.6633 1.17482
    endloop
  endfacet
  facet normal -1 0 0
    outer loop
      vertex 0 40 0
      vertex 0 20 1
      vertex 0 20.8362 1.04382
    endloop
  endfacet
  facet normal -1 0 0
    outer loop
      vertex 0 14.0548 3.64695
      vertex 0 9.12201 3.84954
      vertex 0 13.769 4
    endloop
  endfacet
  facet normal -1 0 0
    outer loop
      vertex 0 14.647 3.05484
      vertex 0 9.12201 3.84954
      vertex 0 14.0548 3.64695
    endloop
  endfacet
  facet normal -1 0 0
    outer loop
      vertex 0 6.99715 2.3617
      vertex 0 14.647 3.05484
      vertex 0 15.2977 2.52786
    endloop
  endfacet
  facet normal -1 0 0
    outer loop
      vertex 0 6.99715 2.3617
      vertex 0 15.2977 2.52786
      vertex 0 16 2.0718
    endloop
  endfacet
  facet normal -1 0 0
    outer loop
      vertex 0 6.99715 2.3617
      vertex 0 16 2.0718
      vertex 0 16.7461 1.69164
    endloop
  endfacet
  facet normal -1 0 0
    outer loop
      vertex 0 6.99715 2.3617
      vertex 0 16.7461 1.69164
      vertex 0 17.5279 1.39155
    endloop
  endfacet
  facet normal -1 -0 0
    outer loop
      vertex 0 14.647 3.05484
      vertex 0 6.99715 2.3617
      vertex 0 9.12201 3.84954
    endloop
  endfacet
  facet normal -1 0 0
    outer loop
      vertex 0 0 0
      vertex 0 17.5279 1.39155
      vertex 0 18.3367 1.17482
    endloop
  endfacet
  facet normal -1 0 0
    outer loop
      vertex 0 0 0
      vertex 0 18.3367 1.17482
      vertex 0 19.1638 1.04382
    endloop
  endfacet
  facet normal -1 0 0
    outer loop
      vertex 0 0 0
      vertex 0 20 1
      vertex 0 40 0
    endloop
  endfacet
  facet normal -1 0 0
    outer loop
      vertex 0 0 0
      vertex 0 19.1638 1.04382
      vertex 0 20 1
    endloop
  endfacet
  facet normal -1 -0 0
    outer loop
      vertex 0 17.5279 1.39155
      vertex 0 0 0
      vertex 0 6.99715 2.3617
    endloop
  endfacet
  facet normal -1 0 0
    outer loop
      vertex 0 0 0
      vertex 0 5.85 4
      vertex 0 6.99715 2.3617
    endloop
  endfacet
  facet normal -1 -0 0
    outer loop
      vertex 0 5.85 4
      vertex 0 0 0
      vertex 0 0 4
    endloop
  endfacet
  facet normal -1 -0 0
    outer loop
      vertex 0 33.4833 4
      vertex 0 33.378 3.84954
      vertex 0 26.231 4
    endloop
  endfacet
  facet normal -1 -0 0
    outer loop
      vertex 0 13.769 4
      vertex 0 9.12201 3.84954
      vertex 0 9.01666 4
    endloop
  endfacet
  facet normal 0 1 -0
    outer loop
      vertex 14.57 40 0
      vertex 10 40 3
      vertex 14.57 40 3
    endloop
  endfacet
  facet normal 0 1 0
    outer loop
      vertex 10 40 3
      vertex 14.57 40 0
      vertex 10 40 0
    endloop
  endfacet
  facet normal 0 1 0
    outer loop
      vertex 14.57 40 3
      vertex 24.57 40 4
      vertex 22.57 40 3
    endloop
  endfacet
  facet normal 0 1 -0
    outer loop
      vertex 24.57 40 0
      vertex 22.57 40 3
      vertex 24.57 40 4
    endloop
  endfacet
  facet normal 0 1 0
    outer loop
      vertex 22.57 40 3
      vertex 24.57 40 0
      vertex 22.57 40 0
    endloop
  endfacet
  facet normal 0 1 0
    outer loop
      vertex 24.57 40 4
      vertex 14.57 40 3
      vertex 0 40 4
    endloop
  endfacet
  facet normal 0 1 -0
    outer loop
      vertex 10 40 3
      vertex 0 40 4
      vertex 14.57 40 3
    endloop
  endfacet
  facet normal 0 1 -0
    outer loop
      vertex 2 40 3
      vertex 0 40 4
      vertex 10 40 3
    endloop
  endfacet
  facet normal 0 1 0
    outer loop
      vertex 0 40 0
      vertex 2 40 3
      vertex 2 40 0
    endloop
  endfacet
  facet normal 0 1 0
    outer loop
      vertex 2 40 3
      vertex 0 40 0
      vertex 0 40 4
    endloop
  endfacet
  facet normal 0 -1 0
    outer loop
      vertex 10 0 0
      vertex 14.57 0 3
      vertex 10 0 3
    endloop
  endfacet
  facet normal 0 -1 -0
    outer loop
      vertex 14.57 0 3
      vertex 10 0 0
      vertex 14.57 0 0
    endloop
  endfacet
  facet normal 0 -1 0
    outer loop
      vertex 10 0 3
      vertex 0 0 4
      vertex 2 0 3
    endloop
  endfacet
  facet normal 0 -1 0
    outer loop
      vertex 0 0 0
      vertex 2 0 3
      vertex 0 0 4
    endloop
  endfacet
  facet normal 0 -1 -0
    outer loop
      vertex 2 0 3
      vertex 0 0 0
      vertex 2 0 0
    endloop
  endfacet
  facet normal 0 -1 0
    outer loop
      vertex 0 0 4
      vertex 10 0 3
      vertex 24.57 0 4
    endloop
  endfacet
  facet normal 0 -1 0
    outer loop
      vertex 14.57 0 3
      vertex 24.57 0 4
      vertex 10 0 3
    endloop
  endfacet
  facet normal 0 -1 0
    outer loop
      vertex 22.57 0 3
      vertex 24.57 0 4
      vertex 14.57 0 3
    endloop
  endfacet
  facet normal 0 -1 0
    outer loop
      vertex 24.57 0 0
      vertex 22.57 0 3
      vertex 22.57 0 0
    endloop
  endfacet
  facet normal 0 -1 0
    outer loop
      vertex 22.57 0 3
      vertex 24.57 0 0
      vertex 24.57 0 4
    endloop
  endfacet
  facet normal 5.07032e-07 -0.573578 0.819151
    outer loop
      vertex 24.9405 7.89334 17.6385
      vertex 0 0.114235 12.1915
      vertex 25.6074 5.91965 16.2565
    endloop
  endfacet
  facet normal 9.17049e-07 -0.573579 0.81915
    outer loop
      vertex 0 0.114235 12.1915
      vertex 24.9405 7.89334 17.6385
      vertex -0.666833 2.08792 13.5735
    endloop
  endfacet
  facet normal -0.266735 0.789472 0.552798
    outer loop
      vertex 0.947815 9.33689 4
      vertex 24.9405 7.89334 17.6385
      vertex 24.9405 14.7763 7.80868
    endloop
  endfacet
  facet normal -0.266733 0.789475 0.552795
    outer loop
      vertex 0 9.01666 4
      vertex 24.9405 7.89334 17.6385
      vertex 0.947815 9.33689 4
    endloop
  endfacet
  facet normal -0.266714 0.789505 0.552761
    outer loop
      vertex 0 9.01666 4
      vertex -0.666833 8.97084 3.74369
      vertex 24.9405 7.89334 17.6385
    endloop
  endfacet
  facet normal -0.266722 0.789485 0.552786
    outer loop
      vertex -0.666833 8.97084 3.74369
      vertex 0 9.01666 4
      vertex 0 9.12201 3.84954
    endloop
  endfacet
  facet normal 0.963764 0.218514 0.153006
    outer loop
      vertex 24.9405 14.7763 7.80868
      vertex 24.9405 7.89334 17.6385
      vertex 25.6074 12.8026 6.42669
    endloop
  endfacet
  facet normal 0.963764 0.218514 0.153006
    outer loop
      vertex 25.6074 12.8026 6.42669
      vertex 24.9405 7.89334 17.6385
      vertex 25.6074 5.91965 16.2565
    endloop
  endfacet
  facet normal -4.66781e-07 0.573574 -0.819154
    outer loop
      vertex 10.3205 9.33689 4
      vertex 24.9405 14.7763 7.80868
      vertex 25.6074 12.8026 6.42669
    endloop
  endfacet
  facet normal -1.16357e-17 0.573573 -0.819155
    outer loop
      vertex 24.9405 14.7763 7.80868
      vertex 10.3205 9.33689 4
      vertex 7.50143 9.33689 4
    endloop
  endfacet
  facet normal -0.96377 -0.218495 -0.152992
    outer loop
      vertex 0 5.85 4
      vertex -0.666833 8.97084 3.74369
      vertex 0 6.99715 2.3617
    endloop
  endfacet
  facet normal -0.96377 -0.218495 -0.152992
    outer loop
      vertex 0 5.85 4
      vertex -0.666833 2.08792 13.5735
      vertex -0.666833 8.97084 3.74369
    endloop
  endfacet
  facet normal -0.963771 -0.218494 -0.152992
    outer loop
      vertex -0.666833 2.08792 13.5735
      vertex 0 5.85 4
      vertex 0 0.114235 12.1915
    endloop
  endfacet
  facet normal -0.266734 0.789474 0.552797
    outer loop
      vertex -0.666833 8.97084 3.74369
      vertex -0.666833 2.08792 13.5735
      vertex 24.9405 7.89334 17.6385
    endloop
  endfacet
  facet normal -1.97601e-07 0.573576 -0.819153
    outer loop
      vertex 0 6.99715 2.3617
      vertex -0.666833 8.97084 3.74369
      vertex 0 9.12201 3.84954
    endloop
  endfacet
  facet normal 0 0.573573 -0.819155
    outer loop
      vertex 7.50143 9.33689 4
      vertex 0.947815 9.33689 4
      vertex 24.9405 14.7763 7.80868
    endloop
  endfacet
  facet normal 0.266733 -0.789474 -0.552796
    outer loop
      vertex 10.3205 9.33689 4
      vertex 25.6074 5.91965 16.2565
      vertex 0 0.114235 12.1915
    endloop
  endfacet
  facet normal 0.266732 -0.789474 -0.552797
    outer loop
      vertex 10.3205 9.33689 4
      vertex 0 0.114235 12.1915
      vertex 0 5.85 4
    endloop
  endfacet
  facet normal 0.266735 -0.789472 -0.552798
    outer loop
      vertex 25.6074 5.91965 16.2565
      vertex 10.3205 9.33689 4
      vertex 25.6074 12.8026 6.42669
    endloop
  endfacet
  facet normal 0.266736 0.789474 -0.552796
    outer loop
      vertex 25.6074 36.5803 16.2565
      vertex 16.285 33.15 6.85927
      vertex 0 42.3858 12.1915
    endloop
  endfacet
  facet normal 0.266735 0.789474 -0.552795
    outer loop
      vertex 25.6074 29.6974 6.42669
      vertex 16.285 33.15 6.85927
      vertex 25.6074 36.5803 16.2565
    endloop
  endfacet
  facet normal 0.266729 0.789461 -0.552817
    outer loop
      vertex 25.6074 29.6974 6.42669
      vertex 16.285 32.5483 6
      vertex 16.285 33.15 6.85927
    endloop
  endfacet
  facet normal 0.266743 0.789457 -0.552816
    outer loop
      vertex 16.285 32.5483 6
      vertex 10.3205 33.1631 4
      vertex 14.5042 33.15 6
    endloop
  endfacet
  facet normal 0.266735 0.789484 -0.552782
    outer loop
      vertex 10.3205 33.1631 4
      vertex 16.285 32.5483 6
      vertex 25.6074 29.6974 6.42669
    endloop
  endfacet
  facet normal 0.266735 0.789473 -0.552797
    outer loop
      vertex 14.5042 33.15 6
      vertex 0 42.3858 12.1915
      vertex 16.285 33.15 6.85927
    endloop
  endfacet
  facet normal 0.266734 0.789473 -0.552797
    outer loop
      vertex 10.3205 33.1631 4
      vertex 0 42.3858 12.1915
      vertex 14.5042 33.15 6
    endloop
  endfacet
  facet normal 0.266732 0.789472 -0.552799
    outer loop
      vertex 0 42.3858 12.1915
      vertex 10.3205 33.1631 4
      vertex 0 36.65 4
    endloop
  endfacet
  facet normal 0.963764 -0.218514 0.153007
    outer loop
      vertex 24.9405 34.6067 17.6385
      vertex 24.9405 27.7237 7.80868
      vertex 25.6074 29.6974 6.42669
    endloop
  endfacet
  facet normal 7.78334e-06 0.573594 0.81914
    outer loop
      vertex 0 42.3858 12.1915
      vertex 24.9405 34.6067 17.6385
      vertex 25.6074 36.5803 16.2565
    endloop
  endfacet
  facet normal -4.1701e-07 0.573577 0.819152
    outer loop
      vertex 24.9405 34.6067 17.6385
      vertex 0 42.3858 12.1915
      vertex -0.666833 40.4121 13.5735
    endloop
  endfacet
  facet normal 0.963762 -0.218521 0.15301
    outer loop
      vertex 25.6074 36.5803 16.2565
      vertex 24.9405 34.6067 17.6385
      vertex 25.6074 29.6974 6.42669
    endloop
  endfacet
  facet normal -0.266726 -0.789483 0.552788
    outer loop
      vertex 24.9405 34.6067 17.6385
      vertex 12.285 33.15 9.45166
      vertex 16.285 33.15 11.3817
    endloop
  endfacet
  facet normal -0.266734 -0.789472 0.552799
    outer loop
      vertex 12.285 33.15 9.45166
      vertex 0.947815 33.1631 4
      vertex 12.285 30.7331 6
    endloop
  endfacet
  facet normal -0.266717 -0.789502 0.552764
    outer loop
      vertex 0.947815 33.1631 4
      vertex 12.285 33.15 9.45166
      vertex 0 33.4833 4
    endloop
  endfacet
  facet normal -0.26673 -0.789478 0.552793
    outer loop
      vertex 24.9405 34.6067 17.6385
      vertex 0 33.4833 4
      vertex 12.285 33.15 9.45166
    endloop
  endfacet
  facet normal -0.266755 -0.789601 0.552605
    outer loop
      vertex 0 33.4833 4
      vertex -0.666833 33.5292 3.74369
      vertex 0 33.378 3.84954
    endloop
  endfacet
  facet normal -0.266927 -0.789176 0.553129
    outer loop
      vertex -0.666833 33.5292 3.74369
      vertex 0 33.4833 4
      vertex 24.9405 34.6067 17.6385
    endloop
  endfacet
  facet normal -0.266737 -0.789471 0.5528
    outer loop
      vertex 16.285 33.15 11.3817
      vertex 24.9405 27.7237 7.80868
      vertex 24.9405 34.6067 17.6385
    endloop
  endfacet
  facet normal -0.266736 -0.78947 0.552801
    outer loop
      vertex 24.9405 27.7237 7.80868
      vertex 16.285 33.15 11.3817
      vertex 16.285 29.686 6.43467
    endloop
  endfacet
  facet normal -0.266733 -0.7895 0.552759
    outer loop
      vertex 12.285 30.7331 6
      vertex 0.947815 33.1631 4
      vertex 13.5468 30.3068 6
    endloop
  endfacet
  facet normal -0.266733 -0.789475 0.552796
    outer loop
      vertex -0.666833 40.4121 13.5735
      vertex -0.666833 33.5292 3.74369
      vertex 24.9405 34.6067 17.6385
    endloop
  endfacet
  facet normal -1.18272e-07 -0.573574 -0.819154
    outer loop
      vertex 24.9405 27.7237 7.80868
      vertex 10.3205 33.1631 4
      vertex 25.6074 29.6974 6.42669
    endloop
  endfacet
  facet normal -0 -0.573574 -0.819154
    outer loop
      vertex 10.3205 33.1631 4
      vertex 24.9405 27.7237 7.80868
      vertex 7.50143 33.1631 4
    endloop
  endfacet
  facet normal 4.94959e-06 -0.57356 -0.819164
    outer loop
      vertex 16.285 30.3068 6
      vertex 24.9405 27.7237 7.80868
      vertex 16.285 29.686 6.43467
    endloop
  endfacet
  facet normal -2.71107e-05 -0.573632 -0.819113
    outer loop
      vertex 16.285 30.3068 6
      vertex 7.50143 33.1631 4
      vertex 24.9405 27.7237 7.80868
    endloop
  endfacet
  facet normal 0 -0.573576 -0.819152
    outer loop
      vertex 13.5468 30.3068 6
      vertex 7.50143 33.1631 4
      vertex 16.285 30.3068 6
    endloop
  endfacet
  facet normal -0 -0.573576 -0.819152
    outer loop
      vertex 7.50143 33.1631 4
      vertex 13.5468 30.3068 6
      vertex 0.947815 33.1631 4
    endloop
  endfacet
  facet normal -2.96743e-05 -0.573587 -0.819145
    outer loop
      vertex 0 33.378 3.84954
      vertex -0.666833 33.5292 3.74369
      vertex 0 35.5028 2.3617
    endloop
  endfacet
  facet normal -0.963771 0.218493 -0.152992
    outer loop
      vertex 0 36.65 4
      vertex -0.666833 40.4121 13.5735
      vertex 0 42.3858 12.1915
    endloop
  endfacet
  facet normal -0.963768 0.218498 -0.153001
    outer loop
      vertex -0.666833 33.5292 3.74369
      vertex 0 36.65 4
      vertex 0 35.5028 2.3617
    endloop
  endfacet
  facet normal -0.96377 0.218498 -0.152993
    outer loop
      vertex 0 36.65 4
      vertex -0.666833 33.5292 3.74369
      vertex -0.666833 40.4121 13.5735
    endloop
  endfacet
  facet normal -0.987685 -0.156456 -3.87763e-19
    outer loop
      vertex 7.69069 -3.8223 0
      vertex 7.66285 -3.64655 3.05
      vertex 7.66285 -3.64655 0
    endloop
  endfacet
  facet normal -0.987685 -0.156456 -3.87763e-19
    outer loop
      vertex 7.66285 -3.64655 3.05
      vertex 7.69069 -3.8223 0
      vertex 7.69069 -3.8223 3.05
    endloop
  endfacet
  facet normal -0.99863 -0.0523199 -1.36796e-19
    outer loop
      vertex 7.7 -4 0
      vertex 7.69069 -3.8223 3.05
      vertex 7.69069 -3.8223 0
    endloop
  endfacet
  facet normal -0.99863 -0.0523199 -1.36796e-19
    outer loop
      vertex 7.69069 -3.8223 3.05
      vertex 7.7 -4 0
      vertex 7.7 -4 3.05
    endloop
  endfacet
  facet normal -0.629303 -0.77716 0
    outer loop
      vertex 6.99923 -2.62467 0
      vertex 7.13752 -2.73665 3.05
      vertex 6.99923 -2.62467 3.05
    endloop
  endfacet
  facet normal -0.629303 -0.77716 -0
    outer loop
      vertex 7.13752 -2.73665 3.05
      vertex 6.99923 -2.62467 0
      vertex 7.13752 -2.73665 0
    endloop
  endfacet
  facet normal -0.258792 0.965933 0
    outer loop
      vertex 6.52533 -5.6168 0
      vertex 6.35345 -5.66285 3.05
      vertex 6.52533 -5.6168 3.05
    endloop
  endfacet
  facet normal -0.258792 0.965933 0
    outer loop
      vertex 6.35345 -5.66285 3.05
      vertex 6.52533 -5.6168 0
      vertex 6.35345 -5.66285 0
    endloop
  endfacet
  facet normal -0.965933 -0.258792 5.15179e-19
    outer loop
      vertex 7.66285 -3.64655 0
      vertex 7.6168 -3.47467 3.05
      vertex 7.6168 -3.47467 0
    endloop
  endfacet
  facet normal -0.965933 -0.258792 5.15179e-19
    outer loop
      vertex 7.6168 -3.47467 3.05
      vertex 7.66285 -3.64655 0
      vertex 7.66285 -3.64655 3.05
    endloop
  endfacet
  facet normal -0.987685 0.156456 3.87763e-19
    outer loop
      vertex 7.66285 -4.35345 0
      vertex 7.69069 -4.1777 3.05
      vertex 7.69069 -4.1777 0
    endloop
  endfacet
  facet normal -0.987685 0.156456 3.87763e-19
    outer loop
      vertex 7.69069 -4.1777 3.05
      vertex 7.66285 -4.35345 0
      vertex 7.66285 -4.35345 3.05
    endloop
  endfacet
  facet normal -0.77716 0.629303 -1.53761e-18
    outer loop
      vertex 7.26335 -5.13752 0
      vertex 7.37533 -4.99923 3.05
      vertex 7.37533 -4.99923 0
    endloop
  endfacet
  facet normal -0.77716 0.629303 -1.53761e-18
    outer loop
      vertex 7.37533 -4.99923 3.05
      vertex 7.26335 -5.13752 0
      vertex 7.26335 -5.13752 3.05
    endloop
  endfacet
  facet normal -0.35838 -0.933576 0
    outer loop
      vertex 6.52533 -2.3832 0
      vertex 6.69145 -2.44697 3.05
      vertex 6.52533 -2.3832 3.05
    endloop
  endfacet
  facet normal -0.35838 -0.933576 -0
    outer loop
      vertex 6.69145 -2.44697 3.05
      vertex 6.52533 -2.3832 0
      vertex 6.69145 -2.44697 0
    endloop
  endfacet
  facet normal -0.99863 0.0523199 1.10075e-19
    outer loop
      vertex 7.69069 -4.1777 0
      vertex 7.7 -4 3.05
      vertex 7.7 -4 0
    endloop
  endfacet
  facet normal -0.99863 0.0523199 1.10075e-19
    outer loop
      vertex 7.7 -4 3.05
      vertex 7.69069 -4.1777 0
      vertex 7.69069 -4.1777 3.05
    endloop
  endfacet
  facet normal -0.707107 0.707107 -1.57495e-18
    outer loop
      vertex 7.13752 -5.26335 0
      vertex 7.26335 -5.13752 3.05
      vertex 7.26335 -5.13752 0
    endloop
  endfacet
  facet normal -0.707107 0.707107 -1.57495e-18
    outer loop
      vertex 7.26335 -5.13752 3.05
      vertex 7.13752 -5.26335 0
      vertex 7.13752 -5.26335 3.05
    endloop
  endfacet
  facet normal 0.544609 -0.83869 0
    outer loop
      vertex 5.00076 -2.62467 0
      vertex 5.15 -2.52776 3.05
      vertex 5.00076 -2.62467 3.05
    endloop
  endfacet
  facet normal 0.544609 -0.83869 0
    outer loop
      vertex 5.15 -2.52776 3.05
      vertex 5.00076 -2.62467 0
      vertex 5.15 -2.52776 0
    endloop
  endfacet
  facet normal -0.454012 -0.890996 0
    outer loop
      vertex 6.69145 -2.44697 0
      vertex 6.85 -2.52776 3.05
      vertex 6.69145 -2.44697 3.05
    endloop
  endfacet
  facet normal -0.454012 -0.890996 -0
    outer loop
      vertex 6.85 -2.52776 3.05
      vertex 6.69145 -2.44697 0
      vertex 6.85 -2.52776 0
    endloop
  endfacet
  facet normal 0.156456 0.987685 -0
    outer loop
      vertex 5.8223 -5.69069 0
      vertex 5.64655 -5.66285 3.05
      vertex 5.8223 -5.69069 3.05
    endloop
  endfacet
  facet normal 0.156456 0.987685 0
    outer loop
      vertex 5.64655 -5.66285 3.05
      vertex 5.8223 -5.69069 0
      vertex 5.64655 -5.66285 0
    endloop
  endfacet
  facet normal -0.777138 -0.629331 -7.98113e-19
    outer loop
      vertex 7.37533 -3.00076 0
      vertex 7.26335 -2.86248 3.05
      vertex 7.26335 -2.86248 0
    endloop
  endfacet
  facet normal -0.777138 -0.629331 -7.98113e-19
    outer loop
      vertex 7.26335 -2.86248 3.05
      vertex 7.37533 -3.00076 0
      vertex 7.37533 -3.00076 3.05
    endloop
  endfacet
  facet normal 0.99863 -0.0523199 1.36796e-19
    outer loop
      vertex 4.3 -4 3.05
      vertex 4.30931 -3.8223 0
      vertex 4.30931 -3.8223 3.05
    endloop
  endfacet
  facet normal 0.99863 -0.0523199 1.36796e-19
    outer loop
      vertex 4.30931 -3.8223 0
      vertex 4.3 -4 3.05
      vertex 4.3 -4 0
    endloop
  endfacet
  facet normal 0.933576 0.35838 -1.89099e-19
    outer loop
      vertex 4.44697 -4.69145 3.05
      vertex 4.3832 -4.52533 0
      vertex 4.3832 -4.52533 3.05
    endloop
  endfacet
  facet normal 0.933576 0.35838 -1.89099e-19
    outer loop
      vertex 4.3832 -4.52533 0
      vertex 4.44697 -4.69145 3.05
      vertex 4.44697 -4.69145 0
    endloop
  endfacet
  facet normal -0.544635 -0.838673 0
    outer loop
      vertex 6.85 -2.52776 0
      vertex 6.99923 -2.62467 3.05
      vertex 6.85 -2.52776 3.05
    endloop
  endfacet
  facet normal -0.544635 -0.838673 -0
    outer loop
      vertex 6.99923 -2.62467 3.05
      vertex 6.85 -2.52776 0
      vertex 6.99923 -2.62467 0
    endloop
  endfacet
  facet normal 0.629331 -0.777138 0
    outer loop
      vertex 4.86248 -2.73665 0
      vertex 5.00076 -2.62467 3.05
      vertex 4.86248 -2.73665 3.05
    endloop
  endfacet
  facet normal 0.629331 -0.777138 0
    outer loop
      vertex 5.00076 -2.62467 3.05
      vertex 4.86248 -2.73665 0
      vertex 5.00076 -2.62467 0
    endloop
  endfacet
  facet normal -0.629303 0.77716 0
    outer loop
      vertex 7.13752 -5.26335 0
      vertex 6.99923 -5.37533 3.05
      vertex 7.13752 -5.26335 3.05
    endloop
  endfacet
  facet normal -0.629303 0.77716 0
    outer loop
      vertex 6.99923 -5.37533 3.05
      vertex 7.13752 -5.26335 0
      vertex 6.99923 -5.37533 0
    endloop
  endfacet
  facet normal -0.258792 -0.965933 0
    outer loop
      vertex 6.35345 -2.33715 0
      vertex 6.52533 -2.3832 3.05
      vertex 6.35345 -2.33715 3.05
    endloop
  endfacet
  facet normal -0.258792 -0.965933 -0
    outer loop
      vertex 6.52533 -2.3832 3.05
      vertex 6.35345 -2.33715 0
      vertex 6.52533 -2.3832 0
    endloop
  endfacet
  facet normal -0.933576 -0.35838 9.28866e-19
    outer loop
      vertex 7.6168 -3.47467 0
      vertex 7.55303 -3.30855 3.05
      vertex 7.55303 -3.30855 0
    endloop
  endfacet
  facet normal -0.933576 -0.35838 9.28866e-19
    outer loop
      vertex 7.55303 -3.30855 3.05
      vertex 7.6168 -3.47467 0
      vertex 7.6168 -3.47467 3.05
    endloop
  endfacet
  facet normal -0.156456 0.987685 0
    outer loop
      vertex 6.35345 -5.66285 0
      vertex 6.1777 -5.69069 3.05
      vertex 6.35345 -5.66285 3.05
    endloop
  endfacet
  facet normal -0.156456 0.987685 0
    outer loop
      vertex 6.1777 -5.69069 3.05
      vertex 6.35345 -5.66285 0
      vertex 6.1777 -5.69069 0
    endloop
  endfacet
  facet normal -0.0523199 -0.99863 0
    outer loop
      vertex 6 -2.3 0
      vertex 6.1777 -2.30931 3.05
      vertex 6 -2.3 3.05
    endloop
  endfacet
  facet normal -0.0523199 -0.99863 -0
    outer loop
      vertex 6.1777 -2.30931 3.05
      vertex 6 -2.3 0
      vertex 6.1777 -2.30931 0
    endloop
  endfacet
  facet normal 0.890996 0.454012 -2.81174e-19
    outer loop
      vertex 4.52776 -4.85 3.05
      vertex 4.44697 -4.69145 0
      vertex 4.44697 -4.69145 3.05
    endloop
  endfacet
  facet normal 0.890996 0.454012 -2.81174e-19
    outer loop
      vertex 4.44697 -4.69145 0
      vertex 4.52776 -4.85 3.05
      vertex 4.52776 -4.85 0
    endloop
  endfacet
  facet normal 0.156456 -0.987685 0
    outer loop
      vertex 5.64655 -2.33715 0
      vertex 5.8223 -2.30931 3.05
      vertex 5.64655 -2.33715 3.05
    endloop
  endfacet
  facet normal 0.156456 -0.987685 0
    outer loop
      vertex 5.8223 -2.30931 3.05
      vertex 5.64655 -2.33715 0
      vertex 5.8223 -2.30931 0
    endloop
  endfacet
  facet normal 0.777138 -0.629331 7.98113e-19
    outer loop
      vertex 4.62467 -3.00076 3.05
      vertex 4.73665 -2.86248 0
      vertex 4.73665 -2.86248 3.05
    endloop
  endfacet
  facet normal 0.777138 -0.629331 7.98113e-19
    outer loop
      vertex 4.73665 -2.86248 0
      vertex 4.62467 -3.00076 3.05
      vertex 4.62467 -3.00076 0
    endloop
  endfacet
  facet normal 0.707107 0.707107 1.57495e-18
    outer loop
      vertex 4.86248 -5.26335 3.05
      vertex 4.73665 -5.13752 0
      vertex 4.73665 -5.13752 3.05
    endloop
  endfacet
  facet normal 0.707107 0.707107 1.57495e-18
    outer loop
      vertex 4.73665 -5.13752 0
      vertex 4.86248 -5.26335 3.05
      vertex 4.86248 -5.26335 0
    endloop
  endfacet
  facet normal -0.35838 0.933576 0
    outer loop
      vertex 6.69145 -5.55303 0
      vertex 6.52533 -5.6168 3.05
      vertex 6.69145 -5.55303 3.05
    endloop
  endfacet
  facet normal -0.35838 0.933576 0
    outer loop
      vertex 6.52533 -5.6168 3.05
      vertex 6.69145 -5.55303 0
      vertex 6.52533 -5.6168 0
    endloop
  endfacet
  facet normal 0.83869 -0.544609 1.4491e-19
    outer loop
      vertex 4.52776 -3.15 3.05
      vertex 4.62467 -3.00076 0
      vertex 4.62467 -3.00076 3.05
    endloop
  endfacet
  facet normal 0.83869 -0.544609 1.4491e-19
    outer loop
      vertex 4.62467 -3.00076 0
      vertex 4.52776 -3.15 3.05
      vertex 4.52776 -3.15 0
    endloop
  endfacet
  facet normal 0.0523199 0.99863 -0
    outer loop
      vertex 6 -5.7 0
      vertex 5.8223 -5.69069 3.05
      vertex 6 -5.7 3.05
    endloop
  endfacet
  facet normal 0.0523199 0.99863 0
    outer loop
      vertex 5.8223 -5.69069 3.05
      vertex 6 -5.7 0
      vertex 5.8223 -5.69069 0
    endloop
  endfacet
  facet normal 0.0523199 -0.99863 0
    outer loop
      vertex 5.8223 -2.30931 0
      vertex 6 -2.3 3.05
      vertex 5.8223 -2.30931 3.05
    endloop
  endfacet
  facet normal 0.0523199 -0.99863 0
    outer loop
      vertex 6 -2.3 3.05
      vertex 5.8223 -2.30931 0
      vertex 6 -2.3 0
    endloop
  endfacet
  facet normal -0.83869 -0.544609 -1.4491e-19
    outer loop
      vertex 7.47224 -3.15 0
      vertex 7.37533 -3.00076 3.05
      vertex 7.37533 -3.00076 0
    endloop
  endfacet
  facet normal -0.83869 -0.544609 -1.4491e-19
    outer loop
      vertex 7.37533 -3.00076 3.05
      vertex 7.47224 -3.15 0
      vertex 7.47224 -3.15 3.05
    endloop
  endfacet
  facet normal -0.965933 0.258792 1.33102e-18
    outer loop
      vertex 7.6168 -4.52533 0
      vertex 7.66285 -4.35345 3.05
      vertex 7.66285 -4.35345 0
    endloop
  endfacet
  facet normal -0.965933 0.258792 1.33102e-18
    outer loop
      vertex 7.66285 -4.35345 3.05
      vertex 7.6168 -4.52533 0
      vertex 7.6168 -4.52533 3.05
    endloop
  endfacet
  facet normal 0.838673 0.544635 1.75168e-19
    outer loop
      vertex 4.62467 -4.99923 3.05
      vertex 4.52776 -4.85 0
      vertex 4.52776 -4.85 3.05
    endloop
  endfacet
  facet normal 0.838673 0.544635 1.75168e-19
    outer loop
      vertex 4.52776 -4.85 0
      vertex 4.62467 -4.99923 3.05
      vertex 4.62467 -4.99923 0
    endloop
  endfacet
  facet normal -0.890996 -0.454012 -2.81174e-19
    outer loop
      vertex 7.55303 -3.30855 0
      vertex 7.47224 -3.15 3.05
      vertex 7.47224 -3.15 0
    endloop
  endfacet
  facet normal -0.890996 -0.454012 -2.81174e-19
    outer loop
      vertex 7.47224 -3.15 3.05
      vertex 7.55303 -3.30855 0
      vertex 7.55303 -3.30855 3.05
    endloop
  endfacet
  facet normal 0.258792 -0.965933 0
    outer loop
      vertex 5.47467 -2.3832 0
      vertex 5.64655 -2.33715 3.05
      vertex 5.47467 -2.3832 3.05
    endloop
  endfacet
  facet normal 0.258792 -0.965933 0
    outer loop
      vertex 5.64655 -2.33715 3.05
      vertex 5.47467 -2.3832 0
      vertex 5.64655 -2.33715 0
    endloop
  endfacet
  facet normal 0.35838 -0.933576 0
    outer loop
      vertex 5.30855 -2.44697 0
      vertex 5.47467 -2.3832 3.05
      vertex 5.30855 -2.44697 3.05
    endloop
  endfacet
  facet normal 0.35838 -0.933576 0
    outer loop
      vertex 5.47467 -2.3832 3.05
      vertex 5.30855 -2.44697 0
      vertex 5.47467 -2.3832 0
    endloop
  endfacet
  facet normal 0.77716 0.629303 1.53761e-18
    outer loop
      vertex 4.73665 -5.13752 3.05
      vertex 4.62467 -4.99923 0
      vertex 4.62467 -4.99923 3.05
    endloop
  endfacet
  facet normal 0.77716 0.629303 1.53761e-18
    outer loop
      vertex 4.62467 -4.99923 0
      vertex 4.73665 -5.13752 3.05
      vertex 4.73665 -5.13752 0
    endloop
  endfacet
  facet normal 0.99863 0.0523199 -1.10075e-19
    outer loop
      vertex 4.30931 -4.1777 3.05
      vertex 4.3 -4 0
      vertex 4.3 -4 3.05
    endloop
  endfacet
  facet normal 0.99863 0.0523199 -1.10075e-19
    outer loop
      vertex 4.3 -4 0
      vertex 4.30931 -4.1777 3.05
      vertex 4.30931 -4.1777 0
    endloop
  endfacet
  facet normal -0.0523199 0.99863 0
    outer loop
      vertex 6.1777 -5.69069 0
      vertex 6 -5.7 3.05
      vertex 6.1777 -5.69069 3.05
    endloop
  endfacet
  facet normal -0.0523199 0.99863 0
    outer loop
      vertex 6 -5.7 3.05
      vertex 6.1777 -5.69069 0
      vertex 6 -5.7 0
    endloop
  endfacet
  facet normal 0.965933 0.258792 -1.33102e-18
    outer loop
      vertex 4.3832 -4.52533 3.05
      vertex 4.33715 -4.35345 0
      vertex 4.33715 -4.35345 3.05
    endloop
  endfacet
  facet normal 0.965933 0.258792 -1.33102e-18
    outer loop
      vertex 4.33715 -4.35345 0
      vertex 4.3832 -4.52533 3.05
      vertex 4.3832 -4.52533 0
    endloop
  endfacet
  facet normal 0.544609 0.83869 -0
    outer loop
      vertex 5.15 -5.47224 0
      vertex 5.00076 -5.37533 3.05
      vertex 5.15 -5.47224 3.05
    endloop
  endfacet
  facet normal 0.544609 0.83869 0
    outer loop
      vertex 5.00076 -5.37533 3.05
      vertex 5.15 -5.47224 0
      vertex 5.00076 -5.37533 0
    endloop
  endfacet
  facet normal 0.707107 -0.707107 -8.95828e-19
    outer loop
      vertex 4.73665 -2.86248 3.05
      vertex 4.86248 -2.73665 0
      vertex 4.86248 -2.73665 3.05
    endloop
  endfacet
  facet normal 0.707107 -0.707107 -8.95828e-19
    outer loop
      vertex 4.86248 -2.73665 0
      vertex 4.73665 -2.86248 3.05
      vertex 4.73665 -2.86248 0
    endloop
  endfacet
  facet normal 0.454012 0.890996 -0
    outer loop
      vertex 5.30855 -5.55303 0
      vertex 5.15 -5.47224 3.05
      vertex 5.30855 -5.55303 3.05
    endloop
  endfacet
  facet normal 0.454012 0.890996 0
    outer loop
      vertex 5.15 -5.47224 3.05
      vertex 5.30855 -5.55303 0
      vertex 5.15 -5.47224 0
    endloop
  endfacet
  facet normal 0.987685 0.156456 -3.87763e-19
    outer loop
      vertex 4.33715 -4.35345 3.05
      vertex 4.30931 -4.1777 0
      vertex 4.30931 -4.1777 3.05
    endloop
  endfacet
  facet normal 0.987685 0.156456 -3.87763e-19
    outer loop
      vertex 4.30931 -4.1777 0
      vertex 4.33715 -4.35345 3.05
      vertex 4.33715 -4.35345 0
    endloop
  endfacet
  facet normal 0.933576 -0.35838 -9.28866e-19
    outer loop
      vertex 4.3832 -3.47467 3.05
      vertex 4.44697 -3.30855 0
      vertex 4.44697 -3.30855 3.05
    endloop
  endfacet
  facet normal 0.933576 -0.35838 -9.28866e-19
    outer loop
      vertex 4.44697 -3.30855 0
      vertex 4.3832 -3.47467 3.05
      vertex 4.3832 -3.47467 0
    endloop
  endfacet
  facet normal 0 0 -1
    outer loop
      vertex 7.69069 -4.1777 3.05
      vertex 7.69069 -3.8223 3.05
      vertex 7.7 -4 3.05
    endloop
  endfacet
  facet normal 0 0 -1
    outer loop
      vertex 7.66285 -4.35345 3.05
      vertex 7.69069 -3.8223 3.05
      vertex 7.69069 -4.1777 3.05
    endloop
  endfacet
  facet normal 0 0 -1
    outer loop
      vertex 7.66285 -4.35345 3.05
      vertex 7.66285 -3.64655 3.05
      vertex 7.69069 -3.8223 3.05
    endloop
  endfacet
  facet normal 0 0 -1
    outer loop
      vertex 7.6168 -4.52533 3.05
      vertex 7.66285 -3.64655 3.05
      vertex 7.66285 -4.35345 3.05
    endloop
  endfacet
  facet normal 0 0 -1
    outer loop
      vertex 7.6168 -4.52533 3.05
      vertex 7.6168 -3.47467 3.05
      vertex 7.66285 -3.64655 3.05
    endloop
  endfacet
  facet normal 0 0 -1
    outer loop
      vertex 7.55303 -4.69145 3.05
      vertex 7.6168 -3.47467 3.05
      vertex 7.6168 -4.52533 3.05
    endloop
  endfacet
  facet normal 0 0 -1
    outer loop
      vertex 7.55303 -4.69145 3.05
      vertex 7.55303 -3.30855 3.05
      vertex 7.6168 -3.47467 3.05
    endloop
  endfacet
  facet normal 0 0 -1
    outer loop
      vertex 7.47224 -4.85 3.05
      vertex 7.55303 -3.30855 3.05
      vertex 7.55303 -4.69145 3.05
    endloop
  endfacet
  facet normal 0 0 -1
    outer loop
      vertex 7.47224 -4.85 3.05
      vertex 7.47224 -3.15 3.05
      vertex 7.55303 -3.30855 3.05
    endloop
  endfacet
  facet normal 0 0 -1
    outer loop
      vertex 7.37533 -4.99923 3.05
      vertex 7.47224 -3.15 3.05
      vertex 7.47224 -4.85 3.05
    endloop
  endfacet
  facet normal 0 0 -1
    outer loop
      vertex 7.37533 -4.99923 3.05
      vertex 7.37533 -3.00076 3.05
      vertex 7.47224 -3.15 3.05
    endloop
  endfacet
  facet normal 0 0 -1
    outer loop
      vertex 7.26335 -5.13752 3.05
      vertex 7.37533 -3.00076 3.05
      vertex 7.37533 -4.99923 3.05
    endloop
  endfacet
  facet normal 0 0 -1
    outer loop
      vertex 7.26335 -5.13752 3.05
      vertex 7.26335 -2.86248 3.05
      vertex 7.37533 -3.00076 3.05
    endloop
  endfacet
  facet normal 0 0 -1
    outer loop
      vertex 7.13752 -5.26335 3.05
      vertex 7.26335 -2.86248 3.05
      vertex 7.26335 -5.13752 3.05
    endloop
  endfacet
  facet normal 0 0 -1
    outer loop
      vertex 7.13752 -5.26335 3.05
      vertex 7.13752 -2.73665 3.05
      vertex 7.26335 -2.86248 3.05
    endloop
  endfacet
  facet normal 0 0 -1
    outer loop
      vertex 6.99923 -5.37533 3.05
      vertex 7.13752 -2.73665 3.05
      vertex 7.13752 -5.26335 3.05
    endloop
  endfacet
  facet normal 0 0 -1
    outer loop
      vertex 6.99923 -5.37533 3.05
      vertex 6.99923 -2.62467 3.05
      vertex 7.13752 -2.73665 3.05
    endloop
  endfacet
  facet normal 0 0 -1
    outer loop
      vertex 6.85 -5.47224 3.05
      vertex 6.99923 -2.62467 3.05
      vertex 6.99923 -5.37533 3.05
    endloop
  endfacet
  facet normal 0 0 -1
    outer loop
      vertex 6.85 -5.47224 3.05
      vertex 6.85 -2.52776 3.05
      vertex 6.99923 -2.62467 3.05
    endloop
  endfacet
  facet normal 0 0 -1
    outer loop
      vertex 6.69145 -5.55303 3.05
      vertex 6.85 -2.52776 3.05
      vertex 6.85 -5.47224 3.05
    endloop
  endfacet
  facet normal 0 0 -1
    outer loop
      vertex 6.69145 -5.55303 3.05
      vertex 6.69145 -2.44697 3.05
      vertex 6.85 -2.52776 3.05
    endloop
  endfacet
  facet normal 0 0 -1
    outer loop
      vertex 6.52533 -5.6168 3.05
      vertex 6.69145 -2.44697 3.05
      vertex 6.69145 -5.55303 3.05
    endloop
  endfacet
  facet normal 0 0 -1
    outer loop
      vertex 6.52533 -5.6168 3.05
      vertex 6.52533 -2.3832 3.05
      vertex 6.69145 -2.44697 3.05
    endloop
  endfacet
  facet normal 0 0 -1
    outer loop
      vertex 6.35345 -5.66285 3.05
      vertex 6.52533 -2.3832 3.05
      vertex 6.52533 -5.6168 3.05
    endloop
  endfacet
  facet normal 0 0 -1
    outer loop
      vertex 6.35345 -5.66285 3.05
      vertex 6.35345 -2.33715 3.05
      vertex 6.52533 -2.3832 3.05
    endloop
  endfacet
  facet normal 0 0 -1
    outer loop
      vertex 6.1777 -5.69069 3.05
      vertex 6.35345 -2.33715 3.05
      vertex 6.35345 -5.66285 3.05
    endloop
  endfacet
  facet normal 0 0 -1
    outer loop
      vertex 6.1777 -5.69069 3.05
      vertex 6.1777 -2.30931 3.05
      vertex 6.35345 -2.33715 3.05
    endloop
  endfacet
  facet normal 0 0 -1
    outer loop
      vertex 6 -5.7 3.05
      vertex 6.1777 -2.30931 3.05
      vertex 6.1777 -5.69069 3.05
    endloop
  endfacet
  facet normal 0 0 -1
    outer loop
      vertex 6 -5.7 3.05
      vertex 6 -2.3 3.05
      vertex 6.1777 -2.30931 3.05
    endloop
  endfacet
  facet normal 0 0 -1
    outer loop
      vertex 5.8223 -5.69069 3.05
      vertex 6 -2.3 3.05
      vertex 6 -5.7 3.05
    endloop
  endfacet
  facet normal 0 0 -1
    outer loop
      vertex 5.8223 -5.69069 3.05
      vertex 5.8223 -2.30931 3.05
      vertex 6 -2.3 3.05
    endloop
  endfacet
  facet normal 0 0 -1
    outer loop
      vertex 5.64655 -5.66285 3.05
      vertex 5.8223 -2.30931 3.05
      vertex 5.8223 -5.69069 3.05
    endloop
  endfacet
  facet normal 0 0 -1
    outer loop
      vertex 5.64655 -5.66285 3.05
      vertex 5.64655 -2.33715 3.05
      vertex 5.8223 -2.30931 3.05
    endloop
  endfacet
  facet normal 0 0 -1
    outer loop
      vertex 5.47467 -5.6168 3.05
      vertex 5.64655 -2.33715 3.05
      vertex 5.64655 -5.66285 3.05
    endloop
  endfacet
  facet normal 0 0 -1
    outer loop
      vertex 5.47467 -5.6168 3.05
      vertex 5.47467 -2.3832 3.05
      vertex 5.64655 -2.33715 3.05
    endloop
  endfacet
  facet normal 0 0 -1
    outer loop
      vertex 5.30855 -5.55303 3.05
      vertex 5.47467 -2.3832 3.05
      vertex 5.47467 -5.6168 3.05
    endloop
  endfacet
  facet normal 0 0 -1
    outer loop
      vertex 5.30855 -5.55303 3.05
      vertex 5.30855 -2.44697 3.05
      vertex 5.47467 -2.3832 3.05
    endloop
  endfacet
  facet normal 0 0 -1
    outer loop
      vertex 5.15 -5.47224 3.05
      vertex 5.30855 -2.44697 3.05
      vertex 5.30855 -5.55303 3.05
    endloop
  endfacet
  facet normal 0 0 -1
    outer loop
      vertex 5.15 -5.47224 3.05
      vertex 5.15 -2.52776 3.05
      vertex 5.30855 -2.44697 3.05
    endloop
  endfacet
  facet normal 0 0 -1
    outer loop
      vertex 5.00076 -5.37533 3.05
      vertex 5.15 -2.52776 3.05
      vertex 5.15 -5.47224 3.05
    endloop
  endfacet
  facet normal 0 0 -1
    outer loop
      vertex 5.00076 -5.37533 3.05
      vertex 5.00076 -2.62467 3.05
      vertex 5.15 -2.52776 3.05
    endloop
  endfacet
  facet normal 0 0 -1
    outer loop
      vertex 4.86248 -5.26335 3.05
      vertex 5.00076 -2.62467 3.05
      vertex 5.00076 -5.37533 3.05
    endloop
  endfacet
  facet normal 0 0 -1
    outer loop
      vertex 4.86248 -5.26335 3.05
      vertex 4.86248 -2.73665 3.05
      vertex 5.00076 -2.62467 3.05
    endloop
  endfacet
  facet normal 0 0 -1
    outer loop
      vertex 4.73665 -5.13752 3.05
      vertex 4.86248 -2.73665 3.05
      vertex 4.86248 -5.26335 3.05
    endloop
  endfacet
  facet normal 0 0 -1
    outer loop
      vertex 4.73665 -5.13752 3.05
      vertex 4.73665 -2.86248 3.05
      vertex 4.86248 -2.73665 3.05
    endloop
  endfacet
  facet normal 0 0 -1
    outer loop
      vertex 4.62467 -4.99923 3.05
      vertex 4.73665 -2.86248 3.05
      vertex 4.73665 -5.13752 3.05
    endloop
  endfacet
  facet normal 0 0 -1
    outer loop
      vertex 4.62467 -4.99923 3.05
      vertex 4.62467 -3.00076 3.05
      vertex 4.73665 -2.86248 3.05
    endloop
  endfacet
  facet normal 0 0 -1
    outer loop
      vertex 4.52776 -4.85 3.05
      vertex 4.62467 -3.00076 3.05
      vertex 4.62467 -4.99923 3.05
    endloop
  endfacet
  facet normal 0 0 -1
    outer loop
      vertex 4.52776 -4.85 3.05
      vertex 4.52776 -3.15 3.05
      vertex 4.62467 -3.00076 3.05
    endloop
  endfacet
  facet normal 0 0 -1
    outer loop
      vertex 4.44697 -4.69145 3.05
      vertex 4.52776 -3.15 3.05
      vertex 4.52776 -4.85 3.05
    endloop
  endfacet
  facet normal 0 0 -1
    outer loop
      vertex 4.44697 -4.69145 3.05
      vertex 4.44697 -3.30855 3.05
      vertex 4.52776 -3.15 3.05
    endloop
  endfacet
  facet normal 0 0 -1
    outer loop
      vertex 4.3832 -4.52533 3.05
      vertex 4.44697 -3.30855 3.05
      vertex 4.44697 -4.69145 3.05
    endloop
  endfacet
  facet normal 0 0 -1
    outer loop
      vertex 4.3832 -4.52533 3.05
      vertex 4.3832 -3.47467 3.05
      vertex 4.44697 -3.30855 3.05
    endloop
  endfacet
  facet normal 0 0 -1
    outer loop
      vertex 4.33715 -4.35345 3.05
      vertex 4.3832 -3.47467 3.05
      vertex 4.3832 -4.52533 3.05
    endloop
  endfacet
  facet normal 0 0 -1
    outer loop
      vertex 4.33715 -4.35345 3.05
      vertex 4.33715 -3.64655 3.05
      vertex 4.3832 -3.47467 3.05
    endloop
  endfacet
  facet normal 0 0 -1
    outer loop
      vertex 4.30931 -4.1777 3.05
      vertex 4.33715 -3.64655 3.05
      vertex 4.33715 -4.35345 3.05
    endloop
  endfacet
  facet normal 0 0 -1
    outer loop
      vertex 4.30931 -4.1777 3.05
      vertex 4.30931 -3.8223 3.05
      vertex 4.33715 -3.64655 3.05
    endloop
  endfacet
  facet normal 0 -0 -1
    outer loop
      vertex 4.30931 -3.8223 3.05
      vertex 4.30931 -4.1777 3.05
      vertex 4.3 -4 3.05
    endloop
  endfacet
  facet normal -0.707107 -0.707107 8.95828e-19
    outer loop
      vertex 7.26335 -2.86248 0
      vertex 7.13752 -2.73665 3.05
      vertex 7.13752 -2.73665 0
    endloop
  endfacet
  facet normal -0.707107 -0.707107 8.95828e-19
    outer loop
      vertex 7.13752 -2.73665 3.05
      vertex 7.26335 -2.86248 0
      vertex 7.26335 -2.86248 3.05
    endloop
  endfacet
  facet normal -0.838673 0.544635 -1.75168e-19
    outer loop
      vertex 7.37533 -4.99923 0
      vertex 7.47224 -4.85 3.05
      vertex 7.47224 -4.85 0
    endloop
  endfacet
  facet normal -0.838673 0.544635 -1.75168e-19
    outer loop
      vertex 7.47224 -4.85 3.05
      vertex 7.37533 -4.99923 0
      vertex 7.37533 -4.99923 3.05
    endloop
  endfacet
  facet normal -0.156456 -0.987685 0
    outer loop
      vertex 6.1777 -2.30931 0
      vertex 6.35345 -2.33715 3.05
      vertex 6.1777 -2.30931 3.05
    endloop
  endfacet
  facet normal -0.156456 -0.987685 -0
    outer loop
      vertex 6.35345 -2.33715 3.05
      vertex 6.1777 -2.30931 0
      vertex 6.35345 -2.33715 0
    endloop
  endfacet
  facet normal 0.987685 -0.156456 3.87763e-19
    outer loop
      vertex 4.30931 -3.8223 3.05
      vertex 4.33715 -3.64655 0
      vertex 4.33715 -3.64655 3.05
    endloop
  endfacet
  facet normal 0.987685 -0.156456 3.87763e-19
    outer loop
      vertex 4.33715 -3.64655 0
      vertex 4.30931 -3.8223 3.05
      vertex 4.30931 -3.8223 0
    endloop
  endfacet
  facet normal 0.454012 -0.890996 0
    outer loop
      vertex 5.15 -2.52776 0
      vertex 5.30855 -2.44697 3.05
      vertex 5.15 -2.52776 3.05
    endloop
  endfacet
  facet normal 0.454012 -0.890996 0
    outer loop
      vertex 5.30855 -2.44697 3.05
      vertex 5.15 -2.52776 0
      vertex 5.30855 -2.44697 0
    endloop
  endfacet
  facet normal -0.544635 0.838673 0
    outer loop
      vertex 6.99923 -5.37533 0
      vertex 6.85 -5.47224 3.05
      vertex 6.99923 -5.37533 3.05
    endloop
  endfacet
  facet normal -0.544635 0.838673 0
    outer loop
      vertex 6.85 -5.47224 3.05
      vertex 6.99923 -5.37533 0
      vertex 6.85 -5.47224 0
    endloop
  endfacet
  facet normal -0.454012 0.890996 0
    outer loop
      vertex 6.85 -5.47224 0
      vertex 6.69145 -5.55303 3.05
      vertex 6.85 -5.47224 3.05
    endloop
  endfacet
  facet normal -0.454012 0.890996 0
    outer loop
      vertex 6.69145 -5.55303 3.05
      vertex 6.85 -5.47224 0
      vertex 6.69145 -5.55303 0
    endloop
  endfacet
  facet normal -0.890996 0.454012 2.81174e-19
    outer loop
      vertex 7.47224 -4.85 0
      vertex 7.55303 -4.69145 3.05
      vertex 7.55303 -4.69145 0
    endloop
  endfacet
  facet normal -0.890996 0.454012 2.81174e-19
    outer loop
      vertex 7.55303 -4.69145 3.05
      vertex 7.47224 -4.85 0
      vertex 7.47224 -4.85 3.05
    endloop
  endfacet
  facet normal -0.933576 0.35838 1.89099e-19
    outer loop
      vertex 7.55303 -4.69145 0
      vertex 7.6168 -4.52533 3.05
      vertex 7.6168 -4.52533 0
    endloop
  endfacet
  facet normal -0.933576 0.35838 1.89099e-19
    outer loop
      vertex 7.6168 -4.52533 3.05
      vertex 7.55303 -4.69145 0
      vertex 7.55303 -4.69145 3.05
    endloop
  endfacet
  facet normal 0.965933 -0.258792 -5.15179e-19
    outer loop
      vertex 4.33715 -3.64655 3.05
      vertex 4.3832 -3.47467 0
      vertex 4.3832 -3.47467 3.05
    endloop
  endfacet
  facet normal 0.965933 -0.258792 -5.15179e-19
    outer loop
      vertex 4.3832 -3.47467 0
      vertex 4.33715 -3.64655 3.05
      vertex 4.33715 -3.64655 0
    endloop
  endfacet
  facet normal 0.890996 -0.454012 2.81174e-19
    outer loop
      vertex 4.44697 -3.30855 3.05
      vertex 4.52776 -3.15 0
      vertex 4.52776 -3.15 3.05
    endloop
  endfacet
  facet normal 0.890996 -0.454012 2.81174e-19
    outer loop
      vertex 4.52776 -3.15 0
      vertex 4.44697 -3.30855 3.05
      vertex 4.44697 -3.30855 0
    endloop
  endfacet
  facet normal 0.629331 0.777138 -0
    outer loop
      vertex 5.00076 -5.37533 0
      vertex 4.86248 -5.26335 3.05
      vertex 5.00076 -5.37533 3.05
    endloop
  endfacet
  facet normal 0.629331 0.777138 0
    outer loop
      vertex 4.86248 -5.26335 3.05
      vertex 5.00076 -5.37533 0
      vertex 4.86248 -5.26335 0
    endloop
  endfacet
  facet normal 0.35838 0.933576 -0
    outer loop
      vertex 5.47467 -5.6168 0
      vertex 5.30855 -5.55303 3.05
      vertex 5.47467 -5.6168 3.05
    endloop
  endfacet
  facet normal 0.35838 0.933576 0
    outer loop
      vertex 5.30855 -5.55303 3.05
      vertex 5.47467 -5.6168 0
      vertex 5.30855 -5.55303 0
    endloop
  endfacet
  facet normal 0.258792 0.965933 -0
    outer loop
      vertex 5.64655 -5.66285 0
      vertex 5.47467 -5.6168 3.05
      vertex 5.64655 -5.66285 3.05
    endloop
  endfacet
  facet normal 0.258792 0.965933 0
    outer loop
      vertex 5.47467 -5.6168 3.05
      vertex 5.64655 -5.66285 0
      vertex 5.47467 -5.6168 0
    endloop
  endfacet
  facet normal -0.156785 0.987633 0
    outer loop
      vertex 6.35345 42.3372 0
      vertex 6.1777 42.3093 3.05
      vertex 6.35345 42.3372 3.05
    endloop
  endfacet
  facet normal -0.156785 0.987633 0
    outer loop
      vertex 6.1777 42.3093 3.05
      vertex 6.35345 42.3372 0
      vertex 6.1777 42.3093 0
    endloop
  endfacet
  facet normal -0.987692 -0.156413 4.62768e-19
    outer loop
      vertex 7.69069 44.1777 0
      vertex 7.66285 44.3535 3.05
      vertex 7.66285 44.3535 0
    endloop
  endfacet
  facet normal -0.987692 -0.156413 4.62768e-19
    outer loop
      vertex 7.66285 44.3535 3.05
      vertex 7.69069 44.1777 0
      vertex 7.69069 44.1777 3.05
    endloop
  endfacet
  facet normal -0.99863 -0.0523199 1.82579e-19
    outer loop
      vertex 7.7 44 0
      vertex 7.69069 44.1777 3.05
      vertex 7.69069 44.1777 0
    endloop
  endfacet
  facet normal -0.99863 -0.0523199 1.82579e-19
    outer loop
      vertex 7.69069 44.1777 3.05
      vertex 7.7 44 0
      vertex 7.7 44 3.05
    endloop
  endfacet
  facet normal 0.25853 0.966003 -0
    outer loop
      vertex 5.64655 42.3372 0
      vertex 5.47467 42.3832 3.05
      vertex 5.64655 42.3372 3.05
    endloop
  endfacet
  facet normal 0.25853 0.966003 0
    outer loop
      vertex 5.47467 42.3832 3.05
      vertex 5.64655 42.3372 0
      vertex 5.47467 42.3832 0
    endloop
  endfacet
  facet normal 0.629399 -0.777083 0
    outer loop
      vertex 4.86248 45.2633 0
      vertex 5.00076 45.3753 3.05
      vertex 4.86248 45.2633 3.05
    endloop
  endfacet
  facet normal 0.629399 -0.777083 0
    outer loop
      vertex 5.00076 45.3753 3.05
      vertex 4.86248 45.2633 0
      vertex 5.00076 45.3753 0
    endloop
  endfacet
  facet normal -0.544595 0.838699 0
    outer loop
      vertex 6.99923 42.6247 0
      vertex 6.85 42.5278 3.05
      vertex 6.99923 42.6247 3.05
    endloop
  endfacet
  facet normal -0.544595 0.838699 0
    outer loop
      vertex 6.85 42.5278 3.05
      vertex 6.99923 42.6247 0
      vertex 6.85 42.5278 0
    endloop
  endfacet
  facet normal 0.933633 0.35823 4.33586e-19
    outer loop
      vertex 4.44697 43.3085 3.05
      vertex 4.3832 43.4747 0
      vertex 4.3832 43.4747 3.05
    endloop
  endfacet
  facet normal 0.933633 0.35823 4.33586e-19
    outer loop
      vertex 4.3832 43.4747 0
      vertex 4.44697 43.3085 3.05
      vertex 4.44697 43.3085 0
    endloop
  endfacet
  facet normal -0.777182 -0.629276 6.76941e-19
    outer loop
      vertex 7.37533 44.9992 0
      vertex 7.26335 45.1375 3.05
      vertex 7.26335 45.1375 0
    endloop
  endfacet
  facet normal -0.777182 -0.629276 6.76941e-19
    outer loop
      vertex 7.26335 45.1375 3.05
      vertex 7.37533 44.9992 0
      vertex 7.37533 44.9992 3.05
    endloop
  endfacet
  facet normal 0.707022 -0.707191 1.36277e-18
    outer loop
      vertex 4.73665 45.1375 3.05
      vertex 4.86248 45.2633 0
      vertex 4.86248 45.2633 3.05
    endloop
  endfacet
  facet normal 0.707022 -0.707191 1.36277e-18
    outer loop
      vertex 4.86248 45.2633 0
      vertex 4.73665 45.1375 3.05
      vertex 4.73665 45.1375 0
    endloop
  endfacet
  facet normal -0.0522639 -0.998633 0
    outer loop
      vertex 6 45.7 0
      vertex 6.1777 45.6907 3.05
      vertex 6 45.7 3.05
    endloop
  endfacet
  facet normal -0.0522639 -0.998633 -0
    outer loop
      vertex 6.1777 45.6907 3.05
      vertex 6 45.7 0
      vertex 6.1777 45.6907 0
    endloop
  endfacet
  facet normal -0.838623 0.544712 8.58867e-20
    outer loop
      vertex 7.37533 43.0008 0
      vertex 7.47224 43.15 3.05
      vertex 7.47224 43.15 0
    endloop
  endfacet
  facet normal -0.838623 0.544712 8.58867e-20
    outer loop
      vertex 7.47224 43.15 3.05
      vertex 7.37533 43.0008 0
      vertex 7.37533 43.0008 3.05
    endloop
  endfacet
  facet normal 0.99863 0.0523199 1.82579e-19
    outer loop
      vertex 4.30931 43.8223 3.05
      vertex 4.3 44 0
      vertex 4.3 44 3.05
    endloop
  endfacet
  facet normal 0.99863 0.0523199 1.82579e-19
    outer loop
      vertex 4.3 44 0
      vertex 4.30931 43.8223 3.05
      vertex 4.30931 43.8223 0
    endloop
  endfacet
  facet normal -0.933633 0.35823 -4.33586e-19
    outer loop
      vertex 7.55303 43.3085 0
      vertex 7.6168 43.4747 3.05
      vertex 7.6168 43.4747 0
    endloop
  endfacet
  facet normal -0.933633 0.35823 -4.33586e-19
    outer loop
      vertex 7.6168 43.4747 3.05
      vertex 7.55303 43.3085 0
      vertex 7.55303 43.3085 3.05
    endloop
  endfacet
  facet normal -0.25853 0.966003 0
    outer loop
      vertex 6.52533 42.3832 0
      vertex 6.35345 42.3372 3.05
      vertex 6.52533 42.3832 3.05
    endloop
  endfacet
  facet normal -0.25853 0.966003 0
    outer loop
      vertex 6.35345 42.3372 3.05
      vertex 6.52533 42.3832 0
      vertex 6.35345 42.3372 0
    endloop
  endfacet
  facet normal -0.358527 -0.933519 0
    outer loop
      vertex 6.52533 45.6168 0
      vertex 6.69145 45.553 3.05
      vertex 6.52533 45.6168 3.05
    endloop
  endfacet
  facet normal -0.358527 -0.933519 -0
    outer loop
      vertex 6.69145 45.553 3.05
      vertex 6.52533 45.6168 0
      vertex 6.69145 45.553 0
    endloop
  endfacet
  facet normal -0.629371 -0.777105 0
    outer loop
      vertex 6.99923 45.3753 0
      vertex 7.13752 45.2633 3.05
      vertex 6.99923 45.3753 3.05
    endloop
  endfacet
  facet normal -0.629371 -0.777105 -0
    outer loop
      vertex 7.13752 45.2633 3.05
      vertex 6.99923 45.3753 0
      vertex 7.13752 45.2633 0
    endloop
  endfacet
  facet normal 0.707022 0.707191 -1.36277e-18
    outer loop
      vertex 4.86248 42.7367 3.05
      vertex 4.73665 42.8625 0
      vertex 4.73665 42.8625 3.05
    endloop
  endfacet
  facet normal 0.707022 0.707191 -1.36277e-18
    outer loop
      vertex 4.73665 42.8625 0
      vertex 4.86248 42.7367 3.05
      vertex 4.86248 42.7367 0
    endloop
  endfacet
  facet normal -0.25853 -0.966003 0
    outer loop
      vertex 6.35345 45.6628 0
      vertex 6.52533 45.6168 3.05
      vertex 6.35345 45.6628 3.05
    endloop
  endfacet
  facet normal -0.25853 -0.966003 -0
    outer loop
      vertex 6.52533 45.6168 3.05
      vertex 6.35345 45.6628 0
      vertex 6.52533 45.6168 0
    endloop
  endfacet
  facet normal 0.777182 -0.629276 -6.76941e-19
    outer loop
      vertex 4.62467 44.9992 3.05
      vertex 4.73665 45.1375 0
      vertex 4.73665 45.1375 3.05
    endloop
  endfacet
  facet normal 0.777182 -0.629276 -6.76941e-19
    outer loop
      vertex 4.73665 45.1375 0
      vertex 4.62467 44.9992 3.05
      vertex 4.62467 44.9992 0
    endloop
  endfacet
  facet normal -0.965903 0.258905 -1.36584e-18
    outer loop
      vertex 7.6168 43.4747 0
      vertex 7.66285 43.6465 3.05
      vertex 7.66285 43.6465 0
    endloop
  endfacet
  facet normal -0.965903 0.258905 -1.36584e-18
    outer loop
      vertex 7.66285 43.6465 3.05
      vertex 7.6168 43.4747 0
      vertex 7.6168 43.4747 3.05
    endloop
  endfacet
  facet normal 0.454056 -0.890973 0
    outer loop
      vertex 5.15 45.4722 0
      vertex 5.30855 45.553 3.05
      vertex 5.15 45.4722 3.05
    endloop
  endfacet
  facet normal 0.454056 -0.890973 0
    outer loop
      vertex 5.30855 45.553 3.05
      vertex 5.15 45.4722 0
      vertex 5.30855 45.553 0
    endloop
  endfacet
  facet normal -0.454056 -0.890973 0
    outer loop
      vertex 6.69145 45.553 0
      vertex 6.85 45.4722 3.05
      vertex 6.69145 45.553 3.05
    endloop
  endfacet
  facet normal -0.454056 -0.890973 -0
    outer loop
      vertex 6.85 45.4722 3.05
      vertex 6.69145 45.553 0
      vertex 6.85 45.4722 0
    endloop
  endfacet
  facet normal -0.777182 0.629276 -6.76941e-19
    outer loop
      vertex 7.26335 42.8625 0
      vertex 7.37533 43.0008 3.05
      vertex 7.37533 43.0008 0
    endloop
  endfacet
  facet normal -0.777182 0.629276 -6.76941e-19
    outer loop
      vertex 7.37533 43.0008 3.05
      vertex 7.26335 42.8625 0
      vertex 7.26335 42.8625 3.05
    endloop
  endfacet
  facet normal -0.838623 -0.544712 -8.58867e-20
    outer loop
      vertex 7.47224 44.85 0
      vertex 7.37533 44.9992 3.05
      vertex 7.37533 44.9992 0
    endloop
  endfacet
  facet normal -0.838623 -0.544712 -8.58867e-20
    outer loop
      vertex 7.37533 44.9992 3.05
      vertex 7.47224 44.85 0
      vertex 7.47224 44.85 3.05
    endloop
  endfacet
  facet normal 0.965903 0.258905 1.36584e-18
    outer loop
      vertex 4.3832 43.4747 3.05
      vertex 4.33715 43.6465 0
      vertex 4.33715 43.6465 3.05
    endloop
  endfacet
  facet normal 0.965903 0.258905 1.36584e-18
    outer loop
      vertex 4.33715 43.6465 0
      vertex 4.3832 43.4747 3.05
      vertex 4.3832 43.4747 0
    endloop
  endfacet
  facet normal 0.25853 -0.966003 0
    outer loop
      vertex 5.47467 45.6168 0
      vertex 5.64655 45.6628 3.05
      vertex 5.47467 45.6168 3.05
    endloop
  endfacet
  facet normal 0.25853 -0.966003 0
    outer loop
      vertex 5.64655 45.6628 3.05
      vertex 5.47467 45.6168 0
      vertex 5.64655 45.6628 0
    endloop
  endfacet
  facet normal -0.933633 -0.35823 4.33586e-19
    outer loop
      vertex 7.6168 44.5253 0
      vertex 7.55303 44.6915 3.05
      vertex 7.55303 44.6915 0
    endloop
  endfacet
  facet normal -0.933633 -0.35823 4.33586e-19
    outer loop
      vertex 7.55303 44.6915 3.05
      vertex 7.6168 44.5253 0
      vertex 7.6168 44.5253 3.05
    endloop
  endfacet
  facet normal 0.358527 -0.933519 0
    outer loop
      vertex 5.30855 45.553 0
      vertex 5.47467 45.6168 3.05
      vertex 5.30855 45.553 3.05
    endloop
  endfacet
  facet normal 0.358527 -0.933519 0
    outer loop
      vertex 5.47467 45.6168 3.05
      vertex 5.30855 45.553 0
      vertex 5.47467 45.6168 0
    endloop
  endfacet
  facet normal 0.965903 -0.258905 -1.36584e-18
    outer loop
      vertex 4.33715 44.3535 3.05
      vertex 4.3832 44.5253 0
      vertex 4.3832 44.5253 3.05
    endloop
  endfacet
  facet normal 0.965903 -0.258905 -1.36584e-18
    outer loop
      vertex 4.3832 44.5253 0
      vertex 4.33715 44.3535 3.05
      vertex 4.33715 44.3535 0
    endloop
  endfacet
  facet normal -0.156785 -0.987633 0
    outer loop
      vertex 6.1777 45.6907 0
      vertex 6.35345 45.6628 3.05
      vertex 6.1777 45.6907 3.05
    endloop
  endfacet
  facet normal -0.156785 -0.987633 -0
    outer loop
      vertex 6.35345 45.6628 3.05
      vertex 6.1777 45.6907 0
      vertex 6.35345 45.6628 0
    endloop
  endfacet
  facet normal -0.890938 0.454125 9.87599e-19
    outer loop
      vertex 7.47224 43.15 0
      vertex 7.55303 43.3085 3.05
      vertex 7.55303 43.3085 0
    endloop
  endfacet
  facet normal -0.890938 0.454125 9.87599e-19
    outer loop
      vertex 7.55303 43.3085 3.05
      vertex 7.47224 43.15 0
      vertex 7.47224 43.15 3.05
    endloop
  endfacet
  facet normal 0.156785 -0.987633 0
    outer loop
      vertex 5.64655 45.6628 0
      vertex 5.8223 45.6907 3.05
      vertex 5.64655 45.6628 3.05
    endloop
  endfacet
  facet normal 0.156785 -0.987633 0
    outer loop
      vertex 5.8223 45.6907 3.05
      vertex 5.64655 45.6628 0
      vertex 5.8223 45.6907 0
    endloop
  endfacet
  facet normal -0.890938 -0.454125 -9.87599e-19
    outer loop
      vertex 7.55303 44.6915 0
      vertex 7.47224 44.85 3.05
      vertex 7.47224 44.85 0
    endloop
  endfacet
  facet normal -0.890938 -0.454125 -9.87599e-19
    outer loop
      vertex 7.47224 44.85 3.05
      vertex 7.55303 44.6915 0
      vertex 7.55303 44.6915 3.05
    endloop
  endfacet
  facet normal -0.544595 -0.838699 0
    outer loop
      vertex 6.85 45.4722 0
      vertex 6.99923 45.3753 3.05
      vertex 6.85 45.4722 3.05
    endloop
  endfacet
  facet normal -0.544595 -0.838699 -0
    outer loop
      vertex 6.99923 45.3753 3.05
      vertex 6.85 45.4722 0
      vertex 6.99923 45.3753 0
    endloop
  endfacet
  facet normal 0.0522639 -0.998633 0
    outer loop
      vertex 5.8223 45.6907 0
      vertex 6 45.7 3.05
      vertex 5.8223 45.6907 3.05
    endloop
  endfacet
  facet normal 0.0522639 -0.998633 0
    outer loop
      vertex 6 45.7 3.05
      vertex 5.8223 45.6907 0
      vertex 6 45.7 0
    endloop
  endfacet
  facet normal 0.890938 0.454125 -9.87599e-19
    outer loop
      vertex 4.52776 43.15 3.05
      vertex 4.44697 43.3085 0
      vertex 4.44697 43.3085 3.05
    endloop
  endfacet
  facet normal 0.890938 0.454125 -9.87599e-19
    outer loop
      vertex 4.44697 43.3085 0
      vertex 4.52776 43.15 3.05
      vertex 4.52776 43.15 0
    endloop
  endfacet
  facet normal -0.358527 0.933519 0
    outer loop
      vertex 6.69145 42.447 0
      vertex 6.52533 42.3832 3.05
      vertex 6.69145 42.447 3.05
    endloop
  endfacet
  facet normal -0.358527 0.933519 0
    outer loop
      vertex 6.52533 42.3832 3.05
      vertex 6.69145 42.447 0
      vertex 6.52533 42.3832 0
    endloop
  endfacet
  facet normal -0.987692 0.156413 -4.62768e-19
    outer loop
      vertex 7.66285 43.6465 0
      vertex 7.69069 43.8223 3.05
      vertex 7.69069 43.8223 0
    endloop
  endfacet
  facet normal -0.987692 0.156413 -4.62768e-19
    outer loop
      vertex 7.69069 43.8223 3.05
      vertex 7.66285 43.6465 0
      vertex 7.66285 43.6465 3.05
    endloop
  endfacet
  facet normal -0.99863 0.0523199 -1.82579e-19
    outer loop
      vertex 7.69069 43.8223 0
      vertex 7.7 44 3.05
      vertex 7.7 44 0
    endloop
  endfacet
  facet normal -0.99863 0.0523199 -1.82579e-19
    outer loop
      vertex 7.7 44 3.05
      vertex 7.69069 43.8223 0
      vertex 7.69069 43.8223 3.05
    endloop
  endfacet
  facet normal 0.987692 0.156413 4.62768e-19
    outer loop
      vertex 4.33715 43.6465 3.05
      vertex 4.30931 43.8223 0
      vertex 4.30931 43.8223 3.05
    endloop
  endfacet
  facet normal 0.987692 0.156413 4.62768e-19
    outer loop
      vertex 4.30931 43.8223 0
      vertex 4.33715 43.6465 3.05
      vertex 4.33715 43.6465 0
    endloop
  endfacet
  facet normal -0.0522639 0.998633 0
    outer loop
      vertex 6.1777 42.3093 0
      vertex 6 42.3 3.05
      vertex 6.1777 42.3093 3.05
    endloop
  endfacet
  facet normal -0.0522639 0.998633 0
    outer loop
      vertex 6 42.3 3.05
      vertex 6.1777 42.3093 0
      vertex 6 42.3 0
    endloop
  endfacet
  facet normal 0.838623 -0.544712 8.58867e-20
    outer loop
      vertex 4.52776 44.85 3.05
      vertex 4.62467 44.9992 0
      vertex 4.62467 44.9992 3.05
    endloop
  endfacet
  facet normal 0.838623 -0.544712 8.58867e-20
    outer loop
      vertex 4.62467 44.9992 0
      vertex 4.52776 44.85 3.05
      vertex 4.52776 44.85 0
    endloop
  endfacet
  facet normal 0.54457 -0.838716 0
    outer loop
      vertex 5.00076 45.3753 0
      vertex 5.15 45.4722 3.05
      vertex 5.00076 45.3753 3.05
    endloop
  endfacet
  facet normal 0.54457 -0.838716 0
    outer loop
      vertex 5.15 45.4722 3.05
      vertex 5.00076 45.3753 0
      vertex 5.15 45.4722 0
    endloop
  endfacet
  facet normal 0 0 -1
    outer loop
      vertex 7.69069 43.8223 3.05
      vertex 7.69069 44.1777 3.05
      vertex 7.7 44 3.05
    endloop
  endfacet
  facet normal 0 0 -1
    outer loop
      vertex 7.66285 43.6465 3.05
      vertex 7.69069 44.1777 3.05
      vertex 7.69069 43.8223 3.05
    endloop
  endfacet
  facet normal 0 0 -1
    outer loop
      vertex 7.66285 43.6465 3.05
      vertex 7.66285 44.3535 3.05
      vertex 7.69069 44.1777 3.05
    endloop
  endfacet
  facet normal 0 0 -1
    outer loop
      vertex 7.6168 43.4747 3.05
      vertex 7.66285 44.3535 3.05
      vertex 7.66285 43.6465 3.05
    endloop
  endfacet
  facet normal 0 0 -1
    outer loop
      vertex 7.6168 43.4747 3.05
      vertex 7.6168 44.5253 3.05
      vertex 7.66285 44.3535 3.05
    endloop
  endfacet
  facet normal 0 0 -1
    outer loop
      vertex 7.55303 43.3085 3.05
      vertex 7.6168 44.5253 3.05
      vertex 7.6168 43.4747 3.05
    endloop
  endfacet
  facet normal 0 0 -1
    outer loop
      vertex 7.55303 43.3085 3.05
      vertex 7.55303 44.6915 3.05
      vertex 7.6168 44.5253 3.05
    endloop
  endfacet
  facet normal 0 0 -1
    outer loop
      vertex 7.47224 43.15 3.05
      vertex 7.55303 44.6915 3.05
      vertex 7.55303 43.3085 3.05
    endloop
  endfacet
  facet normal 0 0 -1
    outer loop
      vertex 7.47224 43.15 3.05
      vertex 7.47224 44.85 3.05
      vertex 7.55303 44.6915 3.05
    endloop
  endfacet
  facet normal 0 0 -1
    outer loop
      vertex 7.37533 43.0008 3.05
      vertex 7.47224 44.85 3.05
      vertex 7.47224 43.15 3.05
    endloop
  endfacet
  facet normal 0 0 -1
    outer loop
      vertex 7.37533 43.0008 3.05
      vertex 7.37533 44.9992 3.05
      vertex 7.47224 44.85 3.05
    endloop
  endfacet
  facet normal 0 0 -1
    outer loop
      vertex 7.26335 42.8625 3.05
      vertex 7.37533 44.9992 3.05
      vertex 7.37533 43.0008 3.05
    endloop
  endfacet
  facet normal 0 0 -1
    outer loop
      vertex 7.26335 42.8625 3.05
      vertex 7.26335 45.1375 3.05
      vertex 7.37533 44.9992 3.05
    endloop
  endfacet
  facet normal 0 0 -1
    outer loop
      vertex 7.13752 42.7367 3.05
      vertex 7.26335 45.1375 3.05
      vertex 7.26335 42.8625 3.05
    endloop
  endfacet
  facet normal 0 0 -1
    outer loop
      vertex 7.13752 42.7367 3.05
      vertex 7.13752 45.2633 3.05
      vertex 7.26335 45.1375 3.05
    endloop
  endfacet
  facet normal 0 0 -1
    outer loop
      vertex 6.99923 42.6247 3.05
      vertex 7.13752 45.2633 3.05
      vertex 7.13752 42.7367 3.05
    endloop
  endfacet
  facet normal 0 0 -1
    outer loop
      vertex 6.99923 42.6247 3.05
      vertex 6.99923 45.3753 3.05
      vertex 7.13752 45.2633 3.05
    endloop
  endfacet
  facet normal 0 0 -1
    outer loop
      vertex 6.85 42.5278 3.05
      vertex 6.99923 45.3753 3.05
      vertex 6.99923 42.6247 3.05
    endloop
  endfacet
  facet normal 0 0 -1
    outer loop
      vertex 6.85 42.5278 3.05
      vertex 6.85 45.4722 3.05
      vertex 6.99923 45.3753 3.05
    endloop
  endfacet
  facet normal 0 0 -1
    outer loop
      vertex 6.69145 42.447 3.05
      vertex 6.85 45.4722 3.05
      vertex 6.85 42.5278 3.05
    endloop
  endfacet
  facet normal 0 0 -1
    outer loop
      vertex 6.69145 42.447 3.05
      vertex 6.69145 45.553 3.05
      vertex 6.85 45.4722 3.05
    endloop
  endfacet
  facet normal 0 0 -1
    outer loop
      vertex 6.52533 42.3832 3.05
      vertex 6.69145 45.553 3.05
      vertex 6.69145 42.447 3.05
    endloop
  endfacet
  facet normal 0 0 -1
    outer loop
      vertex 6.52533 42.3832 3.05
      vertex 6.52533 45.6168 3.05
      vertex 6.69145 45.553 3.05
    endloop
  endfacet
  facet normal 0 0 -1
    outer loop
      vertex 6.35345 42.3372 3.05
      vertex 6.52533 45.6168 3.05
      vertex 6.52533 42.3832 3.05
    endloop
  endfacet
  facet normal 0 0 -1
    outer loop
      vertex 6.35345 42.3372 3.05
      vertex 6.35345 45.6628 3.05
      vertex 6.52533 45.6168 3.05
    endloop
  endfacet
  facet normal 0 0 -1
    outer loop
      vertex 6.1777 42.3093 3.05
      vertex 6.35345 45.6628 3.05
      vertex 6.35345 42.3372 3.05
    endloop
  endfacet
  facet normal 0 0 -1
    outer loop
      vertex 6.1777 42.3093 3.05
      vertex 6.1777 45.6907 3.05
      vertex 6.35345 45.6628 3.05
    endloop
  endfacet
  facet normal 0 0 -1
    outer loop
      vertex 6 42.3 3.05
      vertex 6.1777 45.6907 3.05
      vertex 6.1777 42.3093 3.05
    endloop
  endfacet
  facet normal 0 0 -1
    outer loop
      vertex 6 42.3 3.05
      vertex 6 45.7 3.05
      vertex 6.1777 45.6907 3.05
    endloop
  endfacet
  facet normal 0 0 -1
    outer loop
      vertex 5.8223 42.3093 3.05
      vertex 6 45.7 3.05
      vertex 6 42.3 3.05
    endloop
  endfacet
  facet normal 0 0 -1
    outer loop
      vertex 5.8223 42.3093 3.05
      vertex 5.8223 45.6907 3.05
      vertex 6 45.7 3.05
    endloop
  endfacet
  facet normal 0 0 -1
    outer loop
      vertex 5.64655 42.3372 3.05
      vertex 5.8223 45.6907 3.05
      vertex 5.8223 42.3093 3.05
    endloop
  endfacet
  facet normal 0 0 -1
    outer loop
      vertex 5.64655 42.3372 3.05
      vertex 5.64655 45.6628 3.05
      vertex 5.8223 45.6907 3.05
    endloop
  endfacet
  facet normal 0 0 -1
    outer loop
      vertex 5.47467 42.3832 3.05
      vertex 5.64655 45.6628 3.05
      vertex 5.64655 42.3372 3.05
    endloop
  endfacet
  facet normal 0 0 -1
    outer loop
      vertex 5.47467 42.3832 3.05
      vertex 5.47467 45.6168 3.05
      vertex 5.64655 45.6628 3.05
    endloop
  endfacet
  facet normal 0 0 -1
    outer loop
      vertex 5.30855 42.447 3.05
      vertex 5.47467 45.6168 3.05
      vertex 5.47467 42.3832 3.05
    endloop
  endfacet
  facet normal 0 0 -1
    outer loop
      vertex 5.30855 42.447 3.05
      vertex 5.30855 45.553 3.05
      vertex 5.47467 45.6168 3.05
    endloop
  endfacet
  facet normal 0 0 -1
    outer loop
      vertex 5.15 42.5278 3.05
      vertex 5.30855 45.553 3.05
      vertex 5.30855 42.447 3.05
    endloop
  endfacet
  facet normal 0 0 -1
    outer loop
      vertex 5.15 42.5278 3.05
      vertex 5.15 45.4722 3.05
      vertex 5.30855 45.553 3.05
    endloop
  endfacet
  facet normal 0 0 -1
    outer loop
      vertex 5.00076 42.6247 3.05
      vertex 5.15 45.4722 3.05
      vertex 5.15 42.5278 3.05
    endloop
  endfacet
  facet normal 0 0 -1
    outer loop
      vertex 5.00076 42.6247 3.05
      vertex 5.00076 45.3753 3.05
      vertex 5.15 45.4722 3.05
    endloop
  endfacet
  facet normal 0 0 -1
    outer loop
      vertex 4.86248 42.7367 3.05
      vertex 5.00076 45.3753 3.05
      vertex 5.00076 42.6247 3.05
    endloop
  endfacet
  facet normal 0 0 -1
    outer loop
      vertex 4.86248 42.7367 3.05
      vertex 4.86248 45.2633 3.05
      vertex 5.00076 45.3753 3.05
    endloop
  endfacet
  facet normal 0 0 -1
    outer loop
      vertex 4.73665 42.8625 3.05
      vertex 4.86248 45.2633 3.05
      vertex 4.86248 42.7367 3.05
    endloop
  endfacet
  facet normal 0 0 -1
    outer loop
      vertex 4.73665 42.8625 3.05
      vertex 4.73665 45.1375 3.05
      vertex 4.86248 45.2633 3.05
    endloop
  endfacet
  facet normal 0 0 -1
    outer loop
      vertex 4.62467 43.0008 3.05
      vertex 4.73665 45.1375 3.05
      vertex 4.73665 42.8625 3.05
    endloop
  endfacet
  facet normal 0 0 -1
    outer loop
      vertex 4.62467 43.0008 3.05
      vertex 4.62467 44.9992 3.05
      vertex 4.73665 45.1375 3.05
    endloop
  endfacet
  facet normal 0 0 -1
    outer loop
      vertex 4.52776 43.15 3.05
      vertex 4.62467 44.9992 3.05
      vertex 4.62467 43.0008 3.05
    endloop
  endfacet
  facet normal 0 0 -1
    outer loop
      vertex 4.52776 43.15 3.05
      vertex 4.52776 44.85 3.05
      vertex 4.62467 44.9992 3.05
    endloop
  endfacet
  facet normal 0 0 -1
    outer loop
      vertex 4.44697 43.3085 3.05
      vertex 4.52776 44.85 3.05
      vertex 4.52776 43.15 3.05
    endloop
  endfacet
  facet normal 0 0 -1
    outer loop
      vertex 4.44697 43.3085 3.05
      vertex 4.44697 44.6915 3.05
      vertex 4.52776 44.85 3.05
    endloop
  endfacet
  facet normal 0 0 -1
    outer loop
      vertex 4.3832 43.4747 3.05
      vertex 4.44697 44.6915 3.05
      vertex 4.44697 43.3085 3.05
    endloop
  endfacet
  facet normal 0 0 -1
    outer loop
      vertex 4.3832 43.4747 3.05
      vertex 4.3832 44.5253 3.05
      vertex 4.44697 44.6915 3.05
    endloop
  endfacet
  facet normal 0 0 -1
    outer loop
      vertex 4.33715 43.6465 3.05
      vertex 4.3832 44.5253 3.05
      vertex 4.3832 43.4747 3.05
    endloop
  endfacet
  facet normal 0 0 -1
    outer loop
      vertex 4.33715 43.6465 3.05
      vertex 4.33715 44.3535 3.05
      vertex 4.3832 44.5253 3.05
    endloop
  endfacet
  facet normal 0 0 -1
    outer loop
      vertex 4.30931 43.8223 3.05
      vertex 4.33715 44.3535 3.05
      vertex 4.33715 43.6465 3.05
    endloop
  endfacet
  facet normal 0 0 -1
    outer loop
      vertex 4.30931 43.8223 3.05
      vertex 4.30931 44.1777 3.05
      vertex 4.33715 44.3535 3.05
    endloop
  endfacet
  facet normal 0 -0 -1
    outer loop
      vertex 4.30931 44.1777 3.05
      vertex 4.30931 43.8223 3.05
      vertex 4.3 44 3.05
    endloop
  endfacet
  facet normal -0.965903 -0.258905 1.36584e-18
    outer loop
      vertex 7.66285 44.3535 0
      vertex 7.6168 44.5253 3.05
      vertex 7.6168 44.5253 0
    endloop
  endfacet
  facet normal -0.965903 -0.258905 1.36584e-18
    outer loop
      vertex 7.6168 44.5253 3.05
      vertex 7.66285 44.3535 0
      vertex 7.66285 44.3535 3.05
    endloop
  endfacet
  facet normal 0.0522639 0.998633 -0
    outer loop
      vertex 6 42.3 0
      vertex 5.8223 42.3093 3.05
      vertex 6 42.3 3.05
    endloop
  endfacet
  facet normal 0.0522639 0.998633 0
    outer loop
      vertex 5.8223 42.3093 3.05
      vertex 6 42.3 0
      vertex 5.8223 42.3093 0
    endloop
  endfacet
  facet normal -0.707022 -0.707191 -1.36277e-18
    outer loop
      vertex 7.26335 45.1375 0
      vertex 7.13752 45.2633 3.05
      vertex 7.13752 45.2633 0
    endloop
  endfacet
  facet normal -0.707022 -0.707191 -1.36277e-18
    outer loop
      vertex 7.13752 45.2633 3.05
      vertex 7.26335 45.1375 0
      vertex 7.26335 45.1375 3.05
    endloop
  endfacet
  facet normal 0.358527 0.933519 -0
    outer loop
      vertex 5.47467 42.3832 0
      vertex 5.30855 42.447 3.05
      vertex 5.47467 42.3832 3.05
    endloop
  endfacet
  facet normal 0.358527 0.933519 0
    outer loop
      vertex 5.30855 42.447 3.05
      vertex 5.47467 42.3832 0
      vertex 5.30855 42.447 0
    endloop
  endfacet
  facet normal -0.707022 0.707191 1.36277e-18
    outer loop
      vertex 7.13752 42.7367 0
      vertex 7.26335 42.8625 3.05
      vertex 7.26335 42.8625 0
    endloop
  endfacet
  facet normal -0.707022 0.707191 1.36277e-18
    outer loop
      vertex 7.26335 42.8625 3.05
      vertex 7.13752 42.7367 0
      vertex 7.13752 42.7367 3.05
    endloop
  endfacet
  facet normal 0.987692 -0.156413 -4.62768e-19
    outer loop
      vertex 4.30931 44.1777 3.05
      vertex 4.33715 44.3535 0
      vertex 4.33715 44.3535 3.05
    endloop
  endfacet
  facet normal 0.987692 -0.156413 -4.62768e-19
    outer loop
      vertex 4.33715 44.3535 0
      vertex 4.30931 44.1777 3.05
      vertex 4.30931 44.1777 0
    endloop
  endfacet
  facet normal 0.454056 0.890973 -0
    outer loop
      vertex 5.30855 42.447 0
      vertex 5.15 42.5278 3.05
      vertex 5.30855 42.447 3.05
    endloop
  endfacet
  facet normal 0.454056 0.890973 0
    outer loop
      vertex 5.15 42.5278 3.05
      vertex 5.30855 42.447 0
      vertex 5.15 42.5278 0
    endloop
  endfacet
  facet normal 0.777182 0.629276 6.76941e-19
    outer loop
      vertex 4.73665 42.8625 3.05
      vertex 4.62467 43.0008 0
      vertex 4.62467 43.0008 3.05
    endloop
  endfacet
  facet normal 0.777182 0.629276 6.76941e-19
    outer loop
      vertex 4.62467 43.0008 0
      vertex 4.73665 42.8625 3.05
      vertex 4.73665 42.8625 0
    endloop
  endfacet
  facet normal 0.629399 0.777083 -0
    outer loop
      vertex 5.00076 42.6247 0
      vertex 4.86248 42.7367 3.05
      vertex 5.00076 42.6247 3.05
    endloop
  endfacet
  facet normal 0.629399 0.777083 0
    outer loop
      vertex 4.86248 42.7367 3.05
      vertex 5.00076 42.6247 0
      vertex 4.86248 42.7367 0
    endloop
  endfacet
  facet normal 0.156785 0.987633 -0
    outer loop
      vertex 5.8223 42.3093 0
      vertex 5.64655 42.3372 3.05
      vertex 5.8223 42.3093 3.05
    endloop
  endfacet
  facet normal 0.156785 0.987633 0
    outer loop
      vertex 5.64655 42.3372 3.05
      vertex 5.8223 42.3093 0
      vertex 5.64655 42.3372 0
    endloop
  endfacet
  facet normal 0.54457 0.838716 -0
    outer loop
      vertex 5.15 42.5278 0
      vertex 5.00076 42.6247 3.05
      vertex 5.15 42.5278 3.05
    endloop
  endfacet
  facet normal 0.54457 0.838716 0
    outer loop
      vertex 5.00076 42.6247 3.05
      vertex 5.15 42.5278 0
      vertex 5.00076 42.6247 0
    endloop
  endfacet
  facet normal -0.454056 0.890973 0
    outer loop
      vertex 6.85 42.5278 0
      vertex 6.69145 42.447 3.05
      vertex 6.85 42.5278 3.05
    endloop
  endfacet
  facet normal -0.454056 0.890973 0
    outer loop
      vertex 6.69145 42.447 3.05
      vertex 6.85 42.5278 0
      vertex 6.69145 42.447 0
    endloop
  endfacet
  facet normal -0.629371 0.777105 0
    outer loop
      vertex 7.13752 42.7367 0
      vertex 6.99923 42.6247 3.05
      vertex 7.13752 42.7367 3.05
    endloop
  endfacet
  facet normal -0.629371 0.777105 0
    outer loop
      vertex 6.99923 42.6247 3.05
      vertex 7.13752 42.7367 0
      vertex 6.99923 42.6247 0
    endloop
  endfacet
  facet normal 0.838623 0.544712 -8.58867e-20
    outer loop
      vertex 4.62467 43.0008 3.05
      vertex 4.52776 43.15 0
      vertex 4.52776 43.15 3.05
    endloop
  endfacet
  facet normal 0.838623 0.544712 -8.58867e-20
    outer loop
      vertex 4.52776 43.15 0
      vertex 4.62467 43.0008 3.05
      vertex 4.62467 43.0008 0
    endloop
  endfacet
  facet normal 0.99863 -0.0523199 -1.82579e-19
    outer loop
      vertex 4.3 44 3.05
      vertex 4.30931 44.1777 0
      vertex 4.30931 44.1777 3.05
    endloop
  endfacet
  facet normal 0.99863 -0.0523199 -1.82579e-19
    outer loop
      vertex 4.30931 44.1777 0
      vertex 4.3 44 3.05
      vertex 4.3 44 0
    endloop
  endfacet
  facet normal 0.890938 -0.454125 9.87599e-19
    outer loop
      vertex 4.44697 44.6915 3.05
      vertex 4.52776 44.85 0
      vertex 4.52776 44.85 3.05
    endloop
  endfacet
  facet normal 0.890938 -0.454125 9.87599e-19
    outer loop
      vertex 4.52776 44.85 0
      vertex 4.44697 44.6915 3.05
      vertex 4.44697 44.6915 0
    endloop
  endfacet
  facet normal 0.933633 -0.35823 -4.33586e-19
    outer loop
      vertex 4.3832 44.5253 3.05
      vertex 4.44697 44.6915 0
      vertex 4.44697 44.6915 3.05
    endloop
  endfacet
  facet normal 0.933633 -0.35823 -4.33586e-19
    outer loop
      vertex 4.44697 44.6915 0
      vertex 4.3832 44.5253 3.05
      vertex 4.3832 44.5253 0
    endloop
  endfacet
  facet normal 0.777105 0.629371 -5.40593e-19
    outer loop
      vertex 17.3067 -5.13752 3.05
      vertex 17.1947 -4.99923 0
      vertex 17.1947 -4.99923 3.05
    endloop
  endfacet
  facet normal 0.777105 0.629371 -5.40593e-19
    outer loop
      vertex 17.1947 -4.99923 0
      vertex 17.3067 -5.13752 3.05
      vertex 17.3067 -5.13752 0
    endloop
  endfacet
  facet normal -0.987633 -0.156785 -2.30616e-19
    outer loop
      vertex 20.2607 -3.8223 0
      vertex 20.2328 -3.64655 3.05
      vertex 20.2328 -3.64655 0
    endloop
  endfacet
  facet normal -0.987633 -0.156785 -2.30616e-19
    outer loop
      vertex 20.2328 -3.64655 3.05
      vertex 20.2607 -3.8223 0
      vertex 20.2607 -3.8223 3.05
    endloop
  endfacet
  facet normal -0.998633 -0.0522639 -9.93935e-20
    outer loop
      vertex 20.27 -4 0
      vertex 20.2607 -3.8223 3.05
      vertex 20.2607 -3.8223 0
    endloop
  endfacet
  facet normal -0.998633 -0.0522639 -9.93935e-20
    outer loop
      vertex 20.2607 -3.8223 3.05
      vertex 20.27 -4 0
      vertex 20.27 -4 3.05
    endloop
  endfacet
  facet normal -0.966003 -0.25853 7.47364e-19
    outer loop
      vertex 20.2328 -3.64655 0
      vertex 20.1868 -3.47467 3.05
      vertex 20.1868 -3.47467 0
    endloop
  endfacet
  facet normal -0.966003 -0.25853 7.47364e-19
    outer loop
      vertex 20.1868 -3.47467 3.05
      vertex 20.2328 -3.64655 0
      vertex 20.2328 -3.64655 3.05
    endloop
  endfacet
  facet normal -0.258905 0.965903 0
    outer loop
      vertex 19.0953 -5.6168 0
      vertex 18.9235 -5.66285 3.05
      vertex 19.0953 -5.6168 3.05
    endloop
  endfacet
  facet normal -0.258905 0.965903 0
    outer loop
      vertex 18.9235 -5.66285 3.05
      vertex 19.0953 -5.6168 0
      vertex 18.9235 -5.66285 0
    endloop
  endfacet
  facet normal -0.35823 -0.933633 0
    outer loop
      vertex 19.0953 -2.3832 0
      vertex 19.2615 -2.44697 3.05
      vertex 19.0953 -2.3832 3.05
    endloop
  endfacet
  facet normal -0.35823 -0.933633 -0
    outer loop
      vertex 19.2615 -2.44697 3.05
      vertex 19.0953 -2.3832 0
      vertex 19.2615 -2.44697 0
    endloop
  endfacet
  facet normal -0.258905 -0.965903 0
    outer loop
      vertex 18.9235 -2.33715 0
      vertex 19.0953 -2.3832 3.05
      vertex 18.9235 -2.33715 3.05
    endloop
  endfacet
  facet normal -0.258905 -0.965903 -0
    outer loop
      vertex 19.0953 -2.3832 3.05
      vertex 18.9235 -2.33715 0
      vertex 19.0953 -2.3832 0
    endloop
  endfacet
  facet normal -0.707191 -0.707022 -1.05795e-18
    outer loop
      vertex 19.8333 -2.86248 0
      vertex 19.7075 -2.73665 3.05
      vertex 19.7075 -2.73665 0
    endloop
  endfacet
  facet normal -0.707191 -0.707022 -1.05795e-18
    outer loop
      vertex 19.7075 -2.73665 3.05
      vertex 19.8333 -2.86248 0
      vertex 19.8333 -2.86248 3.05
    endloop
  endfacet
  facet normal 0.0523199 0.99863 -0
    outer loop
      vertex 18.57 -5.7 0
      vertex 18.3923 -5.69069 3.05
      vertex 18.57 -5.7 3.05
    endloop
  endfacet
  facet normal 0.0523199 0.99863 0
    outer loop
      vertex 18.3923 -5.69069 3.05
      vertex 18.57 -5.7 0
      vertex 18.3923 -5.69069 0
    endloop
  endfacet
  facet normal -0.998633 0.0522639 8.08549e-20
    outer loop
      vertex 20.2607 -4.1777 0
      vertex 20.27 -4 3.05
      vertex 20.27 -4 0
    endloop
  endfacet
  facet normal -0.998633 0.0522639 8.08549e-20
    outer loop
      vertex 20.27 -4 3.05
      vertex 20.2607 -4.1777 0
      vertex 20.2607 -4.1777 3.05
    endloop
  endfacet
  facet normal 0.156413 -0.987692 0
    outer loop
      vertex 18.2165 -2.33715 0
      vertex 18.3923 -2.30931 3.05
      vertex 18.2165 -2.33715 3.05
    endloop
  endfacet
  facet normal 0.156413 -0.987692 0
    outer loop
      vertex 18.3923 -2.30931 3.05
      vertex 18.2165 -2.33715 0
      vertex 18.3923 -2.30931 0
    endloop
  endfacet
  facet normal -0.777083 -0.629399 -1.41532e-18
    outer loop
      vertex 19.9453 -3.00076 0
      vertex 19.8333 -2.86248 3.05
      vertex 19.8333 -2.86248 0
    endloop
  endfacet
  facet normal -0.777083 -0.629399 -1.41532e-18
    outer loop
      vertex 19.8333 -2.86248 3.05
      vertex 19.9453 -3.00076 0
      vertex 19.9453 -3.00076 3.05
    endloop
  endfacet
  facet normal -0.890973 0.454056 -8.24002e-19
    outer loop
      vertex 20.0422 -4.85 0
      vertex 20.123 -4.69145 3.05
      vertex 20.123 -4.69145 0
    endloop
  endfacet
  facet normal -0.890973 0.454056 -8.24002e-19
    outer loop
      vertex 20.123 -4.69145 3.05
      vertex 20.0422 -4.85 0
      vertex 20.0422 -4.85 3.05
    endloop
  endfacet
  facet normal 0.454125 -0.890938 0
    outer loop
      vertex 17.72 -2.52776 0
      vertex 17.8785 -2.44697 3.05
      vertex 17.72 -2.52776 3.05
    endloop
  endfacet
  facet normal 0.454125 -0.890938 0
    outer loop
      vertex 17.8785 -2.44697 3.05
      vertex 17.72 -2.52776 0
      vertex 17.8785 -2.44697 0
    endloop
  endfacet
  facet normal -0.629276 -0.777182 0
    outer loop
      vertex 19.5692 -2.62467 0
      vertex 19.7075 -2.73665 3.05
      vertex 19.5692 -2.62467 3.05
    endloop
  endfacet
  facet normal -0.629276 -0.777182 -0
    outer loop
      vertex 19.7075 -2.73665 3.05
      vertex 19.5692 -2.62467 0
      vertex 19.7075 -2.73665 0
    endloop
  endfacet
  facet normal -0.933519 -0.358527 -1.28699e-18
    outer loop
      vertex 20.1868 -3.47467 0
      vertex 20.123 -3.30855 3.05
      vertex 20.123 -3.30855 0
    endloop
  endfacet
  facet normal -0.933519 -0.358527 -1.28699e-18
    outer loop
      vertex 20.123 -3.30855 3.05
      vertex 20.1868 -3.47467 0
      vertex 20.1868 -3.47467 3.05
    endloop
  endfacet
  facet normal -0.890973 -0.454056 8.24002e-19
    outer loop
      vertex 20.123 -3.30855 0
      vertex 20.0422 -3.15 3.05
      vertex 20.0422 -3.15 0
    endloop
  endfacet
  facet normal -0.890973 -0.454056 8.24002e-19
    outer loop
      vertex 20.0422 -3.15 3.05
      vertex 20.123 -3.30855 0
      vertex 20.123 -3.30855 3.05
    endloop
  endfacet
  facet normal -0.966003 0.25853 1.01714e-18
    outer loop
      vertex 20.1868 -4.52533 0
      vertex 20.2328 -4.35345 3.05
      vertex 20.2328 -4.35345 0
    endloop
  endfacet
  facet normal -0.966003 0.25853 1.01714e-18
    outer loop
      vertex 20.2328 -4.35345 3.05
      vertex 20.1868 -4.52533 0
      vertex 20.1868 -4.52533 3.05
    endloop
  endfacet
  facet normal -0.454125 -0.890938 0
    outer loop
      vertex 19.2615 -2.44697 0
      vertex 19.42 -2.52776 3.05
      vertex 19.2615 -2.44697 3.05
    endloop
  endfacet
  facet normal -0.454125 -0.890938 -0
    outer loop
      vertex 19.42 -2.52776 3.05
      vertex 19.2615 -2.44697 0
      vertex 19.42 -2.52776 0
    endloop
  endfacet
  facet normal 0.544712 -0.838623 0
    outer loop
      vertex 17.5708 -2.62467 0
      vertex 17.72 -2.52776 3.05
      vertex 17.5708 -2.62467 3.05
    endloop
  endfacet
  facet normal 0.544712 -0.838623 0
    outer loop
      vertex 17.72 -2.52776 3.05
      vertex 17.5708 -2.62467 0
      vertex 17.72 -2.52776 0
    endloop
  endfacet
  facet normal 0.629276 0.777182 -0
    outer loop
      vertex 17.5708 -5.37533 0
      vertex 17.4325 -5.26335 3.05
      vertex 17.5708 -5.37533 3.05
    endloop
  endfacet
  facet normal 0.629276 0.777182 0
    outer loop
      vertex 17.4325 -5.26335 3.05
      vertex 17.5708 -5.37533 0
      vertex 17.4325 -5.26335 0
    endloop
  endfacet
  facet normal 0.998633 -0.0522639 9.93935e-20
    outer loop
      vertex 16.87 -4 3.05
      vertex 16.8793 -3.8223 0
      vertex 16.8793 -3.8223 3.05
    endloop
  endfacet
  facet normal 0.998633 -0.0522639 9.93935e-20
    outer loop
      vertex 16.8793 -3.8223 0
      vertex 16.87 -4 3.05
      vertex 16.87 -4 0
    endloop
  endfacet
  facet normal -0.156413 0.987692 0
    outer loop
      vertex 18.9235 -5.66285 0
      vertex 18.7477 -5.69069 3.05
      vertex 18.9235 -5.66285 3.05
    endloop
  endfacet
  facet normal -0.156413 0.987692 0
    outer loop
      vertex 18.7477 -5.69069 3.05
      vertex 18.9235 -5.66285 0
      vertex 18.7477 -5.69069 0
    endloop
  endfacet
  facet normal 0.98772 0.156237 -7.91289e-20
    outer loop
      vertex 16.9071 -4.35345 3.05
      vertex 16.8793 -4.1777 0
      vertex 16.8793 -4.1777 3.05
    endloop
  endfacet
  facet normal 0.98772 0.156237 -7.91289e-20
    outer loop
      vertex 16.8793 -4.1777 0
      vertex 16.9071 -4.35345 3.05
      vertex 16.9071 -4.35345 0
    endloop
  endfacet
  facet normal 0.258905 0.965903 -0
    outer loop
      vertex 18.2165 -5.66285 0
      vertex 18.0447 -5.6168 3.05
      vertex 18.2165 -5.66285 3.05
    endloop
  endfacet
  facet normal 0.258905 0.965903 0
    outer loop
      vertex 18.0447 -5.6168 3.05
      vertex 18.2165 -5.66285 0
      vertex 18.0447 -5.6168 0
    endloop
  endfacet
  facet normal 0.35823 -0.933633 0
    outer loop
      vertex 17.8785 -2.44697 0
      vertex 18.0447 -2.3832 3.05
      vertex 17.8785 -2.44697 3.05
    endloop
  endfacet
  facet normal 0.35823 -0.933633 0
    outer loop
      vertex 18.0447 -2.3832 3.05
      vertex 17.8785 -2.44697 0
      vertex 18.0447 -2.3832 0
    endloop
  endfacet
  facet normal -0.0523199 -0.99863 0
    outer loop
      vertex 18.57 -2.3 0
      vertex 18.7477 -2.30931 3.05
      vertex 18.57 -2.3 3.05
    endloop
  endfacet
  facet normal -0.0523199 -0.99863 -0
    outer loop
      vertex 18.7477 -2.30931 3.05
      vertex 18.57 -2.3 0
      vertex 18.7477 -2.30931 0
    endloop
  endfacet
  facet normal -0.454125 0.890938 0
    outer loop
      vertex 19.42 -5.47224 0
      vertex 19.2615 -5.55303 3.05
      vertex 19.42 -5.47224 3.05
    endloop
  endfacet
  facet normal -0.454125 0.890938 0
    outer loop
      vertex 19.2615 -5.55303 3.05
      vertex 19.42 -5.47224 0
      vertex 19.2615 -5.55303 0
    endloop
  endfacet
  facet normal -0.987633 0.156785 2.30616e-19
    outer loop
      vertex 20.2328 -4.35345 0
      vertex 20.2607 -4.1777 3.05
      vertex 20.2607 -4.1777 0
    endloop
  endfacet
  facet normal -0.987633 0.156785 2.30616e-19
    outer loop
      vertex 20.2607 -4.1777 3.05
      vertex 20.2328 -4.35345 0
      vertex 20.2328 -4.35345 3.05
    endloop
  endfacet
  facet normal 0.156413 0.987692 -0
    outer loop
      vertex 18.3923 -5.69069 0
      vertex 18.2165 -5.66285 3.05
      vertex 18.3923 -5.69069 3.05
    endloop
  endfacet
  facet normal 0.156413 0.987692 0
    outer loop
      vertex 18.2165 -5.66285 3.05
      vertex 18.3923 -5.69069 0
      vertex 18.2165 -5.66285 0
    endloop
  endfacet
  facet normal -0.777105 0.629371 5.40593e-19
    outer loop
      vertex 19.8333 -5.13752 0
      vertex 19.9453 -4.99923 3.05
      vertex 19.9453 -4.99923 0
    endloop
  endfacet
  facet normal -0.777105 0.629371 5.40593e-19
    outer loop
      vertex 19.9453 -4.99923 3.05
      vertex 19.8333 -5.13752 0
      vertex 19.8333 -5.13752 3.05
    endloop
  endfacet
  facet normal 0.838716 -0.54457 1.27034e-18
    outer loop
      vertex 17.0978 -3.15 3.05
      vertex 17.1947 -3.00076 0
      vertex 17.1947 -3.00076 3.05
    endloop
  endfacet
  facet normal 0.838716 -0.54457 1.27034e-18
    outer loop
      vertex 17.1947 -3.00076 0
      vertex 17.0978 -3.15 3.05
      vertex 17.0978 -3.15 0
    endloop
  endfacet
  facet normal 0.98772 -0.156237 7.91289e-20
    outer loop
      vertex 16.8793 -3.8223 3.05
      vertex 16.9071 -3.64655 0
      vertex 16.9071 -3.64655 3.05
    endloop
  endfacet
  facet normal 0.98772 -0.156237 7.91289e-20
    outer loop
      vertex 16.9071 -3.64655 0
      vertex 16.8793 -3.8223 3.05
      vertex 16.8793 -3.8223 0
    endloop
  endfacet
  facet normal 0.777083 -0.629399 1.41532e-18
    outer loop
      vertex 17.1947 -3.00076 3.05
      vertex 17.3067 -2.86248 0
      vertex 17.3067 -2.86248 3.05
    endloop
  endfacet
  facet normal 0.777083 -0.629399 1.41532e-18
    outer loop
      vertex 17.3067 -2.86248 0
      vertex 17.1947 -3.00076 3.05
      vertex 17.1947 -3.00076 0
    endloop
  endfacet
  facet normal 0.965863 -0.259054 -2.99392e-19
    outer loop
      vertex 16.9071 -3.64655 3.05
      vertex 16.9532 -3.47467 0
      vertex 16.9532 -3.47467 3.05
    endloop
  endfacet
  facet normal 0.965863 -0.259054 -2.99392e-19
    outer loop
      vertex 16.9532 -3.47467 0
      vertex 16.9071 -3.64655 3.05
      vertex 16.9071 -3.64655 0
    endloop
  endfacet
  facet normal -0.544712 -0.838623 0
    outer loop
      vertex 19.42 -2.52776 0
      vertex 19.5692 -2.62467 3.05
      vertex 19.42 -2.52776 3.05
    endloop
  endfacet
  facet normal -0.544712 -0.838623 -0
    outer loop
      vertex 19.5692 -2.62467 3.05
      vertex 19.42 -2.52776 0
      vertex 19.5692 -2.62467 0
    endloop
  endfacet
  facet normal -0.629276 0.777182 0
    outer loop
      vertex 19.7075 -5.26335 0
      vertex 19.5692 -5.37533 3.05
      vertex 19.7075 -5.26335 3.05
    endloop
  endfacet
  facet normal -0.629276 0.777182 0
    outer loop
      vertex 19.5692 -5.37533 3.05
      vertex 19.7075 -5.26335 0
      vertex 19.5692 -5.37533 0
    endloop
  endfacet
  facet normal 0.707191 -0.707022 0
    outer loop
      vertex 17.3067 -2.86248 0
      vertex 17.4325 -2.73665 3.05
      vertex 17.3067 -2.86248 3.05
    endloop
  endfacet
  facet normal 0.707191 -0.707022 0
    outer loop
      vertex 17.4325 -2.73665 3.05
      vertex 17.3067 -2.86248 0
      vertex 17.4325 -2.73665 0
    endloop
  endfacet
  facet normal -0.838716 -0.54457 -1.27034e-18
    outer loop
      vertex 20.0422 -3.15 0
      vertex 19.9453 -3.00076 3.05
      vertex 19.9453 -3.00076 0
    endloop
  endfacet
  facet normal -0.838716 -0.54457 -1.27034e-18
    outer loop
      vertex 19.9453 -3.00076 3.05
      vertex 20.0422 -3.15 0
      vertex 20.0422 -3.15 3.05
    endloop
  endfacet
  facet normal 0.0523199 -0.99863 0
    outer loop
      vertex 18.3923 -2.30931 0
      vertex 18.57 -2.3 3.05
      vertex 18.3923 -2.30931 3.05
    endloop
  endfacet
  facet normal 0.0523199 -0.99863 0
    outer loop
      vertex 18.57 -2.3 3.05
      vertex 18.3923 -2.30931 0
      vertex 18.57 -2.3 0
    endloop
  endfacet
  facet normal 0.933519 -0.358527 1.28699e-18
    outer loop
      vertex 16.9532 -3.47467 3.05
      vertex 17.017 -3.30855 0
      vertex 17.017 -3.30855 3.05
    endloop
  endfacet
  facet normal 0.933519 -0.358527 1.28699e-18
    outer loop
      vertex 17.017 -3.30855 0
      vertex 16.9532 -3.47467 3.05
      vertex 16.9532 -3.47467 0
    endloop
  endfacet
  facet normal -0.544712 0.838623 0
    outer loop
      vertex 19.5692 -5.37533 0
      vertex 19.42 -5.47224 3.05
      vertex 19.5692 -5.37533 3.05
    endloop
  endfacet
  facet normal -0.544712 0.838623 0
    outer loop
      vertex 19.42 -5.47224 3.05
      vertex 19.5692 -5.37533 0
      vertex 19.42 -5.47224 0
    endloop
  endfacet
  facet normal 0.258905 -0.965903 0
    outer loop
      vertex 18.0447 -2.3832 0
      vertex 18.2165 -2.33715 3.05
      vertex 18.0447 -2.3832 3.05
    endloop
  endfacet
  facet normal 0.258905 -0.965903 0
    outer loop
      vertex 18.2165 -2.33715 3.05
      vertex 18.0447 -2.3832 0
      vertex 18.2165 -2.33715 0
    endloop
  endfacet
  facet normal -0.0523199 0.99863 0
    outer loop
      vertex 18.7477 -5.69069 0
      vertex 18.57 -5.7 3.05
      vertex 18.7477 -5.69069 3.05
    endloop
  endfacet
  facet normal -0.0523199 0.99863 0
    outer loop
      vertex 18.57 -5.7 3.05
      vertex 18.7477 -5.69069 0
      vertex 18.57 -5.7 0
    endloop
  endfacet
  facet normal 0.629276 -0.777182 0
    outer loop
      vertex 17.4325 -2.73665 0
      vertex 17.5708 -2.62467 3.05
      vertex 17.4325 -2.73665 3.05
    endloop
  endfacet
  facet normal 0.629276 -0.777182 0
    outer loop
      vertex 17.5708 -2.62467 3.05
      vertex 17.4325 -2.73665 0
      vertex 17.5708 -2.62467 0
    endloop
  endfacet
  facet normal -0.838699 0.544595 -1.54025e-18
    outer loop
      vertex 19.9453 -4.99923 0
      vertex 20.0422 -4.85 3.05
      vertex 20.0422 -4.85 0
    endloop
  endfacet
  facet normal -0.838699 0.544595 -1.54025e-18
    outer loop
      vertex 20.0422 -4.85 3.05
      vertex 19.9453 -4.99923 0
      vertex 19.9453 -4.99923 3.05
    endloop
  endfacet
  facet normal 0.454125 0.890938 -0
    outer loop
      vertex 17.8785 -5.55303 0
      vertex 17.72 -5.47224 3.05
      vertex 17.8785 -5.55303 3.05
    endloop
  endfacet
  facet normal 0.454125 0.890938 0
    outer loop
      vertex 17.72 -5.47224 3.05
      vertex 17.8785 -5.55303 0
      vertex 17.72 -5.47224 0
    endloop
  endfacet
  facet normal 0.998633 0.0522639 -8.08549e-20
    outer loop
      vertex 16.8793 -4.1777 3.05
      vertex 16.87 -4 0
      vertex 16.87 -4 3.05
    endloop
  endfacet
  facet normal 0.998633 0.0522639 -8.08549e-20
    outer loop
      vertex 16.87 -4 0
      vertex 16.8793 -4.1777 3.05
      vertex 16.8793 -4.1777 0
    endloop
  endfacet
  facet normal -0.933519 0.358527 -8.40387e-19
    outer loop
      vertex 20.123 -4.69145 0
      vertex 20.1868 -4.52533 3.05
      vertex 20.1868 -4.52533 0
    endloop
  endfacet
  facet normal -0.933519 0.358527 -8.40387e-19
    outer loop
      vertex 20.1868 -4.52533 3.05
      vertex 20.123 -4.69145 0
      vertex 20.123 -4.69145 3.05
    endloop
  endfacet
  facet normal 0.965863 0.259054 1.5676e-18
    outer loop
      vertex 16.9532 -4.52533 3.05
      vertex 16.9071 -4.35345 0
      vertex 16.9071 -4.35345 3.05
    endloop
  endfacet
  facet normal 0.965863 0.259054 1.5676e-18
    outer loop
      vertex 16.9071 -4.35345 0
      vertex 16.9532 -4.52533 3.05
      vertex 16.9532 -4.52533 0
    endloop
  endfacet
  facet normal -0.707191 0.707022 4.03291e-19
    outer loop
      vertex 19.7075 -5.26335 0
      vertex 19.8333 -5.13752 3.05
      vertex 19.8333 -5.13752 0
    endloop
  endfacet
  facet normal -0.707191 0.707022 4.03291e-19
    outer loop
      vertex 19.8333 -5.13752 3.05
      vertex 19.7075 -5.26335 0
      vertex 19.7075 -5.26335 3.05
    endloop
  endfacet
  facet normal 0.544712 0.838623 -0
    outer loop
      vertex 17.72 -5.47224 0
      vertex 17.5708 -5.37533 3.05
      vertex 17.72 -5.47224 3.05
    endloop
  endfacet
  facet normal 0.544712 0.838623 0
    outer loop
      vertex 17.5708 -5.37533 3.05
      vertex 17.72 -5.47224 0
      vertex 17.5708 -5.37533 0
    endloop
  endfacet
  facet normal 0 0 -1
    outer loop
      vertex 20.2607 -4.1777 3.05
      vertex 20.2607 -3.8223 3.05
      vertex 20.27 -4 3.05
    endloop
  endfacet
  facet normal 0 0 -1
    outer loop
      vertex 20.2328 -4.35345 3.05
      vertex 20.2607 -3.8223 3.05
      vertex 20.2607 -4.1777 3.05
    endloop
  endfacet
  facet normal 0 0 -1
    outer loop
      vertex 20.2328 -4.35345 3.05
      vertex 20.2328 -3.64655 3.05
      vertex 20.2607 -3.8223 3.05
    endloop
  endfacet
  facet normal 0 0 -1
    outer loop
      vertex 20.1868 -4.52533 3.05
      vertex 20.2328 -3.64655 3.05
      vertex 20.2328 -4.35345 3.05
    endloop
  endfacet
  facet normal 0 0 -1
    outer loop
      vertex 20.1868 -4.52533 3.05
      vertex 20.1868 -3.47467 3.05
      vertex 20.2328 -3.64655 3.05
    endloop
  endfacet
  facet normal 0 0 -1
    outer loop
      vertex 20.123 -4.69145 3.05
      vertex 20.1868 -3.47467 3.05
      vertex 20.1868 -4.52533 3.05
    endloop
  endfacet
  facet normal 0 0 -1
    outer loop
      vertex 20.123 -4.69145 3.05
      vertex 20.123 -3.30855 3.05
      vertex 20.1868 -3.47467 3.05
    endloop
  endfacet
  facet normal 0 0 -1
    outer loop
      vertex 20.0422 -4.85 3.05
      vertex 20.123 -3.30855 3.05
      vertex 20.123 -4.69145 3.05
    endloop
  endfacet
  facet normal 0 0 -1
    outer loop
      vertex 20.0422 -4.85 3.05
      vertex 20.0422 -3.15 3.05
      vertex 20.123 -3.30855 3.05
    endloop
  endfacet
  facet normal 0 0 -1
    outer loop
      vertex 19.9453 -4.99923 3.05
      vertex 20.0422 -3.15 3.05
      vertex 20.0422 -4.85 3.05
    endloop
  endfacet
  facet normal 0 0 -1
    outer loop
      vertex 19.9453 -4.99923 3.05
      vertex 19.9453 -3.00076 3.05
      vertex 20.0422 -3.15 3.05
    endloop
  endfacet
  facet normal 0 0 -1
    outer loop
      vertex 19.8333 -5.13752 3.05
      vertex 19.9453 -3.00076 3.05
      vertex 19.9453 -4.99923 3.05
    endloop
  endfacet
  facet normal 0 0 -1
    outer loop
      vertex 19.8333 -5.13752 3.05
      vertex 19.8333 -2.86248 3.05
      vertex 19.9453 -3.00076 3.05
    endloop
  endfacet
  facet normal 0 0 -1
    outer loop
      vertex 19.7075 -5.26335 3.05
      vertex 19.8333 -2.86248 3.05
      vertex 19.8333 -5.13752 3.05
    endloop
  endfacet
  facet normal 0 0 -1
    outer loop
      vertex 19.7075 -5.26335 3.05
      vertex 19.7075 -2.73665 3.05
      vertex 19.8333 -2.86248 3.05
    endloop
  endfacet
  facet normal 0 0 -1
    outer loop
      vertex 19.5692 -5.37533 3.05
      vertex 19.7075 -2.73665 3.05
      vertex 19.7075 -5.26335 3.05
    endloop
  endfacet
  facet normal 0 0 -1
    outer loop
      vertex 19.5692 -5.37533 3.05
      vertex 19.5692 -2.62467 3.05
      vertex 19.7075 -2.73665 3.05
    endloop
  endfacet
  facet normal 0 0 -1
    outer loop
      vertex 19.42 -5.47224 3.05
      vertex 19.5692 -2.62467 3.05
      vertex 19.5692 -5.37533 3.05
    endloop
  endfacet
  facet normal 0 0 -1
    outer loop
      vertex 19.42 -5.47224 3.05
      vertex 19.42 -2.52776 3.05
      vertex 19.5692 -2.62467 3.05
    endloop
  endfacet
  facet normal 0 0 -1
    outer loop
      vertex 19.2615 -5.55303 3.05
      vertex 19.42 -2.52776 3.05
      vertex 19.42 -5.47224 3.05
    endloop
  endfacet
  facet normal 0 0 -1
    outer loop
      vertex 19.2615 -5.55303 3.05
      vertex 19.2615 -2.44697 3.05
      vertex 19.42 -2.52776 3.05
    endloop
  endfacet
  facet normal 0 0 -1
    outer loop
      vertex 19.0953 -5.6168 3.05
      vertex 19.2615 -2.44697 3.05
      vertex 19.2615 -5.55303 3.05
    endloop
  endfacet
  facet normal 0 0 -1
    outer loop
      vertex 19.0953 -5.6168 3.05
      vertex 19.0953 -2.3832 3.05
      vertex 19.2615 -2.44697 3.05
    endloop
  endfacet
  facet normal 0 0 -1
    outer loop
      vertex 18.9235 -5.66285 3.05
      vertex 19.0953 -2.3832 3.05
      vertex 19.0953 -5.6168 3.05
    endloop
  endfacet
  facet normal 0 0 -1
    outer loop
      vertex 18.9235 -5.66285 3.05
      vertex 18.9235 -2.33715 3.05
      vertex 19.0953 -2.3832 3.05
    endloop
  endfacet
  facet normal 0 0 -1
    outer loop
      vertex 18.7477 -5.69069 3.05
      vertex 18.9235 -2.33715 3.05
      vertex 18.9235 -5.66285 3.05
    endloop
  endfacet
  facet normal 0 0 -1
    outer loop
      vertex 18.7477 -5.69069 3.05
      vertex 18.7477 -2.30931 3.05
      vertex 18.9235 -2.33715 3.05
    endloop
  endfacet
  facet normal 0 0 -1
    outer loop
      vertex 18.57 -5.7 3.05
      vertex 18.7477 -2.30931 3.05
      vertex 18.7477 -5.69069 3.05
    endloop
  endfacet
  facet normal 0 0 -1
    outer loop
      vertex 18.57 -5.7 3.05
      vertex 18.57 -2.3 3.05
      vertex 18.7477 -2.30931 3.05
    endloop
  endfacet
  facet normal 0 0 -1
    outer loop
      vertex 18.3923 -5.69069 3.05
      vertex 18.57 -2.3 3.05
      vertex 18.57 -5.7 3.05
    endloop
  endfacet
  facet normal 0 0 -1
    outer loop
      vertex 18.3923 -5.69069 3.05
      vertex 18.3923 -2.30931 3.05
      vertex 18.57 -2.3 3.05
    endloop
  endfacet
  facet normal 0 0 -1
    outer loop
      vertex 18.2165 -5.66285 3.05
      vertex 18.3923 -2.30931 3.05
      vertex 18.3923 -5.69069 3.05
    endloop
  endfacet
  facet normal 0 0 -1
    outer loop
      vertex 18.2165 -5.66285 3.05
      vertex 18.2165 -2.33715 3.05
      vertex 18.3923 -2.30931 3.05
    endloop
  endfacet
  facet normal 0 0 -1
    outer loop
      vertex 18.0447 -5.6168 3.05
      vertex 18.2165 -2.33715 3.05
      vertex 18.2165 -5.66285 3.05
    endloop
  endfacet
  facet normal 0 0 -1
    outer loop
      vertex 18.0447 -5.6168 3.05
      vertex 18.0447 -2.3832 3.05
      vertex 18.2165 -2.33715 3.05
    endloop
  endfacet
  facet normal 0 0 -1
    outer loop
      vertex 17.8785 -5.55303 3.05
      vertex 18.0447 -2.3832 3.05
      vertex 18.0447 -5.6168 3.05
    endloop
  endfacet
  facet normal 0 0 -1
    outer loop
      vertex 17.8785 -5.55303 3.05
      vertex 17.8785 -2.44697 3.05
      vertex 18.0447 -2.3832 3.05
    endloop
  endfacet
  facet normal 0 0 -1
    outer loop
      vertex 17.72 -5.47224 3.05
      vertex 17.8785 -2.44697 3.05
      vertex 17.8785 -5.55303 3.05
    endloop
  endfacet
  facet normal 0 0 -1
    outer loop
      vertex 17.72 -5.47224 3.05
      vertex 17.72 -2.52776 3.05
      vertex 17.8785 -2.44697 3.05
    endloop
  endfacet
  facet normal 0 0 -1
    outer loop
      vertex 17.5708 -5.37533 3.05
      vertex 17.72 -2.52776 3.05
      vertex 17.72 -5.47224 3.05
    endloop
  endfacet
  facet normal 0 0 -1
    outer loop
      vertex 17.5708 -5.37533 3.05
      vertex 17.5708 -2.62467 3.05
      vertex 17.72 -2.52776 3.05
    endloop
  endfacet
  facet normal 0 0 -1
    outer loop
      vertex 17.4325 -5.26335 3.05
      vertex 17.5708 -2.62467 3.05
      vertex 17.5708 -5.37533 3.05
    endloop
  endfacet
  facet normal 0 0 -1
    outer loop
      vertex 17.4325 -5.26335 3.05
      vertex 17.4325 -2.73665 3.05
      vertex 17.5708 -2.62467 3.05
    endloop
  endfacet
  facet normal 0 0 -1
    outer loop
      vertex 17.3067 -5.13752 3.05
      vertex 17.4325 -2.73665 3.05
      vertex 17.4325 -5.26335 3.05
    endloop
  endfacet
  facet normal 0 0 -1
    outer loop
      vertex 17.3067 -5.13752 3.05
      vertex 17.3067 -2.86248 3.05
      vertex 17.4325 -2.73665 3.05
    endloop
  endfacet
  facet normal 0 0 -1
    outer loop
      vertex 17.1947 -4.99923 3.05
      vertex 17.3067 -2.86248 3.05
      vertex 17.3067 -5.13752 3.05
    endloop
  endfacet
  facet normal 0 0 -1
    outer loop
      vertex 17.1947 -4.99923 3.05
      vertex 17.1947 -3.00076 3.05
      vertex 17.3067 -2.86248 3.05
    endloop
  endfacet
  facet normal 0 0 -1
    outer loop
      vertex 17.0978 -4.85 3.05
      vertex 17.1947 -3.00076 3.05
      vertex 17.1947 -4.99923 3.05
    endloop
  endfacet
  facet normal 0 0 -1
    outer loop
      vertex 17.0978 -4.85 3.05
      vertex 17.0978 -3.15 3.05
      vertex 17.1947 -3.00076 3.05
    endloop
  endfacet
  facet normal 0 0 -1
    outer loop
      vertex 17.017 -4.69145 3.05
      vertex 17.0978 -3.15 3.05
      vertex 17.0978 -4.85 3.05
    endloop
  endfacet
  facet normal 0 0 -1
    outer loop
      vertex 17.017 -4.69145 3.05
      vertex 17.017 -3.30855 3.05
      vertex 17.0978 -3.15 3.05
    endloop
  endfacet
  facet normal 0 0 -1
    outer loop
      vertex 16.9532 -4.52533 3.05
      vertex 17.017 -3.30855 3.05
      vertex 17.017 -4.69145 3.05
    endloop
  endfacet
  facet normal 0 0 -1
    outer loop
      vertex 16.9532 -4.52533 3.05
      vertex 16.9532 -3.47467 3.05
      vertex 17.017 -3.30855 3.05
    endloop
  endfacet
  facet normal 0 0 -1
    outer loop
      vertex 16.9071 -4.35345 3.05
      vertex 16.9532 -3.47467 3.05
      vertex 16.9532 -4.52533 3.05
    endloop
  endfacet
  facet normal 0 0 -1
    outer loop
      vertex 16.9071 -4.35345 3.05
      vertex 16.9071 -3.64655 3.05
      vertex 16.9532 -3.47467 3.05
    endloop
  endfacet
  facet normal 0 0 -1
    outer loop
      vertex 16.8793 -4.1777 3.05
      vertex 16.9071 -3.64655 3.05
      vertex 16.9071 -4.35345 3.05
    endloop
  endfacet
  facet normal 0 0 -1
    outer loop
      vertex 16.8793 -4.1777 3.05
      vertex 16.8793 -3.8223 3.05
      vertex 16.9071 -3.64655 3.05
    endloop
  endfacet
  facet normal 0 -0 -1
    outer loop
      vertex 16.8793 -3.8223 3.05
      vertex 16.8793 -4.1777 3.05
      vertex 16.87 -4 3.05
    endloop
  endfacet
  facet normal 0.890973 0.454056 8.24002e-19
    outer loop
      vertex 17.0978 -4.85 3.05
      vertex 17.017 -4.69145 0
      vertex 17.017 -4.69145 3.05
    endloop
  endfacet
  facet normal 0.890973 0.454056 8.24002e-19
    outer loop
      vertex 17.017 -4.69145 0
      vertex 17.0978 -4.85 3.05
      vertex 17.0978 -4.85 0
    endloop
  endfacet
  facet normal 0.707191 0.707022 -0
    outer loop
      vertex 17.4325 -5.26335 0
      vertex 17.3067 -5.13752 3.05
      vertex 17.4325 -5.26335 3.05
    endloop
  endfacet
  facet normal 0.707191 0.707022 0
    outer loop
      vertex 17.3067 -5.13752 3.05
      vertex 17.4325 -5.26335 0
      vertex 17.3067 -5.13752 0
    endloop
  endfacet
  facet normal 0.933519 0.358527 8.40387e-19
    outer loop
      vertex 17.017 -4.69145 3.05
      vertex 16.9532 -4.52533 0
      vertex 16.9532 -4.52533 3.05
    endloop
  endfacet
  facet normal 0.933519 0.358527 8.40387e-19
    outer loop
      vertex 16.9532 -4.52533 0
      vertex 17.017 -4.69145 3.05
      vertex 17.017 -4.69145 0
    endloop
  endfacet
  facet normal 0.890973 -0.454056 -8.24002e-19
    outer loop
      vertex 17.017 -3.30855 3.05
      vertex 17.0978 -3.15 0
      vertex 17.0978 -3.15 3.05
    endloop
  endfacet
  facet normal 0.890973 -0.454056 -8.24002e-19
    outer loop
      vertex 17.0978 -3.15 0
      vertex 17.017 -3.30855 3.05
      vertex 17.017 -3.30855 0
    endloop
  endfacet
  facet normal 0.838699 0.544595 1.54025e-18
    outer loop
      vertex 17.1947 -4.99923 3.05
      vertex 17.0978 -4.85 0
      vertex 17.0978 -4.85 3.05
    endloop
  endfacet
  facet normal 0.838699 0.544595 1.54025e-18
    outer loop
      vertex 17.0978 -4.85 0
      vertex 17.1947 -4.99923 3.05
      vertex 17.1947 -4.99923 0
    endloop
  endfacet
  facet normal 0.35823 0.933633 -0
    outer loop
      vertex 18.0447 -5.6168 0
      vertex 17.8785 -5.55303 3.05
      vertex 18.0447 -5.6168 3.05
    endloop
  endfacet
  facet normal 0.35823 0.933633 0
    outer loop
      vertex 17.8785 -5.55303 3.05
      vertex 18.0447 -5.6168 0
      vertex 17.8785 -5.55303 0
    endloop
  endfacet
  facet normal -0.35823 0.933633 0
    outer loop
      vertex 19.2615 -5.55303 0
      vertex 19.0953 -5.6168 3.05
      vertex 19.2615 -5.55303 3.05
    endloop
  endfacet
  facet normal -0.35823 0.933633 0
    outer loop
      vertex 19.0953 -5.6168 3.05
      vertex 19.2615 -5.55303 0
      vertex 19.0953 -5.6168 0
    endloop
  endfacet
  facet normal -0.156413 -0.987692 0
    outer loop
      vertex 18.7477 -2.30931 0
      vertex 18.9235 -2.33715 3.05
      vertex 18.7477 -2.30931 3.05
    endloop
  endfacet
  facet normal -0.156413 -0.987692 -0
    outer loop
      vertex 18.9235 -2.33715 3.05
      vertex 18.7477 -2.30931 0
      vertex 18.9235 -2.33715 0
    endloop
  endfacet
  facet normal 0 0 -1
    outer loop
      vertex 20.2607 43.8223 3.05
      vertex 20.2607 44.1777 3.05
      vertex 20.27 44 3.05
    endloop
  endfacet
  facet normal 0 0 -1
    outer loop
      vertex 20.2328 43.6465 3.05
      vertex 20.2607 44.1777 3.05
      vertex 20.2607 43.8223 3.05
    endloop
  endfacet
  facet normal 0 0 -1
    outer loop
      vertex 20.2328 43.6465 3.05
      vertex 20.2328 44.3535 3.05
      vertex 20.2607 44.1777 3.05
    endloop
  endfacet
  facet normal 0 0 -1
    outer loop
      vertex 20.1868 43.4747 3.05
      vertex 20.2328 44.3535 3.05
      vertex 20.2328 43.6465 3.05
    endloop
  endfacet
  facet normal 0 0 -1
    outer loop
      vertex 20.1868 43.4747 3.05
      vertex 20.1868 44.5253 3.05
      vertex 20.2328 44.3535 3.05
    endloop
  endfacet
  facet normal 0 0 -1
    outer loop
      vertex 20.123 43.3085 3.05
      vertex 20.1868 44.5253 3.05
      vertex 20.1868 43.4747 3.05
    endloop
  endfacet
  facet normal 0 0 -1
    outer loop
      vertex 20.123 43.3085 3.05
      vertex 20.123 44.6915 3.05
      vertex 20.1868 44.5253 3.05
    endloop
  endfacet
  facet normal 0 0 -1
    outer loop
      vertex 20.0422 43.15 3.05
      vertex 20.123 44.6915 3.05
      vertex 20.123 43.3085 3.05
    endloop
  endfacet
  facet normal 0 0 -1
    outer loop
      vertex 20.0422 43.15 3.05
      vertex 20.0422 44.85 3.05
      vertex 20.123 44.6915 3.05
    endloop
  endfacet
  facet normal 0 0 -1
    outer loop
      vertex 19.9453 43.0008 3.05
      vertex 20.0422 44.85 3.05
      vertex 20.0422 43.15 3.05
    endloop
  endfacet
  facet normal 0 0 -1
    outer loop
      vertex 19.9453 43.0008 3.05
      vertex 19.9453 44.9992 3.05
      vertex 20.0422 44.85 3.05
    endloop
  endfacet
  facet normal 0 0 -1
    outer loop
      vertex 19.8333 42.8625 3.05
      vertex 19.9453 44.9992 3.05
      vertex 19.9453 43.0008 3.05
    endloop
  endfacet
  facet normal 0 0 -1
    outer loop
      vertex 19.8333 42.8625 3.05
      vertex 19.8333 45.1375 3.05
      vertex 19.9453 44.9992 3.05
    endloop
  endfacet
  facet normal 0 0 -1
    outer loop
      vertex 19.7075 42.7367 3.05
      vertex 19.8333 45.1375 3.05
      vertex 19.8333 42.8625 3.05
    endloop
  endfacet
  facet normal 0 0 -1
    outer loop
      vertex 19.7075 42.7367 3.05
      vertex 19.7075 45.2633 3.05
      vertex 19.8333 45.1375 3.05
    endloop
  endfacet
  facet normal 0 0 -1
    outer loop
      vertex 19.5692 42.6247 3.05
      vertex 19.7075 45.2633 3.05
      vertex 19.7075 42.7367 3.05
    endloop
  endfacet
  facet normal 0 0 -1
    outer loop
      vertex 19.5692 42.6247 3.05
      vertex 19.5692 45.3753 3.05
      vertex 19.7075 45.2633 3.05
    endloop
  endfacet
  facet normal 0 0 -1
    outer loop
      vertex 19.42 42.5278 3.05
      vertex 19.5692 45.3753 3.05
      vertex 19.5692 42.6247 3.05
    endloop
  endfacet
  facet normal 0 0 -1
    outer loop
      vertex 19.42 42.5278 3.05
      vertex 19.42 45.4722 3.05
      vertex 19.5692 45.3753 3.05
    endloop
  endfacet
  facet normal 0 0 -1
    outer loop
      vertex 19.2615 42.447 3.05
      vertex 19.42 45.4722 3.05
      vertex 19.42 42.5278 3.05
    endloop
  endfacet
  facet normal 0 0 -1
    outer loop
      vertex 19.2615 42.447 3.05
      vertex 19.2615 45.553 3.05
      vertex 19.42 45.4722 3.05
    endloop
  endfacet
  facet normal 0 0 -1
    outer loop
      vertex 19.0953 42.3832 3.05
      vertex 19.2615 45.553 3.05
      vertex 19.2615 42.447 3.05
    endloop
  endfacet
  facet normal 0 0 -1
    outer loop
      vertex 19.0953 42.3832 3.05
      vertex 19.0953 45.6168 3.05
      vertex 19.2615 45.553 3.05
    endloop
  endfacet
  facet normal 0 0 -1
    outer loop
      vertex 18.9235 42.3372 3.05
      vertex 19.0953 45.6168 3.05
      vertex 19.0953 42.3832 3.05
    endloop
  endfacet
  facet normal 0 0 -1
    outer loop
      vertex 18.9235 42.3372 3.05
      vertex 18.9235 45.6628 3.05
      vertex 19.0953 45.6168 3.05
    endloop
  endfacet
  facet normal 0 0 -1
    outer loop
      vertex 18.7477 42.3093 3.05
      vertex 18.9235 45.6628 3.05
      vertex 18.9235 42.3372 3.05
    endloop
  endfacet
  facet normal 0 0 -1
    outer loop
      vertex 18.7477 42.3093 3.05
      vertex 18.7477 45.6907 3.05
      vertex 18.9235 45.6628 3.05
    endloop
  endfacet
  facet normal 0 0 -1
    outer loop
      vertex 18.57 42.3 3.05
      vertex 18.7477 45.6907 3.05
      vertex 18.7477 42.3093 3.05
    endloop
  endfacet
  facet normal 0 0 -1
    outer loop
      vertex 18.57 42.3 3.05
      vertex 18.57 45.7 3.05
      vertex 18.7477 45.6907 3.05
    endloop
  endfacet
  facet normal 0 0 -1
    outer loop
      vertex 18.3923 42.3093 3.05
      vertex 18.57 45.7 3.05
      vertex 18.57 42.3 3.05
    endloop
  endfacet
  facet normal 0 0 -1
    outer loop
      vertex 18.3923 42.3093 3.05
      vertex 18.3923 45.6907 3.05
      vertex 18.57 45.7 3.05
    endloop
  endfacet
  facet normal 0 0 -1
    outer loop
      vertex 18.2165 42.3372 3.05
      vertex 18.3923 45.6907 3.05
      vertex 18.3923 42.3093 3.05
    endloop
  endfacet
  facet normal 0 0 -1
    outer loop
      vertex 18.2165 42.3372 3.05
      vertex 18.2165 45.6628 3.05
      vertex 18.3923 45.6907 3.05
    endloop
  endfacet
  facet normal 0 0 -1
    outer loop
      vertex 18.0447 42.3832 3.05
      vertex 18.2165 45.6628 3.05
      vertex 18.2165 42.3372 3.05
    endloop
  endfacet
  facet normal 0 0 -1
    outer loop
      vertex 18.0447 42.3832 3.05
      vertex 18.0447 45.6168 3.05
      vertex 18.2165 45.6628 3.05
    endloop
  endfacet
  facet normal 0 0 -1
    outer loop
      vertex 17.8785 42.447 3.05
      vertex 18.0447 45.6168 3.05
      vertex 18.0447 42.3832 3.05
    endloop
  endfacet
  facet normal 0 0 -1
    outer loop
      vertex 17.8785 42.447 3.05
      vertex 17.8785 45.553 3.05
      vertex 18.0447 45.6168 3.05
    endloop
  endfacet
  facet normal 0 0 -1
    outer loop
      vertex 17.72 42.5278 3.05
      vertex 17.8785 45.553 3.05
      vertex 17.8785 42.447 3.05
    endloop
  endfacet
  facet normal 0 0 -1
    outer loop
      vertex 17.72 42.5278 3.05
      vertex 17.72 45.4722 3.05
      vertex 17.8785 45.553 3.05
    endloop
  endfacet
  facet normal 0 0 -1
    outer loop
      vertex 17.5708 42.6247 3.05
      vertex 17.72 45.4722 3.05
      vertex 17.72 42.5278 3.05
    endloop
  endfacet
  facet normal 0 0 -1
    outer loop
      vertex 17.5708 42.6247 3.05
      vertex 17.5708 45.3753 3.05
      vertex 17.72 45.4722 3.05
    endloop
  endfacet
  facet normal 0 0 -1
    outer loop
      vertex 17.4325 42.7367 3.05
      vertex 17.5708 45.3753 3.05
      vertex 17.5708 42.6247 3.05
    endloop
  endfacet
  facet normal 0 0 -1
    outer loop
      vertex 17.4325 42.7367 3.05
      vertex 17.4325 45.2633 3.05
      vertex 17.5708 45.3753 3.05
    endloop
  endfacet
  facet normal 0 0 -1
    outer loop
      vertex 17.3067 42.8625 3.05
      vertex 17.4325 45.2633 3.05
      vertex 17.4325 42.7367 3.05
    endloop
  endfacet
  facet normal 0 0 -1
    outer loop
      vertex 17.3067 42.8625 3.05
      vertex 17.3067 45.1375 3.05
      vertex 17.4325 45.2633 3.05
    endloop
  endfacet
  facet normal 0 0 -1
    outer loop
      vertex 17.1947 43.0008 3.05
      vertex 17.3067 45.1375 3.05
      vertex 17.3067 42.8625 3.05
    endloop
  endfacet
  facet normal 0 0 -1
    outer loop
      vertex 17.1947 43.0008 3.05
      vertex 17.1947 44.9992 3.05
      vertex 17.3067 45.1375 3.05
    endloop
  endfacet
  facet normal 0 0 -1
    outer loop
      vertex 17.0978 43.15 3.05
      vertex 17.1947 44.9992 3.05
      vertex 17.1947 43.0008 3.05
    endloop
  endfacet
  facet normal 0 0 -1
    outer loop
      vertex 17.0978 43.15 3.05
      vertex 17.0978 44.85 3.05
      vertex 17.1947 44.9992 3.05
    endloop
  endfacet
  facet normal 0 0 -1
    outer loop
      vertex 17.017 43.3085 3.05
      vertex 17.0978 44.85 3.05
      vertex 17.0978 43.15 3.05
    endloop
  endfacet
  facet normal 0 0 -1
    outer loop
      vertex 17.017 43.3085 3.05
      vertex 17.017 44.6915 3.05
      vertex 17.0978 44.85 3.05
    endloop
  endfacet
  facet normal 0 0 -1
    outer loop
      vertex 16.9532 43.4747 3.05
      vertex 17.017 44.6915 3.05
      vertex 17.017 43.3085 3.05
    endloop
  endfacet
  facet normal 0 0 -1
    outer loop
      vertex 16.9532 43.4747 3.05
      vertex 16.9532 44.5253 3.05
      vertex 17.017 44.6915 3.05
    endloop
  endfacet
  facet normal 0 0 -1
    outer loop
      vertex 16.9071 43.6465 3.05
      vertex 16.9532 44.5253 3.05
      vertex 16.9532 43.4747 3.05
    endloop
  endfacet
  facet normal 0 0 -1
    outer loop
      vertex 16.9071 43.6465 3.05
      vertex 16.9071 44.3535 3.05
      vertex 16.9532 44.5253 3.05
    endloop
  endfacet
  facet normal 0 0 -1
    outer loop
      vertex 16.8793 43.8223 3.05
      vertex 16.9071 44.3535 3.05
      vertex 16.9071 43.6465 3.05
    endloop
  endfacet
  facet normal 0 0 -1
    outer loop
      vertex 16.8793 43.8223 3.05
      vertex 16.8793 44.1777 3.05
      vertex 16.9071 44.3535 3.05
    endloop
  endfacet
  facet normal 0 -0 -1
    outer loop
      vertex 16.8793 44.1777 3.05
      vertex 16.8793 43.8223 3.05
      vertex 16.87 44 3.05
    endloop
  endfacet
  facet normal -0.98764 -0.156741 -6.00326e-20
    outer loop
      vertex 20.2607 44.1777 0
      vertex 20.2328 44.3535 3.05
      vertex 20.2328 44.3535 0
    endloop
  endfacet
  facet normal -0.98764 -0.156741 -6.00326e-20
    outer loop
      vertex 20.2328 44.3535 3.05
      vertex 20.2607 44.1777 0
      vertex 20.2607 44.1777 3.05
    endloop
  endfacet
  facet normal -0.998633 -0.0522639 -1.55009e-19
    outer loop
      vertex 20.27 44 0
      vertex 20.2607 44.1777 3.05
      vertex 20.2607 44.1777 0
    endloop
  endfacet
  facet normal -0.998633 -0.0522639 -1.55009e-19
    outer loop
      vertex 20.2607 44.1777 3.05
      vertex 20.27 44 0
      vertex 20.27 44 3.05
    endloop
  endfacet
  facet normal -0.965973 -0.258642 1.2439e-18
    outer loop
      vertex 20.2328 44.3535 0
      vertex 20.1868 44.5253 3.05
      vertex 20.1868 44.5253 0
    endloop
  endfacet
  facet normal -0.965973 -0.258642 1.2439e-18
    outer loop
      vertex 20.1868 44.5253 3.05
      vertex 20.2328 44.3535 0
      vertex 20.2328 44.3535 3.05
    endloop
  endfacet
  facet normal 0.965833 0.259167 1.24219e-18
    outer loop
      vertex 16.9532 43.4747 3.05
      vertex 16.9071 43.6465 0
      vertex 16.9071 43.6465 3.05
    endloop
  endfacet
  facet normal 0.965833 0.259167 1.24219e-18
    outer loop
      vertex 16.9071 43.6465 0
      vertex 16.9532 43.4747 3.05
      vertex 16.9532 43.4747 0
    endloop
  endfacet
  facet normal 0.629344 -0.777127 0
    outer loop
      vertex 17.4325 45.2633 0
      vertex 17.5708 45.3753 3.05
      vertex 17.4325 45.2633 3.05
    endloop
  endfacet
  facet normal 0.629344 -0.777127 0
    outer loop
      vertex 17.5708 45.3753 3.05
      vertex 17.4325 45.2633 0
      vertex 17.5708 45.3753 0
    endloop
  endfacet
  facet normal 0.998633 0.0522639 -1.55009e-19
    outer loop
      vertex 16.8793 43.8223 3.05
      vertex 16.87 44 0
      vertex 16.87 44 3.05
    endloop
  endfacet
  facet normal 0.998633 0.0522639 -1.55009e-19
    outer loop
      vertex 16.87 44 0
      vertex 16.8793 43.8223 3.05
      vertex 16.8793 43.8223 0
    endloop
  endfacet
  facet normal 0.965833 -0.259167 -1.24219e-18
    outer loop
      vertex 16.9071 44.3535 3.05
      vertex 16.9532 44.5253 0
      vertex 16.9532 44.5253 3.05
    endloop
  endfacet
  facet normal 0.965833 -0.259167 -1.24219e-18
    outer loop
      vertex 16.9532 44.5253 0
      vertex 16.9071 44.3535 3.05
      vertex 16.9071 44.3535 0
    endloop
  endfacet
  facet normal 0.933577 0.358377 -1.52019e-19
    outer loop
      vertex 17.017 43.3085 3.05
      vertex 16.9532 43.4747 0
      vertex 16.9532 43.4747 3.05
    endloop
  endfacet
  facet normal 0.933577 0.358377 -1.52019e-19
    outer loop
      vertex 16.9532 43.4747 0
      vertex 17.017 43.3085 3.05
      vertex 17.017 43.3085 0
    endloop
  endfacet
  facet normal 0.777127 0.629344 3.34056e-19
    outer loop
      vertex 17.3067 42.8625 3.05
      vertex 17.1947 43.0008 0
      vertex 17.1947 43.0008 3.05
    endloop
  endfacet
  facet normal 0.777127 0.629344 3.34056e-19
    outer loop
      vertex 17.1947 43.0008 0
      vertex 17.3067 42.8625 3.05
      vertex 17.3067 42.8625 0
    endloop
  endfacet
  facet normal -0.358377 -0.933577 0
    outer loop
      vertex 19.0953 45.6168 0
      vertex 19.2615 45.553 3.05
      vertex 19.0953 45.6168 3.05
    endloop
  endfacet
  facet normal -0.358377 -0.933577 -0
    outer loop
      vertex 19.2615 45.553 3.05
      vertex 19.0953 45.6168 0
      vertex 19.2615 45.553 0
    endloop
  endfacet
  facet normal -0.707107 0.707107 3.50921e-19
    outer loop
      vertex 19.7075 42.7367 0
      vertex 19.8333 42.8625 3.05
      vertex 19.8333 42.8625 0
    endloop
  endfacet
  facet normal -0.707107 0.707107 3.50921e-19
    outer loop
      vertex 19.8333 42.8625 3.05
      vertex 19.7075 42.7367 0
      vertex 19.7075 42.7367 3.05
    endloop
  endfacet
  facet normal 0.45417 -0.890915 0
    outer loop
      vertex 17.72 45.4722 0
      vertex 17.8785 45.553 3.05
      vertex 17.72 45.4722 3.05
    endloop
  endfacet
  facet normal 0.45417 -0.890915 0
    outer loop
      vertex 17.8785 45.553 3.05
      vertex 17.72 45.4722 0
      vertex 17.8785 45.553 0
    endloop
  endfacet
  facet normal -0.258642 -0.965973 0
    outer loop
      vertex 18.9235 45.6628 0
      vertex 19.0953 45.6168 3.05
      vertex 18.9235 45.6628 3.05
    endloop
  endfacet
  facet normal -0.258642 -0.965973 -0
    outer loop
      vertex 19.0953 45.6168 3.05
      vertex 18.9235 45.6628 0
      vertex 19.0953 45.6168 0
    endloop
  endfacet
  facet normal 0.258642 -0.965973 0
    outer loop
      vertex 18.0447 45.6168 0
      vertex 18.2165 45.6628 3.05
      vertex 18.0447 45.6168 3.05
    endloop
  endfacet
  facet normal 0.258642 -0.965973 0
    outer loop
      vertex 18.2165 45.6628 3.05
      vertex 18.0447 45.6168 0
      vertex 18.2165 45.6628 0
    endloop
  endfacet
  facet normal -0.890915 0.45417 -5.82226e-19
    outer loop
      vertex 20.0422 43.15 0
      vertex 20.123 43.3085 3.05
      vertex 20.123 43.3085 0
    endloop
  endfacet
  facet normal -0.890915 0.45417 -5.82226e-19
    outer loop
      vertex 20.123 43.3085 3.05
      vertex 20.0422 43.15 0
      vertex 20.0422 43.15 3.05
    endloop
  endfacet
  facet normal -0.544672 0.838649 0
    outer loop
      vertex 19.5692 42.6247 0
      vertex 19.42 42.5278 3.05
      vertex 19.5692 42.6247 3.05
    endloop
  endfacet
  facet normal -0.544672 0.838649 0
    outer loop
      vertex 19.42 42.5278 3.05
      vertex 19.5692 42.6247 0
      vertex 19.42 42.5278 0
    endloop
  endfacet
  facet normal 0.890915 0.45417 5.82226e-19
    outer loop
      vertex 17.0978 43.15 3.05
      vertex 17.017 43.3085 0
      vertex 17.017 43.3085 3.05
    endloop
  endfacet
  facet normal 0.890915 0.45417 5.82226e-19
    outer loop
      vertex 17.017 43.3085 0
      vertex 17.0978 43.15 3.05
      vertex 17.0978 43.15 0
    endloop
  endfacet
  facet normal -0.777127 -0.629344 3.34056e-19
    outer loop
      vertex 19.9453 44.9992 0
      vertex 19.8333 45.1375 3.05
      vertex 19.8333 45.1375 0
    endloop
  endfacet
  facet normal -0.777127 -0.629344 3.34056e-19
    outer loop
      vertex 19.8333 45.1375 3.05
      vertex 19.9453 44.9992 0
      vertex 19.9453 44.9992 3.05
    endloop
  endfacet
  facet normal -0.998633 0.0522639 1.55009e-19
    outer loop
      vertex 20.2607 43.8223 0
      vertex 20.27 44 3.05
      vertex 20.27 44 0
    endloop
  endfacet
  facet normal -0.998633 0.0522639 1.55009e-19
    outer loop
      vertex 20.27 44 3.05
      vertex 20.2607 43.8223 0
      vertex 20.2607 43.8223 3.05
    endloop
  endfacet
  facet normal -0.707107 -0.707107 -3.50921e-19
    outer loop
      vertex 19.8333 45.1375 0
      vertex 19.7075 45.2633 3.05
      vertex 19.7075 45.2633 0
    endloop
  endfacet
  facet normal -0.707107 -0.707107 -3.50921e-19
    outer loop
      vertex 19.7075 45.2633 3.05
      vertex 19.8333 45.1375 0
      vertex 19.8333 45.1375 3.05
    endloop
  endfacet
  facet normal -0.258642 0.965973 0
    outer loop
      vertex 19.0953 42.3832 0
      vertex 18.9235 42.3372 3.05
      vertex 19.0953 42.3832 3.05
    endloop
  endfacet
  facet normal -0.258642 0.965973 0
    outer loop
      vertex 18.9235 42.3372 3.05
      vertex 19.0953 42.3832 0
      vertex 18.9235 42.3372 0
    endloop
  endfacet
  facet normal 0.629344 0.777127 -0
    outer loop
      vertex 17.5708 42.6247 0
      vertex 17.4325 42.7367 3.05
      vertex 17.5708 42.6247 3.05
    endloop
  endfacet
  facet normal 0.629344 0.777127 0
    outer loop
      vertex 17.4325 42.7367 3.05
      vertex 17.5708 42.6247 0
      vertex 17.4325 42.7367 0
    endloop
  endfacet
  facet normal 0.838649 0.544672 -8.55227e-19
    outer loop
      vertex 17.1947 43.0008 3.05
      vertex 17.0978 43.15 0
      vertex 17.0978 43.15 3.05
    endloop
  endfacet
  facet normal 0.838649 0.544672 -8.55227e-19
    outer loop
      vertex 17.0978 43.15 0
      vertex 17.1947 43.0008 3.05
      vertex 17.1947 43.0008 0
    endloop
  endfacet
  facet normal -0.890915 -0.45417 5.82226e-19
    outer loop
      vertex 20.123 44.6915 0
      vertex 20.0422 44.85 3.05
      vertex 20.0422 44.85 0
    endloop
  endfacet
  facet normal -0.890915 -0.45417 5.82226e-19
    outer loop
      vertex 20.0422 44.85 3.05
      vertex 20.123 44.6915 0
      vertex 20.123 44.6915 3.05
    endloop
  endfacet
  facet normal -0.98764 0.156741 6.00326e-20
    outer loop
      vertex 20.2328 43.6465 0
      vertex 20.2607 43.8223 3.05
      vertex 20.2607 43.8223 0
    endloop
  endfacet
  facet normal -0.98764 0.156741 6.00326e-20
    outer loop
      vertex 20.2607 43.8223 3.05
      vertex 20.2328 43.6465 0
      vertex 20.2328 43.6465 3.05
    endloop
  endfacet
  facet normal -0.838649 0.544672 8.55227e-19
    outer loop
      vertex 19.9453 43.0008 0
      vertex 20.0422 43.15 3.05
      vertex 20.0422 43.15 0
    endloop
  endfacet
  facet normal -0.838649 0.544672 8.55227e-19
    outer loop
      vertex 20.0422 43.15 3.05
      vertex 19.9453 43.0008 0
      vertex 19.9453 43.0008 3.05
    endloop
  endfacet
  facet normal 0.156741 -0.98764 0
    outer loop
      vertex 18.2165 45.6628 0
      vertex 18.3923 45.6907 3.05
      vertex 18.2165 45.6628 3.05
    endloop
  endfacet
  facet normal 0.156741 -0.98764 0
    outer loop
      vertex 18.3923 45.6907 3.05
      vertex 18.2165 45.6628 0
      vertex 18.3923 45.6907 0
    endloop
  endfacet
  facet normal -0.45417 0.890915 0
    outer loop
      vertex 19.42 42.5278 0
      vertex 19.2615 42.447 3.05
      vertex 19.42 42.5278 3.05
    endloop
  endfacet
  facet normal -0.45417 0.890915 0
    outer loop
      vertex 19.2615 42.447 3.05
      vertex 19.42 42.5278 0
      vertex 19.2615 42.447 0
    endloop
  endfacet
  facet normal 0.987726 -0.156193 7.14871e-19
    outer loop
      vertex 16.8793 44.1777 3.05
      vertex 16.9071 44.3535 0
      vertex 16.9071 44.3535 3.05
    endloop
  endfacet
  facet normal 0.987726 -0.156193 7.14871e-19
    outer loop
      vertex 16.9071 44.3535 0
      vertex 16.8793 44.1777 3.05
      vertex 16.8793 44.1777 0
    endloop
  endfacet
  facet normal 0.890915 -0.45417 -5.82226e-19
    outer loop
      vertex 17.017 44.6915 3.05
      vertex 17.0978 44.85 0
      vertex 17.0978 44.85 3.05
    endloop
  endfacet
  facet normal 0.890915 -0.45417 -5.82226e-19
    outer loop
      vertex 17.0978 44.85 0
      vertex 17.017 44.6915 3.05
      vertex 17.017 44.6915 0
    endloop
  endfacet
  facet normal -0.933577 -0.358377 -1.52019e-19
    outer loop
      vertex 20.1868 44.5253 0
      vertex 20.123 44.6915 3.05
      vertex 20.123 44.6915 0
    endloop
  endfacet
  facet normal -0.933577 -0.358377 -1.52019e-19
    outer loop
      vertex 20.123 44.6915 3.05
      vertex 20.1868 44.5253 0
      vertex 20.1868 44.5253 3.05
    endloop
  endfacet
  facet normal -0.45417 -0.890915 0
    outer loop
      vertex 19.2615 45.553 0
      vertex 19.42 45.4722 3.05
      vertex 19.2615 45.553 3.05
    endloop
  endfacet
  facet normal -0.45417 -0.890915 -0
    outer loop
      vertex 19.42 45.4722 3.05
      vertex 19.2615 45.553 0
      vertex 19.42 45.4722 0
    endloop
  endfacet
  facet normal 0.707107 -0.707107 0
    outer loop
      vertex 17.3067 45.1375 0
      vertex 17.4325 45.2633 3.05
      vertex 17.3067 45.1375 3.05
    endloop
  endfacet
  facet normal 0.707107 -0.707107 0
    outer loop
      vertex 17.4325 45.2633 3.05
      vertex 17.3067 45.1375 0
      vertex 17.4325 45.2633 0
    endloop
  endfacet
  facet normal -0.156741 0.98764 0
    outer loop
      vertex 18.9235 42.3372 0
      vertex 18.7477 42.3093 3.05
      vertex 18.9235 42.3372 3.05
    endloop
  endfacet
  facet normal -0.156741 0.98764 0
    outer loop
      vertex 18.7477 42.3093 3.05
      vertex 18.9235 42.3372 0
      vertex 18.7477 42.3093 0
    endloop
  endfacet
  facet normal 0.0522639 -0.998633 0
    outer loop
      vertex 18.3923 45.6907 0
      vertex 18.57 45.7 3.05
      vertex 18.3923 45.6907 3.05
    endloop
  endfacet
  facet normal 0.0522639 -0.998633 0
    outer loop
      vertex 18.57 45.7 3.05
      vertex 18.3923 45.6907 0
      vertex 18.57 45.7 0
    endloop
  endfacet
  facet normal -0.544672 -0.838649 0
    outer loop
      vertex 19.42 45.4722 0
      vertex 19.5692 45.3753 3.05
      vertex 19.42 45.4722 3.05
    endloop
  endfacet
  facet normal -0.544672 -0.838649 -0
    outer loop
      vertex 19.5692 45.3753 3.05
      vertex 19.42 45.4722 0
      vertex 19.5692 45.3753 0
    endloop
  endfacet
  facet normal 0.777127 -0.629344 -3.34056e-19
    outer loop
      vertex 17.1947 44.9992 3.05
      vertex 17.3067 45.1375 0
      vertex 17.3067 45.1375 3.05
    endloop
  endfacet
  facet normal 0.777127 -0.629344 -3.34056e-19
    outer loop
      vertex 17.3067 45.1375 0
      vertex 17.1947 44.9992 3.05
      vertex 17.1947 44.9992 0
    endloop
  endfacet
  facet normal -0.838649 -0.544672 -8.55227e-19
    outer loop
      vertex 20.0422 44.85 0
      vertex 19.9453 44.9992 3.05
      vertex 19.9453 44.9992 0
    endloop
  endfacet
  facet normal -0.838649 -0.544672 -8.55227e-19
    outer loop
      vertex 19.9453 44.9992 3.05
      vertex 20.0422 44.85 0
      vertex 20.0422 44.85 3.05
    endloop
  endfacet
  facet normal 0.0522639 0.998633 -0
    outer loop
      vertex 18.57 42.3 0
      vertex 18.3923 42.3093 3.05
      vertex 18.57 42.3 3.05
    endloop
  endfacet
  facet normal 0.0522639 0.998633 0
    outer loop
      vertex 18.3923 42.3093 3.05
      vertex 18.57 42.3 0
      vertex 18.3923 42.3093 0
    endloop
  endfacet
  facet normal 0.544672 -0.838649 0
    outer loop
      vertex 17.5708 45.3753 0
      vertex 17.72 45.4722 3.05
      vertex 17.5708 45.3753 3.05
    endloop
  endfacet
  facet normal 0.544672 -0.838649 0
    outer loop
      vertex 17.72 45.4722 3.05
      vertex 17.5708 45.3753 0
      vertex 17.72 45.4722 0
    endloop
  endfacet
  facet normal -0.0522639 0.998633 0
    outer loop
      vertex 18.7477 42.3093 0
      vertex 18.57 42.3 3.05
      vertex 18.7477 42.3093 3.05
    endloop
  endfacet
  facet normal -0.0522639 0.998633 0
    outer loop
      vertex 18.57 42.3 3.05
      vertex 18.7477 42.3093 0
      vertex 18.57 42.3 0
    endloop
  endfacet
  facet normal 0.358377 -0.933577 0
    outer loop
      vertex 17.8785 45.553 0
      vertex 18.0447 45.6168 3.05
      vertex 17.8785 45.553 3.05
    endloop
  endfacet
  facet normal 0.358377 -0.933577 0
    outer loop
      vertex 18.0447 45.6168 3.05
      vertex 17.8785 45.553 0
      vertex 18.0447 45.6168 0
    endloop
  endfacet
  facet normal -0.0522639 -0.998633 0
    outer loop
      vertex 18.57 45.7 0
      vertex 18.7477 45.6907 3.05
      vertex 18.57 45.7 3.05
    endloop
  endfacet
  facet normal -0.0522639 -0.998633 -0
    outer loop
      vertex 18.7477 45.6907 3.05
      vertex 18.57 45.7 0
      vertex 18.7477 45.6907 0
    endloop
  endfacet
  facet normal -0.933577 0.358377 1.52019e-19
    outer loop
      vertex 20.123 43.3085 0
      vertex 20.1868 43.4747 3.05
      vertex 20.1868 43.4747 0
    endloop
  endfacet
  facet normal -0.933577 0.358377 1.52019e-19
    outer loop
      vertex 20.1868 43.4747 3.05
      vertex 20.123 43.3085 0
      vertex 20.123 43.3085 3.05
    endloop
  endfacet
  facet normal 0.45417 0.890915 -0
    outer loop
      vertex 17.8785 42.447 0
      vertex 17.72 42.5278 3.05
      vertex 17.8785 42.447 3.05
    endloop
  endfacet
  facet normal 0.45417 0.890915 0
    outer loop
      vertex 17.72 42.5278 3.05
      vertex 17.8785 42.447 0
      vertex 17.72 42.5278 0
    endloop
  endfacet
  facet normal -0.358377 0.933577 0
    outer loop
      vertex 19.2615 42.447 0
      vertex 19.0953 42.3832 3.05
      vertex 19.2615 42.447 3.05
    endloop
  endfacet
  facet normal -0.358377 0.933577 0
    outer loop
      vertex 19.0953 42.3832 3.05
      vertex 19.2615 42.447 0
      vertex 19.0953 42.3832 0
    endloop
  endfacet
  facet normal -0.156741 -0.98764 0
    outer loop
      vertex 18.7477 45.6907 0
      vertex 18.9235 45.6628 3.05
      vertex 18.7477 45.6907 3.05
    endloop
  endfacet
  facet normal -0.156741 -0.98764 -0
    outer loop
      vertex 18.9235 45.6628 3.05
      vertex 18.7477 45.6907 0
      vertex 18.9235 45.6628 0
    endloop
  endfacet
  facet normal -0.629344 -0.777127 0
    outer loop
      vertex 19.5692 45.3753 0
      vertex 19.7075 45.2633 3.05
      vertex 19.5692 45.3753 3.05
    endloop
  endfacet
  facet normal -0.629344 -0.777127 -0
    outer loop
      vertex 19.7075 45.2633 3.05
      vertex 19.5692 45.3753 0
      vertex 19.7075 45.2633 0
    endloop
  endfacet
  facet normal 0.707107 0.707107 -0
    outer loop
      vertex 17.4325 42.7367 0
      vertex 17.3067 42.8625 3.05
      vertex 17.4325 42.7367 3.05
    endloop
  endfacet
  facet normal 0.707107 0.707107 0
    outer loop
      vertex 17.3067 42.8625 3.05
      vertex 17.4325 42.7367 0
      vertex 17.3067 42.8625 0
    endloop
  endfacet
  facet normal 0.987726 0.156193 -7.14871e-19
    outer loop
      vertex 16.9071 43.6465 3.05
      vertex 16.8793 43.8223 0
      vertex 16.8793 43.8223 3.05
    endloop
  endfacet
  facet normal 0.987726 0.156193 -7.14871e-19
    outer loop
      vertex 16.8793 43.8223 0
      vertex 16.9071 43.6465 3.05
      vertex 16.9071 43.6465 0
    endloop
  endfacet
  facet normal 0.544672 0.838649 -0
    outer loop
      vertex 17.72 42.5278 0
      vertex 17.5708 42.6247 3.05
      vertex 17.72 42.5278 3.05
    endloop
  endfacet
  facet normal 0.544672 0.838649 0
    outer loop
      vertex 17.5708 42.6247 3.05
      vertex 17.72 42.5278 0
      vertex 17.5708 42.6247 0
    endloop
  endfacet
  facet normal -0.629344 0.777127 0
    outer loop
      vertex 19.7075 42.7367 0
      vertex 19.5692 42.6247 3.05
      vertex 19.7075 42.7367 3.05
    endloop
  endfacet
  facet normal -0.629344 0.777127 0
    outer loop
      vertex 19.5692 42.6247 3.05
      vertex 19.7075 42.7367 0
      vertex 19.5692 42.6247 0
    endloop
  endfacet
  facet normal 0.838649 -0.544672 8.55227e-19
    outer loop
      vertex 17.0978 44.85 3.05
      vertex 17.1947 44.9992 0
      vertex 17.1947 44.9992 3.05
    endloop
  endfacet
  facet normal 0.838649 -0.544672 8.55227e-19
    outer loop
      vertex 17.1947 44.9992 0
      vertex 17.0978 44.85 3.05
      vertex 17.0978 44.85 0
    endloop
  endfacet
  facet normal 0.156741 0.98764 -0
    outer loop
      vertex 18.3923 42.3093 0
      vertex 18.2165 42.3372 3.05
      vertex 18.3923 42.3093 3.05
    endloop
  endfacet
  facet normal 0.156741 0.98764 0
    outer loop
      vertex 18.2165 42.3372 3.05
      vertex 18.3923 42.3093 0
      vertex 18.2165 42.3372 0
    endloop
  endfacet
  facet normal 0.258642 0.965973 -0
    outer loop
      vertex 18.2165 42.3372 0
      vertex 18.0447 42.3832 3.05
      vertex 18.2165 42.3372 3.05
    endloop
  endfacet
  facet normal 0.258642 0.965973 0
    outer loop
      vertex 18.0447 42.3832 3.05
      vertex 18.2165 42.3372 0
      vertex 18.0447 42.3832 0
    endloop
  endfacet
  facet normal -0.965973 0.258642 -1.2439e-18
    outer loop
      vertex 20.1868 43.4747 0
      vertex 20.2328 43.6465 3.05
      vertex 20.2328 43.6465 0
    endloop
  endfacet
  facet normal -0.965973 0.258642 -1.2439e-18
    outer loop
      vertex 20.2328 43.6465 3.05
      vertex 20.1868 43.4747 0
      vertex 20.1868 43.4747 3.05
    endloop
  endfacet
  facet normal 0.358377 0.933577 -0
    outer loop
      vertex 18.0447 42.3832 0
      vertex 17.8785 42.447 3.05
      vertex 18.0447 42.3832 3.05
    endloop
  endfacet
  facet normal 0.358377 0.933577 0
    outer loop
      vertex 17.8785 42.447 3.05
      vertex 18.0447 42.3832 0
      vertex 17.8785 42.447 0
    endloop
  endfacet
  facet normal 0.998633 -0.0522639 1.55009e-19
    outer loop
      vertex 16.87 44 3.05
      vertex 16.8793 44.1777 0
      vertex 16.8793 44.1777 3.05
    endloop
  endfacet
  facet normal 0.998633 -0.0522639 1.55009e-19
    outer loop
      vertex 16.8793 44.1777 0
      vertex 16.87 44 3.05
      vertex 16.87 44 0
    endloop
  endfacet
  facet normal 0.933577 -0.358377 1.52019e-19
    outer loop
      vertex 16.9532 44.5253 3.05
      vertex 17.017 44.6915 0
      vertex 17.017 44.6915 3.05
    endloop
  endfacet
  facet normal 0.933577 -0.358377 1.52019e-19
    outer loop
      vertex 17.017 44.6915 0
      vertex 16.9532 44.5253 3.05
      vertex 16.9532 44.5253 0
    endloop
  endfacet
  facet normal -0.777127 0.629344 -3.34056e-19
    outer loop
      vertex 19.8333 42.8625 0
      vertex 19.9453 43.0008 3.05
      vertex 19.9453 43.0008 0
    endloop
  endfacet
  facet normal -0.777127 0.629344 -3.34056e-19
    outer loop
      vertex 19.9453 43.0008 3.05
      vertex 19.8333 42.8625 0
      vertex 19.8333 42.8625 3.05
    endloop
  endfacet
  facet normal 0 -0.258833 0.965922
    outer loop
      vertex 0 22.4721 1.39155
      vertex 12.285 21.6633 1.17482
      vertex 12.285 22.4721 1.39155
    endloop
  endfacet
  facet normal 0 -0.258833 0.965922
    outer loop
      vertex 12.285 21.6633 1.17482
      vertex 0 22.4721 1.39155
      vertex 0 21.6633 1.17482
    endloop
  endfacet
  facet normal 0 -0.544623 0.838681
    outer loop
      vertex 0 24.7023 2.52786
      vertex 12.285 24 2.0718
      vertex 12.285 24.7023 2.52786
    endloop
  endfacet
  facet normal 0 -0.544623 0.838681
    outer loop
      vertex 12.285 24 2.0718
      vertex 0 24.7023 2.52786
      vertex 0 24 2.0718
    endloop
  endfacet
  facet normal 3.73338e-20 0.777247 0.629195
    outer loop
      vertex 12.285 14.0548 3.64695
      vertex 0 13.769 4
      vertex 12.285 13.769 4
    endloop
  endfacet
  facet normal 3.73338e-20 0.777247 0.629195
    outer loop
      vertex 0 13.769 4
      vertex 12.285 14.0548 3.64695
      vertex 0 14.0548 3.64695
    endloop
  endfacet
  facet normal 4.36183e-19 -0.777247 0.629195
    outer loop
      vertex 0 25.9452 3.64695
      vertex 12.285 26.231 4
      vertex 0 26.231 4
    endloop
  endfacet
  facet normal 4.36183e-19 -0.777247 0.629195
    outer loop
      vertex 12.285 26.231 4
      vertex 0 25.9452 3.64695
      vertex 12.285 25.9452 3.64695
    endloop
  endfacet
  facet normal 8.43451e-19 -0.707053 0.707161
    outer loop
      vertex 0 25.353 3.05484
      vertex 12.285 25.9452 3.64695
      vertex 0 25.9452 3.64695
    endloop
  endfacet
  facet normal 8.43451e-19 -0.707053 0.707161
    outer loop
      vertex 12.285 25.9452 3.64695
      vertex 0 25.353 3.05484
      vertex 12.285 25.353 3.05484
    endloop
  endfacet
  facet normal 0 -0.0523319 0.99863
    outer loop
      vertex 0 20.8362 1.04382
      vertex 12.285 20 1
      vertex 12.285 20.8362 1.04382
    endloop
  endfacet
  facet normal 0 -0.0523319 0.99863
    outer loop
      vertex 12.285 20 1
      vertex 0 20.8362 1.04382
      vertex 0 20 1
    endloop
  endfacet
  facet normal -0 0.156435 0.987688
    outer loop
      vertex 0 19.1638 1.04382
      vertex 12.285 18.3367 1.17482
      vertex 12.285 19.1638 1.04382
    endloop
  endfacet
  facet normal 0 0.156435 0.987688
    outer loop
      vertex 12.285 18.3367 1.17482
      vertex 0 19.1638 1.04382
      vertex 0 18.3367 1.17482
    endloop
  endfacet
  facet normal -0 0.629359 0.777115
    outer loop
      vertex 0 15.2977 2.52786
      vertex 12.285 14.647 3.05484
      vertex 12.285 15.2977 2.52786
    endloop
  endfacet
  facet normal 0 0.629359 0.777115
    outer loop
      vertex 12.285 14.647 3.05484
      vertex 0 15.2977 2.52786
      vertex 0 14.647 3.05484
    endloop
  endfacet
  facet normal -0 0.453993 0.891005
    outer loop
      vertex 0 16.7461 1.69164
      vertex 12.285 16 2.0718
      vertex 12.285 16.7461 1.69164
    endloop
  endfacet
  facet normal 0 0.453993 0.891005
    outer loop
      vertex 12.285 16 2.0718
      vertex 0 16.7461 1.69164
      vertex 0 16 2.0718
    endloop
  endfacet
  facet normal 0 -0.453993 0.891005
    outer loop
      vertex 0 24 2.0718
      vertex 12.285 23.2539 1.69164
      vertex 12.285 24 2.0718
    endloop
  endfacet
  facet normal 0 -0.453993 0.891005
    outer loop
      vertex 12.285 23.2539 1.69164
      vertex 0 24 2.0718
      vertex 0 23.2539 1.69164
    endloop
  endfacet
  facet normal -0 0.258833 0.965922
    outer loop
      vertex 0 18.3367 1.17482
      vertex 12.285 17.5279 1.39155
      vertex 12.285 18.3367 1.17482
    endloop
  endfacet
  facet normal 0 0.258833 0.965922
    outer loop
      vertex 12.285 17.5279 1.39155
      vertex 0 18.3367 1.17482
      vertex 0 17.5279 1.39155
    endloop
  endfacet
  facet normal 0 -0.156435 0.987688
    outer loop
      vertex 0 21.6633 1.17482
      vertex 12.285 20.8362 1.04382
      vertex 12.285 21.6633 1.17482
    endloop
  endfacet
  facet normal 0 -0.156435 0.987688
    outer loop
      vertex 12.285 20.8362 1.04382
      vertex 0 21.6633 1.17482
      vertex 0 20.8362 1.04382
    endloop
  endfacet
  facet normal -0 0.358352 0.933586
    outer loop
      vertex 0 17.5279 1.39155
      vertex 12.285 16.7461 1.69164
      vertex 12.285 17.5279 1.39155
    endloop
  endfacet
  facet normal 0 0.358352 0.933586
    outer loop
      vertex 12.285 16.7461 1.69164
      vertex 0 17.5279 1.39155
      vertex 0 16.7461 1.69164
    endloop
  endfacet
  facet normal 0 -0.629359 0.777115
    outer loop
      vertex 0 25.353 3.05484
      vertex 12.285 24.7023 2.52786
      vertex 12.285 25.353 3.05484
    endloop
  endfacet
  facet normal 0 -0.629359 0.777115
    outer loop
      vertex 12.285 24.7023 2.52786
      vertex 0 25.353 3.05484
      vertex 0 24.7023 2.52786
    endloop
  endfacet
  facet normal -0 0.0523319 0.99863
    outer loop
      vertex 0 20 1
      vertex 12.285 19.1638 1.04382
      vertex 12.285 20 1
    endloop
  endfacet
  facet normal 0 0.0523319 0.99863
    outer loop
      vertex 12.285 19.1638 1.04382
      vertex 0 20 1
      vertex 0 19.1638 1.04382
    endloop
  endfacet
  facet normal 0 -0.358352 0.933586
    outer loop
      vertex 0 23.2539 1.69164
      vertex 12.285 22.4721 1.39155
      vertex 12.285 23.2539 1.69164
    endloop
  endfacet
  facet normal 0 -0.358352 0.933586
    outer loop
      vertex 12.285 22.4721 1.39155
      vertex 0 23.2539 1.69164
      vertex 0 22.4721 1.39155
    endloop
  endfacet
  facet normal -5.6028e-19 0.707053 0.707161
    outer loop
      vertex 12.285 14.647 3.05484
      vertex 0 14.0548 3.64695
      vertex 12.285 14.0548 3.64695
    endloop
  endfacet
  facet normal -5.6028e-19 0.707053 0.707161
    outer loop
      vertex 0 14.0548 3.64695
      vertex 12.285 14.647 3.05484
      vertex 0 14.647 3.05484
    endloop
  endfacet
  facet normal -0 0.544623 0.838681
    outer loop
      vertex 0 16 2.0718
      vertex 12.285 15.2977 2.52786
      vertex 12.285 16 2.0718
    endloop
  endfacet
  facet normal 0 0.544623 0.838681
    outer loop
      vertex 12.285 15.2977 2.52786
      vertex 0 16 2.0718
      vertex 0 15.2977 2.52786
    endloop
  endfacet
  facet normal -1 0 0
    outer loop
      vertex 12.285 25.353 3.05484
      vertex 12.285 26.231 4
      vertex 12.285 25.9452 3.64695
    endloop
  endfacet
  facet normal -1 0 0
    outer loop
      vertex 12.285 24.7023 2.52786
      vertex 12.285 26.231 4
      vertex 12.285 25.353 3.05484
    endloop
  endfacet
  facet normal -1 0 0
    outer loop
      vertex 12.285 24 2.0718
      vertex 12.285 26.231 4
      vertex 12.285 24.7023 2.52786
    endloop
  endfacet
  facet normal -1 0 0
    outer loop
      vertex 12.285 23.2539 1.69164
      vertex 12.285 26.231 4
      vertex 12.285 24 2.0718
    endloop
  endfacet
  facet normal -1 0 0
    outer loop
      vertex 12.285 22.4721 1.39155
      vertex 12.285 26.231 4
      vertex 12.285 23.2539 1.69164
    endloop
  endfacet
  facet normal -1 0 0
    outer loop
      vertex 12.285 21.6633 1.17482
      vertex 12.285 26.231 4
      vertex 12.285 22.4721 1.39155
    endloop
  endfacet
  facet normal -1 0 0
    outer loop
      vertex 12.285 20.8362 1.04382
      vertex 12.285 26.231 4
      vertex 12.285 21.6633 1.17482
    endloop
  endfacet
  facet normal -1 0 0
    outer loop
      vertex 12.285 20 1
      vertex 12.285 26.231 4
      vertex 12.285 20.8362 1.04382
    endloop
  endfacet
  facet normal -1 0 0
    outer loop
      vertex 12.285 19.1638 1.04382
      vertex 12.285 26.231 4
      vertex 12.285 20 1
    endloop
  endfacet
  facet normal -1 0 0
    outer loop
      vertex 12.285 18.3367 1.17482
      vertex 12.285 26.231 4
      vertex 12.285 19.1638 1.04382
    endloop
  endfacet
  facet normal -1 0 0
    outer loop
      vertex 12.285 17.5279 1.39155
      vertex 12.285 26.231 4
      vertex 12.285 18.3367 1.17482
    endloop
  endfacet
  facet normal -1 0 0
    outer loop
      vertex 12.285 16.7461 1.69164
      vertex 12.285 26.231 4
      vertex 12.285 17.5279 1.39155
    endloop
  endfacet
  facet normal -1 0 0
    outer loop
      vertex 12.285 16 2.0718
      vertex 12.285 26.231 4
      vertex 12.285 16.7461 1.69164
    endloop
  endfacet
  facet normal -1 0 0
    outer loop
      vertex 12.285 15.2977 2.52786
      vertex 12.285 26.231 4
      vertex 12.285 16 2.0718
    endloop
  endfacet
  facet normal -1 0 0
    outer loop
      vertex 12.285 14.647 3.05484
      vertex 12.285 26.231 4
      vertex 12.285 15.2977 2.52786
    endloop
  endfacet
  facet normal -1 0 0
    outer loop
      vertex 12.285 13.769 4
      vertex 12.285 14.647 3.05484
      vertex 12.285 14.0548 3.64695
    endloop
  endfacet
  facet normal -1 0 0
    outer loop
      vertex 12.285 14.647 3.05484
      vertex 12.285 13.769 4
      vertex 12.285 26.231 4
    endloop
  endfacet
  facet normal -1 0 0
    outer loop
      vertex 16.285 30.3068 6
      vertex 16.285 33.15 6.85927
      vertex 16.285 32.5483 6
    endloop
  endfacet
  facet normal -1 0 0
    outer loop
      vertex 16.285 33.15 6.85927
      vertex 16.285 30.3068 6
      vertex 16.285 29.686 6.43467
    endloop
  endfacet
  facet normal -1 -0 0
    outer loop
      vertex 16.285 33.15 6.85927
      vertex 16.285 29.686 6.43467
      vertex 16.285 33.15 11.3817
    endloop
  endfacet
  facet normal 0 0 1
    outer loop
      vertex 14.5042 33.15 6
      vertex 16.285 30.3068 6
      vertex 16.285 32.5483 6
    endloop
  endfacet
  facet normal 0 0 1
    outer loop
      vertex 14.5042 33.15 6
      vertex 13.5468 30.3068 6
      vertex 16.285 30.3068 6
    endloop
  endfacet
  facet normal -0 0 1
    outer loop
      vertex 12.285 33.15 6
      vertex 13.5468 30.3068 6
      vertex 14.5042 33.15 6
    endloop
  endfacet
  facet normal 0 0 1
    outer loop
      vertex 13.5468 30.3068 6
      vertex 12.285 33.15 6
      vertex 12.285 30.7331 6
    endloop
  endfacet
  facet normal 1 0 -0
    outer loop
      vertex 12.285 33.15 6
      vertex 12.285 33.15 9.45166
      vertex 12.285 30.7331 6
    endloop
  endfacet
  facet normal 0 -1 0
    outer loop
      vertex 12.285 33.15 9.45166
      vertex 16.285 33.15 6.85927
      vertex 16.285 33.15 11.3817
    endloop
  endfacet
  facet normal 0 -1 0
    outer loop
      vertex 14.5042 33.15 6
      vertex 12.285 33.15 9.45166
      vertex 12.285 33.15 6
    endloop
  endfacet
  facet normal 0 -1 0
    outer loop
      vertex 12.285 33.15 9.45166
      vertex 14.5042 33.15 6
      vertex 16.285 33.15 6.85927
    endloop
  endfacet
endsolid OpenSCAD_Model
